17316	0.000000
25260	0.000000
61147	0.002657
54103	0.007579
54106	0.007579
8529	0.008507
21226	0.010394
46182	0.010394
43008	0.015417
12511	0.016536
42545	0.016536
61273	0.017612
7890	0.017698
11590	0.018006
22059	0.018006
61422	0.018359
16135	0.018608
21576	0.018805
13457	0.018828
27782	0.018828
36912	0.018828
7972	0.018851
20388	0.019092
14335	0.019335
61289	0.019335
27758	0.019467
41326	0.019485
61578	0.019551
58902	0.019618
10158	0.019635
15885	0.019643
12212	0.019746
57358	0.019746
60898	0.019746
52001	0.019752
24420	0.019755
9749	0.020017
37700	0.020084
57818	0.020128
60332	0.020198
46852	0.020257
60602	0.020265
51728	0.020317
48520	0.020354
60146	0.020385
60875	0.020385
10721	0.020407
61150	0.020437
20849	0.020513
27764	0.020640
27776	0.020640
39651	0.020719
16189	0.020749
16348	0.020801
7871	0.020819
61227	0.020821
60584	0.020913
13937	0.021001
61536	0.021023
49140	0.021043
60724	0.021044
11586	0.021044
61038	0.021044
8758	0.021086
49289	0.021101
36637	0.021269
7332	0.021311
61498	0.021343
7152	0.021354
11539	0.021362
61379	0.021390
60630	0.021427
48020	0.021446
13219	0.021823
9692	0.021863
22048	0.021880
60636	0.021945
22138	0.022017
9967	0.022068
84649	0.022283
26768	0.022404
49529	0.022404
61397	0.022509
47727	0.022535
11270	0.022599
15683	0.022599
60837	0.022626
43057	0.022727
13906	0.022737
21345	0.022782
30084	0.022782
57291	0.022820
13628	0.022834
11209	0.022851
24907	0.022936
54029	0.022998
27678	0.023080
12777	0.023104
61645	0.023178
14716	0.023193
12478	0.023211
61064	0.023215
24347	0.023232
61402	0.023293
60481	0.023299
11291	0.023311
9528	0.023402
60246	0.023404
9899	0.023415
14386	0.023415
35501	0.023472
8125	0.023505
37560	0.023549
41962	0.023558
10820	0.023679
54833	0.023681
52394	0.023718
45292	0.023791
13402	0.023828
8304	0.023861
40579	0.023867
26742	0.023907
60179	0.023978
60878	0.023993
51236	0.024030
8028	0.024030
61622	0.024030
31268	0.024038
61601	0.024038
26723	0.024039
61033	0.024042
61106	0.024042
60711	0.024089
43010	0.024161
61616	0.024171
7226	0.024173
61462	0.024222
28005	0.024225
61132	0.024257
9005	0.024274
24639	0.024281
60369	0.024304
53259	0.024310
52484	0.024377
13631	0.024378
51150	0.024398
8739	0.024505
53930	0.024543
27800	0.024544
49137	0.024572
31934	0.024577
30348	0.024580
7971	0.024627
52003	0.024687
10125	0.024768
61665	0.024779
27640	0.024840
34785	0.024840
12096	0.024863
22504	0.024884
27436	0.024924
39850	0.024939
16052	0.024949
61534	0.024954
50364	0.024958
9294	0.024970
61130	0.025000
34573	0.025006
60806	0.025018
52405	0.025082
21192	0.025113
57819	0.025157
46844	0.025186
17304	0.025221
47473	0.025257
51175	0.025285
35029	0.025333
9002	0.025334
35534	0.025342
14957	0.025398
50703	0.025414
60498	0.025419
9983	0.025420
40235	0.025461
36879	0.025481
60645	0.025487
9667	0.025502
54844	0.025550
137745	0.025620
33124	0.025647
19507	0.025656
24070	0.025805
22308	0.025831
22182	0.025866
13979	0.025885
10244	0.025932
15115	0.026009
25977	0.026039
16238	0.026049
22438	0.026055
60857	0.026056
46597	0.026075
36039	0.026110
29973	0.026111
61058	0.026152
15799	0.026212
50506	0.026241
54100	0.026254
21183	0.026266
59176	0.026266
45391	0.026291
61211	0.026293
55744	0.026303
7202	0.026328
26354	0.026350
26242	0.026391
60596	0.026449
54891	0.026454
16133	0.026518
15859	0.026604
60453	0.026616
45148	0.026622
38438	0.026634
12989	0.026644
35388	0.026664
58859	0.026701
17321	0.026718
51611	0.026743
22406	0.026750
16283	0.026777
52424	0.026787
27812	0.026790
46845	0.026813
14689	0.026827
14779	0.026845
60486	0.026850
38493	0.026870
60365	0.026880
43001	0.026881
60230	0.026934
60977	0.026956
52389	0.026957
15107	0.026967
60902	0.026973
31817	0.026991
48656	0.026993
10148	0.026997
44151	0.027004
23853	0.027016
19010	0.027042
54098	0.027050
10464	0.027063
61123	0.027065
40454	0.027071
60243	0.027112
60984	0.027128
56187	0.027142
60355	0.027172
20400	0.027173
27730	0.027180
61063	0.027183
53575	0.027197
32973	0.027260
52774	0.027279
61562	0.027347
38977	0.027363
61552	0.027378
22473	0.027385
61551	0.027416
27257	0.027425
16201	0.027425
9231	0.027484
9908	0.027489
61008	0.027520
60960	0.027536
11236	0.027549
8621	0.027571
26449	0.027580
22165	0.027615
19081	0.027615
11344	0.027624
55667	0.027646
52489	0.027653
44519	0.027663
46078	0.027666
34397	0.027679
28957	0.027714
14405	0.027715
53323	0.027779
50679	0.027789
60397	0.027796
56161	0.027814
41123	0.027840
51514	0.027868
24126	0.027905
52162	0.027918
60382	0.027981
60862	0.027992
60817	0.027995
60136	0.028010
60807	0.028021
15419	0.028049
12532	0.028058
46224	0.028067
61256	0.028092
32815	0.028132
52324	0.028135
22142	0.028147
46780	0.028156
8817	0.028196
49932	0.028197
26749	0.028202
43588	0.028232
21177	0.028252
52422	0.028262
60952	0.028305
42194	0.028318
60695	0.028319
16015	0.028323
27853	0.028363
56385	0.028383
10583	0.028383
10290	0.028389
13098	0.028389
7677	0.028389
12886	0.028402
20240	0.028414
60522	0.028439
60658	0.028441
38467	0.028461
34233	0.028467
26900	0.028484
52334	0.028490
38445	0.028491
16622	0.028504
27244	0.028504
28165	0.028514
60704	0.028540
61342	0.028547
12972	0.028565
32709	0.028576
9906	0.028599
52428	0.028616
60741	0.028650
60845	0.028658
45538	0.028679
14215	0.028686
9529	0.028713
8532	0.028742
39916	0.028773
61394	0.028796
14468	0.028811
10542	0.028859
18381	0.028863
7188	0.028868
21211	0.028881
42668	0.028886
10471	0.028887
39547	0.028940
58851	0.028979
26512	0.028996
52399	0.029011
33757	0.029016
60811	0.029033
23977	0.029056
9532	0.029065
27798	0.029086
37712	0.029123
24254	0.029124
61485	0.029131
43029	0.029138
36785	0.029152
7769	0.029157
24113	0.029169
52513	0.029170
21976	0.029175
46882	0.029178
58754	0.029190
8662	0.029190
11358	0.029207
22146	0.029236
60959	0.029236
60894	0.029238
50363	0.029241
11640	0.029257
37895	0.029265
48518	0.029323
37641	0.029334
7685	0.029346
52509	0.029370
49566	0.029374
57380	0.029377
28951	0.029391
60288	0.029438
24036	0.029438
36633	0.029444
58365	0.029447
37893	0.029450
60236	0.029453
61604	0.029462
60249	0.029475
44398	0.029475
49326	0.029477
38979	0.029481
16004	0.029515
8126	0.029524
60232	0.029528
16242	0.029535
50655	0.029564
53214	0.029580
14990	0.029633
20950	0.029637
7329	0.029645
15479	0.029647
7691	0.029670
58941	0.029695
61624	0.029705
38427	0.029713
61310	0.029716
31583	0.029717
43878	0.029720
26093	0.029723
27236	0.029744
7142	0.029748
58920	0.029749
53065	0.029753
15420	0.029770
47588	0.029778
22335	0.029797
58956	0.029799
58969	0.029802
61372	0.029806
10998	0.029811
52337	0.029826
35889	0.029844
25108	0.029849
9657	0.029884
16427	0.029895
9527	0.029912
29998	0.029918
22321	0.029926
8192	0.029933
24142	0.029958
19989	0.029995
47973	0.030001
60482	0.030003
44379	0.030027
8411	0.030029
61305	0.030040
53595	0.030047
45692	0.030072
12988	0.030091
33749	0.030125
18384	0.030126
39649	0.030133
34229	0.030167
8524	0.030191
16719	0.030200
59011	0.030234
53041	0.030238
61275	0.030238
15674	0.030272
41871	0.030280
10724	0.030289
60513	0.030291
13199	0.030301
61195	0.030327
27839	0.030357
52491	0.030361
27019	0.030371
25991	0.030374
15038	0.030381
15853	0.030381
60931	0.030382
52285	0.030397
8861	0.030404
36821	0.030414
7841	0.030415
20222	0.030444
9931	0.030446
21603	0.030453
57759	0.030455
11821	0.030462
39414	0.030483
27683	0.030503
60757	0.030505
13555	0.030512
11332	0.030514
9966	0.030525
35118	0.030531
35542	0.030546
23099	0.030554
9226	0.030571
20842	0.030572
22255	0.030573
61025	0.030604
45195	0.030641
22179	0.030652
22403	0.030671
34352	0.030696
37884	0.030698
10089	0.030700
56769	0.030704
61056	0.030705
29207	0.030716
23217	0.030722
61087	0.030737
55669	0.030767
16329	0.030775
61532	0.030775
16478	0.030796
57367	0.030796
27701	0.030806
61327	0.030821
27955	0.030828
38442	0.030846
61653	0.030852
20928	0.030857
22344	0.030878
60127	0.030879
60677	0.030917
60836	0.030921
7131	0.030929
60534	0.030932
22087	0.030951
60122	0.030952
53516	0.030962
58509	0.030966
60228	0.030976
39542	0.030982
27377	0.030986
39521	0.030988
22430	0.030988
19391	0.031007
13051	0.031008
9531	0.031043
7964	0.031052
34536	0.031055
52005	0.031057
7700	0.031062
10274	0.031073
21189	0.031081
34231	0.031094
44168	0.031095
57310	0.031099
59196	0.031108
27967	0.031109
55362	0.031111
25026	0.031112
60610	0.031114
7227	0.031117
34235	0.031121
12605	0.031132
7526	0.031149
52159	0.031153
36055	0.031173
22383	0.031177
35907	0.031177
42727	0.031185
30360	0.031185
10789	0.031201
39480	0.031207
32323	0.031215
50618	0.031216
11646	0.031228
34791	0.031233
61625	0.031240
13860	0.031243
13076	0.031245
40502	0.031250
49808	0.031273
27960	0.031282
59021	0.031282
50196	0.031295
13220	0.031300
52547	0.031310
43816	0.031313
11982	0.031320
60130	0.031326
53963	0.031344
20954	0.031345
45315	0.031347
20070	0.031351
39038	0.031360
52943	0.031370
11488	0.031371
39887	0.031379
24094	0.031393
29333	0.031398
56124	0.031409
16432	0.031412
57895	0.031424
41796	0.031438
22090	0.031439
11338	0.031445
13464	0.031450
27654	0.031462
22801	0.031468
10758	0.031487
39685	0.031506
25734	0.031511
16816	0.031534
61185	0.031534
36864	0.031538
12115	0.031551
23904	0.031555
14178	0.031562
9175	0.031573
14448	0.031584
46700	0.031594
61224	0.031594
26262	0.031610
25117	0.031622
52449	0.031625
60338	0.031628
60296	0.031629
10893	0.031667
35580	0.031692
30343	0.031695
14295	0.031697
46494	0.031717
44028	0.031732
31183	0.031736
12797	0.031739
22145	0.031755
7695	0.031756
60686	0.031762
13531	0.031765
51617	0.031781
42690	0.031782
14299	0.031799
17023	0.031802
35699	0.031825
52929	0.031828
60976	0.031834
48088	0.031837
27728	0.031840
9842	0.031854
16945	0.031861
24742	0.031864
23855	0.031871
8046	0.031883
36037	0.031886
60769	0.031886
55563	0.031892
56837	0.031899
52332	0.031911
19252	0.031915
51794	0.031916
27904	0.031962
22371	0.031980
61445	0.031985
9025	0.031993
19986	0.031994
13536	0.031999
13542	0.032001
19760	0.032023
8175	0.032024
10477	0.032025
21203	0.032031
52387	0.032037
57455	0.032054
16217	0.032054
60132	0.032064
60777	0.032072
27901	0.032074
56794	0.032078
9001	0.032087
52430	0.032093
27933	0.032096
41031	0.032106
29832	0.032128
61347	0.032135
81075	0.032165
27936	0.032173
24057	0.032179
42006	0.032184
35992	0.032186
22160	0.032189
32822	0.032203
44194	0.032205
54178	0.032215
52426	0.032216
27747	0.032218
22692	0.032228
8033	0.032237
24323	0.032247
53672	0.032251
45788	0.032262
59332	0.032265
38432	0.032265
51671	0.032271
35232	0.032275
30322	0.032284
13446	0.032284
14297	0.032284
52440	0.032290
8716	0.032315
45194	0.032317
21988	0.032320
10847	0.032327
52148	0.032341
30253	0.032355
16503	0.032356
27849	0.032363
34520	0.032385
55659	0.032400
27878	0.032407
60726	0.032413
68235	0.032416
46650	0.032425
50982	0.032441
10843	0.032454
27939	0.032454
21573	0.032461
54706	0.032461
30364	0.032480
23148	0.032487
11128	0.032492
21173	0.032501
16141	0.032510
30680	0.032515
40078	0.032517
34693	0.032550
60853	0.032577
61293	0.032589
54630	0.032602
12698	0.032604
31958	0.032611
22524	0.032622
54840	0.032629
52536	0.032634
43783	0.032635
27831	0.032636
11587	0.032638
46695	0.032638
13799	0.032640
17001	0.032644
8796	0.032665
60975	0.032681
14524	0.032686
54018	0.032686
20990	0.032687
14153	0.032691
60559	0.032709
8390	0.032709
49995	0.032721
15153	0.032722
60882	0.032725
56272	0.032733
59397	0.032734
60293	0.032734
61424	0.032734
8654	0.032734
13376	0.032736
27836	0.032757
23925	0.032759
14760	0.032773
27814	0.032776
16484	0.032780
8546	0.032780
61647	0.032782
33652	0.032807
56850	0.032820
27873	0.032822
17319	0.032828
51335	0.032837
41290	0.032838
27380	0.032840
60508	0.032841
17313	0.032846
13936	0.032849
52482	0.032860
27738	0.032860
22646	0.032876
46503	0.032880
44975	0.032886
10364	0.032891
46990	0.032900
29986	0.032905
61297	0.032913
26649	0.032916
9737	0.032923
7739	0.032936
29329	0.032940
22413	0.032943
27450	0.032945
37644	0.032950
24344	0.032965
36306	0.032972
15891	0.032995
11099	0.032996
56846	0.032999
33121	0.033004
33460	0.033006
60189	0.033009
42946	0.033011
15861	0.033017
9167	0.033017
53215	0.033020
34954	0.033022
58943	0.033038
60166	0.033038
60938	0.033040
61399	0.033068
16834	0.033070
42486	0.033089
20145	0.033114
53514	0.033118
25218	0.033126
39862	0.033130
40276	0.033135
40062	0.033141
26419	0.033164
22476	0.033175
16650	0.033183
55033	0.033200
27976	0.033201
31226	0.033207
39218	0.033208
57745	0.033211
44564	0.033215
14912	0.033219
46761	0.033220
30412	0.033222
23302	0.033226
26617	0.033229
17296	0.033239
13859	0.033242
37283	0.033246
60692	0.033247
25855	0.033253
22444	0.033253
23717	0.033253
6913	0.033253
15092	0.033254
60626	0.033266
15874	0.033276
60198	0.033287
54890	0.033296
22347	0.033310
21205	0.033334
31187	0.033334
7330	0.033334
54972	0.033343
47783	0.033354
18898	0.033359
54739	0.033361
39760	0.033369
45865	0.033378
49234	0.033384
51460	0.033392
11292	0.033400
60861	0.033400
57764	0.033402
59693	0.033411
17043	0.033421
16263	0.033440
8584	0.033442
43184	0.033442
8847	0.033452
52329	0.033463
42080	0.033465
9455	0.033469
10754	0.033470
31095	0.033472
41709	0.033486
48041	0.033487
55201	0.033488
14378	0.033493
8245	0.033500
29082	0.033521
7286	0.033528
55379	0.033529
14991	0.033532
12620	0.033545
47131	0.033549
7473	0.033550
15471	0.033551
50267	0.033551
60713	0.033556
14198	0.033559
35499	0.033562
51220	0.033569
26415	0.033570
17070	0.033570
24847	0.033576
60366	0.033577
47306	0.033577
15858	0.033601
12146	0.033601
35286	0.033601
60742	0.033605
14409	0.033622
52898	0.033626
32241	0.033629
47358	0.033630
10844	0.033639
60315	0.033640
34807	0.033648
8631	0.033649
52397	0.033651
22688	0.033654
56357	0.033658
50493	0.033664
21599	0.033667
21790	0.033668
16881	0.033671
17329	0.033672
11585	0.033680
61484	0.033686
20949	0.033699
38643	0.033703
10076	0.033707
32808	0.033708
16910	0.033715
14814	0.033719
22057	0.033746
30616	0.033748
8907	0.033784
11865	0.033785
28417	0.033792
14973	0.033808
12843	0.033815
61428	0.033821
24390	0.033825
22192	0.033832
60721	0.033840
26035	0.033841
27657	0.033848
51745	0.033848
60423	0.033848
27021	0.033849
58269	0.033873
11599	0.033875
46026	0.033875
42795	0.033882
16850	0.033895
7694	0.033896
35088	0.033898
21187	0.033901
13028	0.033902
36847	0.033910
41991	0.033917
9389	0.033920
32777	0.033922
20171	0.033940
58390	0.033943
29123	0.033946
11126	0.033947
61375	0.033947
8060	0.033947
38217	0.033952
45089	0.033961
45294	0.033964
60802	0.033966
28022	0.033967
16893	0.033971
41714	0.033980
22888	0.033984
52538	0.033984
11780	0.033988
41693	0.033996
47353	0.033996
47983	0.033997
38161	0.033998
61455	0.033998
55665	0.033999
19099	0.033999
22396	0.034000
45003	0.034009
40013	0.034011
33089	0.034013
9018	0.034017
36741	0.034027
47517	0.034039
19862	0.034042
60631	0.034048
25065	0.034065
45971	0.034077
60618	0.034079
52446	0.034086
57997	0.034087
58047	0.034092
56193	0.034108
20396	0.034109
56396	0.034109
54057	0.034112
14288	0.034113
41750	0.034115
32704	0.034117
27880	0.034118
22587	0.034122
16216	0.034129
20170	0.034129
23423	0.034130
22135	0.034138
40270	0.034145
49849	0.034146
37453	0.034153
22105	0.034155
16987	0.034159
7839	0.034165
14248	0.034165
20832	0.034169
8877	0.034171
51665	0.034174
27406	0.034175
16755	0.034186
27649	0.034187
50926	0.034187
71563	0.034187
58097	0.034190
23574	0.034194
27311	0.034196
33458	0.034202
23916	0.034207
42705	0.034207
12144	0.034208
36331	0.034213
29026	0.034216
53521	0.034216
26259	0.034227
61109	0.034227
16598	0.034231
25998	0.034233
22388	0.034238
60169	0.034238
60855	0.034241
13269	0.034248
13315	0.034260
40251	0.034278
51455	0.034280
14465	0.034290
29158	0.034291
34015	0.034292
60118	0.034293
11052	0.034295
16870	0.034295
40463	0.034297
9856	0.034297
16446	0.034298
16601	0.034298
16920	0.034298
17022	0.034298
22029	0.034305
16926	0.034307
9754	0.034308
56789	0.034309
20197	0.034315
61110	0.034328
29959	0.034330
53186	0.034332
27755	0.034344
61080	0.034344
20201	0.034346
10638	0.034351
14471	0.034354
9387	0.034359
43044	0.034360
11327	0.034360
61223	0.034362
15693	0.034363
50622	0.034372
60416	0.034384
46843	0.034386
53613	0.034389
12031	0.034389
19096	0.034392
53043	0.034393
15032	0.034393
52521	0.034394
60391	0.034402
33680	0.034408
55215	0.034408
36817	0.034409
59642	0.034409
11444	0.034414
60600	0.034415
46486	0.034420
14151	0.034424
21703	0.034427
57730	0.034433
10982	0.034439
60858	0.034440
51238	0.034441
61376	0.034447
10057	0.034451
21556	0.034467
30058	0.034471
28230	0.034472
29156	0.034474
32023	0.034475
45343	0.034484
29326	0.034495
34067	0.034498
15285	0.034501
55634	0.034517
29343	0.034520
51776	0.034526
61137	0.034529
60682	0.034533
61296	0.034535
17067	0.034535
48250	0.034536
8657	0.034538
13159	0.034542
14090	0.034542
21859	0.034542
60304	0.034543
14379	0.034544
60497	0.034546
38214	0.034547
8303	0.034550
22358	0.034557
42263	0.034560
33450	0.034563
61438	0.034565
61136	0.034567
47169	0.034568
8361	0.034569
58135	0.034571
12110	0.034574
47133	0.034577
24728	0.034579
26894	0.034581
11436	0.034586
61096	0.034590
61580	0.034595
45283	0.034597
21198	0.034598
16777	0.034601
58438	0.034605
16824	0.034619
15281	0.034621
48094	0.034624
34878	0.034630
13866	0.034633
9168	0.034633
38472	0.034647
44517	0.034648
16311	0.034648
20174	0.034651
10005	0.034651
60208	0.034652
61155	0.034656
16927	0.034657
60427	0.034664
11452	0.034665
39371	0.034668
15421	0.034681
51614	0.034688
22477	0.034690
24717	0.034699
61073	0.034699
52412	0.034701
47778	0.034703
61513	0.034706
14268	0.034707
47418	0.034718
61598	0.034720
15333	0.034723
38509	0.034725
22468	0.034726
30962	0.034727
61488	0.034729
11771	0.034730
54026	0.034739
9939	0.034744
10736	0.034745
9297	0.034746
34977	0.034751
7071	0.034755
60876	0.034757
32780	0.034763
16712	0.034764
9315	0.034765
11281	0.034767
61663	0.034771
9684	0.034775
15997	0.034780
16903	0.034785
60205	0.034789
15018	0.034790
61140	0.034792
22120	0.034792
10241	0.034809
57949	0.034818
9709	0.034822
28286	0.034822
54131	0.034826
7802	0.034833
48844	0.034833
46766	0.034836
55521	0.034842
61302	0.034843
19966	0.034846
42532	0.034849
22307	0.034861
22532	0.034872
16637	0.034875
39783	0.034877
51349	0.034879
8276	0.034881
52263	0.034884
44528	0.034885
16412	0.034886
29169	0.034886
14920	0.034887
27898	0.034895
16820	0.034905
10389	0.034905
15547	0.034912
22151	0.034916
48522	0.034921
54782	0.034932
10251	0.034937
23547	0.034939
39715	0.034940
9644	0.034942
21562	0.034943
11806	0.034946
16564	0.034966
8004	0.034972
60187	0.034972
23993	0.034973
37268	0.034984
26433	0.034989
60209	0.034993
16929	0.035000
26315	0.035004
56969	0.035010
11799	0.035016
23411	0.035022
40911	0.035024
11518	0.035026
16506	0.035026
58412	0.035027
45217	0.035028
60606	0.035033
10767	0.035035
60744	0.035042
25640	0.035044
27666	0.035045
16756	0.035050
11863	0.035054
8266	0.035054
12693	0.035059
14729	0.035062
30729	0.035069
29862	0.035080
9814	0.035081
58292	0.035083
13733	0.035083
34836	0.035084
9204	0.035094
29271	0.035097
14061	0.035101
52732	0.035102
22292	0.035103
30985	0.035108
16905	0.035108
60705	0.035109
24392	0.035114
15637	0.035119
8645	0.035121
22480	0.035123
40718	0.035126
53325	0.035126
36516	0.035127
12218	0.035134
44551	0.035135
54754	0.035140
27669	0.035140
52253	0.035142
21114	0.035143
61320	0.035143
14068	0.035145
34599	0.035145
41974	0.035145
61126	0.035145
61245	0.035145
8211	0.035145
55662	0.035154
46041	0.035154
11385	0.035156
47179	0.035156
22318	0.035156
23935	0.035157
12216	0.035157
9191	0.035158
16872	0.035161
24316	0.035164
60699	0.035164
24441	0.035167
40970	0.035167
14527	0.035181
9794	0.035182
14597	0.035182
9236	0.035186
49237	0.035187
48641	0.035191
34766	0.035197
9977	0.035203
16153	0.035205
26324	0.035209
44871	0.035210
27719	0.035214
60275	0.035215
61664	0.035215
35053	0.035216
22447	0.035219
30313	0.035228
42652	0.035231
16112	0.035232
45995	0.035234
27870	0.035234
23313	0.035236
33887	0.035238
47865	0.035244
61434	0.035246
23849	0.035246
60924	0.035257
10237	0.035263
51764	0.035268
37686	0.035271
13740	0.035274
9435	0.035277
53034	0.035281
52715	0.035281
26254	0.035283
15862	0.035285
17493	0.035285
57681	0.035285
55960	0.035293
38321	0.035313
19287	0.035314
18096	0.035314
61111	0.035315
7499	0.035315
11595	0.035316
10360	0.035323
38429	0.035326
60477	0.035326
38239	0.035328
44383	0.035329
39158	0.035340
43412	0.035342
27404	0.035342
45286	0.035342
8829	0.035342
37877	0.035348
20154	0.035351
14547	0.035351
16630	0.035353
20270	0.035355
47568	0.035357
52546	0.035358
51028	0.035360
24959	0.035363
53726	0.035363
55978	0.035363
58279	0.035365
16017	0.035367
17290	0.035368
57243	0.035374
14147	0.035377
17298	0.035377
56079	0.035379
22839	0.035380
22137	0.035383
48730	0.035384
31040	0.035393
29172	0.035396
46174	0.035399
35447	0.035403
33015	0.035405
14055	0.035410
49366	0.035423
13459	0.035427
21669	0.035429
30677	0.035429
7321	0.035437
37183	0.035439
48080	0.035445
19505	0.035446
61329	0.035446
21799	0.035453
56637	0.035455
16474	0.035456
9653	0.035456
104603	0.035459
38132	0.035460
22365	0.035462
50650	0.035463
49923	0.035463
36511	0.035470
16694	0.035474
19256	0.035475
29336	0.035478
40273	0.035481
22455	0.035484
44582	0.035490
59673	0.035492
23626	0.035493
60956	0.035494
27688	0.035495
10261	0.035502
22655	0.035502
60399	0.035502
9750	0.035502
60809	0.035508
56861	0.035509
59461	0.035512
24054	0.035513
14531	0.035514
36155	0.035517
7702	0.035523
9907	0.035523
52404	0.035527
41971	0.035536
16871	0.035539
60261	0.035539
19258	0.035548
15220	0.035555
7555	0.035557
7218	0.035558
9240	0.035565
14642	0.035566
27910	0.035566
56684	0.035569
37292	0.035574
53187	0.035576
46941	0.035580
39507	0.035583
7359	0.035586
27327	0.035588
42628	0.035588
37438	0.035592
60488	0.035596
14071	0.035599
19170	0.035599
23719	0.035599
26465	0.035599
61074	0.035599
7311	0.035599
55964	0.035613
44418	0.035614
34482	0.035616
13449	0.035617
45137	0.035619
37679	0.035619
61053	0.035620
57604	0.035632
30333	0.035632
37518	0.035633
14452	0.035636
60754	0.035640
7195	0.035641
23858	0.035645
16840	0.035646
17093	0.035650
56964	0.035650
11257	0.035651
53339	0.035651
53622	0.035654
52137	0.035660
31538	0.035660
36520	0.035663
25522	0.035665
54975	0.035667
60814	0.035670
38347	0.035672
38495	0.035675
23721	0.035679
31310	0.035680
19103	0.035684
12785	0.035687
9220	0.035687
61252	0.035690
61483	0.035690
30739	0.035695
60194	0.035697
51367	0.035699
40938	0.035699
10761	0.035699
58287	0.035704
8685	0.035708
14992	0.035708
57289	0.035716
56185	0.035716
30099	0.035718
41887	0.035718
32302	0.035720
10722	0.035720
29004	0.035720
21571	0.035724
31570	0.035725
25279	0.035729
34651	0.035730
8090	0.035731
33387	0.035732
37576	0.035732
60300	0.035732
60698	0.035732
61017	0.035732
61091	0.035734
39538	0.035738
12542	0.035739
52761	0.035751
31551	0.035752
50927	0.035760
8064	0.035761
20077	0.035767
7549	0.035772
36831	0.035773
56184	0.035778
11116	0.035778
9541	0.035780
37099	0.035781
54314	0.035785
40378	0.035788
31507	0.035790
27912	0.035790
34662	0.035792
43338	0.035799
27659	0.035800
16039	0.035801
33122	0.035801
44781	0.035803
29023	0.035807
50900	0.035808
21711	0.035810
27864	0.035811
51358	0.035818
14785	0.035821
16974	0.035833
49576	0.035834
51874	0.035841
16218	0.035848
10708	0.035854
8108	0.035854
8653	0.035856
24336	0.035856
8122	0.035861
47807	0.035861
56858	0.035862
12080	0.035863
44940	0.035866
34903	0.035869
39163	0.035870
11140	0.035874
41732	0.035876
61437	0.035877
29227	0.035880
15924	0.035887
13973	0.035887
50018	0.035889
13637	0.035892
37275	0.035892
16604	0.035894
49620	0.035894
53960	0.035895
10221	0.035896
53530	0.035896
60846	0.035901
7397	0.035901
54756	0.035901
45328	0.035901
43324	0.035903
50723	0.035911
16578	0.035912
25972	0.035912
16800	0.035912
49170	0.035915
26909	0.035916
55807	0.035918
60928	0.035921
29739	0.035923
27889	0.035923
15559	0.035926
10446	0.035927
39151	0.035927
9671	0.035929
51588	0.035929
10752	0.035933
49111	0.035933
11512	0.035936
51529	0.035940
28950	0.035941
14953	0.035941
14206	0.035944
52568	0.035949
14875	0.035954
21558	0.035954
30040	0.035954
39247	0.035954
40704	0.035954
52476	0.035954
56144	0.035954
58434	0.035954
60138	0.035954
61034	0.035954
52980	0.035954
26897	0.035960
16530	0.035960
46045	0.035968
60461	0.035969
72711	0.035969
32392	0.035969
51981	0.035969
45377	0.035975
36894	0.035975
61429	0.035975
24670	0.035978
61099	0.035980
10467	0.035980
14058	0.035983
40823	0.035983
13121	0.035983
26489	0.035985
35510	0.035986
61407	0.035988
21685	0.035992
22108	0.036000
7384	0.036000
21035	0.036004
30308	0.036005
61619	0.036009
39302	0.036010
36850	0.036030
7342	0.036030
37777	0.036031
10039	0.036032
34361	0.036033
39833	0.036041
24236	0.036043
51352	0.036044
24816	0.036044
24385	0.036048
57537	0.036055
25736	0.036056
46651	0.036056
55050	0.036056
8667	0.036056
10746	0.036067
46697	0.036068
10156	0.036069
10381	0.036070
10822	0.036070
11634	0.036070
12156	0.036070
12362	0.036070
13532	0.036070
15794	0.036070
22046	0.036070
22098	0.036070
22459	0.036070
24078	0.036070
27029	0.036070
27054	0.036070
32452	0.036070
32622	0.036070
33092	0.036070
33466	0.036070
37032	0.036070
39217	0.036070
39758	0.036070
40492	0.036070
41970	0.036070
43842	0.036070
46166	0.036070
46545	0.036070
46549	0.036070
47996	0.036070
50499	0.036070
52052	0.036070
52712	0.036070
52729	0.036070
52735	0.036070
52932	0.036070
55144	0.036070
55637	0.036070
55640	0.036070
55651	0.036070
58985	0.036070
60408	0.036070
60526	0.036070
60566	0.036070
60903	0.036070
61100	0.036070
61395	0.036070
61404	0.036070
7221	0.036070
7603	0.036070
9229	0.036070
9267	0.036070
9734	0.036070
9832	0.036070
54492	0.036071
60623	0.036073
48577	0.036074
10747	0.036079
41377	0.036082
14314	0.036087
16546	0.036091
50517	0.036100
12259	0.036101
22199	0.036108
8171	0.036111
7663	0.036112
36322	0.036116
32761	0.036116
6902	0.036117
37512	0.036123
11977	0.036125
24746	0.036125
11091	0.036131
35670	0.036137
52336	0.036137
35355	0.036138
15094	0.036141
25995	0.036141
44376	0.036141
53753	0.036141
60485	0.036141
27260	0.036156
61181	0.036156
61115	0.036157
61413	0.036157
49491	0.036167
10716	0.036169
54888	0.036172
37573	0.036172
13739	0.036172
10577	0.036173
26476	0.036173
38450	0.036173
34104	0.036177
8706	0.036180
50446	0.036183
23862	0.036186
56403	0.036190
56391	0.036192
17024	0.036194
25112	0.036196
27140	0.036200
43343	0.036201
22751	0.036202
47258	0.036202
16219	0.036203
58357	0.036205
22471	0.036206
39938	0.036207
8521	0.036212
17363	0.036212
13805	0.036212
15898	0.036217
43700	0.036218
119426	0.036218
23950	0.036222
27805	0.036223
51131	0.036225
34941	0.036227
51990	0.036228
10116	0.036232
102469	0.036243
37753	0.036248
10788	0.036251
36003	0.036252
45760	0.036253
41318	0.036254
50225	0.036256
14520	0.036256
61641	0.036267
60973	0.036272
43153	0.036274
29902	0.036278
10601	0.036283
46032	0.036285
17037	0.036285
47601	0.036287
17036	0.036293
43887	0.036297
53198	0.036299
26487	0.036302
50519	0.036303
40170	0.036303
40585	0.036305
39822	0.036306
45289	0.036306
85687	0.036306
49804	0.036307
23971	0.036308
14262	0.036310
52534	0.036310
27056	0.036312
45278	0.036317
33455	0.036321
19190	0.036322
33351	0.036323
19249	0.036325
15300	0.036327
21801	0.036330
9215	0.036330
27917	0.036333
8096	0.036339
57069	0.036342
13458	0.036342
26474	0.036342
41526	0.036342
17041	0.036344
16778	0.036345
11493	0.036345
125253	0.036345
19461	0.036345
23265	0.036345
27821	0.036345
30440	0.036345
31261	0.036345
40108	0.036345
13432	0.036348
26197	0.036348
50511	0.036348
51998	0.036348
52494	0.036348
53779	0.036348
60116	0.036348
60448	0.036348
60535	0.036348
61349	0.036348
8417	0.036348
9905	0.036348
43830	0.036357
17332	0.036358
16895	0.036359
39609	0.036360
8732	0.036361
45853	0.036363
52438	0.036364
11984	0.036364
55211	0.036368
41969	0.036370
45954	0.036371
47599	0.036371
60879	0.036372
60386	0.036375
14759	0.036377
49382	0.036378
21164	0.036383
53411	0.036383
39103	0.036388
9746	0.036388
51140	0.036390
52671	0.036393
29729	0.036394
8263	0.036398
21782	0.036400
16817	0.036400
22286	0.036400
19404	0.036400
9813	0.036400
37271	0.036400
27149	0.036403
46043	0.036409
30423	0.036413
16593	0.036413
16676	0.036413
17510	0.036413
24266	0.036413
32025	0.036413
41667	0.036413
57749	0.036413
60672	0.036413
60735	0.036413
61524	0.036413
41353	0.036414
38075	0.036415
11024	0.036419
16625	0.036427
40204	0.036428
23065	0.036433
18372	0.036434
8897	0.036436
61363	0.036441
8997	0.036443
12387	0.036447
49513	0.036452
16684	0.036457
39241	0.036458
37281	0.036459
21051	0.036459
48389	0.036459
52409	0.036460
42594	0.036461
43424	0.036462
25323	0.036464
58524	0.036464
11955	0.036467
58443	0.036467
40262	0.036467
42602	0.036469
53969	0.036472
54408	0.036472
61240	0.036473
22425	0.036473
10329	0.036476
60957	0.036476
26361	0.036479
38331	0.036479
35608	0.036480
17156	0.036482
49472	0.036482
17265	0.036485
15149	0.036485
59264	0.036486
33446	0.036491
9453	0.036498
17032	0.036499
16511	0.036501
46356	0.036502
26757	0.036503
60239	0.036505
57269	0.036507
15599	0.036513
43388	0.036516
56405	0.036520
25758	0.036522
119476	0.036526
13256	0.036526
11450	0.036527
22352	0.036528
8515	0.036529
11445	0.036529
42853	0.036530
31031	0.036531
40552	0.036532
15401	0.036532
17047	0.036532
10386	0.036532
53847	0.036532
15017	0.036533
32172	0.036533
33214	0.036533
11659	0.036533
50903	0.036534
31225	0.036536
40192	0.036542
40033	0.036543
46475	0.036546
26480	0.036547
16769	0.036548
17148	0.036554
24839	0.036556
9151	0.036558
16986	0.036561
34769	0.036561
12653	0.036561
38845	0.036561
42505	0.036563
25229	0.036564
38678	0.036568
29258	0.036569
15928	0.036572
50510	0.036575
52512	0.036575
61090	0.036577
57490	0.036580
31332	0.036581
22258	0.036581
60290	0.036589
24592	0.036591
54861	0.036592
60700	0.036593
57272	0.036593
54385	0.036593
137900	0.036597
137901	0.036597
8070	0.036598
60328	0.036600
21393	0.036603
41909	0.036603
44969	0.036603
60063	0.036603
60346	0.036603
10554	0.036605
25902	0.036607
23578	0.036608
27420	0.036611
19818	0.036616
19931	0.036620
14974	0.036620
45124	0.036620
49718	0.036620
28174	0.036622
8205	0.036624
33295	0.036627
33207	0.036628
7989	0.036628
52083	0.036631
24024	0.036632
28050	0.036632
46169	0.036635
12780	0.036637
48004	0.036639
42075	0.036640
46035	0.036641
32990	0.036641
51893	0.036642
12255	0.036643
10173	0.036646
52042	0.036646
25366	0.036647
48090	0.036647
22659	0.036648
12576	0.036648
52322	0.036649
58125	0.036652
32142	0.036653
22521	0.036656
48302	0.036657
16441	0.036663
10916	0.036663
10179	0.036663
55673	0.036664
32456	0.036668
8187	0.036668
58547	0.036670
46222	0.036670
60594	0.036672
42867	0.036672
22483	0.036676
36592	0.036680
9537	0.036681
9970	0.036682
10867	0.036682
26773	0.036685
51631	0.036689
61594	0.036691
12826	0.036692
38317	0.036693
51173	0.036697
53018	0.036698
50448	0.036699
57725	0.036700
9793	0.036700
60599	0.036701
27342	0.036701
16570	0.036702
19133	0.036711
61255	0.036712
24051	0.036713
27444	0.036717
49063	0.036717
57169	0.036722
16811	0.036723
56111	0.036724
51228	0.036725
9951	0.036725
39505	0.036731
44877	0.036735
24629	0.036735
13763	0.036735
61231	0.036737
53810	0.036737
45694	0.036738
25145	0.036738
38327	0.036740
22218	0.036742
21683	0.036742
23134	0.036742
61166	0.036743
46684	0.036746
19879	0.036748
45691	0.036751
35271	0.036758
52266	0.036758
38285	0.036760
30048	0.036765
52600	0.036767
32677	0.036767
47334	0.036772
57570	0.036772
16829	0.036774
22342	0.036774
35006	0.036774
9664	0.036781
17310	0.036782
31023	0.036784
38287	0.036784
54698	0.036789
36343	0.036791
51692	0.036793
12526	0.036796
49686	0.036798
47245	0.036799
12366	0.036800
57879	0.036801
53861	0.036802
12365	0.036802
56843	0.036804
49248	0.036804
61352	0.036806
12022	0.036806
20164	0.036807
41107	0.036809
27025	0.036809
40756	0.036811
34532	0.036812
41972	0.036816
39884	0.036817
47230	0.036818
60832	0.036820
100337	0.036822
16255	0.036825
53978	0.036825
33028	0.036830
61456	0.036832
10233	0.036836
20122	0.036843
24605	0.036847
57410	0.036847
26995	0.036847
54570	0.036848
8547	0.036851
22062	0.036852
61650	0.036852
14540	0.036853
58033	0.036853
45613	0.036853
39963	0.036853
41365	0.036854
43739	0.036854
15944	0.036855
29830	0.036858
43954	0.036859
42563	0.036859
13748	0.036860
12805	0.036861
23520	0.036862
15484	0.036863
24487	0.036863
60841	0.036863
60914	0.036863
61304	0.036863
16513	0.036864
61205	0.036864
16420	0.036866
27040	0.036866
39403	0.036874
45313	0.036876
26712	0.036878
29736	0.036882
52766	0.036882
10292	0.036884
16944	0.036887
13840	0.036888
61356	0.036889
8278	0.036889
7133	0.036890
21658	0.036894
20359	0.036895
45717	0.036897
50044	0.036901
58446	0.036903
61393	0.036905
55061	0.036907
61160	0.036907
7670	0.036912
16129	0.036915
30474	0.036918
20904	0.036918
24115	0.036919
47660	0.036921
57778	0.036924
22223	0.036924
16286	0.036924
15770	0.036925
45529	0.036925
13283	0.036926
59447	0.036930
60322	0.036932
34820	0.036933
9959	0.036933
47655	0.036934
8578	0.036934
41134	0.036937
51649	0.036938
10725	0.036939
53834	0.036941
21415	0.036942
44621	0.036943
25350	0.036944
15387	0.036944
21862	0.036947
24445	0.036948
46635	0.036950
11197	0.036950
51338	0.036953
60150	0.036956
55824	0.036965
36838	0.036965
36833	0.036966
50373	0.036966
37882	0.036966
8157	0.036967
25974	0.036968
11525	0.036969
8767	0.036971
39289	0.036973
13031	0.036973
47387	0.036975
61018	0.036975
36915	0.036979
7317	0.036981
24740	0.036981
39636	0.036981
55027	0.036981
8789	0.036981
50098	0.036981
51952	0.036986
14479	0.036987
13388	0.036987
34834	0.036987
43305	0.036992
19019	0.036994
35628	0.036995
13190	0.036995
25883	0.036996
55063	0.036996
39331	0.037000
39572	0.037001
24147	0.037008
38236	0.037013
84674	0.037016
8110	0.037019
27779	0.037020
9000	0.037022
14548	0.037025
10539	0.037025
28190	0.037026
50069	0.037027
26906	0.037029
16758	0.037032
60628	0.037032
53160	0.037033
16571	0.037035
11751	0.037035
31133	0.037037
7377	0.037037
14722	0.037039
15151	0.037039
33523	0.037040
36755	0.037040
8165	0.037040
29989	0.037048
55097	0.037049
61279	0.037051
7399	0.037053
58435	0.037056
31150	0.037057
8552	0.037057
60826	0.037058
30488	0.037065
60320	0.037065
61009	0.037065
61263	0.037065
38417	0.037065
54636	0.037065
50275	0.037066
24048	0.037066
47803	0.037079
60518	0.037081
7738	0.037085
20241	0.037085
9148	0.037085
15860	0.037086
7835	0.037090
40902	0.037090
47166	0.037091
45606	0.037092
29110	0.037094
33404	0.037094
13456	0.037095
51843	0.037096
48769	0.037096
51509	0.037096
8364	0.037096
37080	0.037097
15643	0.037097
39869	0.037098
28031	0.037103
8708	0.037103
15567	0.037104
16823	0.037104
16937	0.037104
19246	0.037104
22498	0.037104
25481	0.037104
26257	0.037104
30140	0.037104
31589	0.037104
35375	0.037104
41260	0.037104
46953	0.037104
48107	0.037104
48848	0.037104
53775	0.037104
54487	0.037104
55151	0.037104
60459	0.037104
60783	0.037104
60935	0.037104
61527	0.037104
8031	0.037104
8038	0.037104
8491	0.037104
54483	0.037107
31826	0.037111
54525	0.037111
17193	0.037113
60723	0.037114
8940	0.037116
7782	0.037122
9947	0.037123
35122	0.037124
13826	0.037127
39443	0.037130
41531	0.037135
31840	0.037137
38454	0.037137
37150	0.037138
36811	0.037140
8002	0.037141
58053	0.037141
31235	0.037146
58264	0.037146
11770	0.037149
16626	0.037152
48116	0.037155
13002	0.037156
12798	0.037159
9536	0.037159
31195	0.037160
27175	0.037160
31058	0.037160
19799	0.037161
16603	0.037161
30407	0.037166
17336	0.037168
10599	0.037168
14030	0.037168
14040	0.037171
22162	0.037173
13865	0.037173
53836	0.037173
35396	0.037174
60810	0.037174
34880	0.037176
34889	0.037177
57073	0.037179
28167	0.037181
38082	0.037182
37401	0.037185
55645	0.037186
39810	0.037187
46640	0.037187
46745	0.037188
11387	0.037190
17013	0.037191
58393	0.037192
56127	0.037193
34986	0.037194
51364	0.037197
54517	0.037198
34341	0.037199
14383	0.037199
14396	0.037200
22276	0.037201
13421	0.037203
48248	0.037206
48716	0.037206
13872	0.037208
12778	0.037209
56505	0.037209
13996	0.037209
24529	0.037209
55296	0.037214
44817	0.037215
10073	0.037215
13537	0.037217
55358	0.037218
7205	0.037219
31152	0.037220
21687	0.037223
61239	0.037224
51346	0.037224
52890	0.037226
53965	0.037227
11124	0.037228
53635	0.037228
8908	0.037229
25182	0.037229
13736	0.037229
42117	0.037230
55888	0.037234
60312	0.037235
48056	0.037236
31408	0.037237
15899	0.037238
26580	0.037238
57485	0.037238
53632	0.037240
27308	0.037242
52544	0.037242
54713	0.037243
19785	0.037243
35032	0.037243
31188	0.037244
21636	0.037245
9359	0.037246
38256	0.037247
48636	0.037247
54704	0.037247
60442	0.037248
15745	0.037257
27766	0.037257
11818	0.037258
46287	0.037258
20918	0.037258
34060	0.037261
22698	0.037262
61638	0.037262
34588	0.037262
25389	0.037264
40945	0.037265
22904	0.037267
17266	0.037268
26436	0.037269
11004	0.037272
22376	0.037273
11125	0.037273
42119	0.037274
42148	0.037275
31931	0.037277
10045	0.037277
54107	0.037278
58579	0.037281
48103	0.037281
119477	0.037283
16353	0.037284
29209	0.037285
8421	0.037287
10574	0.037291
29046	0.037292
15805	0.037293
16347	0.037293
19491	0.037293
34638	0.037293
52049	0.037293
60172	0.037293
47323	0.037293
36978	0.037295
61426	0.037298
39882	0.037298
15714	0.037301
56238	0.037301
10011	0.037303
22234	0.037305
61611	0.037306
60800	0.037306
51424	0.037307
23179	0.037309
58323	0.037309
57209	0.037310
42554	0.037312
52658	0.037312
30017	0.037313
54893	0.037317
39146	0.037318
8275	0.037318
57683	0.037319
13798	0.037320
10003	0.037323
16313	0.037323
49093	0.037324
15958	0.037325
54767	0.037328
8926	0.037329
75940	0.037330
46380	0.037331
7925	0.037332
9656	0.037332
21049	0.037332
15129	0.037334
24733	0.037334
60308	0.037335
27011	0.037338
23832	0.037338
60144	0.037340
24595	0.037341
47147	0.037344
11980	0.037345
34351	0.037346
53017	0.037348
15206	0.037348
57171	0.037351
13106	0.037351
10216	0.037353
52709	0.037357
34852	0.037357
38051	0.037358
49748	0.037359
47257	0.037360
40868	0.037360
113199	0.037361
77486	0.037361
56539	0.037363
13140	0.037364
44989	0.037364
16416	0.037364
85203	0.037364
39918	0.037367
50381	0.037367
44649	0.037368
10643	0.037371
54873	0.037375
54679	0.037376
50599	0.037376
27818	0.037378
34049	0.037380
45889	0.037380
45731	0.037380
14989	0.037381
26993	0.037383
8548	0.037383
60581	0.037384
13033	0.037385
25331	0.037388
60780	0.037388
12037	0.037390
48489	0.037390
47422	0.037390
58152	0.037394
51241	0.037394
15483	0.037394
38552	0.037395
12148	0.037395
58037	0.037400
15159	0.037403
9681	0.037404
15810	0.037405
9172	0.037405
49287	0.037406
49978	0.037406
32949	0.037406
54536	0.037407
46097	0.037407
30531	0.037408
53883	0.037408
31967	0.037409
10737	0.037411
19929	0.037412
11854	0.037413
115085	0.037416
41166	0.037416
9207	0.037416
9390	0.037416
60863	0.037417
8451	0.037417
54135	0.037419
39799	0.037419
13517	0.037421
13209	0.037422
34382	0.037425
50627	0.037428
26362	0.037432
29618	0.037434
40866	0.037434
29350	0.037438
30183	0.037438
14446	0.037439
21663	0.037441
52515	0.037441
13069	0.037442
26193	0.037443
57280	0.037443
16553	0.037446
56204	0.037446
58979	0.037446
60738	0.037446
9517	0.037446
30651	0.037446
7604	0.037449
49244	0.037451
39620	0.037451
8594	0.037453
50021	0.037454
11065	0.037454
33112	0.037455
52057	0.037456
11792	0.037460
47252	0.037460
60491	0.037461
45156	0.037465
46818	0.037466
11122	0.037466
13444	0.037467
48568	0.037468
7778	0.037468
53760	0.037468
60728	0.037469
25254	0.037469
16715	0.037469
14526	0.037470
61365	0.037470
21855	0.037472
51294	0.037472
7099	0.037474
61642	0.037477
19788	0.037477
43996	0.037477
48979	0.037478
35005	0.037479
51135	0.037479
36603	0.037482
61291	0.037483
35958	0.037483
29178	0.037484
47349	0.037484
10617	0.037485
10786	0.037485
13094	0.037485
13277	0.037485
13389	0.037485
16766	0.037485
21819	0.037485
35117	0.037485
39762	0.037485
46979	0.037485
47729	0.037485
50491	0.037485
60472	0.037485
60847	0.037485
61465	0.037485
61526	0.037485
8826	0.037485
61164	0.037485
16054	0.037485
47308	0.037486
40517	0.037487
48890	0.037489
16447	0.037489
61313	0.037490
51984	0.037491
53629	0.037493
9417	0.037494
48643	0.037496
15355	0.037497
14767	0.037498
33074	0.037499
7045	0.037499
45959	0.037500
55687	0.037500
22132	0.037500
22733	0.037500
50143	0.037502
13800	0.037502
24806	0.037502
31317	0.037503
28773	0.037505
60294	0.037505
61039	0.037507
60815	0.037509
14815	0.037510
15875	0.037510
39122	0.037511
32650	0.037513
14927	0.037513
48771	0.037514
43150	0.037514
54197	0.037516
15403	0.037519
33640	0.037519
23560	0.037520
10543	0.037521
15302	0.037521
20840	0.037522
7530	0.037522
50080	0.037523
15216	0.037523
47414	0.037523
14008	0.037523
34010	0.037523
15542	0.037524
52920	0.037525
57516	0.037526
52321	0.037527
21457	0.037528
51195	0.037528
60890	0.037528
61042	0.037528
61646	0.037528
22461	0.037528
25378	0.037530
61358	0.037532
21185	0.037533
61436	0.037535
10034	0.037538
47412	0.037539
16730	0.037541
8475	0.037542
37197	0.037543
7703	0.037545
7706	0.037545
27970	0.037546
32422	0.037546
13831	0.037551
32941	0.037554
25810	0.037556
28935	0.037556
45845	0.037558
16190	0.037559
25195	0.037560
46936	0.037563
16696	0.037565
43624	0.037566
47590	0.037566
15857	0.037568
61281	0.037568
61442	0.037568
37180	0.037569
15750	0.037569
58415	0.037571
29731	0.037573
17498	0.037574
26746	0.037574
44654	0.037575
35993	0.037576
10907	0.037577
24691	0.037578
36605	0.037579
16240	0.037579
32910	0.037579
8773	0.037579
46054	0.037580
54031	0.037580
46070	0.037580
61460	0.037582
34167	0.037582
48299	0.037582
34989	0.037583
8734	0.037585
32838	0.037585
40021	0.037587
10169	0.037588
47314	0.037588
41428	0.037590
11207	0.037590
45348	0.037591
13539	0.037593
11396	0.037593
11810	0.037593
30310	0.037596
16567	0.037598
34824	0.037599
7955	0.037600
14999	0.037603
15716	0.037603
51038	0.037604
58429	0.037604
55798	0.037604
60854	0.037605
20986	0.037605
10497	0.037606
15051	0.037607
61400	0.037610
23062	0.037610
16234	0.037611
16359	0.037611
22947	0.037611
12720	0.037613
25037	0.037614
14475	0.037615
6927	0.037615
39981	0.037616
14007	0.037616
55698	0.037617
52968	0.037617
16965	0.037618
40449	0.037619
10753	0.037620
52097	0.037624
20006	0.037625
15462	0.037626
51606	0.037628
14519	0.037628
17478	0.037628
13267	0.037631
14523	0.037632
13486	0.037634
10865	0.037635
30003	0.037637
22673	0.037637
46889	0.037638
46974	0.037638
60244	0.037638
7809	0.037639
14671	0.037640
32706	0.037641
12726	0.037641
52176	0.037643
46751	0.037646
17275	0.037646
37136	0.037647
47311	0.037648
39793	0.037648
13535	0.037648
19758	0.037649
6915	0.037653
25473	0.037653
39107	0.037655
50525	0.037655
14809	0.037656
23922	0.037657
49573	0.037658
46400	0.037658
49113	0.037659
22726	0.037660
11826	0.037662
17092	0.037663
17033	0.037664
40201	0.037664
61446	0.037665
60530	0.037668
45350	0.037669
17016	0.037669
60145	0.037671
7400	0.037675
14591	0.037676
9118	0.037677
39120	0.037680
61249	0.037682
22772	0.037682
53642	0.037686
58176	0.037686
14344	0.037689
30944	0.037692
61514	0.037692
17079	0.037693
27589	0.037694
39771	0.037695
28389	0.037695
55535	0.037695
25407	0.037696
61061	0.037696
61482	0.037696
30687	0.037696
60948	0.037699
9238	0.037699
49045	0.037700
12879	0.037700
23416	0.037700
8879	0.037705
12411	0.037707
16698	0.037707
16350	0.037709
11394	0.037709
8232	0.037711
19271	0.037712
39512	0.037712
10780	0.037715
15089	0.037716
60336	0.037716
38183	0.037718
55147	0.037719
37934	0.037720
59161	0.037720
57737	0.037721
56200	0.037722
45768	0.037722
34909	0.037723
52843	0.037723
52012	0.037724
44092	0.037727
37238	0.037727
56598	0.037729
12784	0.037731
22623	0.037731
61176	0.037731
34538	0.037733
31270	0.037733
15877	0.037733
43647	0.037735
52718	0.037736
30153	0.037736
36433	0.037736
19016	0.037741
26195	0.037742
9956	0.037744
14110	0.037744
13132	0.037745
75382	0.037747
53599	0.037747
20962	0.037748
16097	0.037749
12613	0.037750
27141	0.037751
55671	0.037752
56687	0.037754
44001	0.037754
58778	0.037754
60396	0.037754
7239	0.037759
55497	0.037759
45712	0.037760
55966	0.037763
42156	0.037764
45861	0.037767
37760	0.037767
54167	0.037769
54895	0.037771
21652	0.037772
44696	0.037772
14544	0.037773
49785	0.037774
14087	0.037774
9003	0.037775
34869	0.037778
30242	0.037779
50607	0.037779
29189	0.037783
14924	0.037783
49057	0.037784
55104	0.037784
60951	0.037785
48889	0.037786
31971	0.037787
37398	0.037789
29275	0.037790
10553	0.037790
54708	0.037791
45374	0.037791
8725	0.037792
12624	0.037794
32865	0.037795
53971	0.037795
60834	0.037796
61312	0.037796
61360	0.037796
9431	0.037798
23582	0.037799
38545	0.037804
61290	0.037805
8262	0.037805
49796	0.037806
11341	0.037807
61388	0.037807
43721	0.037809
42586	0.037811
53757	0.037812
59779	0.037812
14073	0.037812
57535	0.037813
45896	0.037815
57476	0.037815
57838	0.037815
8742	0.037816
43785	0.037816
24081	0.037817
26522	0.037818
29773	0.037818
35961	0.037818
16544	0.037819
55932	0.037819
28701	0.037820
19835	0.037820
41250	0.037826
12975	0.037828
49375	0.037828
43866	0.037828
37152	0.037830
8587	0.037830
7292	0.037831
15607	0.037834
57364	0.037834
8830	0.037835
17456	0.037837
44360	0.037837
56643	0.037839
52089	0.037839
125393	0.037839
39944	0.037840
55237	0.037844
15375	0.037845
19351	0.037845
16898	0.037848
33998	0.037852
9163	0.037853
12787	0.037853
54210	0.037856
57539	0.037856
45144	0.037857
13344	0.037857
56113	0.037860
54644	0.037861
11294	0.037863
39807	0.037864
51127	0.037864
16491	0.037866
25766	0.037867
61581	0.037868
34534	0.037868
33471	0.037869
43906	0.037869
15055	0.037870
53683	0.037870
14477	0.037870
14917	0.037870
15569	0.037870
60583	0.037870
61013	0.037871
10897	0.037872
43220	0.037872
39510	0.037872
54470	0.037873
23605	0.037873
52168	0.037876
41685	0.037877
16951	0.037878
25307	0.037880
9828	0.037881
16500	0.037882
38596	0.037886
11611	0.037888
12976	0.037888
19161	0.037888
21466	0.037888
29951	0.037888
40241	0.037888
8729	0.037888
30731	0.037888
12488	0.037890
9324	0.037891
56471	0.037893
47796	0.037894
25039	0.037894
25008	0.037896
21111	0.037896
37977	0.037897
28973	0.037897
60565	0.037899
14718	0.037899
10778	0.037901
14099	0.037903
57355	0.037905
23005	0.037905
9170	0.037905
31008	0.037905
45388	0.037908
45893	0.037909
38995	0.037912
49826	0.037913
55302	0.037913
46950	0.037913
55822	0.037913
44078	0.037914
11421	0.037914
39926	0.037914
33714	0.037914
52135	0.037915
30082	0.037915
22441	0.037915
61610	0.037916
14993	0.037918
61656	0.037918
51581	0.037918
61373	0.037920
31497	0.037920
53336	0.037920
34072	0.037921
32830	0.037921
22544	0.037922
48645	0.037922
60527	0.037922
9922	0.037923
32611	0.037923
9318	0.037925
31097	0.037926
14222	0.037929
56151	0.037930
29379	0.037932
45061	0.037933
8428	0.037934
49694	0.037935
7814	0.037935
32179	0.037936
47638	0.037936
58581	0.037937
60662	0.037937
60989	0.037937
61644	0.037937
9647	0.037937
56903	0.037939
61193	0.037939
47047	0.037940
16435	0.037940
7477	0.037941
16340	0.037945
39604	0.037945
41035	0.037947
60545	0.037948
10868	0.037948
50019	0.037950
8687	0.037951
26835	0.037954
57420	0.037954
31154	0.037955
43882	0.037956
55890	0.037956
29140	0.037958
61052	0.037959
58349	0.037959
15185	0.037963
25668	0.037963
32570	0.037964
51262	0.037965
28768	0.037966
53998	0.037968
50998	0.037968
37207	0.037968
52227	0.037968
60844	0.037968
35561	0.037970
41607	0.037973
27712	0.037973
46919	0.037974
37593	0.037976
57305	0.037977
23897	0.037978
56211	0.037979
51082	0.037979
30055	0.037979
43982	0.037979
23953	0.037980
40987	0.037980
51725	0.037982
34374	0.037984
60457	0.037986
55254	0.037986
49265	0.037987
12570	0.037988
35524	0.037991
53781	0.037993
16060	0.037995
55655	0.037996
8985	0.037996
8582	0.037997
21087	0.037999
10183	0.037999
25611	0.038000
47380	0.038000
61049	0.038000
44556	0.038001
15332	0.038001
52164	0.038001
60380	0.038001
29078	0.038003
31283	0.038006
11766	0.038006
14091	0.038007
16675	0.038008
40257	0.038008
116978	0.038009
9707	0.038009
28100	0.038009
27078	0.038010
58406	0.038010
9578	0.038011
15200	0.038012
8244	0.038012
25548	0.038013
54389	0.038013
25848	0.038015
15058	0.038016
49636	0.038016
55091	0.038018
37619	0.038018
41382	0.038019
50470	0.038019
22997	0.038020
51177	0.038022
32326	0.038023
17203	0.038025
48244	0.038027
42259	0.038028
43254	0.038029
46652	0.038029
46654	0.038029
60362	0.038029
60505	0.038030
37097	0.038032
13166	0.038034
61196	0.038034
53933	0.038038
26528	0.038042
19243	0.038044
19074	0.038046
22897	0.038047
47857	0.038047
23417	0.038047
54521	0.038048
16732	0.038050
8036	0.038051
61188	0.038052
46938	0.038053
11073	0.038054
39084	0.038054
39030	0.038057
52573	0.038058
15897	0.038059
61161	0.038059
42252	0.038059
31124	0.038060
37926	0.038060
20901	0.038061
48667	0.038064
31204	0.038064
12297	0.038066
60621	0.038066
12190	0.038066
8075	0.038066
11511	0.038068
32964	0.038068
13793	0.038072
41443	0.038072
60852	0.038074
25717	0.038074
45575	0.038077
27044	0.038077
31930	0.038077
39777	0.038079
42021	0.038081
60117	0.038081
13801	0.038084
39534	0.038084
11632	0.038085
36780	0.038087
41919	0.038091
22042	0.038095
47790	0.038098
138008	0.038099
53414	0.038099
40239	0.038100
51947	0.038101
48442	0.038103
23531	0.038104
53782	0.038105
53125	0.038106
45580	0.038108
10094	0.038108
23376	0.038109
30994	0.038109
32418	0.038109
61529	0.038111
36326	0.038112
46284	0.038113
9374	0.038114
11439	0.038116
14192	0.038117
43020	0.038118
46970	0.038119
60825	0.038120
8186	0.038120
16731	0.038120
15048	0.038120
60918	0.038122
16672	0.038123
60614	0.038123
11461	0.038123
46657	0.038124
10505	0.038124
61334	0.038124
61361	0.038124
61505	0.038124
29222	0.038125
29150	0.038126
35067	0.038127
55801	0.038127
32164	0.038132
35625	0.038132
21317	0.038133
8077	0.038133
47118	0.038133
43053	0.038134
37376	0.038134
34686	0.038137
23457	0.038138
44524	0.038138
54352	0.038139
31814	0.038139
48880	0.038140
49560	0.038140
28122	0.038141
16728	0.038141
15435	0.038145
10314	0.038147
47781	0.038147
35926	0.038148
49943	0.038148
39864	0.038153
29992	0.038153
41439	0.038156
13754	0.038156
60404	0.038156
46050	0.038157
39589	0.038158
16842	0.038158
11290	0.038166
30584	0.038166
38065	0.038167
29098	0.038167
31674	0.038167
49255	0.038167
55569	0.038167
41268	0.038167
16642	0.038168
61480	0.038168
46736	0.038168
11013	0.038169
42482	0.038169
14422	0.038170
44973	0.038170
12913	0.038171
57098	0.038172
32927	0.038173
61101	0.038173
23561	0.038173
7304	0.038174
7211	0.038174
9184	0.038177
48306	0.038178
21479	0.038179
14919	0.038179
61199	0.038180
10157	0.038181
39719	0.038181
54918	0.038182
8024	0.038183
35399	0.038184
30986	0.038186
32766	0.038187
20882	0.038187
24388	0.038188
44120	0.038189
23911	0.038189
10891	0.038190
45198	0.038190
28032	0.038193
9911	0.038193
32001	0.038194
13879	0.038195
24257	0.038195
48158	0.038196
16319	0.038196
35842	0.038197
34002	0.038198
53939	0.038198
12647	0.038198
29954	0.038200
13649	0.038200
60250	0.038201
10433	0.038202
47402	0.038203
9061	0.038203
23562	0.038203
22155	0.038204
49357	0.038205
39853	0.038206
10986	0.038208
47266	0.038210
9833	0.038211
25328	0.038211
49475	0.038213
52483	0.038214
37194	0.038214
12915	0.038215
21804	0.038216
24589	0.038217
56103	0.038218
39739	0.038218
40879	0.038221
55709	0.038223
56591	0.038223
21004	0.038226
24224	0.038227
47799	0.038228
37905	0.038228
46611	0.038229
46899	0.038229
11269	0.038232
10491	0.038236
17083	0.038236
50638	0.038237
44879	0.038238
50718	0.038243
9846	0.038243
10379	0.038243
10375	0.038244
61128	0.038244
10187	0.038244
55393	0.038245
61470	0.038245
14972	0.038249
46257	0.038250
10194	0.038250
61530	0.038251
50643	0.038251
61021	0.038251
46452	0.038251
56520	0.038252
19693	0.038253
7381	0.038253
12677	0.038254
39294	0.038256
35566	0.038258
60570	0.038258
20836	0.038259
14686	0.038260
23834	0.038261
53420	0.038263
38555	0.038264
37804	0.038265
43723	0.038265
37857	0.038265
10358	0.038267
56202	0.038268
39328	0.038269
27246	0.038270
48891	0.038271
26406	0.038272
13635	0.038276
17065	0.038276
51080	0.038277
34647	0.038277
39767	0.038277
74517	0.038277
55112	0.038278
29835	0.038279
60615	0.038280
36569	0.038283
17685	0.038284
47954	0.038284
27886	0.038284
21018	0.038285
49696	0.038285
19013	0.038286
32694	0.038286
53941	0.038288
50372	0.038289
54181	0.038290
51840	0.038291
51954	0.038291
13481	0.038293
11023	0.038294
9853	0.038295
47057	0.038296
16633	0.038297
7777	0.038299
60153	0.038299
37168	0.038300
40926	0.038302
44014	0.038303
55055	0.038304
60550	0.038304
12204	0.038306
12574	0.038306
40026	0.038308
30486	0.038310
13034	0.038310
8634	0.038310
55530	0.038311
58892	0.038312
46194	0.038312
49470	0.038312
53852	0.038314
60785	0.038315
40936	0.038315
16303	0.038316
12095	0.038317
45827	0.038318
25063	0.038319
36256	0.038320
7719	0.038320
30064	0.038321
53016	0.038323
53007	0.038323
24815	0.038323
27188	0.038324
42743	0.038324
57204	0.038326
46071	0.038327
47766	0.038329
53854	0.038329
46278	0.038329
29852	0.038330
56819	0.038330
7537	0.038331
26795	0.038331
51429	0.038333
60883	0.038335
42679	0.038336
8128	0.038337
10283	0.038340
61473	0.038340
31495	0.038341
52879	0.038341
44769	0.038342
23420	0.038342
32790	0.038343
15864	0.038345
55127	0.038345
25310	0.038346
10821	0.038347
25384	0.038347
16186	0.038347
57389	0.038348
11613	0.038350
61085	0.038350
7096	0.038350
47389	0.038350
27424	0.038351
46061	0.038352
54606	0.038352
52998	0.038353
61354	0.038354
52540	0.038354
34042	0.038354
26179	0.038355
21701	0.038355
58240	0.038355
61380	0.038355
14962	0.038358
27824	0.038360
52338	0.038360
19364	0.038362
61512	0.038362
29860	0.038363
11373	0.038363
60168	0.038364
56694	0.038365
39934	0.038366
22662	0.038366
53767	0.038367
20828	0.038367
6912	0.038368
32691	0.038368
15568	0.038369
21021	0.038370
21122	0.038370
54129	0.038370
42697	0.038370
9964	0.038371
11946	0.038371
12754	0.038371
17248	0.038372
58303	0.038373
44443	0.038373
25985	0.038375
12043	0.038375
28392	0.038375
29919	0.038375
41977	0.038375
44016	0.038375
60347	0.038375
60512	0.038375
60990	0.038375
56666	0.038375
17476	0.038376
30725	0.038377
60608	0.038378
53189	0.038380
61306	0.038380
29100	0.038380
8690	0.038381
14089	0.038382
22630	0.038382
21952	0.038382
20594	0.038383
13391	0.038383
45818	0.038384
16629	0.038385
17223	0.038385
47273	0.038386
10129	0.038388
7697	0.038388
49647	0.038389
43438	0.038389
25719	0.038389
42608	0.038391
12819	0.038391
26878	0.038392
14489	0.038392
42634	0.038392
56182	0.038394
61634	0.038394
42623	0.038394
31275	0.038395
61062	0.038395
53113	0.038396
57577	0.038397
16968	0.038398
37436	0.038399
26431	0.038399
24568	0.038400
46590	0.038400
34460	0.038402
54887	0.038402
60868	0.038403
31510	0.038404
9009	0.038405
60819	0.038405
25118	0.038406
16229	0.038406
61078	0.038407
61571	0.038407
28189	0.038407
17004	0.038408
33196	0.038408
45424	0.038409
10759	0.038410
45976	0.038411
27500	0.038411
45085	0.038411
9126	0.038411
27672	0.038412
43769	0.038412
59692	0.038412
37551	0.038413
8939	0.038416
49055	0.038417
34001	0.038417
11970	0.038418
46280	0.038418
10004	0.038419
23850	0.038419
20306	0.038420
12186	0.038421
46758	0.038422
37240	0.038423
16606	0.038424
57833	0.038427
44175	0.038428
57702	0.038432
43575	0.038432
51211	0.038433
55643	0.038436
54499	0.038440
22753	0.038442
22072	0.038442
21867	0.038444
53569	0.038444
14588	0.038445
10866	0.038447
12113	0.038447
56180	0.038448
50497	0.038450
50667	0.038450
18369	0.038450
47329	0.038452
61401	0.038452
60121	0.038452
55114	0.038453
44652	0.038453
27908	0.038455
56510	0.038455
44630	0.038455
48097	0.038455
40878	0.038455
34577	0.038456
23251	0.038456
41407	0.038456
49829	0.038457
56738	0.038458
57522	0.038459
25301	0.038460
61652	0.038460
45446	0.038460
39747	0.038460
39278	0.038462
10964	0.038463
61466	0.038465
39979	0.038466
13586	0.038467
47603	0.038467
8999	0.038467
34605	0.038467
37060	0.038468
10869	0.038468
42749	0.038470
19255	0.038470
38864	0.038473
13465	0.038473
31650	0.038475
33385	0.038475
9480	0.038476
61325	0.038477
7132	0.038477
38673	0.038477
53511	0.038479
40599	0.038479
22563	0.038480
41349	0.038481
49716	0.038482
56091	0.038483
58528	0.038484
49963	0.038486
38102	0.038487
48883	0.038487
16187	0.038489
10400	0.038489
49872	0.038491
58148	0.038491
46066	0.038491
21219	0.038492
50017	0.038493
31997	0.038495
55452	0.038495
14981	0.038496
31259	0.038496
53736	0.038496
45941	0.038496
58909	0.038498
61162	0.038498
9114	0.038499
57768	0.038499
50645	0.038499
27167	0.038500
41323	0.038501
16120	0.038501
54433	0.038502
11656	0.038503
60519	0.038504
25536	0.038504
60318	0.038504
14812	0.038505
23316	0.038506
42963	0.038506
55747	0.038506
40393	0.038506
59142	0.038508
11551	0.038508
16656	0.038510
26571	0.038511
42612	0.038511
37871	0.038513
8855	0.038513
57883	0.038513
16443	0.038514
57867	0.038514
35109	0.038515
42377	0.038516
55906	0.038516
10800	0.038516
21468	0.038519
44435	0.038519
20276	0.038520
40312	0.038521
42699	0.038522
54205	0.038528
45950	0.038529
39299	0.038529
39008	0.038531
7679	0.038531
13266	0.038531
29908	0.038532
61345	0.038532
15635	0.038533
50578	0.038533
25528	0.038536
60703	0.038536
37317	0.038537
61339	0.038537
33356	0.038538
39353	0.038539
19334	0.038539
8251	0.038539
37928	0.038541
34905	0.038541
51019	0.038542
14732	0.038543
49537	0.038543
55333	0.038545
30051	0.038545
32279	0.038547
39269	0.038547
44434	0.038550
34349	0.038551
60202	0.038553
6963	0.038553
11255	0.038554
60625	0.038555
47649	0.038555
54125	0.038557
10600	0.038558
10556	0.038558
60311	0.038559
14346	0.038559
13111	0.038560
47254	0.038561
37378	0.038564
35518	0.038565
11054	0.038565
61171	0.038565
15446	0.038565
13268	0.038566
47341	0.038567
46921	0.038567
46792	0.038567
32640	0.038568
38485	0.038568
53410	0.038568
60256	0.038568
61068	0.038568
14122	0.038568
47264	0.038569
32653	0.038570
38076	0.038573
61502	0.038573
19464	0.038573
9535	0.038574
25320	0.038574
32793	0.038575
47407	0.038579
34391	0.038579
14988	0.038579
10744	0.038580
39363	0.038581
60370	0.038582
40162	0.038584
41669	0.038585
14504	0.038586
36014	0.038588
10180	0.038589
21367	0.038590
25364	0.038590
47261	0.038591
13463	0.038591
16320	0.038592
36829	0.038592
16396	0.038592
15463	0.038595
33863	0.038596
25387	0.038596
12462	0.038597
47343	0.038597
28400	0.038597
22140	0.038597
46289	0.038599
36069	0.038602
44567	0.038603
49087	0.038603
14571	0.038604
43046	0.038605
27894	0.038605
51015	0.038605
26510	0.038606
60154	0.038607
8786	0.038607
13021	0.038609
21180	0.038609
17345	0.038610
40900	0.038611
12094	0.038612
61119	0.038613
38499	0.038613
42738	0.038614
32159	0.038615
61309	0.038615
35935	0.038616
56115	0.038616
27809	0.038616
44412	0.038616
51656	0.038616
28247	0.038616
15336	0.038617
41869	0.038617
41982	0.038618
60222	0.038618
60679	0.038620
54638	0.038620
13493	0.038623
45705	0.038623
9482	0.038625
61326	0.038625
39575	0.038626
61636	0.038631
52470	0.038632
9963	0.038634
28027	0.038635
61371	0.038636
53201	0.038639
26959	0.038641
39407	0.038641
42200	0.038642
11491	0.038642
60415	0.038643
60460	0.038643
16038	0.038643
36778	0.038644
8593	0.038644
56139	0.038645
42149	0.038646
26859	0.038646
22908	0.038648
22196	0.038648
38391	0.038649
42024	0.038650
11398	0.038651
12456	0.038652
56512	0.038652
35839	0.038653
16970	0.038654
22917	0.038655
8822	0.038655
16258	0.038656
41071	0.038656
56293	0.038657
9756	0.038658
34845	0.038659
50844	0.038659
32802	0.038661
29876	0.038661
16123	0.038663
35845	0.038666
28656	0.038666
24244	0.038666
17481	0.038666
61541	0.038667
39082	0.038667
16722	0.038669
32800	0.038669
58559	0.038669
8957	0.038670
25255	0.038671
46931	0.038672
15344	0.038673
30079	0.038673
25400	0.038674
8520	0.038675
17497	0.038675
57897	0.038676
22302	0.038681
50970	0.038681
52704	0.038683
60947	0.038683
15374	0.038684
61588	0.038685
36280	0.038685
30494	0.038685
23172	0.038686
7788	0.038686
56047	0.038687
13547	0.038688
33683	0.038688
54561	0.038689
56528	0.038690
23106	0.038691
26626	0.038694
10981	0.038694
57579	0.038696
7617	0.038696
13767	0.038698
10332	0.038698
17445	0.038698
61024	0.038698
30416	0.038699
32908	0.038699
57928	0.038701
40070	0.038702
45409	0.038703
60683	0.038703
16537	0.038704
53298	0.038704
9831	0.038704
15188	0.038704
10070	0.038705
7288	0.038705
13755	0.038705
36754	0.038706
36009	0.038707
58035	0.038707
34016	0.038708
24610	0.038708
33872	0.038708
29339	0.038709
14998	0.038709
29980	0.038710
52213	0.038711
11355	0.038711
60285	0.038714
31489	0.038718
31999	0.038721
41375	0.038721
60710	0.038723
17243	0.038724
43484	0.038725
50258	0.038726
33419	0.038727
12592	0.038727
23100	0.038727
25280	0.038727
32174	0.038727
45280	0.038727
52697	0.038727
46906	0.038727
10114	0.038729
61037	0.038729
57572	0.038731
27371	0.038732
10817	0.038732
13291	0.038732
54684	0.038732
13191	0.038734
60181	0.038736
46214	0.038737
7305	0.038738
17040	0.038738
55684	0.038739
10031	0.038740
19215	0.038740
60159	0.038740
13864	0.038741
21144	0.038741
22246	0.038741
33927	0.038741
48270	0.038742
52662	0.038742
12392	0.038744
47068	0.038744
38646	0.038746
10153	0.038747
43754	0.038747
46162	0.038748
54156	0.038748
31423	0.038748
22363	0.038749
32233	0.038750
49109	0.038750
53729	0.038751
57602	0.038753
36965	0.038754
7639	0.038754
58623	0.038754
26752	0.038754
12512	0.038755
15540	0.038756
61378	0.038757
40870	0.038757
19651	0.038757
36324	0.038757
53663	0.038758
34259	0.038758
24468	0.038759
60750	0.038759
24028	0.038760
10513	0.038761
40717	0.038762
40919	0.038762
29917	0.038762
54208	0.038762
32738	0.038762
10036	0.038763
49819	0.038763
61479	0.038763
8464	0.038763
17240	0.038763
38324	0.038764
20436	0.038766
50936	0.038766
22837	0.038767
12928	0.038767
52976	0.038767
55605	0.038767
46317	0.038769
32938	0.038769
57417	0.038769
31384	0.038770
35070	0.038772
22983	0.038772
116820	0.038773
125366	0.038773
125720	0.038773
21446	0.038773
33999	0.038773
34000	0.038773
34003	0.038773
34004	0.038773
45146	0.038773
60298	0.038773
60500	0.038773
60544	0.038773
61011	0.038773
89461	0.038773
11235	0.038774
13054	0.038775
48528	0.038775
27698	0.038776
44157	0.038777
20825	0.038778
29264	0.038778
14554	0.038779
60273	0.038780
31860	0.038780
11498	0.038780
21104	0.038780
40626	0.038781
9378	0.038783
21311	0.038784
14266	0.038784
60248	0.038784
6964	0.038785
60547	0.038785
16969	0.038785
58202	0.038785
36181	0.038785
15402	0.038786
38666	0.038786
33111	0.038786
16833	0.038786
34658	0.038789
7272	0.038791
41792	0.038792
12740	0.038793
7852	0.038795
17056	0.038795
30689	0.038795
12682	0.038796
46407	0.038797
11674	0.038797
60263	0.038797
28154	0.038798
35836	0.038798
47801	0.038799
41060	0.038799
31521	0.038799
26776	0.038800
41682	0.038801
16596	0.038801
48997	0.038801
49385	0.038801
52989	0.038801
19208	0.038802
60897	0.038803
51462	0.038803
60428	0.038804
25498	0.038806
10558	0.038806
48574	0.038807
47352	0.038807
52186	0.038808
17236	0.038809
7944	0.038811
10323	0.038811
34267	0.038812
48486	0.038813
13838	0.038813
14995	0.038814
16174	0.038816
47281	0.038816
45032	0.038819
26552	0.038820
16584	0.038823
27704	0.038823
31297	0.038826
16635	0.038826
51730	0.038827
14878	0.038827
24386	0.038827
10495	0.038828
10859	0.038828
12825	0.038828
16321	0.038828
60818	0.038828
20973	0.038828
10214	0.038829
36975	0.038829
13385	0.038829
49643	0.038829
20283	0.038831
8059	0.038831
32128	0.038831
14043	0.038832
39770	0.038835
12680	0.038836
34006	0.038836
58928	0.038836
60173	0.038836
9439	0.038836
19273	0.038836
46213	0.038836
22925	0.038836
60891	0.038836
60224	0.038837
51878	0.038837
61012	0.038838
30062	0.038840
51950	0.038840
43422	0.038840
33323	0.038841
60284	0.038841
41540	0.038841
33417	0.038841
42211	0.038842
17028	0.038842
9902	0.038846
58297	0.038846
32438	0.038846
41916	0.038846
39455	0.038847
37513	0.038847
43940	0.038848
42450	0.038849
21106	0.038849
61408	0.038849
11247	0.038850
16791	0.038850
8556	0.038850
50142	0.038850
27536	0.038851
25276	0.038851
25231	0.038854
11340	0.038855
8883	0.038855
39073	0.038857
54141	0.038857
49982	0.038859
50269	0.038860
16515	0.038861
60843	0.038862
39683	0.038863
52293	0.038863
33005	0.038864
25721	0.038864
34982	0.038865
53423	0.038866
19637	0.038866
27418	0.038866
43729	0.038867
52991	0.038869
36567	0.038870
23568	0.038871
33116	0.038871
20742	0.038872
15368	0.038872
61169	0.038873
48257	0.038874
35910	0.038874
59821	0.038874
25220	0.038874
37405	0.038875
40743	0.038877
25915	0.038877
60151	0.038877
51017	0.038878
40510	0.038881
29915	0.038883
34197	0.038883
56281	0.038883
42098	0.038883
11254	0.038885
10546	0.038885
26007	0.038885
13850	0.038886
60892	0.038887
28362	0.038889
13386	0.038889
35722	0.038889
33902	0.038890
20152	0.038890
57145	0.038890
11329	0.038891
37151	0.038892
31844	0.038892
37960	0.038893
15820	0.038894
20463	0.038894
44503	0.038895
16913	0.038896
51979	0.038897
60475	0.038898
60319	0.038900
29888	0.038900
60313	0.038901
37289	0.038901
13625	0.038901
60756	0.038902
32217	0.038904
27829	0.038904
33710	0.038904
14918	0.038904
33864	0.038904
16627	0.038905
33381	0.038906
47571	0.038906
43988	0.038906
60624	0.038908
41691	0.038909
13695	0.038910
61278	0.038912
7737	0.038913
8103	0.038913
10191	0.038913
51313	0.038914
46190	0.038916
57419	0.038918
56195	0.038919
49988	0.038920
15105	0.038920
50450	0.038920
14316	0.038921
22786	0.038921
21016	0.038921
40821	0.038922
29383	0.038925
6937	0.038926
26997	0.038927
42099	0.038928
32017	0.038928
61658	0.038929
56261	0.038929
8848	0.038929
10654	0.038931
60217	0.038931
14042	0.038933
19323	0.038934
24686	0.038934
21772	0.038936
25252	0.038936
36982	0.038938
50964	0.038938
46798	0.038941
24135	0.038944
53086	0.038946
40504	0.038947
7087	0.038948
32282	0.038948
38477	0.038948
46429	0.038949
10502	0.038949
57149	0.038949
23464	0.038949
33453	0.038950
57199	0.038953
48879	0.038954
7078	0.038954
27710	0.038954
39400	0.038955
60525	0.038956
30011	0.038956
22927	0.038958
29142	0.038958
51318	0.038959
8583	0.038960
41831	0.038961
7054	0.038961
61071	0.038962
32924	0.038963
29794	0.038963
37433	0.038963
6916	0.038963
16619	0.038965
30861	0.038965
8872	0.038967
23846	0.038967
30746	0.038967
31285	0.038968
14652	0.038970
35952	0.038970
57377	0.038970
61116	0.038970
50375	0.038970
29947	0.038971
17259	0.038972
37144	0.038972
53156	0.038973
27724	0.038973
38067	0.038974
39290	0.038975
54037	0.038975
34999	0.038977
14062	0.038978
55924	0.038978
44081	0.038979
54672	0.038979
21054	0.038980
44346	0.038980
20599	0.038980
10181	0.038980
46842	0.038980
9538	0.038981
60257	0.038981
60413	0.038981
57006	0.038983
41281	0.038983
55179	0.038984
21502	0.038985
34024	0.038988
60929	0.038988
61051	0.038988
61129	0.038988
45075	0.038988
15184	0.038988
14074	0.038989
58051	0.038991
26068	0.038992
48512	0.038993
16686	0.038994
45346	0.038995
7479	0.038996
37272	0.038997
54248	0.038997
57804	0.038997
45400	0.038998
38628	0.038999
15493	0.039000
17048	0.039002
13377	0.039004
52250	0.039005
49948	0.039005
57851	0.039005
10286	0.039005
16554	0.039005
51790	0.039005
46945	0.039006
42484	0.039006
46177	0.039006
16177	0.039008
20161	0.039008
60167	0.039009
9241	0.039009
40880	0.039010
58444	0.039011
13888	0.039011
26418	0.039013
54720	0.039014
55559	0.039014
58493	0.039014
52093	0.039014
61070	0.039014
16387	0.039017
47798	0.039017
56990	0.039018
17361	0.039018
60353	0.039020
16976	0.039020
34669	0.039020
25305	0.039021
36677	0.039021
14783	0.039022
61219	0.039022
37703	0.039022
22428	0.039022
60352	0.039023
10174	0.039023
55281	0.039025
49980	0.039025
34916	0.039028
54414	0.039028
31249	0.039029
9829	0.039030
13883	0.039032
33443	0.039032
10254	0.039033
12027	0.039033
16517	0.039034
7983	0.039034
35097	0.039035
8840	0.039035
60691	0.039035
16649	0.039038
9928	0.039040
14472	0.039040
12873	0.039043
13071	0.039043
49526	0.039043
25449	0.039046
16760	0.039046
32932	0.039047
26524	0.039048
7098	0.039048
37201	0.039049
58153	0.039049
61036	0.039050
10184	0.039051
52281	0.039052
56522	0.039052
30772	0.039053
16912	0.039053
19373	0.039055
12084	0.039055
9108	0.039056
26644	0.039057
15813	0.039057
28367	0.039059
8045	0.039059
44722	0.039059
29198	0.039060
60533	0.039060
30127	0.039061
8420	0.039061
23653	0.039063
19857	0.039064
57211	0.039064
39815	0.039064
23459	0.039066
31257	0.039066
61335	0.039068
10207	0.039068
8586	0.039068
42311	0.039070
12217	0.039071
34250	0.039071
22530	0.039071
42152	0.039072
60816	0.039072
36950	0.039074
36315	0.039074
19482	0.039075
9291	0.039075
49276	0.039076
60999	0.039076
61122	0.039076
55476	0.039076
24773	0.039077
16904	0.039078
34369	0.039079
12272	0.039080
60659	0.039081
15566	0.039081
42469	0.039081
58338	0.039082
16727	0.039084
29066	0.039084
30154	0.039084
15091	0.039085
25963	0.039085
41668	0.039087
33997	0.039088
61403	0.039088
21880	0.039088
34050	0.039089
8069	0.039089
30432	0.039090
40435	0.039090
12097	0.039090
41689	0.039090
21179	0.039091
41801	0.039091
32091	0.039091
48050	0.039093
37448	0.039094
23914	0.039094
45191	0.039094
60306	0.039094
61439	0.039095
10952	0.039095
55701	0.039096
29174	0.039096
16743	0.039096
25764	0.039097
52402	0.039098
47615	0.039098
61204	0.039098
7935	0.039099
20016	0.039100
23274	0.039100
33130	0.039100
35357	0.039100
61563	0.039100
38564	0.039102
26077	0.039104
46622	0.039104
47901	0.039104
22240	0.039105
51369	0.039109
32295	0.039109
14603	0.039110
46739	0.039110
41359	0.039110
61386	0.039110
14545	0.039111
42985	0.039112
46687	0.039112
43899	0.039113
45227	0.039115
34786	0.039116
45970	0.039116
16358	0.039116
55993	0.039117
30697	0.039117
58513	0.039119
13956	0.039122
15614	0.039123
34653	0.039124
43320	0.039125
29779	0.039125
58431	0.039126
29088	0.039126
50532	0.039127
26231	0.039130
16856	0.039131
50330	0.039131
48293	0.039132
61299	0.039133
51162	0.039134
39312	0.039134
16836	0.039135
55657	0.039136
35917	0.039136
12628	0.039136
14556	0.039137
55568	0.039137
48155	0.039139
13530	0.039139
15823	0.039142
47236	0.039142
16176	0.039143
7988	0.039145
13317	0.039149
15154	0.039154
13863	0.039154
45715	0.039155
137382	0.039155
31006	0.039155
37095	0.039156
42246	0.039157
54514	0.039158
55499	0.039159
35126	0.039159
60586	0.039160
38549	0.039160
32992	0.039162
16749	0.039162
41517	0.039164
14869	0.039164
35522	0.039166
36303	0.039167
57061	0.039167
39308	0.039167
47157	0.039169
47377	0.039169
36997	0.039169
34256	0.039170
52130	0.039170
17325	0.039171
61566	0.039171
26206	0.039171
52792	0.039172
39033	0.039172
13890	0.039173
19477	0.039173
60342	0.039174
32979	0.039176
48099	0.039178
38559	0.039178
29726	0.039179
37058	0.039179
57789	0.039183
7645	0.039183
29945	0.039183
39789	0.039184
57645	0.039184
14922	0.039186
31773	0.039187
53935	0.039187
10813	0.039188
13297	0.039188
46999	0.039188
29705	0.039189
60760	0.039189
16720	0.039190
14185	0.039192
57945	0.039192
40680	0.039192
7103	0.039193
13839	0.039193
53199	0.039194
46753	0.039196
23575	0.039198
41933	0.039199
47635	0.039200
60840	0.039203
18974	0.039205
37407	0.039206
54327	0.039207
53593	0.039209
60157	0.039211
10327	0.039212
55934	0.039212
61545	0.039213
57040	0.039213
13041	0.039214
11330	0.039215
47248	0.039215
12893	0.039216
40847	0.039217
8341	0.039218
54902	0.039221
42615	0.039222
27851	0.039223
8991	0.039223
12403	0.039224
12678	0.039224
36329	0.039225
15174	0.039225
25465	0.039228
8403	0.039228
8543	0.039228
47586	0.039229
51797	0.039229
58863	0.039230
23947	0.039233
39101	0.039234
49014	0.039234
21728	0.039234
8589	0.039235
6938	0.039235
9729	0.039236
14776	0.039236
8903	0.039237
16605	0.039238
11884	0.039238
61500	0.039238
9173	0.039239
24351	0.039240
44392	0.039241
9848	0.039241
48571	0.039241
36897	0.039241
53993	0.039241
51156	0.039242
39736	0.039243
19485	0.039244
51968	0.039244
61555	0.039246
60325	0.039247
47075	0.039252
29176	0.039253
39041	0.039254
45341	0.039254
16989	0.039254
30137	0.039255
8588	0.039256
20383	0.039257
12149	0.039260
20960	0.039261
30247	0.039261
33041	0.039261
16529	0.039261
43238	0.039264
38578	0.039264
25101	0.039265
37516	0.039265
56672	0.039266
25635	0.039266
16077	0.039267
19197	0.039270
37368	0.039270
7310	0.039270
74649	0.039271
10438	0.039271
16220	0.039272
40457	0.039272
60480	0.039274
33994	0.039275
40085	0.039276
10928	0.039280
43391	0.039280
41033	0.039280
19277	0.039281
23979	0.039282
26842	0.039282
60247	0.039283
60774	0.039283
56411	0.039283
10145	0.039284
43067	0.039284
49681	0.039285
12840	0.039286
11195	0.039288
13835	0.039289
16759	0.039289
49487	0.039290
31918	0.039290
21389	0.039292
53038	0.039294
7070	0.039295
7596	0.039295
21515	0.039296
10757	0.039296
32632	0.039297
19779	0.039298
13265	0.039298
26182	0.039299
48718	0.039301
50401	0.039301
50953	0.039302
38661	0.039302
26881	0.039302
38268	0.039302
15487	0.039302
17480	0.039303
40038	0.039303
9571	0.039304
20835	0.039304
35893	0.039308
26189	0.039308
46172	0.039310
44633	0.039313
50414	0.039313
13270	0.039313
46886	0.039313
40920	0.039314
12452	0.039315
13285	0.039315
33481	0.039315
34071	0.039315
60407	0.039315
60986	0.039315
60160	0.039315
41151	0.039317
9785	0.039318
20921	0.039319
12811	0.039319
46957	0.039319
53405	0.039320
60280	0.039322
14631	0.039322
42583	0.039324
45913	0.039324
34574	0.039326
20126	0.039326
35223	0.039326
40138	0.039327
61503	0.039330
36973	0.039330
34924	0.039331
47999	0.039332
38276	0.039332
16457	0.039332
49684	0.039332
32478	0.039333
36271	0.039333
60503	0.039336
38112	0.039337
51146	0.039337
19122	0.039338
24270	0.039338
15502	0.039338
30014	0.039339
25917	0.039339
48751	0.039341
60422	0.039341
9950	0.039341
45354	0.039342
7876	0.039342
10240	0.039343
8373	0.039343
45804	0.039345
8188	0.039347
47285	0.039349
43146	0.039350
61420	0.039350
26725	0.039350
30072	0.039352
14541	0.039352
7902	0.039354
12145	0.039354
46313	0.039357
48566	0.039358
15876	0.039358
60589	0.039358
55292	0.039358
13975	0.039359
12943	0.039359
60343	0.039359
10320	0.039360
17491	0.039360
46201	0.039361
45118	0.039361
57845	0.039361
16664	0.039362
43131	0.039362
56729	0.039362
14104	0.039363
13790	0.039363
20860	0.039363
26849	0.039363
48888	0.039364
56532	0.039365
58538	0.039365
54140	0.039367
46809	0.039367
16614	0.039368
49444	0.039368
44691	0.039368
15715	0.039369
44137	0.039369
60607	0.039369
7190	0.039369
16853	0.039371
25469	0.039371
34755	0.039371
40764	0.039371
8757	0.039371
32660	0.039371
53975	0.039371
13862	0.039371
58662	0.039372
15688	0.039372
58351	0.039373
35618	0.039373
32655	0.039373
47256	0.039376
35586	0.039376
7320	0.039376
49662	0.039376
40490	0.039376
9508	0.039377
9251	0.039378
32222	0.039378
23857	0.039378
42954	0.039379
51249	0.039379
9282	0.039380
37506	0.039380
28722	0.039381
51888	0.039381
14012	0.039384
46755	0.039384
47480	0.039385
60749	0.039385
14486	0.039387
7393	0.039387
14380	0.039387
15304	0.039388
27785	0.039389
40043	0.039389
11868	0.039390
44200	0.039390
42115	0.039391
28962	0.039391
12701	0.039391
12660	0.039392
31851	0.039393
46409	0.039393
40268	0.039394
60430	0.039395
16634	0.039396
36693	0.039396
58041	0.039396
53652	0.039398
43788	0.039398
49984	0.039398
34400	0.039398
39458	0.039399
48589	0.039399
56550	0.039399
46203	0.039399
34008	0.039400
56852	0.039401
56829	0.039401
29054	0.039403
45719	0.039403
61079	0.039404
15507	0.039405
21155	0.039406
47476	0.039407
34428	0.039407
9242	0.039408
34753	0.039409
10015	0.039410
15097	0.039410
53738	0.039411
13533	0.039411
16832	0.039411
46888	0.039411
60906	0.039414
9860	0.039414
16536	0.039415
10065	0.039415
10372	0.039415
52467	0.039416
41680	0.039417
36086	0.039419
24019	0.039420
43361	0.039422
56328	0.039422
14938	0.039424
9070	0.039424
46712	0.039426
7072	0.039426
16713	0.039426
17069	0.039428
10265	0.039429
46352	0.039430
10110	0.039430
49328	0.039430
7521	0.039430
11141	0.039432
49900	0.039433
60591	0.039433
39617	0.039433
45442	0.039434
29200	0.039435
26935	0.039438
16688	0.039439
32574	0.039440
22337	0.039440
19052	0.039442
50829	0.039442
54497	0.039445
60895	0.039445
52631	0.039445
57213	0.039445
61454	0.039448
16365	0.039450
8098	0.039450
48242	0.039451
47054	0.039451
50575	0.039454
20095	0.039454
41986	0.039454
27975	0.039455
53288	0.039457
13847	0.039457
20472	0.039458
34088	0.039461
13503	0.039461
9491	0.039461
37763	0.039462
45884	0.039463
8172	0.039464
44995	0.039464
61390	0.039465
8216	0.039465
61174	0.039466
7388	0.039466
14738	0.039466
42702	0.039466
9504	0.039468
11555	0.039469
14306	0.039470
15976	0.039470
16607	0.039470
16794	0.039470
25943	0.039470
32334	0.039470
34744	0.039470
34783	0.039470
43364	0.039470
43903	0.039470
46764	0.039470
47268	0.039470
51452	0.039470
48549	0.039471
61158	0.039472
38658	0.039472
8724	0.039475
30103	0.039475
35516	0.039475
37699	0.039475
43512	0.039478
10804	0.039479
57290	0.039479
61189	0.039479
37511	0.039480
17111	0.039483
33399	0.039483
16376	0.039484
9696	0.039484
24169	0.039485
61569	0.039487
42073	0.039487
55742	0.039488
11624	0.039490
32411	0.039490
57103	0.039492
50316	0.039493
15439	0.039493
15337	0.039494
55876	0.039494
7177	0.039494
36719	0.039496
30997	0.039497
22935	0.039498
43223	0.039498
53856	0.039498
29933	0.039499
17186	0.039499
15098	0.039500
23032	0.039500
11006	0.039503
57144	0.039503
50045	0.039504
51473	0.039504
61468	0.039504
49464	0.039504
13541	0.039504
11621	0.039505
15128	0.039506
9921	0.039507
55812	0.039507
30510	0.039507
9454	0.039508
50466	0.039509
53029	0.039509
22609	0.039509
39977	0.039509
32287	0.039510
23982	0.039511
33220	0.039511
8012	0.039512
9891	0.039513
49777	0.039513
51741	0.039516
35988	0.039516
54456	0.039517
61535	0.039517
9710	0.039517
49317	0.039517
37392	0.039518
25472	0.039520
39745	0.039520
54726	0.039521
34031	0.039522
7669	0.039522
43651	0.039524
53195	0.039525
34096	0.039525
54213	0.039526
6899	0.039527
8424	0.039528
36793	0.039529
9530	0.039529
19377	0.039529
22232	0.039530
61218	0.039531
52763	0.039532
48892	0.039533
22248	0.039533
22936	0.039533
37386	0.039533
24651	0.039535
26615	0.039535
13942	0.039535
42671	0.039535
45807	0.039535
20243	0.039536
60768	0.039537
21066	0.039539
34339	0.039540
17227	0.039540
61661	0.039540
34616	0.039543
60158	0.039543
32508	0.039544
112515	0.039544
53572	0.039547
60279	0.039548
16559	0.039550
9780	0.039551
27575	0.039551
15545	0.039552
36362	0.039552
44712	0.039553
45020	0.039555
16740	0.039555
29708	0.039557
24247	0.039558
52698	0.039558
22157	0.039559
30752	0.039560
30315	0.039561
49946	0.039563
47443	0.039563
125765	0.039563
137908	0.039563
63349	0.039563
61353	0.039563
47471	0.039564
17452	0.039564
30410	0.039564
56972	0.039565
15818	0.039565
42600	0.039566
37119	0.039567
24263	0.039567
60746	0.039567
21252	0.039567
40923	0.039569
22730	0.039570
54367	0.039570
38364	0.039570
37216	0.039571
42167	0.039572
51941	0.039574
40555	0.039576
52973	0.039577
25395	0.039577
52054	0.039578
57108	0.039579
39058	0.039579
12779	0.039579
9312	0.039580
61200	0.039582
8191	0.039582
61328	0.039583
10848	0.039583
109539	0.039583
11548	0.039583
125658	0.039583
13202	0.039583
13496	0.039583
137880	0.039583
27915	0.039583
32034	0.039583
47394	0.039583
49044	0.039583
50329	0.039583
56170	0.039583
60719	0.039583
60787	0.039583
61369	0.039583
61585	0.039583
67539	0.039583
8768	0.039583
32402	0.039584
37729	0.039585
25187	0.039586
8441	0.039586
32124	0.039586
21829	0.039590
61433	0.039590
20249	0.039590
27369	0.039590
60171	0.039591
48290	0.039591
8783	0.039591
7763	0.039593
25028	0.039594
53026	0.039594
9224	0.039595
35095	0.039595
17344	0.039596
46814	0.039597
30540	0.039598
40398	0.039599
39637	0.039600
17077	0.039600
6952	0.039601
47347	0.039602
51034	0.039602
12968	0.039605
12718	0.039608
25201	0.039610
58375	0.039611
48988	0.039611
21618	0.039612
35882	0.039612
29890	0.039613
20501	0.039614
40990	0.039615
10123	0.039618
12121	0.039618
51279	0.039618
42736	0.039619
23628	0.039619
12536	0.039621
58006	0.039621
16847	0.039622
7038	0.039623
52701	0.039624
58489	0.039625
28195	0.039625
17063	0.039626
45603	0.039627
30420	0.039628
54612	0.039628
46228	0.039630
33217	0.039630
33616	0.039630
12964	0.039631
8585	0.039632
50761	0.039632
50114	0.039634
33007	0.039635
37007	0.039635
14819	0.039636
56130	0.039636
21634	0.039636
25344	0.039636
45054	0.039637
40886	0.039638
11669	0.039638
49990	0.039638
13110	0.039643
9897	0.039643
14482	0.039643
40719	0.039644
42934	0.039645
39775	0.039646
46296	0.039646
49361	0.039646
19056	0.039646
45254	0.039647
29785	0.039650
36186	0.039653
58448	0.039655
50712	0.039656
46561	0.039656
47681	0.039659
7668	0.039660
42887	0.039661
50509	0.039662
36980	0.039662
34958	0.039663
16232	0.039663
60331	0.039663
12530	0.039663
37496	0.039665
8890	0.039665
25507	0.039665
32429	0.039665
45819	0.039665
55283	0.039665
57803	0.039665
46335	0.039665
14987	0.039667
35071	0.039667
56855	0.039667
43823	0.039668
31662	0.039668
10629	0.039670
19213	0.039671
48619	0.039675
22901	0.039676
7255	0.039677
16233	0.039677
40357	0.039677
10910	0.039678
49123	0.039678
38659	0.039679
32755	0.039681
60555	0.039683
16781	0.039684
60572	0.039684
47455	0.039685
52679	0.039686
38372	0.039686
52080	0.039689
11463	0.039689
47597	0.039693
9248	0.039693
20604	0.039694
53305	0.039694
50487	0.039695
10618	0.039696
38247	0.039697
22215	0.039697
16792	0.039698
30029	0.039699
25166	0.039700
8495	0.039700
14276	0.039701
37129	0.039701
23779	0.039701
43910	0.039702
14552	0.039703
52352	0.039706
38258	0.039707
53818	0.039708
15927	0.039709
24617	0.039709
10936	0.039710
68213	0.039711
15732	0.039714
42695	0.039716
58583	0.039716
17369	0.039716
27953	0.039716
38223	0.039716
11211	0.039717
53943	0.039717
56243	0.039719
55968	0.039720
33142	0.039721
42539	0.039722
60174	0.039722
16623	0.039723
21607	0.039723
21993	0.039723
27478	0.039723
34745	0.039723
20982	0.039723
57611	0.039723
13492	0.039724
58456	0.039725
31771	0.039725
61613	0.039725
10236	0.039726
36743	0.039726
6903	0.039728
60468	0.039729
16157	0.039735
22759	0.039736
60409	0.039736
41660	0.039737
28117	0.039737
53263	0.039737
53878	0.039737
21213	0.039738
22295	0.039738
46136	0.039738
45837	0.039739
41955	0.039739
19211	0.039739
40260	0.039739
31304	0.039740
46029	0.039740
24875	0.039740
125362	0.039740
29946	0.039741
16360	0.039743
23566	0.039743
10209	0.039744
45535	0.039747
32701	0.039748
60238	0.039748
16422	0.039748
56306	0.039752
40514	0.039752
60994	0.039755
61238	0.039755
39797	0.039755
47631	0.039757
10885	0.039757
125828	0.039758
46210	0.039758
33474	0.039758
23776	0.039759
54595	0.039759
9377	0.039759
56534	0.039760
14256	0.039763
17681	0.039764
39734	0.039766
60743	0.039766
61630	0.039766
8254	0.039767
58284	0.039768
10566	0.039768
42633	0.039770
14721	0.039770
57254	0.039771
54770	0.039772
16741	0.039772
56366	0.039772
16640	0.039773
30171	0.039773
48390	0.039774
54867	0.039774
13673	0.039774
61567	0.039774
38181	0.039774
16565	0.039775
7634	0.039775
9012	0.039777
37147	0.039777
14777	0.039778
53907	0.039785
8680	0.039786
38515	0.039786
51159	0.039788
58039	0.039789
25475	0.039789
30101	0.039789
12281	0.039789
34666	0.039790
47484	0.039791
28359	0.039791
17038	0.039794
51374	0.039795
23118	0.039796
41896	0.039797
22250	0.039798
53607	0.039800
16106	0.039800
17348	0.039800
55171	0.039800
52582	0.039802
23367	0.039803
36860	0.039803
55000	0.039803
8551	0.039804
50834	0.039804
31116	0.039805
33023	0.039805
15963	0.039806
53776	0.039807
57864	0.039808
50057	0.039808
35818	0.039808
8712	0.039808
40876	0.039808
42931	0.039809
9285	0.039809
31667	0.039809
21448	0.039812
24962	0.039812
12575	0.039813
17034	0.039813
24709	0.039814
7810	0.039815
36611	0.039815
23224	0.039815
9674	0.039818
49780	0.039819
61415	0.039819
19036	0.039819
9027	0.039819
12912	0.039820
31977	0.039820
56341	0.039821
61044	0.039821
30167	0.039822
56478	0.039822
8800	0.039823
51722	0.039824
19206	0.039825
33774	0.039826
58632	0.039828
42092	0.039829
47001	0.039831
39181	0.039831
21030	0.039832
14488	0.039833
55882	0.039833
60462	0.039834
26213	0.039834
17443	0.039836
22732	0.039836
49993	0.039837
47962	0.039837
43880	0.039839
24936	0.039839
53056	0.039840
16140	0.039840
37131	0.039840
15773	0.039840
61538	0.039841
61612	0.039841
8563	0.039841
13129	0.039841
37810	0.039842
47979	0.039842
19892	0.039843
22489	0.039843
17253	0.039844
20090	0.039846
27335	0.039847
61623	0.039848
30743	0.039848
11734	0.039848
33806	0.039849
55228	0.039850
56349	0.039854
23378	0.039854
9659	0.039854
26857	0.039855
34178	0.039855
43970	0.039856
20410	0.039856
54257	0.039857
46068	0.039859
49505	0.039859
60269	0.039860
31035	0.039860
39681	0.039860
45427	0.039861
32811	0.039861
42008	0.039863
56543	0.039863
36988	0.039865
54313	0.039865
48822	0.039866
35557	0.039867
12861	0.039868
14371	0.039868
14464	0.039868
8691	0.039868
11981	0.039868
8820	0.039869
15551	0.039870
53122	0.039871
23169	0.039871
34526	0.039871
25502	0.039873
12520	0.039874
26666	0.039875
23007	0.039877
24087	0.039878
16545	0.039878
57613	0.039879
61031	0.039879
26177	0.039880
30132	0.039880
61287	0.039881
11564	0.039881
8492	0.039881
26886	0.039881
53824	0.039881
26038	0.039881
16812	0.039881
44358	0.039882
55402	0.039882
41956	0.039882
55532	0.039884
60196	0.039885
125422	0.039889
32487	0.039889
20978	0.039891
39301	0.039891
27049	0.039892
20094	0.039893
24767	0.039893
35418	0.039893
13058	0.039894
20441	0.039894
20009	0.039895
20068	0.039895
7854	0.039896
33413	0.039897
61443	0.039897
16215	0.039900
50388	0.039901
34548	0.039903
7855	0.039905
12991	0.039908
57805	0.039909
52223	0.039909
45127	0.039910
15400	0.039911
16181	0.039913
21249	0.039913
27586	0.039913
32194	0.039913
32553	0.039913
42309	0.039913
60790	0.039913
17271	0.039914
47283	0.039917
44829	0.039918
18378	0.039918
52349	0.039918
28187	0.039919
9895	0.039919
8597	0.039920
10726	0.039927
23408	0.039927
14245	0.039928
32930	0.039929
43978	0.039930
24909	0.039932
16070	0.039932
15544	0.039934
51321	0.039934
61453	0.039935
23212	0.039936
45993	0.039936
14293	0.039937
42090	0.039937
61163	0.039938
60791	0.039938
27421	0.039939
16830	0.039939
20527	0.039941
37315	0.039942
27971	0.039944
42847	0.039945
51201	0.039945
16708	0.039946
39335	0.039946
39910	0.039947
6904	0.039947
14550	0.039948
15193	0.039948
7222	0.039949
19674	0.039951
19021	0.039951
137899	0.039953
13491	0.039953
32305	0.039953
53550	0.039954
34407	0.039954
31103	0.039956
35648	0.039956
45182	0.039956
6922	0.039957
16783	0.039957
52523	0.039957
38513	0.039958
20551	0.039958
40295	0.039961
9112	0.039961
45908	0.039961
55991	0.039962
8693	0.039963
8568	0.039963
30107	0.039965
20215	0.039966
37310	0.039966
11403	0.039967
47234	0.039968
8658	0.039968
26957	0.039970
11609	0.039971
54216	0.039972
33663	0.039972
39086	0.039972
51329	0.039972
24111	0.039975
37022	0.039976
32683	0.039978
49261	0.039979
36227	0.039980
36839	0.039980
14175	0.039980
21426	0.039981
10955	0.039981
15689	0.039982
35664	0.039982
13540	0.039982
60873	0.039983
16592	0.039985
35548	0.039985
11858	0.039986
55447	0.039986
29926	0.039987
61418	0.039990
49127	0.039991
23584	0.039992
51435	0.039993
57129	0.039993
25406	0.039994
46292	0.039994
60011	0.039994
61678	0.039996
9689	0.039996
41102	0.039996
31437	0.039997
47868	0.040000
10204	0.040001
47704	0.040001
28711	0.040002
45755	0.040002
46064	0.040003
25618	0.040003
48032	0.040004
60782	0.040005
17055	0.040006
56106	0.040008
60730	0.040008
60842	0.040008
61542	0.040008
7781	0.040008
10014	0.040009
54877	0.040009
53557	0.040011
9711	0.040011
53332	0.040012
26587	0.040012
55495	0.040015
36319	0.040015
19298	0.040015
35093	0.040016
35129	0.040019
49658	0.040019
8146	0.040020
47220	0.040021
53822	0.040021
8243	0.040023
11657	0.040023
53407	0.040024
11131	0.040024
9158	0.040025
48194	0.040025
57466	0.040025
33378	0.040026
48721	0.040026
35675	0.040027
7946	0.040028
39105	0.040030
30433	0.040030
33178	0.040030
43986	0.040030
44703	0.040030
57596	0.040032
57550	0.040034
32987	0.040034
52065	0.040035
38311	0.040036
16444	0.040036
56071	0.040036
60896	0.040037
14490	0.040037
8782	0.040040
23164	0.040043
29084	0.040043
44449	0.040043
13066	0.040044
43228	0.040044
39014	0.040044
30693	0.040045
58617	0.040048
16318	0.040048
11142	0.040050
51608	0.040050
55068	0.040051
50908	0.040051
74651	0.040051
30523	0.040052
21340	0.040053
52987	0.040053
11808	0.040054
36688	0.040056
53627	0.040056
60926	0.040056
23680	0.040057
43200	0.040058
56834	0.040058
40050	0.040059
56263	0.040061
17050	0.040062
32657	0.040064
52010	0.040064
36721	0.040064
35877	0.040065
57473	0.040065
29183	0.040066
34563	0.040066
39155	0.040066
56326	0.040068
24272	0.040069
52358	0.040070
54522	0.040071
55315	0.040071
44665	0.040071
28188	0.040072
9365	0.040074
50117	0.040075
11466	0.040076
16237	0.040076
35137	0.040076
16541	0.040076
25193	0.040076
23122	0.040077
40316	0.040078
38040	0.040078
27138	0.040080
61183	0.040081
39997	0.040081
14781	0.040081
7638	0.040081
55388	0.040082
30244	0.040082
16814	0.040083
17120	0.040086
41774	0.040089
47980	0.040089
54016	0.040092
15046	0.040092
21707	0.040092
49953	0.040093
15755	0.040093
16995	0.040093
16813	0.040094
25939	0.040094
26087	0.040095
14847	0.040096
26654	0.040096
11212	0.040097
25011	0.040098
11570	0.040098
36282	0.040100
42687	0.040100
9045	0.040101
14358	0.040102
33707	0.040104
8329	0.040104
25273	0.040104
61359	0.040105
9150	0.040106
15345	0.040107
48963	0.040107
19223	0.040108
28680	0.040108
16894	0.040109
52742	0.040109
32061	0.040110
41521	0.040113
9412	0.040113
24393	0.040114
45586	0.040114
54600	0.040115
40965	0.040115
17524	0.040116
47223	0.040117
41373	0.040117
54674	0.040117
47238	0.040119
50939	0.040119
15466	0.040120
40438	0.040121
46914	0.040124
16315	0.040124
39731	0.040124
60272	0.040125
47719	0.040125
14381	0.040126
54565	0.040126
35645	0.040127
21292	0.040128
9665	0.040128
20515	0.040128
61027	0.040130
37514	0.040131
49726	0.040132
61631	0.040132
14317	0.040133
35458	0.040133
13720	0.040136
17123	0.040136
12567	0.040137
26152	0.040137
40320	0.040137
53900	0.040138
38315	0.040139
47802	0.040141
53641	0.040142
45486	0.040143
39866	0.040144
38220	0.040148
21668	0.040148
37040	0.040150
40565	0.040151
23388	0.040151
13878	0.040153
43192	0.040155
51306	0.040155
8037	0.040155
37983	0.040156
49875	0.040156
25851	0.040156
13005	0.040157
46492	0.040157
36954	0.040158
11031	0.040159
8681	0.040159
30791	0.040160
13974	0.040162
47093	0.040166
8465	0.040166
26329	0.040166
12036	0.040167
48062	0.040168
20331	0.040168
38957	0.040169
24822	0.040171
33011	0.040171
24493	0.040171
45269	0.040172
26191	0.040172
61283	0.040173
9523	0.040174
38923	0.040175
7718	0.040176
49539	0.040177
19357	0.040180
12573	0.040181
13197	0.040181
54906	0.040183
39237	0.040184
40913	0.040184
11861	0.040186
60495	0.040186
59559	0.040187
50333	0.040188
19276	0.040188
41461	0.040189
10238	0.040190
20969	0.040190
51437	0.040190
52077	0.040191
60991	0.040193
51987	0.040193
45658	0.040195
11198	0.040195
49589	0.040195
60374	0.040196
8713	0.040196
12993	0.040197
52996	0.040197
38600	0.040198
10942	0.040199
54853	0.040200
7128	0.040201
9669	0.040201
26843	0.040201
47904	0.040201
25733	0.040201
20318	0.040202
26321	0.040203
54361	0.040204
34873	0.040204
8561	0.040205
52594	0.040205
55886	0.040205
51853	0.040206
25596	0.040206
60541	0.040207
10355	0.040208
43420	0.040208
61141	0.040209
27053	0.040209
33859	0.040209
8340	0.040211
52215	0.040213
29252	0.040213
17160	0.040213
8814	0.040213
29145	0.040214
35982	0.040215
14130	0.040215
27196	0.040216
32311	0.040216
49974	0.040218
35024	0.040219
29241	0.040220
29444	0.040221
49845	0.040222
6893	0.040227
17062	0.040229
55695	0.040229
35199	0.040230
60795	0.040232
11274	0.040233
16716	0.040234
48240	0.040234
52993	0.040234
60351	0.040234
60493	0.040234
9063	0.040234
9178	0.040234
15796	0.040235
47717	0.040240
46397	0.040241
14086	0.040242
137975	0.040243
43609	0.040243
15039	0.040245
15176	0.040245
47240	0.040245
42254	0.040245
46690	0.040245
28782	0.040246
37276	0.040247
25746	0.040247
7762	0.040247
9437	0.040247
28298	0.040247
42229	0.040248
15804	0.040249
50284	0.040250
33893	0.040250
32187	0.040250
54663	0.040250
23063	0.040251
48018	0.040251
16047	0.040252
43654	0.040253
17136	0.040253
61491	0.040253
14906	0.040257
7271	0.040257
39187	0.040260
58004	0.040261
41441	0.040262
69075	0.040262
28687	0.040262
39804	0.040263
48957	0.040266
46536	0.040266
17010	0.040267
33278	0.040267
12299	0.040268
16087	0.040275
10200	0.040276
32114	0.040276
12131	0.040281
43553	0.040281
60241	0.040281
9982	0.040281
14761	0.040282
42321	0.040283
57620	0.040283
34043	0.040283
54242	0.040288
12898	0.040288
35415	0.040288
15028	0.040289
41579	0.040291
42581	0.040291
69035	0.040291
47370	0.040292
43366	0.040292
27998	0.040293
26802	0.040295
8344	0.040297
53925	0.040297
25804	0.040299
7698	0.040300
14720	0.040301
15005	0.040301
52975	0.040302
29218	0.040302
53347	0.040302
61452	0.040304
10655	0.040304
22502	0.040305
8560	0.040306
25896	0.040307
13306	0.040308
10915	0.040308
47020	0.040309
52071	0.040310
51697	0.040311
56753	0.040312
7123	0.040313
7207	0.040314
17057	0.040314
49700	0.040314
13593	0.040314
17064	0.040314
11619	0.040315
8233	0.040315
11137	0.040316
9278	0.040316
7951	0.040316
36690	0.040319
46916	0.040319
57933	0.040319
55930	0.040319
50540	0.040321
25784	0.040323
14697	0.040324
45532	0.040325
28061	0.040325
47871	0.040328
39817	0.040328
14191	0.040330
10631	0.040331
16542	0.040332
15001	0.040332
11745	0.040334
57694	0.040335
22253	0.040335
41203	0.040336
13768	0.040336
9487	0.040337
13522	0.040338
60203	0.040339
49279	0.040339
46876	0.040341
57306	0.040342
30594	0.040344
34210	0.040344
38164	0.040345
16317	0.040346
54534	0.040348
46988	0.040349
44526	0.040349
10540	0.040352
49489	0.040353
35468	0.040353
12652	0.040354
39754	0.040354
11829	0.040354
19733	0.040354
14892	0.040354
29102	0.040360
36277	0.040362
25486	0.040362
41745	0.040365
23158	0.040366
23386	0.040366
61554	0.040366
8632	0.040366
13968	0.040367
12882	0.040370
15137	0.040371
36465	0.040373
56882	0.040373
54477	0.040375
54747	0.040376
16531	0.040376
10151	0.040377
41739	0.040377
34288	0.040379
35359	0.040384
50374	0.040384
41243	0.040386
22116	0.040386
14529	0.040387
137895	0.040388
11864	0.040390
52676	0.040390
20380	0.040390
16673	0.040392
60444	0.040392
49251	0.040392
12173	0.040394
32956	0.040394
34863	0.040395
11454	0.040396
43509	0.040400
55803	0.040400
45178	0.040402
9152	0.040402
49312	0.040402
41433	0.040403
60520	0.040403
13251	0.040403
47018	0.040404
61332	0.040404
33897	0.040405
26412	0.040406
15742	0.040406
52982	0.040407
47584	0.040407
10218	0.040407
8596	0.040408
35659	0.040409
34660	0.040409
60717	0.040409
48977	0.040409
42226	0.040410
7686	0.040410
16583	0.040411
8976	0.040412
14733	0.040413
36080	0.040414
16058	0.040415
10970	0.040415
43246	0.040416
7316	0.040417
9020	0.040417
58476	0.040417
30430	0.040417
22514	0.040417
28936	0.040418
38301	0.040418
39801	0.040418
39843	0.040420
11295	0.040423
20459	0.040424
8559	0.040424
13264	0.040425
49369	0.040425
43023	0.040426
37246	0.040427
43113	0.040432
41708	0.040432
54170	0.040434
42289	0.040435
12111	0.040437
38907	0.040439
45812	0.040439
24033	0.040440
51096	0.040440
29906	0.040443
27567	0.040444
21059	0.040444
17080	0.040444
22900	0.040445
14611	0.040447
10672	0.040448
15002	0.040448
16014	0.040448
29155	0.040448
7376	0.040448
40028	0.040448
10710	0.040448
58306	0.040451
31600	0.040451
49371	0.040452
25453	0.040453
47340	0.040454
9887	0.040456
8393	0.040457
13756	0.040460
41246	0.040460
55839	0.040465
29080	0.040467
10534	0.040470
49316	0.040471
23403	0.040471
51605	0.040472
37880	0.040472
10122	0.040476
28127	0.040477
14233	0.040477
49595	0.040478
11546	0.040479
21541	0.040482
59062	0.040482
24282	0.040483
16638	0.040483
53294	0.040484
38869	0.040484
26992	0.040484
14376	0.040485
46113	0.040486
13529	0.040486
45729	0.040486
9912	0.040487
48877	0.040488
14620	0.040489
11608	0.040489
19469	0.040490
14404	0.040491
50312	0.040491
48109	0.040496
19080	0.040497
58432	0.040497
60872	0.040497
61026	0.040497
9323	0.040497
38340	0.040498
29288	0.040498
15947	0.040500
33312	0.040500
7673	0.040501
34304	0.040503
26628	0.040505
40173	0.040505
15886	0.040506
13544	0.040506
58319	0.040508
6898	0.040508
41885	0.040508
11537	0.040509
39341	0.040509
42101	0.040509
113939	0.040510
39716	0.040511
25725	0.040511
54317	0.040511
47448	0.040512
23415	0.040513
55460	0.040513
43346	0.040514
23557	0.040515
38544	0.040516
42243	0.040518
54718	0.040519
61383	0.040519
42038	0.040519
32867	0.040520
51341	0.040520
17606	0.040525
20763	0.040525
8016	0.040527
40934	0.040529
46933	0.040531
29060	0.040531
49768	0.040532
11494	0.040533
26690	0.040535
9087	0.040535
26652	0.040536
51993	0.040536
59818	0.040536
61528	0.040536
34504	0.040538
54732	0.040538
34034	0.040540
61010	0.040540
94375	0.040540
8550	0.040541
25625	0.040542
32517	0.040542
60654	0.040542
60963	0.040542
7406	0.040544
53875	0.040545
45816	0.040548
10770	0.040549
16964	0.040552
12484	0.040554
20700	0.040554
47122	0.040555
7538	0.040555
61338	0.040556
20252	0.040558
27988	0.040561
16343	0.040561
11415	0.040562
54278	0.040563
60974	0.040564
40298	0.040565
10626	0.040567
25988	0.040568
43206	0.040568
60733	0.040569
56641	0.040571
36843	0.040572
24361	0.040572
12994	0.040573
55879	0.040573
60998	0.040574
45775	0.040575
33669	0.040576
9090	0.040577
60753	0.040577
51854	0.040578
43140	0.040579
125365	0.040579
10277	0.040579
15043	0.040580
41378	0.040581
16175	0.040581
46968	0.040581
26428	0.040582
19717	0.040584
8001	0.040586
32085	0.040589
14455	0.040589
24448	0.040589
34035	0.040589
89938	0.040589
8762	0.040591
47812	0.040591
48885	0.040592
33981	0.040593
42093	0.040594
14773	0.040594
8707	0.040598
10371	0.040599
16138	0.040602
25685	0.040602
56141	0.040602
13873	0.040603
8535	0.040606
30851	0.040608
45542	0.040608
25306	0.040608
28091	0.040609
30006	0.040609
39298	0.040611
57138	0.040611
30844	0.040612
33790	0.040612
29293	0.040614
16821	0.040614
12446	0.040614
15906	0.040615
29181	0.040616
13104	0.040616
12237	0.040618
23312	0.040619
47546	0.040619
12744	0.040619
24735	0.040619
16051	0.040621
61143	0.040622
27722	0.040622
32158	0.040622
32395	0.040622
36577	0.040622
48431	0.040623
36374	0.040623
27547	0.040624
29442	0.040626
34076	0.040626
15431	0.040626
44416	0.040628
20704	0.040629
54607	0.040630
28928	0.040631
43965	0.040632
58601	0.040632
17396	0.040633
21485	0.040634
56654	0.040634
21808	0.040634
30551	0.040635
50741	0.040636
48225	0.040636
54014	0.040637
26987	0.040637
60944	0.040639
14994	0.040641
22367	0.040643
22324	0.040643
16666	0.040644
57314	0.040644
21460	0.040645
41245	0.040647
52525	0.040650
54567	0.040652
19679	0.040653
46644	0.040653
15548	0.040653
15850	0.040654
58766	0.040655
12125	0.040656
46465	0.040656
32080	0.040658
16916	0.040658
37056	0.040658
57862	0.040658
13392	0.040658
53829	0.040658
24159	0.040658
14497	0.040658
60674	0.040658
23696	0.040659
16069	0.040659
37236	0.040659
60619	0.040661
12140	0.040661
57256	0.040662
37114	0.040662
50720	0.040662
26847	0.040663
53307	0.040664
20766	0.040664
39311	0.040665
16589	0.040666
52597	0.040666
48840	0.040669
42734	0.040669
31991	0.040670
25593	0.040670
8544	0.040671
16890	0.040674
45741	0.040675
11794	0.040675
30291	0.040678
39526	0.040678
30679	0.040679
61614	0.040681
25782	0.040682
28972	0.040682
14420	0.040682
41100	0.040683
37784	0.040683
37581	0.040685
17145	0.040685
35673	0.040686
30633	0.040687
36395	0.040687
20537	0.040688
9547	0.040688
49495	0.040688
17190	0.040689
50354	0.040691
7625	0.040695
52637	0.040695
41544	0.040695
57140	0.040697
31070	0.040698
27390	0.040698
9386	0.040699
15521	0.040700
20036	0.040701
10595	0.040702
12816	0.040703
55328	0.040704
19156	0.040704
25800	0.040705
31829	0.040706
16362	0.040708
50853	0.040710
56245	0.040713
61355	0.040714
7707	0.040714
19290	0.040715
14841	0.040716
49742	0.040717
25070	0.040717
60941	0.040717
7544	0.040717
53535	0.040721
43603	0.040721
49373	0.040722
24166	0.040722
8302	0.040723
14966	0.040723
32053	0.040725
12169	0.040725
16785	0.040727
52511	0.040731
21484	0.040731
36067	0.040732
14752	0.040733
50758	0.040734
61430	0.040734
53618	0.040736
8607	0.040736
61477	0.040737
19708	0.040738
7656	0.040738
60191	0.040739
14900	0.040742
21769	0.040744
61047	0.040744
44003	0.040747
8577	0.040748
21982	0.040748
9328	0.040748
52610	0.040749
15157	0.040751
11464	0.040752
28453	0.040754
58424	0.040755
29722	0.040756
60712	0.040756
43451	0.040757
30502	0.040757
25147	0.040757
32153	0.040758
58259	0.040758
19706	0.040759
43980	0.040761
38898	0.040762
22176	0.040763
46469	0.040763
51217	0.040765
20624	0.040765
39227	0.040767
15686	0.040768
31852	0.040771
26536	0.040776
52435	0.040776
51996	0.040776
19522	0.040779
44499	0.040780
32601	0.040780
42610	0.040781
56956	0.040781
56255	0.040781
16683	0.040782
17489	0.040782
40657	0.040782
8785	0.040782
36960	0.040783
10755	0.040784
58487	0.040785
33950	0.040785
34491	0.040785
23073	0.040787
21590	0.040787
40722	0.040787
7051	0.040788
7414	0.040788
14979	0.040791
57228	0.040792
28761	0.040792
24163	0.040793
33688	0.040794
57257	0.040794
59092	0.040794
60192	0.040794
52827	0.040797
45043	0.040797
13782	0.040800
53270	0.040801
22784	0.040804
7285	0.040804
47114	0.040806
14321	0.040806
14249	0.040806
50979	0.040807
53873	0.040808
10712	0.040808
32977	0.040809
36767	0.040809
30691	0.040810
16925	0.040811
11597	0.040811
9225	0.040812
11405	0.040812
12670	0.040813
36853	0.040814
39396	0.040814
48924	0.040814
45738	0.040816
34637	0.040816
14771	0.040817
27304	0.040817
26360	0.040818
28197	0.040818
25818	0.040818
34091	0.040820
56516	0.040823
11748	0.040824
25223	0.040825
9864	0.040825
58002	0.040825
9896	0.040825
42870	0.040826
58818	0.040828
60426	0.040828
60886	0.040828
9782	0.040828
54850	0.040829
31290	0.040829
21222	0.040832
33942	0.040832
49832	0.040832
23273	0.040833
36942	0.040835
14272	0.040836
57312	0.040837
49339	0.040837
61187	0.040837
32841	0.040838
50480	0.040838
36309	0.040838
45059	0.040840
47651	0.040840
30319	0.040841
7331	0.040847
19379	0.040847
15751	0.040849
40334	0.040850
13253	0.040852
12469	0.040854
36594	0.040855
29268	0.040857
40285	0.040857
60740	0.040857
6921	0.040858
10925	0.040858
15543	0.040859
28101	0.040859
29856	0.040860
34406	0.040860
11333	0.040861
52170	0.040862
17215	0.040862
43946	0.040864
57026	0.040864
36259	0.040866
9006	0.040871
43963	0.040873
27664	0.040873
37014	0.040874
36967	0.040876
21126	0.040880
7554	0.040880
14730	0.040881
41080	0.040882
57087	0.040883
14836	0.040885
7921	0.040887
13797	0.040887
33328	0.040890
23067	0.040891
53169	0.040891
17031	0.040897
38503	0.040898
22213	0.040899
12463	0.040900
21553	0.040900
10330	0.040901
8484	0.040901
58384	0.040902
32108	0.040903
8360	0.040903
53676	0.040905
11879	0.040905
56334	0.040905
58540	0.040906
27532	0.040906
31080	0.040907
35151	0.040908
29302	0.040909
21551	0.040909
57048	0.040912
40383	0.040914
27114	0.040915
17014	0.040915
16776	0.040915
32190	0.040916
60303	0.040916
12863	0.040916
56691	0.040916
16259	0.040917
26350	0.040919
24278	0.040919
31087	0.040920
41432	0.040920
15110	0.040921
26306	0.040923
47142	0.040923
46986	0.040924
60970	0.040927
12559	0.040929
21116	0.040930
17512	0.040930
21852	0.040930
23405	0.040930
50309	0.040930
24547	0.040931
50870	0.040932
9391	0.040934
26136	0.040934
16877	0.040936
56416	0.040936
35709	0.040937
22703	0.040938
12749	0.040939
17520	0.040939
45589	0.040946
29943	0.040947
17334	0.040948
54252	0.040948
17042	0.040948
53832	0.040949
27852	0.040950
57742	0.040953
15801	0.040953
53131	0.040953
6919	0.040954
48387	0.040954
58526	0.040954
37690	0.040955
42850	0.040956
15610	0.040957
8590	0.040959
24075	0.040959
32155	0.040959
54875	0.040959
61389	0.040959
61459	0.040959
43607	0.040960
51957	0.040961
41611	0.040962
46682	0.040965
39357	0.040965
40100	0.040967
8902	0.040968
22835	0.040969
28351	0.040971
46342	0.040972
17414	0.040972
54909	0.040972
35269	0.040973
14444	0.040974
32161	0.040975
38448	0.040975
32067	0.040976
52326	0.040977
29121	0.040978
23577	0.040979
12155	0.040981
12496	0.040982
41748	0.040982
38261	0.040982
42944	0.040983
8394	0.040983
37214	0.040984
41820	0.040987
34389	0.040987
28181	0.040988
10043	0.040990
15428	0.040991
60633	0.040991
14442	0.040992
19565	0.040994
61282	0.040996
17212	0.040996
52258	0.040996
43872	0.040996
40983	0.040997
29030	0.040998
32913	0.040998
61600	0.040999
106696	0.041000
14036	0.041000
57407	0.041001
15757	0.041002
60622	0.041002
56524	0.041004
25823	0.041008
32599	0.041009
28933	0.041009
11997	0.041013
50314	0.041013
39970	0.041013
60887	0.041016
49436	0.041019
23194	0.041019
17492	0.041020
44825	0.041022
53196	0.041025
58638	0.041026
47409	0.041029
16941	0.041032
52298	0.041038
15013	0.041038
46820	0.041039
6923	0.041039
12727	0.041039
20813	0.041041
56563	0.041042
53950	0.041042
34093	0.041042
25700	0.041042
10664	0.041042
7047	0.041043
42751	0.041043
13857	0.041043
11034	0.041044
51918	0.041045
46959	0.041045
15514	0.041046
37297	0.041046
38299	0.041046
44160	0.041046
60585	0.041046
61559	0.041048
26945	0.041048
23186	0.041049
14567	0.041050
16339	0.041050
61489	0.041052
52737	0.041053
54741	0.041053
43249	0.041053
8854	0.041055
36336	0.041055
16575	0.041055
40778	0.041056
21014	0.041057
52936	0.041058
55087	0.041058
60616	0.041060
19127	0.041060
24818	0.041060
49432	0.041068
25670	0.041068
35815	0.041069
56044	0.041070
27144	0.041070
36205	0.041072
60323	0.041075
61229	0.041076
39200	0.041077
8966	0.041078
11279	0.041078
60281	0.041079
24777	0.041079
48935	0.041081
55168	0.041082
35128	0.041082
23269	0.041083
12042	0.041085
9188	0.041087
21455	0.041088
7345	0.041091
30173	0.041091
57159	0.041091
16721	0.041095
27252	0.041096
49522	0.041101
53401	0.041101
17081	0.041102
27715	0.041103
23942	0.041105
44640	0.041106
58387	0.041106
37053	0.041107
17260	0.041108
54276	0.041110
53179	0.041114
19120	0.041116
16862	0.041116
40601	0.041116
60560	0.041116
19106	0.041116
43100	0.041118
34013	0.041119
13060	0.041120
11522	0.041121
21491	0.041123
16231	0.041126
16956	0.041126
31491	0.041128
21077	0.041130
50923	0.041130
36286	0.041130
25588	0.041132
46733	0.041133
13381	0.041134
34474	0.041136
27742	0.041136
53137	0.041137
61548	0.041138
26055	0.041140
53060	0.041141
19898	0.041144
13934	0.041144
41454	0.041144
53303	0.041144
46274	0.041145
20522	0.041145
12786	0.041145
47883	0.041145
9551	0.041148
48379	0.041149
39178	0.041152
34929	0.041152
26424	0.041155
12534	0.041155
43948	0.041158
43621	0.041159
12885	0.041160
28357	0.041160
8788	0.041160
30286	0.041161
9272	0.041163
46983	0.041164
41572	0.041167
30608	0.041167
37515	0.041168
30034	0.041169
56040	0.041169
23851	0.041169
16764	0.041172
24626	0.041173
41635	0.041174
14951	0.041176
33760	0.041177
35120	0.041179
28054	0.041180
57766	0.041181
32020	0.041182
49450	0.041182
30766	0.041183
38264	0.041183
41799	0.041184
21810	0.041184
37554	0.041185
60531	0.041185
21399	0.041185
26096	0.041186
56587	0.041187
45415	0.041187
54266	0.041190
15087	0.041190
43098	0.041192
14054	0.041192
39345	0.041194
15536	0.041194
22954	0.041195
45814	0.041195
61593	0.041196
33920	0.041197
22826	0.041198
37364	0.041198
17466	0.041199
31207	0.041199
36345	0.041200
38305	0.041202
33240	0.041203
39724	0.041204
14775	0.041204
37754	0.041205
48971	0.041207
25555	0.041210
29841	0.041214
15743	0.041214
24819	0.041215
15824	0.041215
14996	0.041216
56630	0.041217
43062	0.041217
24608	0.041219
49507	0.041219
37444	0.041220
60612	0.041222
13551	0.041224
33390	0.041224
29224	0.041228
61165	0.041228
61620	0.041229
7140	0.041230
38470	0.041230
47435	0.041231
11423	0.041231
42197	0.041232
14275	0.041233
26072	0.041234
28233	0.041235
60356	0.041236
60644	0.041236
30979	0.041239
35100	0.041239
22612	0.041241
37102	0.041245
46724	0.041245
29250	0.041247
61659	0.041248
14009	0.041248
15747	0.041249
39645	0.041253
37306	0.041253
11430	0.041255
54694	0.041255
12709	0.041258
57821	0.041261
31421	0.041261
48564	0.041263
52241	0.041263
61628	0.041263
14002	0.041263
49822	0.041263
11983	0.041267
16246	0.041267
53602	0.041269
26398	0.041271
56977	0.041272
49421	0.041273
16737	0.041274
40931	0.041274
16046	0.041276
23960	0.041277
15526	0.041279
13397	0.041283
44917	0.041284
55439	0.041284
13180	0.041288
8856	0.041289
36562	0.041290
54911	0.041290
61472	0.041290
89438	0.041290
49930	0.041291
60137	0.041291
41132	0.041292
23076	0.041295
55949	0.041295
21120	0.041296
15541	0.041298
21543	0.041301
60592	0.041301
61540	0.041301
36930	0.041302
58504	0.041302
16228	0.041303
22244	0.041308
56762	0.041311
26688	0.041312
38878	0.041313
11154	0.041313
37170	0.041315
20861	0.041316
7891	0.041320
41181	0.041322
37030	0.041323
56034	0.041324
14928	0.041326
42740	0.041326
8416	0.041327
8058	0.041328
14424	0.041328
61094	0.041328
29874	0.041329
43610	0.041330
22686	0.041330
56414	0.041331
56639	0.041332
16815	0.041332
52104	0.041332
69022	0.041332
20793	0.041333
17439	0.041333
57152	0.041334
8562	0.041334
58535	0.041335
42508	0.041335
16588	0.041336
9037	0.041336
50310	0.041339
35102	0.041341
31983	0.041343
23304	0.041343
51627	0.041345
50951	0.041347
53790	0.041350
54349	0.041353
41177	0.041353
15524	0.041354
14136	0.041354
10219	0.041354
24268	0.041355
60135	0.041355
57201	0.041356
15550	0.041357
46835	0.041357
60501	0.041358
11400	0.041358
22676	0.041359
55463	0.041359
15591	0.041359
60961	0.041361
34046	0.041362
52864	0.041362
34033	0.041363
32988	0.041364
15713	0.041367
11853	0.041368
51966	0.041370
26560	0.041371
60129	0.041371
55860	0.041372
39418	0.041376
45318	0.041376
22617	0.041376
30122	0.041377
33286	0.041377
27462	0.041377
44134	0.041378
47031	0.041379
37370	0.041379
34271	0.041379
48509	0.041380
24191	0.041380
38808	0.041381
39896	0.041382
11577	0.041383
24744	0.041383
10245	0.041385
45952	0.041385
61405	0.041385
42626	0.041386
21130	0.041387
60465	0.041388
10035	0.041390
14088	0.041391
15353	0.041394
52188	0.041396
29898	0.041396
48928	0.041396
17442	0.041397
61114	0.041399
23174	0.041399
53150	0.041399
24570	0.041400
26701	0.041401
10160	0.041401
53885	0.041403
43868	0.041404
16425	0.041404
53679	0.041405
8365	0.041405
25496	0.041406
7187	0.041407
31114	0.041412
12154	0.041413
20535	0.041414
22331	0.041414
23929	0.041415
20788	0.041416
16797	0.041416
30090	0.041416
39532	0.041417
57125	0.041418
16936	0.041419
13314	0.041422
21487	0.041426
53203	0.041428
8152	0.041429
31067	0.041431
23036	0.041435
54572	0.041435
9981	0.041436
14053	0.041437
41238	0.041437
12773	0.041439
44661	0.041439
37224	0.041439
55074	0.041440
19479	0.041442
16906	0.041442
16600	0.041445
35971	0.041446
9818	0.041447
54371	0.041448
16431	0.041449
20885	0.041449
19551	0.041452
28125	0.041452
51330	0.041454
24919	0.041455
26227	0.041456
50001	0.041457
10526	0.041459
33046	0.041462
60708	0.041463
8427	0.041463
49500	0.041464
39795	0.041464
31518	0.041465
26611	0.041468
57142	0.041469
60609	0.041469
51928	0.041469
57854	0.041469
7243	0.041469
20546	0.041474
31835	0.041475
41665	0.041477
46912	0.041478
20135	0.041479
37460	0.041480
7710	0.041481
29373	0.041481
38110	0.041481
12824	0.041482
56108	0.041485
54440	0.041488
17199	0.041489
44858	0.041491
14188	0.041493
39846	0.041493
10946	0.041493
61029	0.041495
60812	0.041500
41255	0.041501
38308	0.041502
24439	0.041505
31679	0.041505
46075	0.041506
20227	0.041507
14606	0.041508
11774	0.041509
15975	0.041512
51849	0.041512
41719	0.041513
41594	0.041513
124981	0.041515
37037	0.041515
42286	0.041516
22981	0.041516
30723	0.041519
24526	0.041520
33726	0.041521
36290	0.041523
22776	0.041523
41768	0.041525
11428	0.041528
53799	0.041528
41112	0.041529
29034	0.041529
46972	0.041529
57810	0.041529
33076	0.041530
25744	0.041532
15133	0.041532
47051	0.041533
57123	0.041533
54574	0.041534
21043	0.041535
48926	0.041540
35227	0.041544
10127	0.041544
21432	0.041544
40772	0.041545
29387	0.041546
41459	0.041552
50215	0.041556
39596	0.041557
23484	0.041557
13179	0.041560
27281	0.041561
17339	0.041561
56758	0.041562
53598	0.041563
39562	0.041563
7238	0.041566
57369	0.041566
48101	0.041567
23482	0.041567
35461	0.041568
39840	0.041568
23523	0.041569
45722	0.041569
10328	0.041569
16330	0.041573
21140	0.041573
33705	0.041574
29262	0.041574
45451	0.041575
13777	0.041575
41146	0.041576
8920	0.041577
14408	0.041579
9271	0.041579
47215	0.041582
37082	0.041583
26670	0.041585
56231	0.041585
22737	0.041585
12735	0.041586
12568	0.041586
45448	0.041586
22650	0.041587
12725	0.041590
16860	0.041591
9166	0.041595
16822	0.041595
11746	0.041597
46056	0.041600
17472	0.041600
24599	0.041600
10547	0.041601
16940	0.041601
26484	0.041602
29435	0.041602
60333	0.041603
13719	0.041604
25034	0.041604
37476	0.041607
22599	0.041607
51210	0.041609
15623	0.041609
23455	0.041610
57618	0.041611
57792	0.041611
42047	0.041614
7784	0.041616
20924	0.041618
11779	0.041618
37288	0.041618
15481	0.041619
31648	0.041619
37465	0.041621
17377	0.041622
29790	0.041622
42203	0.041624
50257	0.041625
31015	0.041627
23773	0.041628
30939	0.041628
15890	0.041629
33109	0.041629
50931	0.041629
48429	0.041631
49645	0.041634
33204	0.041636
16841	0.041637
52487	0.041638
22999	0.041638
59533	0.041639
19413	0.041639
15671	0.041641
50767	0.041647
36386	0.041648
7591	0.041649
61180	0.041649
59555	0.041650
7385	0.041650
41584	0.041651
56661	0.041652
52271	0.041653
28690	0.041653
12916	0.041656
24338	0.041658
55019	0.041659
43891	0.041659
55184	0.041661
16973	0.041662
60799	0.041663
48164	0.041663
21335	0.041664
16597	0.041666
26890	0.041668
10345	0.041668
17089	0.041668
31652	0.041669
17021	0.041673
33907	0.041674
28059	0.041676
58309	0.041677
42209	0.041680
12461	0.041681
22615	0.041683
45563	0.041684
54008	0.041684
11182	0.041688
13852	0.041692
12389	0.041692
41818	0.041692
55648	0.041693
55797	0.041693
31323	0.041693
37997	0.041696
22667	0.041697
56315	0.041697
48377	0.041697
16665	0.041698
37602	0.041699
13772	0.041699
58210	0.041700
35941	0.041702
16557	0.041702
38144	0.041705
23462	0.041707
37394	0.041710
56553	0.041719
7933	0.041722
25937	0.041723
54262	0.041723
60752	0.041725
45689	0.041725
56831	0.041727
38230	0.041732
60295	0.041733
21614	0.041734
32140	0.041734
45619	0.041735
42848	0.041735
41058	0.041736
54563	0.041740
9712	0.041740
21038	0.041742
39615	0.041743
16287	0.041744
53928	0.041746
16434	0.041747
10564	0.041747
17118	0.041748
9287	0.041750
14105	0.041751
19320	0.041751
26332	0.041753
41729	0.041757
28212	0.041757
52392	0.041759
7597	0.041761
13729	0.041762
19158	0.041763
49756	0.041763
9586	0.041764
17412	0.041764
24612	0.041764
28366	0.041765
30370	0.041765
13998	0.041766
20819	0.041766
36229	0.041766
37360	0.041769
30714	0.041771
44773	0.041771
7246	0.041772
32219	0.041774
8860	0.041776
11219	0.041776
45360	0.041777
10734	0.041777
35347	0.041778
17158	0.041782
41137	0.041782
118557	0.041782
14304	0.041783
42004	0.041783
38637	0.041786
17007	0.041789
11300	0.041791
61102	0.041792
57908	0.041794
9920	0.041794
36608	0.041794
8102	0.041796
17400	0.041796
41094	0.041796
31823	0.041797
10684	0.041799
32385	0.041800
46675	0.041803
16966	0.041805
40097	0.041806
45493	0.041807
10056	0.041811
7676	0.041813
29070	0.041817
40429	0.041823
8331	0.041824
8933	0.041825
9333	0.041829
56898	0.041831
18291	0.041833
12052	0.041834
60134	0.041837
9077	0.041839
16701	0.041843
10923	0.041844
47062	0.041844
53163	0.041845
37985	0.041845
29104	0.041846
55260	0.041846
37606	0.041846
16021	0.041848
51770	0.041849
33362	0.041850
14010	0.041852
39089	0.041854
16886	0.041857
74152	0.041859
15832	0.041863
7223	0.041864
17233	0.041865
44663	0.041876
55794	0.041879
8979	0.041880
43944	0.041881
24725	0.041882
11007	0.041886
14035	0.041889
58096	0.041889
95884	0.041889
15554	0.041892
54710	0.041893
50947	0.041893
17025	0.041893
10498	0.041893
40940	0.041894
57207	0.041894
7171	0.041897
57118	0.041898
41582	0.041900
23047	0.041902
47327	0.041902
21835	0.041902
48408	0.041902
11816	0.041904
20748	0.041905
30347	0.041907
39663	0.041912
27773	0.041914
7501	0.041915
26787	0.041916
16585	0.041917
44422	0.041918
7523	0.041922
37971	0.041927
40905	0.041927
50133	0.041927
53154	0.041929
57175	0.041931
57843	0.041932
47876	0.041934
30181	0.041935
46857	0.041935
48959	0.041938
19924	0.041939
56484	0.041939
37422	0.041939
54527	0.041942
13450	0.041943
32847	0.041944
9211	0.041944
30354	0.041945
9863	0.041946
20323	0.041946
61192	0.041951
72958	0.041960
29812	0.041966
16679	0.041968
36239	0.041969
15774	0.041970
46680	0.041973
61233	0.041974
43695	0.041975
8334	0.041982
20071	0.041983
12404	0.041983
11449	0.041983
41528	0.041983
29422	0.041983
42673	0.041984
7968	0.041985
30727	0.041987
8870	0.041988
16310	0.041989
43742	0.041990
53002	0.041990
12942	0.041991
7610	0.041993
10953	0.041993
17133	0.041993
7922	0.041994
49902	0.041995
16616	0.041997
49036	0.042000
50027	0.042003
30236	0.042003
61265	0.042004
52217	0.042005
51122	0.042006
45797	0.042008
50885	0.042009
42774	0.042012
16826	0.042012
32984	0.042012
30846	0.042014
53858	0.042015
15999	0.042019
21507	0.042019
24820	0.042021
9026	0.042024
40448	0.042026
7792	0.042027
39349	0.042028
40446	0.042030
12562	0.042031
51181	0.042032
49671	0.042034
23513	0.042041
12836	0.042042
57191	0.042044
13769	0.042045
22379	0.042052
10298	0.042052
21157	0.042053
10103	0.042055
27930	0.042055
40067	0.042055
43639	0.042055
60385	0.042055
16053	0.042055
35998	0.042057
11602	0.042057
41633	0.042057
26659	0.042057
52782	0.042059
47428	0.042059
54822	0.042061
57637	0.042063
15130	0.042065
20898	0.042065
36183	0.042066
58933	0.042068
11815	0.042070
10836	0.042071
7056	0.042071
15093	0.042073
17356	0.042073
26404	0.042073
44327	0.042073
20621	0.042074
14858	0.042074
23570	0.042084
22591	0.042086
16328	0.042088
9300	0.042090
58603	0.042090
24004	0.042092
29068	0.042094
27325	0.042094
10689	0.042099
51297	0.042099
17557	0.042100
30095	0.042102
23384	0.042103
52660	0.042104
44997	0.042104
42274	0.042106
61547	0.042107
51114	0.042111
58369	0.042111
39700	0.042112
36773	0.042113
19389	0.042114
37900	0.042116
29788	0.042119
55052	0.042122
34664	0.042126
40047	0.042127
16939	0.042130
49986	0.042130
54547	0.042133
50174	0.042134
45139	0.042136
7644	0.042137
50501	0.042137
16879	0.042143
12768	0.042146
27578	0.042149
16996	0.042151
43189	0.042151
44549	0.042151
37527	0.042153
48708	0.042153
21333	0.042155
28835	0.042156
25814	0.042167
20098	0.042168
80826	0.042170
10533	0.042172
20734	0.042173
13889	0.042179
30231	0.042182
14382	0.042185
16436	0.042189
28926	0.042192
57794	0.042194
25447	0.042195
17039	0.042196
28683	0.042196
60421	0.042198
7783	0.042200
9041	0.042206
41549	0.042206
43456	0.042208
10106	0.042208
12202	0.042208
50672	0.042210
36297	0.042211
33069	0.042211
57074	0.042214
8981	0.042217
26546	0.042220
36992	0.042222
33146	0.042223
48261	0.042224
60833	0.042230
11267	0.042233
7714	0.042234
42276	0.042238
39607	0.042240
27190	0.042242
61121	0.042245
43889	0.042246
32391	0.042247
9978	0.042253
41932	0.042254
61674	0.042262
10841	0.042263
61419	0.042263
24144	0.042269
52377	0.042271
26052	0.042277
10228	0.042278
11872	0.042281
16437	0.042281
17128	0.042281
31018	0.042282
14000	0.042283
49205	0.042285
14075	0.042288
24471	0.042288
33564	0.042291
56556	0.042295
14412	0.042297
14712	0.042300
29238	0.042301
56289	0.042301
16302	0.042304
119450	0.042305
23787	0.042307
55272	0.042307
52845	0.042308
47594	0.042309
19301	0.042310
36910	0.042311
12010	0.042315
53076	0.042335
15950	0.042336
17130	0.042340
45632	0.042340
17358	0.042342
20414	0.042342
45397	0.042343
29306	0.042343
43102	0.042344
38904	0.042349
47686	0.042355
8737	0.042356
12090	0.042357
60678	0.042363
38501	0.042365
60344	0.042365
43917	0.042366
11348	0.042369
48969	0.042369
29871	0.042370
16206	0.042375
34960	0.042376
9091	0.042379
24478	0.042379
28413	0.042381
53147	0.042381
52882	0.042382
32514	0.042385
15132	0.042386
21977	0.042389
12379	0.042396
28712	0.042397
21788	0.042401
39657	0.042401
23572	0.042401
13318	0.042402
37372	0.042402
14717	0.042405
61550	0.042407
16155	0.042409
43104	0.042413
28795	0.042418
48818	0.042419
46859	0.042420
14688	0.042420
9705	0.042426
56647	0.042426
43554	0.042426
115446	0.042427
57847	0.042429
40211	0.042432
35481	0.042433
11476	0.042433
21464	0.042434
14695	0.042437
43163	0.042438
42000	0.042445
17256	0.042446
44070	0.042447
26698	0.042450
137660	0.042454
20081	0.042454
8736	0.042461
43555	0.042461
54882	0.042461
31166	0.042462
16902	0.042465
25415	0.042467
15306	0.042470
45379	0.042472
35724	0.042473
12839	0.042473
58016	0.042481
34274	0.042483
54655	0.042487
20355	0.042489
56322	0.042489
43886	0.042489
36160	0.042490
34109	0.042490
38884	0.042490
21698	0.042494
54886	0.042495
49342	0.042495
9783	0.042496
44843	0.042499
7146	0.042499
58076	0.042499
9798	0.042500
47582	0.042502
39305	0.042502
12597	0.042504
39390	0.042505
34380	0.042508
18012	0.042514
54880	0.042514
29869	0.042515
16711	0.042518
35265	0.042520
36006	0.042521
48962	0.042524
28685	0.042524
47886	0.042526
21429	0.042529
7237	0.042530
33699	0.042531
27502	0.042531
41676	0.042532
41842	0.042532
19145	0.042533
57629	0.042535
56364	0.042536
17126	0.042537
40036	0.042539
10126	0.042542
55893	0.042545
9925	0.042546
39742	0.042549
38036	0.042552
22542	0.042554
30763	0.042555
35554	0.042556
22242	0.042556
7120	0.042558
13851	0.042558
32966	0.042564
58646	0.042566
53495	0.042567
16724	0.042568
19034	0.042571
40063	0.042572
40065	0.042572
40066	0.042572
45629	0.042572
26456	0.042574
10768	0.042575
26949	0.042576
56324	0.042579
55370	0.042580
14308	0.042581
26728	0.042584
34295	0.042584
50697	0.042588
41381	0.042590
16104	0.042592
44968	0.042596
14941	0.042597
16618	0.042599
43850	0.042605
31418	0.042605
17460	0.042608
48500	0.042608
35602	0.042611
32059	0.042611
20736	0.042614
16041	0.042615
22194	0.042615
30102	0.042615
60363	0.042619
34243	0.042619
11573	0.042620
7341	0.042629
23919	0.042633
7874	0.042634
55223	0.042635
46276	0.042636
7536	0.042637
49563	0.042639
52531	0.042640
22749	0.042641
44438	0.042643
17012	0.042644
49427	0.042645
26620	0.042645
10061	0.042647
60403	0.042651
52504	0.042652
47272	0.042653
23564	0.042654
42367	0.042655
61553	0.042657
55810	0.042657
11272	0.042657
36770	0.042658
23707	0.042659
36938	0.042660
12158	0.042660
49332	0.042666
11803	0.042668
50484	0.042673
10837	0.042675
48012	0.042677
49337	0.042679
49359	0.042679
20498	0.042683
55555	0.042689
31076	0.042691
22552	0.042692
48185	0.042695
25728	0.042696
46569	0.042699
48995	0.042705
38926	0.042709
14666	0.042709
31078	0.042711
12986	0.042717
17437	0.042719
40102	0.042722
56582	0.042726
12472	0.042729
31656	0.042730
28725	0.042732
9740	0.042732
25821	0.042736
16333	0.042738
47110	0.042738
125308	0.042740
44371	0.042740
51079	0.042740
48424	0.042745
46929	0.042748
23529	0.042750
53947	0.042752
15014	0.042752
56508	0.042755
53866	0.042756
42126	0.042757
27278	0.042763
55491	0.042766
50034	0.042769
12242	0.042769
25708	0.042769
27394	0.042773
41534	0.042781
30193	0.042782
16873	0.042784
28096	0.042784
15350	0.042785
21544	0.042788
56828	0.042789
12241	0.042791
39838	0.042791
22992	0.042792
31026	0.042794
44776	0.042795
7543	0.042797
16948	0.042798
61589	0.042800
43649	0.042801
16875	0.042804
55551	0.042804
29016	0.042810
38726	0.042814
44927	0.042815
16809	0.042815
17127	0.042820
36855	0.042827
49493	0.042829
12153	0.042833
9940	0.042837
32433	0.042838
22450	0.042839
37162	0.042847
9755	0.042849
9030	0.042851
72562	0.042852
40889	0.042861
31922	0.042862
34972	0.042863
53355	0.042865
30270	0.042866
56355	0.042866
10741	0.042867
60410	0.042868
13074	0.042869
55367	0.042873
25234	0.042873
8576	0.042882
55085	0.042884
29844	0.042888
22110	0.042889
23642	0.042889
8572	0.042891
19399	0.042896
54962	0.042897
40748	0.042897
39824	0.042900
12215	0.042902
34682	0.042904
60665	0.042908
46330	0.042909
29212	0.042914
49733	0.042914
36285	0.042915
51149	0.042915
32764	0.042918
9468	0.042919
48945	0.042920
30070	0.042920
9648	0.042926
60509	0.042927
28067	0.042929
13029	0.042930
17196	0.042931
37165	0.042932
23414	0.042934
26550	0.042935
7112	0.042938
7532	0.042940
8727	0.042940
12256	0.042942
52587	0.042942
11349	0.042944
58562	0.042946
23203	0.042955
19173	0.042956
16611	0.042956
25143	0.042959
13885	0.042960
14886	0.042962
12443	0.042963
28354	0.042963
49334	0.042969
30069	0.042969
17058	0.042969
21451	0.042970
40948	0.042979
53849	0.042979
26791	0.042980
38891	0.042984
38899	0.042985
15783	0.042987
50016	0.042987
50093	0.042988
43812	0.042989
36884	0.042994
14683	0.042998
56051	0.042999
35526	0.042999
34062	0.043001
41816	0.043001
39660	0.043005
30065	0.043009
20508	0.043011
23541	0.043015
30068	0.043016
56909	0.043017
20956	0.043023
7693	0.043024
44269	0.043025
29702	0.043025
8476	0.043027
9043	0.043031
35711	0.043032
15168	0.043032
14986	0.043034
32997	0.043035
11800	0.043035
17177	0.043036
39204	0.043038
40556	0.043038
37215	0.043039
15082	0.043040
36403	0.043042
60579	0.043045
20301	0.043051
43323	0.043052
43744	0.043058
29086	0.043061
61384	0.043062
56536	0.043064
16429	0.043065
30233	0.043066
19895	0.043067
35514	0.043068
13594	0.043068
47294	0.043069
50542	0.043069
13495	0.043073
10176	0.043079
51799	0.043079
14610	0.043085
53135	0.043086
27017	0.043086
29038	0.043090
40160	0.043093
13819	0.043093
27041	0.043094
17078	0.043095
13691	0.043095
15101	0.043102
16878	0.043102
55309	0.043106
23363	0.043107
44102	0.043109
21795	0.043112
20010	0.043113
10729	0.043115
36477	0.043121
39189	0.043122
21901	0.043127
48820	0.043128
30874	0.043130
47945	0.043135
54598	0.043136
39848	0.043137
10719	0.043140
40683	0.043141
57441	0.043143
25673	0.043146
25572	0.043146
23215	0.043146
17432	0.043148
41241	0.043149
47437	0.043150
27266	0.043153
56174	0.043154
17427	0.043157
14129	0.043157
14723	0.043159
57308	0.043163
8347	0.043164
27291	0.043169
16602	0.043169
53248	0.043173
33964	0.043175
21672	0.043177
10338	0.043179
21154	0.043186
34515	0.043194
19649	0.043197
26318	0.043199
37250	0.043200
56229	0.043204
14719	0.043205
53296	0.043209
16782	0.043210
34677	0.043211
14787	0.043214
10632	0.043217
54271	0.043217
10475	0.043226
31315	0.043231
12650	0.043235
22420	0.043237
40115	0.043238
60980	0.043240
47930	0.043243
16757	0.043246
51441	0.043250
24532	0.043251
48952	0.043256
16204	0.043258
22174	0.043258
53689	0.043259
52617	0.043260
8804	0.043262
23365	0.043263
41451	0.043264
11582	0.043264
38350	0.043266
24012	0.043266
51372	0.043270
55711	0.043270
49174	0.043273
13382	0.043274
19183	0.043281
48253	0.043282
10738	0.043286
12887	0.043290
32946	0.043291
25922	0.043294
58615	0.043297
137847	0.043299
33284	0.043299
58222	0.043299
7548	0.043302
22485	0.043305
56920	0.043312
60648	0.043322
16074	0.043327
39490	0.043330
21386	0.043332
37995	0.043332
26782	0.043337
11856	0.043342
38982	0.043349
21360	0.043352
54011	0.043352
12305	0.043368
55959	0.043371
11556	0.043375
24045	0.043376
29128	0.043376
16697	0.043376
36220	0.043377
20859	0.043378
21777	0.043379
51635	0.043382
50177	0.043385
53967	0.043386
16304	0.043387
54870	0.043389
42400	0.043391
38720	0.043394
61134	0.043395
19452	0.043399
33916	0.043399
7674	0.043406
137953	0.043406
48901	0.043410
11563	0.043413
10665	0.043413
60617	0.043416
41622	0.043426
11350	0.043434
19851	0.043439
60206	0.043442
29367	0.043444
56953	0.043452
35796	0.043454
48382	0.043455
14135	0.043458
46332	0.043479
45496	0.043483
61307	0.043486
46659	0.043488
13803	0.043488
35197	0.043489
16555	0.043490
15957	0.043496
37070	0.043497
54143	0.043498
27313	0.043499
24928	0.043499
11508	0.043500
25314	0.043502
57095	0.043505
41029	0.043506
26739	0.043510
50471	0.043516
36678	0.043520
51284	0.043527
14936	0.043531
11778	0.043534
24204	0.043539
50217	0.043540
52557	0.043543
52855	0.043543
25349	0.043544
46417	0.043550
49599	0.043552
33128	0.043557
14313	0.043558
15669	0.043560
11958	0.043560
7722	0.043560
49820	0.043560
32371	0.043561
8048	0.043564
38330	0.043564
46220	0.043565
13223	0.043567
36178	0.043570
14510	0.043571
56774	0.043571
7250	0.043576
16469	0.043582
42732	0.043584
23428	0.043586
51857	0.043587
15720	0.043593
11801	0.043601
35868	0.043602
38243	0.043605
15825	0.043606
8628	0.043612
11523	0.043613
22032	0.043615
10834	0.043616
28669	0.043626
52956	0.043634
12753	0.043636
16919	0.043637
23644	0.043643
50338	0.043647
25119	0.043653
13813	0.043654
40233	0.043658
36288	0.043663
55174	0.043664
61217	0.043668
48881	0.043672
48652	0.043674
42785	0.043676
43106	0.043680
7967	0.043680
13809	0.043685
54543	0.043687
52696	0.043689
29187	0.043689
46831	0.043690
44441	0.043699
14849	0.043699
11429	0.043700
56056	0.043702
52506	0.043710
50148	0.043715
25209	0.043717
47194	0.043719
12261	0.043723
43123	0.043730
12091	0.043739
48625	0.043740
8682	0.043740
50570	0.043740
49655	0.043741
32368	0.043743
40417	0.043743
16107	0.043753
26004	0.043754
13817	0.043757
16887	0.043760
52051	0.043762
8574	0.043768
10032	0.043771
52498	0.043772
37427	0.043779
33425	0.043780
32320	0.043784
23537	0.043794
52984	0.043795
28268	0.043797
41655	0.043799
57120	0.043800
50040	0.043801
21734	0.043804
11359	0.043809
41761	0.043817
40750	0.043827
58316	0.043828
16932	0.043832
41630	0.043834
39929	0.043841
28952	0.043842
12077	0.043844
50132	0.043847
30761	0.043850
7291	0.043850
10064	0.043856
41370	0.043857
39288	0.043860
23220	0.043868
11545	0.043872
16290	0.043875
14013	0.043882
8884	0.043882
45610	0.043883
7199	0.043889
24947	0.043891
10763	0.043891
50565	0.043896
37705	0.043902
33288	0.043903
42995	0.043906
30500	0.043911
37807	0.043916
12129	0.043917
23209	0.043921
13387	0.043922
48073	0.043923
53251	0.043929
15367	0.043933
49019	0.043933
33422	0.043938
11284	0.043939
8452	0.043940
19362	0.043940
26732	0.043941
30636	0.043942
21337	0.043946
37585	0.043950
11641	0.043950
51129	0.043950
50919	0.043951
10295	0.043955
30630	0.043959
52893	0.043960
37708	0.043963
47228	0.043964
44045	0.043966
21364	0.043968
56053	0.043969
32819	0.043972
45467	0.043978
42103	0.043986
26785	0.043992
54339	0.043993
25608	0.044002
23236	0.044003
34335	0.044007
17457	0.044013
40497	0.044013
18287	0.044015
56330	0.044017
16993	0.044019
9880	0.044032
11123	0.044036
51943	0.044039
27869	0.044044
16867	0.044044
14114	0.044055
44841	0.044059
48161	0.044062
8007	0.044066
25623	0.044066
8777	0.044068
10536	0.044073
40998	0.044077
15111	0.044082
35849	0.044086
40091	0.044095
35372	0.044105
12107	0.044106
9942	0.044106
44279	0.044110
14854	0.044114
37910	0.044116
14690	0.044121
10733	0.044122
55455	0.044127
8204	0.044127
9245	0.044127
46586	0.044128
12024	0.044129
14155	0.044130
14968	0.044132
49374	0.044136
56821	0.044136
55913	0.044146
43355	0.044151
16285	0.044153
11835	0.044155
41571	0.044158
46302	0.044161
23550	0.044169
44573	0.044177
16624	0.044178
12818	0.044178
23070	0.044180
8611	0.044184
15676	0.044185
16561	0.044188
29203	0.044190
9326	0.044191
33731	0.044192
24406	0.044195
41786	0.044199
15749	0.044202
29090	0.044204
10627	0.044204
44172	0.044210
13837	0.044210
12649	0.044212
54668	0.044213
41959	0.044215
37172	0.044215
25812	0.044216
30118	0.044220
35358	0.044222
23733	0.044225
32547	0.044230
39293	0.044234
8333	0.044237
12593	0.044238
11424	0.044240
36210	0.044241
41566	0.044245
25957	0.044257
13566	0.044262
16865	0.044265
44839	0.044265
57163	0.044267
56309	0.044273
12078	0.044274
9469	0.044277
57437	0.044283
43800	0.044298
60889	0.044301
53471	0.044304
51206	0.044314
16300	0.044315
26132	0.044326
39303	0.044329
35167	0.044329
37009	0.044330
26991	0.044336
11196	0.044338
9209	0.044339
40040	0.044346
30386	0.044351
29051	0.044351
39709	0.044355
30736	0.044355
9295	0.044358
13940	0.044362
7556	0.044375
14817	0.044383
44427	0.044384
41025	0.044390
9183	0.044392
44050	0.044412
45583	0.044420
17066	0.044427
25994	0.044428
55617	0.044429
28132	0.044429
52835	0.044432
29370	0.044437
7050	0.044445
13658	0.044445
16284	0.044446
55896	0.044447
25678	0.044451
9486	0.044452
10775	0.044452
44302	0.044454
55376	0.044459
32648	0.044461
42651	0.044462
53850	0.044467
11471	0.044473
48733	0.044477
22717	0.044478
17504	0.044478
11967	0.044484
15528	0.044491
37354	0.044505
23704	0.044510
37834	0.044512
43310	0.044528
22814	0.044534
31609	0.044550
25529	0.044551
50965	0.044551
40649	0.044554
14296	0.044558
10437	0.044561
26244	0.044567
42433	0.044567
19066	0.044567
52629	0.044572
31651	0.044578
53242	0.044583
24572	0.044584
55208	0.044585
27203	0.044586
53344	0.044586
21786	0.044587
12127	0.044587
34137	0.044589
30175	0.044590
19104	0.044591
15443	0.044593
29168	0.044600
34876	0.044601
46671	0.044603
32247	0.044605
46572	0.044608
20453	0.044616
17068	0.044637
20296	0.044655
17447	0.044658
14559	0.044659
56658	0.044663
11459	0.044665
36027	0.044665
11509	0.044668
22148	0.044673
29195	0.044678
49524	0.044679
32856	0.044701
14020	0.044703
31832	0.044704
34418	0.044704
45698	0.044704
54865	0.044709
20958	0.044731
11335	0.044731
40365	0.044732
10082	0.044735
15109	0.044738
16385	0.044742
16379	0.044743
55218	0.044746
12977	0.044746
44730	0.044758
32208	0.044762
32407	0.044767
54110	0.044774
7947	0.044775
17402	0.044787
44256	0.044795
17187	0.044814
53544	0.044815
60507	0.044818
50944	0.044828
21865	0.044832
53010	0.044834
16488	0.044836
23518	0.044837
55987	0.044846
14846	0.044856
55512	0.044858
21470	0.044865
36926	0.044872
27286	0.044883
30120	0.044892
12238	0.044893
37751	0.044893
51639	0.044898
20893	0.044900
13601	0.044904
8807	0.044908
40734	0.044910
57079	0.044917
34099	0.044917
16658	0.044925
19794	0.044929
42874	0.044934
30125	0.044934
43038	0.044947
12599	0.044948
45624	0.044950
55263	0.044961
29314	0.044964
29311	0.044967
10854	0.044981
29235	0.044985
21425	0.044993
13380	0.044995
31221	0.045004
41882	0.045009
9016	0.045016
39149	0.045017
60666	0.045019
16768	0.045025
19993	0.045040
21527	0.045047
25491	0.045047
20588	0.045057
28307	0.045065
53013	0.045074
10105	0.045082
19953	0.045086
11645	0.045106
56801	0.045106
13487	0.045108
13807	0.045110
8150	0.045113
44315	0.045117
19790	0.045124
25760	0.045145
26983	0.045145
34122	0.045148
42236	0.045150
56207	0.045152
52829	0.045156
53685	0.045157
49434	0.045159
28163	0.045164
22841	0.045165
57780	0.045171
7561	0.045180
38739	0.045195
43125	0.045197
61190	0.045213
49016	0.045223
16281	0.045225
30587	0.045226
42439	0.045228
14001	0.045229
51628	0.045232
45987	0.045236
16647	0.045240
49547	0.045257
19909	0.045274
17496	0.045279
47736	0.045279
43173	0.045280
13439	0.045283
23394	0.045293
28119	0.045293
41523	0.045299
8379	0.045313
33229	0.045317
21132	0.045318
12089	0.045320
34591	0.045324
15644	0.045335
21483	0.045344
44293	0.045348
42042	0.045357
19268	0.045359
24644	0.045359
48664	0.045369
12426	0.045372
37325	0.045373
36020	0.045374
37609	0.045377
49586	0.045378
19682	0.045378
8050	0.045387
51937	0.045401
44689	0.045418
30067	0.045422
10030	0.045424
34244	0.045425
9015	0.045425
17107	0.045430
29202	0.045438
19220	0.045454
16807	0.045461
35323	0.045461
61234	0.045466
29299	0.045475
54403	0.045476
60381	0.045481
48873	0.045482
16923	0.045486
14852	0.045487
42384	0.045488
60554	0.045496
10112	0.045507
10476	0.045521
39114	0.045530
12304	0.045531
42431	0.045531
43617	0.045531
35275	0.045531
19859	0.045535
32644	0.045539
32564	0.045540
51945	0.045549
50452	0.045565
8181	0.045578
26012	0.045579
56393	0.045581
11234	0.045585
14522	0.045607
41673	0.045609
35938	0.045619
28094	0.045635
17435	0.045655
31172	0.045658
15194	0.045658
50104	0.045666
23940	0.045678
61261	0.045685
48553	0.045686
11049	0.045708
41147	0.045710
16428	0.045719
52303	0.045735
10776	0.045754
25730	0.045757
9415	0.045768
36858	0.045772
17085	0.045777
37743	0.045787
25342	0.045793
24022	0.045798
28312	0.045809
51299	0.045818
10182	0.045821
15147	0.045822
23442	0.045823
48858	0.045823
10033	0.045832
56621	0.045842
13666	0.045847
12584	0.045852
29390	0.045866
56927	0.045872
13818	0.045880
36224	0.045881
15215	0.045885
21239	0.045890
8014	0.045902
55614	0.045903
45773	0.045908
61127	0.045918
14368	0.045927
40685	0.045930
8362	0.045930
21489	0.045939
39166	0.045978
9953	0.045982
28293	0.045984
57715	0.045990
61337	0.045994
46413	0.045998
25316	0.046002
7831	0.046007
31627	0.046013
42327	0.046013
20702	0.046014
8636	0.046016
8850	0.046024
28341	0.046036
51046	0.046037
56930	0.046040
8456	0.046044
25456	0.046044
33729	0.046046
19415	0.046046
60466	0.046056
33890	0.046064
14360	0.046072
27134	0.046081
38356	0.046085
31301	0.046090
36849	0.046091
12817	0.046099
56459	0.046100
9042	0.046106
16085	0.046108
17366	0.046113
12384	0.046121
15366	0.046123
7192	0.046136
55750	0.046144
47145	0.046160
43460	0.046174
8212	0.046185
55928	0.046192
51574	0.046192
53329	0.046200
56455	0.046202
54847	0.046202
16562	0.046202
60492	0.046208
24574	0.046210
35980	0.046223
52315	0.046226
10933	0.046238
9576	0.046243
44274	0.046247
16869	0.046249
29355	0.046253
37043	0.046261
12924	0.046267
53654	0.046268
37430	0.046279
24503	0.046286
55856	0.046291
7709	0.046296
34207	0.046304
12376	0.046310
9941	0.046312
20065	0.046315
36763	0.046318
26210	0.046325
52590	0.046327
24577	0.046329
53022	0.046329
33314	0.046337
46188	0.046339
9726	0.046346
34078	0.046351
47457	0.046354
14967	0.046358
56353	0.046364
50402	0.046373
24897	0.046378
24260	0.046380
56616	0.046393
12732	0.046411
22081	0.046438
14793	0.046439
40746	0.046445
29319	0.046451
54146	0.046453
57786	0.046460
32014	0.046497
14887	0.046508
14113	0.046510
39313	0.046512
12388	0.046513
12799	0.046523
44224	0.046527
56933	0.046528
7337	0.046532
24817	0.046558
10766	0.046576
15904	0.046582
31363	0.046606
22008	0.046608
47383	0.046612
31100	0.046633
12738	0.046656
46243	0.046661
14910	0.046670
14177	0.046671
57375	0.046677
8018	0.046683
13663	0.046690
44277	0.046699
7301	0.046701
9843	0.046712
39324	0.046729
15704	0.046741
53944	0.046745
11155	0.046765
49544	0.046776
20112	0.046787
31653	0.046787
21410	0.046791
44148	0.046791
47319	0.046803
56397	0.046808
8709	0.046814
7528	0.046843
54299	0.046865
56059	0.046894
54965	0.046901
47910	0.046931
47520	0.046935
53256	0.046941
48812	0.046962
16322	0.046977
22125	0.046984
49633	0.046993
46595	0.047021
16579	0.047036
35985	0.047052
44247	0.047090
60123	0.047125
41638	0.047138
45305	0.047147
52342	0.047154
41155	0.047156
43152	0.047167
38681	0.047178
55855	0.047183
30506	0.047192
14139	0.047196
7245	0.047200
14944	0.047213
13204	0.047228
13343	0.047241
22369	0.047244
10739	0.047252
38707	0.047268
58128	0.047272
53258	0.047298
35051	0.047310
33796	0.047314
11973	0.047314
53315	0.047332
58267	0.047359
25127	0.047369
52022	0.047377
7743	0.047397
32646	0.047405
11996	0.047407
9304	0.047427
7917	0.047438
57021	0.047440
46627	0.047504
40742	0.047519
35559	0.047522
60715	0.047542
11206	0.047563
15169	0.047569
10740	0.047571
37424	0.047588
45245	0.047591
14896	0.047594
39518	0.047623
42030	0.047628
11210	0.047669
14421	0.047671
14558	0.047726
21418	0.047739
47502	0.047746
11317	0.047756
21991	0.047773
55700	0.047779
37209	0.047783
33224	0.047793
16276	0.047823
8209	0.047828
52823	0.047844
16430	0.047858
25981	0.047911
7865	0.047964
37085	0.048017
14218	0.048052
56450	0.048058
17051	0.048079
21447	0.048085
16354	0.048087
44930	0.048098
60449	0.048133
23477	0.048137
8210	0.048162
22583	0.048193
52869	0.048198
42693	0.048225
46663	0.048239
28992	0.048313
50991	0.048316
7573	0.048327
21289	0.048331
40975	0.048339
8503	0.048358
50371	0.048367
16407	0.048410
41939	0.048418
14880	0.048419
27483	0.048489
37788	0.048509
44237	0.048524
33671	0.048566
37727	0.048613
42918	0.048613
12378	0.048636
56312	0.048642
51072	0.048663
21420	0.048667
46365	0.048685
46879	0.048732
41233	0.048774
40733	0.048777
10898	0.048793
41790	0.048794
55538	0.048795
49005	0.048802
21441	0.048812
11827	0.048821
14189	0.048871
23088	0.049001
30504	0.049015
55276	0.049018
27892	0.049029
43260	0.049037
44286	0.049065
55486	0.049102
39011	0.049150
43942	0.049183
8913	0.049262
41426	0.049279
17529	0.049294
20637	0.049371
57503	0.049409
21166	0.049414
40310	0.049421
47136	0.049472
40347	0.049487
40288	0.049497
40955	0.049514
46362	0.049525
55762	0.049546
14254	0.049550
39705	0.049587
28666	0.049589
30556	0.049600
19653	0.049734
42992	0.049756
23371	0.049768
57870	0.049769
61546	0.049850
26337	0.050017
25591	0.050036
31099	0.050043
25888	0.050057
50891	0.050077
53990	0.050083
29412	0.050180
42359	0.050203
21514	0.050253
42999	0.050265
16144	0.050273
19840	0.050327
24535	0.050393
21422	0.050400
11440	0.050423
43499	0.050446
49269	0.050472
23492	0.050551
30912	0.050552
14046	0.050574
13207	0.050589
43771	0.050606
35997	0.050643
47139	0.050660
23964	0.050680
10548	0.050706
48125	0.050751
17505	0.050849
53257	0.050872
37750	0.050912
48445	0.050997
14137	0.051052
7323	0.051088
47123	0.051102
7915	0.051262
21579	0.051376
21648	0.051489
55312	0.051493
57156	0.051557
43135	0.051562
59199	0.051576
16849	0.051678
11969	0.051678
15561	0.051689
52099	0.051694
27983	0.051796
38582	0.051842
138102	0.051973
60761	0.051973
30520	0.052014
50669	0.052031
34691	0.052035
51411	0.052055
42810	0.052105
23820	0.052434
57708	0.052448
35145	0.052448
26745	0.052468
60709	0.052519
56987	0.052525
61561	0.052527
52606	0.052588
39319	0.052595
43718	0.052741
50685	0.052750
47103	0.052898
10083	0.053064
24891	0.053069
51475	0.053170
22315	0.053528
17477	0.053553
42876	0.053759
15061	0.053809
60706	0.053816
30711	0.053986
27959	0.054208
13009	0.054251
33435	0.054251
50841	0.054251
20239	0.054299
25361	0.054335
16682	0.054347
36035	0.054423
58295	0.054533
11962	0.054556
19977	0.054795
31898	0.055130
85307	0.055170
31809	0.055222
44893	0.055288
27826	0.055499
22431	0.055633
50688	0.055734
57461	0.055740
26675	0.055754
38465	0.055765
27523	0.055788
55360	0.055886
14492	0.055888
11855	0.055896
22220	0.055949
40011	0.055990
22298	0.056146
26458	0.056202
27726	0.056514
38007	0.056515
22535	0.056559
33462	0.056607
52760	0.056659
7888	0.056695
30145	0.056735
32861	0.056787
33746	0.056851
33583	0.056910
61235	0.056922
7535	0.057001
22330	0.057027
15123	0.057074
49817	0.057078
54616	0.057141
31391	0.057142
40845	0.057199
30609	0.057217
53750	0.057227
22313	0.057245
10325	0.057305
8978	0.057311
25426	0.057320
52157	0.057437
58856	0.057521
21610	0.057526
58419	0.057642
43069	0.057769
32699	0.057880
14744	0.057903
40651	0.057996
27533	0.058027
27769	0.058054
19866	0.058081
16332	0.058084
9171	0.058180
16308	0.058259
34446	0.058305
39022	0.058320
41866	0.058328
61331	0.058329
61556	0.058332
36206	0.058344
18409	0.058377
50442	0.058433
44792	0.058443
7761	0.058453
10873	0.058590
39026	0.058651
12519	0.058658
31928	0.058690
16251	0.058755
50602	0.058860
11857	0.058901
44166	0.058906
39487	0.058963
16494	0.059013
9923	0.059126
13776	0.059167
37911	0.059175
27762	0.059191
7862	0.059207
47907	0.059217
31864	0.059238
22078	0.059263
47773	0.059267
10439	0.059269
43171	0.059287
33579	0.059291
23660	0.059292
20284	0.059294
11410	0.059303
32636	0.059311
27059	0.059313
29393	0.059338
53027	0.059364
39161	0.059393
48419	0.059406
43111	0.059482
43395	0.059512
48147	0.059531
9319	0.059673
22327	0.059704
15445	0.059706
49752	0.059713
11820	0.059767
46006	0.059778
33100	0.059779
26770	0.059779
16653	0.059811
22304	0.059831
14608	0.059834
61640	0.059851
22754	0.059902
21100	0.059920
9237	0.059992
61506	0.060019
30362	0.060082
34477	0.060099
17015	0.060148
31102	0.060207
27580	0.060215
23909	0.060226
17035	0.060261
49308	0.060265
137609	0.060276
9301	0.060296
9822	0.060301
16660	0.060311
55356	0.060324
29361	0.060380
45222	0.060386
33940	0.060423
24423	0.060442
61242	0.060459
34689	0.060495
40732	0.060501
37816	0.060552
33102	0.060609
45525	0.060616
24097	0.060642
9081	0.060645
22491	0.060686
31394	0.060700
57470	0.060713
15467	0.060733
11366	0.060778
54914	0.060783
14926	0.060931
21895	0.060948
61385	0.060985
57177	0.061002
19641	0.061035
22076	0.061070
55749	0.061116
36664	0.061122
16652	0.061136
43144	0.061142
12996	0.061169
50653	0.061189
25516	0.061206
12987	0.061234
50700	0.061311
22385	0.061321
22361	0.061335
37365	0.061336
49971	0.061372
61257	0.061387
8144	0.061414
48764	0.061426
9858	0.061432
9976	0.061485
12529	0.061485
38385	0.061495
14393	0.061505
54977	0.061515
27842	0.061516
43230	0.061517
43985	0.061581
60912	0.061616
46489	0.061623
44789	0.061638
45764	0.061642
17263	0.061661
33451	0.061690
34040	0.061715
44899	0.061725
8160	0.061742
23111	0.061750
57127	0.061752
20988	0.061753
27374	0.061762
18375	0.061796
16643	0.061802
27249	0.061825
22799	0.061842
50789	0.061859
8602	0.061867
16547	0.061919
31021	0.061948
54614	0.061959
34595	0.061987
47408	0.062000
13966	0.062020
37345	0.062025
34313	0.062069
22885	0.062086
34350	0.062110
14549	0.062111
32096	0.062114
52769	0.062133
39773	0.062150
47526	0.062155
11068	0.062193
22095	0.062210
30394	0.062212
33991	0.062230
33308	0.062249
19393	0.062255
49078	0.062267
27003	0.062269
15489	0.062279
44860	0.062286
42475	0.062297
33105	0.062311
51758	0.062318
60701	0.062329
31273	0.062340
25664	0.062359
21377	0.062392
22465	0.062392
20149	0.062398
9017	0.062402
13821	0.062410
13068	0.062425
17292	0.062479
11119	0.062490
27162	0.062493
35693	0.062506
29797	0.062508
60211	0.062515
24761	0.062523
27164	0.062524
29782	0.062566
20103	0.062598
31041	0.062600
13778	0.062600
23119	0.062624
21821	0.062647
8005	0.062658
22881	0.062679
13383	0.062727
30483	0.062747
46703	0.062796
28282	0.062802
34672	0.062811
41812	0.062813
20209	0.062826
61364	0.062828
44902	0.062840
56172	0.062842
9069	0.062845
19501	0.062849
40319	0.062859
46116	0.062895
26514	0.062906
9666	0.062920
15392	0.062941
40695	0.062960
15408	0.062985
57451	0.062986
60808	0.062994
23826	0.063032
39142	0.063057
15961	0.063063
14270	0.063109
25806	0.063122
32572	0.063124
36349	0.063127
53046	0.063157
53048	0.063168
23222	0.063180
9298	0.063222
19684	0.063224
44809	0.063253
56832	0.063254
28019	0.063257
24486	0.063258
16351	0.063283
19700	0.063287
45477	0.063303
22434	0.063325
30281	0.063333
50682	0.063361
47514	0.063374
28364	0.063393
33904	0.063407
27845	0.063410
52074	0.063421
15900	0.063438
22198	0.063448
11565	0.063450
38374	0.063464
23957	0.063476
21195	0.063481
138018	0.063489
61241	0.063489
29135	0.063490
19087	0.063490
60360	0.063504
11480	0.063505
23740	0.063509
23533	0.063509
38208	0.063513
16113	0.063524
40358	0.063535
43155	0.063538
56302	0.063540
28781	0.063546
21480	0.063552
13448	0.063565
32225	0.063571
22203	0.063576
16533	0.063588
45332	0.063603
36574	0.063603
46901	0.063616
52739	0.063627
30769	0.063634
42206	0.063638
57696	0.063640
7386	0.063660
8565	0.063663
10769	0.063682
22284	0.063691
41279	0.063696
15781	0.063700
30957	0.063707
16805	0.063719
23544	0.063720
12019	0.063746
58325	0.063747
43448	0.063748
40009	0.063758
31535	0.063760
37820	0.063767
15909	0.063770
10921	0.063775
40643	0.063779
58461	0.063786
54121	0.063803
27026	0.063813
55690	0.063814
30092	0.063815
48615	0.063825
19200	0.063839
12439	0.063839
39017	0.063845
57692	0.063856
52261	0.063881
19088	0.063886
17088	0.063890
53827	0.063891
58216	0.063898
60739	0.063901
25110	0.063903
11495	0.063910
27087	0.063914
57066	0.063916
60126	0.063916
60454	0.063919
14392	0.063923
26955	0.063948
17018	0.063986
16314	0.064019
51184	0.064024
54435	0.064039
12192	0.064082
54632	0.064082
11607	0.064089
27551	0.064096
33534	0.064096
15624	0.064098
58314	0.064105
33176	0.064109
8442	0.064123
51332	0.064142
8542	0.064157
51420	0.064158
17082	0.064191
46481	0.064194
57808	0.064203
54480	0.064210
30022	0.064212
15199	0.064231
16381	0.064248
8977	0.064271
39228	0.064275
53096	0.064277
41879	0.064289
15724	0.064292
9194	0.064294
42267	0.064299
8951	0.064311
46218	0.064316
23967	0.064325
26686	0.064334
34377	0.064343
49997	0.064360
30326	0.064368
12888	0.064370
25715	0.064376
9205	0.064378
34501	0.064386
30631	0.064413
14302	0.064427
11407	0.064428
57135	0.064428
7318	0.064436
40726	0.064445
16992	0.064452
50716	0.064463
22230	0.064471
12071	0.064493
30053	0.064502
34969	0.064505
55071	0.064515
29896	0.064515
10177	0.064519
43444	0.064522
10487	0.064537
57690	0.064537
7692	0.064539
45337	0.064552
34911	0.064552
36701	0.064561
44597	0.064562
10985	0.064573
40588	0.064578
35298	0.064580
45725	0.064582
39275	0.064588
49653	0.064590
39080	0.064591
13811	0.064594
38488	0.064607
9119	0.064619
34301	0.064630
50822	0.064638
9086	0.064653
29073	0.064664
13568	0.064665
22415	0.064684
61203	0.064685
46677	0.064689
24857	0.064691
8592	0.064693
16775	0.064696
11081	0.064700
22645	0.064703
17464	0.064711
12157	0.064715
7183	0.064722
28872	0.064727
14961	0.064732
13564	0.064742
30786	0.064748
54609	0.064749
31003	0.064752
58453	0.064755
39307	0.064759
16006	0.064765
56634	0.064789
44643	0.064790
29147	0.064797
32818	0.064800
29279	0.064806
29792	0.064813
34847	0.064824
34138	0.064848
55183	0.064862
41404	0.064863
32388	0.064865
42746	0.064871
27453	0.064873
51138	0.064878
9264	0.064895
27986	0.064899
51244	0.064904
15106	0.064919
21520	0.064933
7683	0.064938
14590	0.064947
19560	0.064948
43960	0.064955
13120	0.064959
22394	0.064961
16560	0.064969
35871	0.064972
50012	0.064976
27694	0.064978
35484	0.064980
11438	0.064990
60958	0.064991
12120	0.065001
26583	0.065003
32901	0.065003
48296	0.065024
31383	0.065028
9123	0.065031
41431	0.065035
54369	0.065037
16799	0.065051
10131	0.065061
32181	0.065062
34871	0.065073
51902	0.065079
44013	0.065080
32668	0.065084
9048	0.065103
37383	0.065108
28770	0.065124
16938	0.065129
10370	0.065131
57236	0.065132
56481	0.065140
19165	0.065171
54951	0.065175
28397	0.065177
32157	0.065182
37389	0.065198
14109	0.065219
17381	0.065224
51310	0.065232
47970	0.065244
37259	0.065259
48814	0.065260
119356	0.065263
45636	0.065265
38911	0.065270
10331	0.065284
13901	0.065289
11740	0.065293
51031	0.065308
60915	0.065318
49283	0.065321
35678	0.065323
30915	0.065333
52246	0.065334
24495	0.065339
7088	0.065339
43110	0.065349
61209	0.065358
10594	0.065359
9713	0.065377
53004	0.065394
41038	0.065395
16997	0.065408
41911	0.065416
13723	0.065419
61250	0.065427
36571	0.065430
34840	0.065432
16183	0.065442
113803	0.065446
36649	0.065448
42569	0.065450
53319	0.065450
53898	0.065460
12897	0.065461
10350	0.065464
36760	0.065467
26235	0.065475
11876	0.065479
29854	0.065483
61004	0.065504
15519	0.065504
58252	0.065522
35615	0.065526
10432	0.065534
10406	0.065535
22891	0.065537
34499	0.065543
50264	0.065550
54022	0.065550
57975	0.065551
8376	0.065557
16442	0.065558
54003	0.065562
11055	0.065567
33359	0.065572
14901	0.065581
35793	0.065593
14954	0.065599
7471	0.065602
15709	0.065602
32904	0.065603
16498	0.065612
46294	0.065632
16369	0.065638
36836	0.065642
53052	0.065642
17218	0.065643
32951	0.065652
48896	0.065662
9097	0.065663
6988	0.065664
8147	0.065668
27615	0.065703
19958	0.065703
11763	0.065707
56359	0.065716
25438	0.065722
50893	0.065725
44991	0.065738
15064	0.065740
53904	0.065756
32954	0.065756
16907	0.065759
44106	0.065761
55106	0.065765
9743	0.065770
28764	0.065775
19686	0.065786
25756	0.065787
13137	0.065788
9327	0.065790
10068	0.065790
22281	0.065792
45411	0.065799
16802	0.065801
22803	0.065803
14098	0.065805
47090	0.065823
34205	0.065826
40564	0.065835
35487	0.065851
8778	0.065858
27545	0.065859
49150	0.065861
50968	0.065870
48884	0.065875
36946	0.065881
24553	0.065883
22961	0.065886
28931	0.065888
25075	0.065889
10706	0.065892
56981	0.065893
61617	0.065894
53961	0.065896
10900	0.065903
42086	0.065912
35662	0.065913
12539	0.065914
47400	0.065916
23181	0.065917
30829	0.065925
36877	0.065927
24125	0.065930
27760	0.065935
32245	0.065945
43606	0.065948
47096	0.065954
15011	0.065957
39945	0.065958
24042	0.065967
30949	0.065971
8633	0.065979
112655	0.065985
40218	0.065988
22604	0.065995
13822	0.065998
20517	0.066000
26913	0.066004
27529	0.066005
55187	0.066006
49965	0.066011
38826	0.066012
25246	0.066014
7678	0.066020
24490	0.066020
39738	0.066031
57772	0.066039
53611	0.066040
45727	0.066056
52434	0.066066
13299	0.066066
29165	0.066080
8182	0.066093
13089	0.066095
57584	0.066104
23945	0.066112
52318	0.066114
42567	0.066115
41021	0.066120
7928	0.066129
58658	0.066130
8917	0.066136
7587	0.066146
11524	0.066147
48245	0.066150
53115	0.066155
7586	0.066157
10302	0.066159
23183	0.066160
54879	0.066170
45092	0.066173
7840	0.066174
16202	0.066180
16765	0.066182
33712	0.066182
21170	0.066184
19278	0.066186
57335	0.066191
15508	0.066192
14587	0.066195
46795	0.066205
27635	0.066206
37304	0.066207
27014	0.066215
26540	0.066218
9919	0.066225
42190	0.066233
12270	0.066246
26079	0.066249
32915	0.066250
35751	0.066259
7015	0.066260
39527	0.066265
13816	0.066272
15522	0.066273
14111	0.066276
15893	0.066279
14509	0.066280
10798	0.066288
19796	0.066297
16103	0.066297
19163	0.066299
9177	0.066303
10653	0.066308
56463	0.066309
40121	0.066313
17507	0.066314
23189	0.066324
26630	0.066329
54603	0.066331
12645	0.066334
61317	0.066334
70286	0.066334
25355	0.066339
42572	0.066341
17225	0.066345
10266	0.066348
9871	0.066348
6917	0.066349
56974	0.066357
8207	0.066358
42676	0.066359
17229	0.066360
28204	0.066363
49702	0.066364
29922	0.066367
60813	0.066369
15746	0.066372
46904	0.066373
8909	0.066375
41988	0.066375
54677	0.066381
54323	0.066389
34133	0.066389
8111	0.066391
37966	0.066405
60233	0.066418
12719	0.066421
10474	0.066421
37843	0.066421
36999	0.066423
17172	0.066427
39830	0.066427
17054	0.066431
36082	0.066431
19313	0.066447
13907	0.066465
53888	0.066479
28035	0.066482
28632	0.066484
15114	0.066495
34393	0.066495
40005	0.066499
18876	0.066504
7389	0.066506
57218	0.066513
16825	0.066514
46525	0.066520
61214	0.066527
21718	0.066531
49551	0.066534
48781	0.066542
39369	0.066543
38823	0.066545
39707	0.066546
37120	0.066554
32899	0.066556
42191	0.066566
55956	0.066569
46962	0.066569
16981	0.066577
9577	0.066583
48122	0.066611
61105	0.066617
14478	0.066629
37002	0.066630
43883	0.066631
8598	0.066633
13239	0.066635
11313	0.066643
44949	0.066644
40894	0.066645
22457	0.066649
49669	0.066649
55759	0.066653
10102	0.066663
61236	0.066664
17469	0.066664
12781	0.066671
15145	0.066671
15828	0.066682
20025	0.066684
55514	0.066690
30589	0.066702
44305	0.066710
11503	0.066711
61575	0.066713
9645	0.066713
27459	0.066718
32875	0.066718
51009	0.066723
21424	0.066727
49330	0.066730
39623	0.066731
15520	0.066733
14539	0.066735
14939	0.066738
15918	0.066745
55954	0.066748
52225	0.066749
47121	0.066752
33243	0.066753
47440	0.066756
7097	0.066759
54020	0.066760
7198	0.066760
28977	0.066764
24771	0.066770
25304	0.066772
29969	0.066772
12557	0.066793
51247	0.066799
31676	0.066800
26938	0.066801
9120	0.066811
29205	0.066814
33734	0.066815
12143	0.066819
25003	0.066820
10128	0.066826
40956	0.066828
52331	0.066829
17162	0.066839
42957	0.066844
50292	0.066849
10597	0.066856
41595	0.066857
12675	0.066860
42232	0.066862
11673	0.066865
16967	0.066866
58330	0.066867
42347	0.066875
13972	0.066876
30497	0.066878
61167	0.066883
7547	0.066888
32933	0.066889
55338	0.066892
47097	0.066892
15505	0.066893
43968	0.066896
7801	0.066901
56996	0.066907
28002	0.066916
30031	0.066918
58282	0.066918
23491	0.066921
51431	0.066926
42906	0.066931
10351	0.066936
8482	0.066936
30224	0.066938
35493	0.066938
27347	0.066938
10354	0.066941
11100	0.066954
55269	0.066959
8505	0.066960
8624	0.066963
26438	0.066964
60469	0.066967
22782	0.066970
16975	0.066971
29978	0.066974
12005	0.066974
17453	0.066974
13360	0.066978
54310	0.066980
9819	0.066982
12683	0.066988
12759	0.066990
42710	0.066992
55048	0.066997
7716	0.067001
58620	0.067005
23375	0.067005
35704	0.067009
14235	0.067011
16880	0.067014
42516	0.067016
55975	0.067017
29407	0.067018
16265	0.067025
47733	0.067026
14119	0.067030
24026	0.067037
26103	0.067038
23887	0.067040
51900	0.067046
40178	0.067054
55737	0.067056
14525	0.067057
24153	0.067061
7044	0.067082
45934	0.067085
57713	0.067090
11293	0.067091
11652	0.067096
45662	0.067097
48371	0.067097
32884	0.067099
35443	0.067099
26656	0.067111
27750	0.067115
27008	0.067122
17422	0.067142
12295	0.067143
15808	0.067146
8237	0.067150
46025	0.067156
49969	0.067160
54296	0.067168
52101	0.067172
46471	0.067174
13519	0.067176
55181	0.067177
31010	0.067177
26738	0.067178
49958	0.067179
60542	0.067180
14572	0.067181
53896	0.067181
61207	0.067181
9348	0.067189
16522	0.067199
10686	0.067200
24632	0.067202
57350	0.067203
49353	0.067206
29748	0.067210
42084	0.067215
42500	0.067217
52153	0.067223
41190	0.067227
20607	0.067230
57913	0.067234
50206	0.067237
56548	0.067239
52693	0.067240
20891	0.067240
12891	0.067241
11184	0.067244
31576	0.067245
48658	0.067252
44727	0.067259
44945	0.067265
44784	0.067266
45946	0.067268
23472	0.067270
10230	0.067271
33035	0.067271
50966	0.067273
24713	0.067278
28000	0.067279
25489	0.067279
49496	0.067287
29872	0.067288
7327	0.067293
28004	0.067294
53723	0.067295
27735	0.067301
50523	0.067302
8718	0.067307
33353	0.067307
24275	0.067315
52941	0.067316
14021	0.067317
41064	0.067334
57241	0.067335
61591	0.067336
42357	0.067336
7991	0.067339
44039	0.067342
54240	0.067343
43018	0.067343
53567	0.067355
9021	0.067368
19347	0.067373
37065	0.067377
14133	0.067381
15759	0.067383
7672	0.067384
15210	0.067397
26999	0.067409
21056	0.067414
16953	0.067416
27645	0.067418
46226	0.067422
17515	0.067424
9834	0.067425
47232	0.067428
46865	0.067428
29107	0.067433
24132	0.067436
24507	0.067437
20100	0.067441
35025	0.067462
15308	0.067466
11008	0.067466
32363	0.067466
16342	0.067480
50390	0.067488
11179	0.067494
8595	0.067495
16961	0.067503
60864	0.067504
36968	0.067505
36001	0.067506
26734	0.067509
34980	0.067512
29924	0.067512
14289	0.067513
57582	0.067518
8076	0.067520
15480	0.067523
16496	0.067528
14942	0.067529
14470	0.067531
23450	0.067533
9459	0.067535
9903	0.067535
56778	0.067541
50468	0.067544
7510	0.067545
13969	0.067546
60737	0.067549
30545	0.067550
29800	0.067551
12093	0.067552
27360	0.067557
23535	0.067560
42846	0.067562
15533	0.067562
37011	0.067565
51732	0.067568
51354	0.067574
49667	0.067580
15124	0.067587
46422	0.067594
34417	0.067599
14542	0.067602
24871	0.067603
36460	0.067610
36455	0.067610
23380	0.067612
52248	0.067614
59997	0.067617
29745	0.067622
37068	0.067627
38401	0.067627
16631	0.067627
34975	0.067632
27973	0.067632
15777	0.067633
10054	0.067637
9503	0.067637
41627	0.067637
57234	0.067637
36596	0.067638
13038	0.067640
10192	0.067641
61654	0.067645
22350	0.067652
29935	0.067657
54486	0.067660
50817	0.067664
56945	0.067670
38475	0.067670
47805	0.067672
57173	0.067673
32981	0.067677
26533	0.067677
27427	0.067679
44100	0.067679
39470	0.067679
54346	0.067679
53927	0.067680
10317	0.067681
32169	0.067688
24904	0.067692
17307	0.067706
37757	0.067712
47426	0.067712
37038	0.067713
7160	0.067717
27061	0.067718
47087	0.067728
9683	0.067734
16947	0.067735
10100	0.067735
52788	0.067739
22188	0.067745
20092	0.067745
12079	0.067745
10968	0.067750
23632	0.067756
15916	0.067756
13548	0.067756
55125	0.067759
7407	0.067765
40473	0.067771
16011	0.067773
44058	0.067776
48505	0.067785
57435	0.067798
24129	0.067799
31278	0.067804
12447	0.067804
48437	0.067806
10090	0.067810
51143	0.067811
35060	0.067812
61028	0.067814
9984	0.067823
28776	0.067825
10253	0.067828
15135	0.067829
15892	0.067830
54459	0.067831
24763	0.067835
57154	0.067835
45030	0.067843
49070	0.067857
48692	0.067861
51110	0.067862
50162	0.067867
44937	0.067868
10976	0.067869
42133	0.067870
27992	0.067871
56645	0.067872
32177	0.067874
10324	0.067874
50809	0.067876
39314	0.067879
16059	0.067884
42961	0.067886
19336	0.067889
47039	0.067894
48404	0.067896
15348	0.067904
19228	0.067912
35798	0.067915
47459	0.067920
41236	0.067922
17354	0.067926
36976	0.067926
12729	0.067927
22418	0.067928
32276	0.067928
27919	0.067932
53636	0.067939
36774	0.067944
8013	0.067956
39756	0.067960
41671	0.067969
25505	0.067970
13274	0.067970
43198	0.067977
50063	0.067982
52378	0.067991
32920	0.067997
35692	0.068000
36753	0.068003
48066	0.068024
45082	0.068026
31549	0.068035
7383	0.068037
35794	0.068037
60420	0.068037
37222	0.068039
48788	0.068044
56567	0.068046
42942	0.068048
54424	0.068049
28394	0.068053
12572	0.068060
14586	0.068061
46395	0.068063
47078	0.068063
13912	0.068070
19512	0.068075
54074	0.068076
22769	0.068077
30563	0.068086
38134	0.068099
9110	0.068099
49424	0.068103
25336	0.068109
50293	0.068118
45939	0.068119
12364	0.068146
43972	0.068150
13505	0.068156
34509	0.068158
16277	0.068160
45544	0.068163
44153	0.068170
60546	0.068178
17368	0.068182
7069	0.068187
11144	0.068192
14634	0.068196
16092	0.068197
17391	0.068198
15883	0.068198
45237	0.068198
20079	0.068198
45064	0.068200
60965	0.068201
36200	0.068202
32958	0.068207
40882	0.068209
37669	0.068211
31055	0.068214
60424	0.068215
41345	0.068217
31751	0.068219
60218	0.068223
50477	0.068230
10528	0.068236
36840	0.068241
27208	0.068247
52915	0.068250
15608	0.068252
44942	0.068258
61368	0.068259
22788	0.068272
13130	0.068287
17372	0.068290
47025	0.068291
7906	0.068293
49145	0.068293
37278	0.068300
29976	0.068304
28832	0.068306
32084	0.068307
36392	0.068311
19294	0.068312
16543	0.068315
40892	0.068320
40884	0.068321
10101	0.068327
52978	0.068331
41894	0.068334
52190	0.068337
27332	0.068339
46321	0.068352
58101	0.068353
37943	0.068359
26246	0.068366
20341	0.068371
34671	0.068379
30864	0.068388
29809	0.068389
28887	0.068395
47172	0.068403
31452	0.068403
21354	0.068403
46625	0.068407
11867	0.068415
15335	0.068418
37225	0.068423
11301	0.068431
8501	0.068441
51851	0.068443
36909	0.068444
57325	0.068447
51862	0.068450
27474	0.068455
32330	0.068458
41788	0.068459
7280	0.068472
24009	0.068474
52311	0.068479
57216	0.068479
46981	0.068485
31837	0.068488
50513	0.068492
17404	0.068494
25739	0.068495
58194	0.068499
50580	0.068508
19841	0.068509
34181	0.068509
56339	0.068510
30465	0.068512
49583	0.068517
30377	0.068522
54967	0.068530
20299	0.068531
14859	0.068536
25174	0.068550
27200	0.068554
47066	0.068557
40984	0.068561
16081	0.068562
44987	0.068563
53217	0.068566
17059	0.068570
33269	0.068574
47244	0.068584
23667	0.068586
44699	0.068586
51433	0.068597
17530	0.068598
50726	0.068601
12264	0.068605
32056	0.068605
12201	0.068607
56878	0.068608
40808	0.068609
12014	0.068618
26636	0.068619
57008	0.068623
12400	0.068643
28974	0.068651
15219	0.068653
25422	0.068655
50136	0.068662
46415	0.068663
52603	0.068664
51093	0.068667
30142	0.068672
10748	0.068675
55693	0.068678
31886	0.068678
32906	0.068685
47339	0.068691
42648	0.068693
21626	0.068696
54409	0.068704
48940	0.068705
9082	0.068707
23353	0.068710
13665	0.068713
25575	0.068717
42380	0.068725
55121	0.068726
22913	0.068727
53073	0.068736
43798	0.068737
45271	0.068737
20939	0.068739
36295	0.068746
43257	0.068748
11877	0.068749
20628	0.068749
13905	0.068756
21632	0.068761
58015	0.068763
11334	0.068768
53814	0.068768
26841	0.068773
19427	0.068776
35258	0.068776
13524	0.068778
13010	0.068778
32798	0.068781
52963	0.068783
34452	0.068789
22507	0.068789
40176	0.068801
52802	0.068807
49659	0.068811
16280	0.068812
7860	0.068814
10271	0.068814
53817	0.068815
47183	0.068816
14825	0.068817
13602	0.068820
53871	0.068822
17526	0.068827
30952	0.068828
58396	0.068832
19546	0.068837
51325	0.068853
21833	0.068855
42338	0.068856
15296	0.068861
53091	0.068863
11093	0.068866
14187	0.068867
47290	0.068867
38334	0.068868
54259	0.068871
36300	0.068880
17220	0.068884
28791	0.068884
22861	0.068890
15474	0.068895
42016	0.068897
28844	0.068902
40416	0.068903
16569	0.068905
31255	0.068905
32788	0.068905
36564	0.068905
20139	0.068906
15389	0.068911
14246	0.068916
12869	0.068919
28809	0.068923
43385	0.068924
39593	0.068925
16767	0.068929
32493	0.068935
17094	0.068949
28185	0.068951
21445	0.068951
25411	0.068953
14439	0.068956
10523	0.068959
16885	0.068961
10482	0.068968
12774	0.068973
56918	0.068982
16352	0.068985
15596	0.068985
34252	0.068986
25983	0.068987
39466	0.068987
20443	0.068988
38602	0.068996
51187	0.068997
35564	0.068998
22549	0.069007
47022	0.069010
43488	0.069011
56979	0.069019
56015	0.069026
33298	0.069028
36429	0.069028
21534	0.069030
11035	0.069034
7387	0.069034
9252	0.069042
11631	0.069042
28606	0.069053
13941	0.069062
35718	0.069066
30129	0.069073
21622	0.069073
13997	0.069073
48189	0.069073
55625	0.069075
11288	0.069077
60314	0.069080
15761	0.069080
11435	0.069082
8665	0.069083
20520	0.069084
36333	0.069086
41456	0.069091
40053	0.069094
55473	0.069095
40363	0.069100
22657	0.069104
16552	0.069107
8088	0.069117
20059	0.069118
13354	0.069128
16612	0.069129
55046	0.069134
20887	0.069137
56663	0.069138
52918	0.069140
38282	0.069144
35294	0.069145
12974	0.069150
15279	0.069151
31546	0.069152
13418	0.069154
33280	0.069155
36388	0.069156
56651	0.069156
53887	0.069156
13474	0.069163
14551	0.069163
17410	0.069165
25788	0.069167
39245	0.069174
29941	0.069195
44822	0.069198
43036	0.069199
26597	0.069203
14641	0.069206
53084	0.069208
20433	0.069212
52220	0.069213
60502	0.069213
57599	0.069218
49073	0.069222
30667	0.069223
13656	0.069226
25532	0.069229
50985	0.069233
55013	0.069237
13198	0.069240
49148	0.069243
52145	0.069247
30304	0.069250
47100	0.069250
7939	0.069250
58482	0.069256
15113	0.069256
53342	0.069260
15710	0.069263
55676	0.069269
43852	0.069275
48180	0.069282
11014	0.069291
33922	0.069292
54307	0.069300
8747	0.069303
14553	0.069306
42223	0.069308
50839	0.069309
51025	0.069320
41320	0.069324
10501	0.069324
37538	0.069324
11411	0.069337
6943	0.069345
32064	0.069352
38436	0.069353
22288	0.069356
19325	0.069358
48392	0.069361
13788	0.069364
40143	0.069367
60650	0.069370
14894	0.069372
17045	0.069375
25058	0.069378
15057	0.069381
20730	0.069384
43121	0.069385
29824	0.069385
56154	0.069392
58200	0.069393
34217	0.069398
25413	0.069406
30168	0.069410
26792	0.069413
26933	0.069421
14023	0.069429
53951	0.069442
13994	0.069446
54355	0.069452
47368	0.069455
14946	0.069466
11559	0.069472
60849	0.069473
47361	0.069474
49082	0.069479
28817	0.069487
28106	0.069487
56017	0.069492
58276	0.069499
10983	0.069504
27859	0.069504
56947	0.069505
25197	0.069506
21495	0.069509
19712	0.069515
27303	0.069517
29132	0.069517
58341	0.069520
13400	0.069522
9945	0.069525
32773	0.069541
125158	0.069554
24500	0.069561
54529	0.069571
30638	0.069575
19039	0.069577
20423	0.069582
55341	0.069582
7392	0.069583
21159	0.069589
40412	0.069590
36580	0.069593
29125	0.069594
22101	0.069594
38690	0.069596
32804	0.069603
58312	0.069607
28720	0.069613
50025	0.069614
19296	0.069615
28717	0.069641
16108	0.069641
53988	0.069646
11871	0.069651
23986	0.069651
42937	0.069652
56526	0.069653
37018	0.069664
22164	0.069672
7267	0.069675
50261	0.069677
26980	0.069684
10929	0.069684
8410	0.069686
20596	0.069689
30046	0.069692
40738	0.069692
24062	0.069693
22602	0.069697
16121	0.069700
23113	0.069703
39306	0.069705
8774	0.069708
36207	0.069713
32099	0.069721
41836	0.069722
55335	0.069723
55622	0.069727
56120	0.069729
28714	0.069733
12383	0.069738
26167	0.069740
36815	0.069741
42362	0.069743
36739	0.069750
33686	0.069750
41858	0.069751
7872	0.069754
15312	0.069756
25790	0.069761
31397	0.069765
27467	0.069766
13674	0.069769
22852	0.069770
28241	0.069771
23879	0.069777
17395	0.069781
25013	0.069786
43169	0.069788
9882	0.069796
19432	0.069802
47270	0.069820
40659	0.069820
15595	0.069823
44424	0.069827
35472	0.069827
16274	0.069828
30324	0.069835
33823	0.069837
43998	0.069844
47017	0.069850
9494	0.069854
16214	0.069855
51308	0.069855
14407	0.069856
47923	0.069860
24001	0.069861
23105	0.069863
7963	0.069865
39192	0.069871
23435	0.069875
11811	0.069877
27130	0.069879
9004	0.069883
38457	0.069883
8268	0.069884
19339	0.069885
20707	0.069885
19906	0.069885
9219	0.069888
51780	0.069897
57112	0.069904
54301	0.069907
29075	0.069916
23515	0.069918
14835	0.069926
21823	0.069929
13909	0.069937
56429	0.069940
21231	0.069949
20732	0.069951
35812	0.069951
15217	0.069956
25927	0.069958
45647	0.069968
45480	0.069969
40735	0.069972
27584	0.069972
26049	0.069978
39375	0.069980
23261	0.069998
8912	0.070006
47822	0.070007
37795	0.070019
51687	0.070021
7219	0.070024
56318	0.070027
25188	0.070029
13849	0.070032
14362	0.070036
16222	0.070041
49770	0.070047
14661	0.070051
24358	0.070052
11000	0.070053
13236	0.070055
12428	0.070059
33628	0.070059
43370	0.070060
14281	0.070060
15670	0.070065
16651	0.070071
22906	0.070075
32922	0.070075
15748	0.070075
7863	0.070076
12401	0.070078
14977	0.070081
12884	0.070085
7048	0.070086
9154	0.070091
21869	0.070091
53984	0.070093
41877	0.070095
7241	0.070096
15015	0.070097
49618	0.070099
21381	0.070100
53839	0.070109
23425	0.070128
8579	0.070130
51599	0.070131
14882	0.070132
54024	0.070132
58652	0.070133
33097	0.070136
10685	0.070136
21102	0.070145
9029	0.070149
14506	0.070153
56677	0.070155
15499	0.070158
14700	0.070159
14557	0.070162
40731	0.070168
15218	0.070168
31112	0.070171
51846	0.070173
48309	0.070178
56146	0.070179
27788	0.070188
15152	0.070189
41143	0.070191
39982	0.070191
39265	0.070195
50071	0.070200
39569	0.070200
57054	0.070208
26500	0.070208
38969	0.070209
21995	0.070212
11322	0.070227
52007	0.070228
48990	0.070229
13109	0.070231
20626	0.070234
9583	0.070238
23699	0.070240
16520	0.070242
32672	0.070245
52474	0.070251
7147	0.070254
14795	0.070254
39912	0.070254
21096	0.070263
10071	0.070269
19407	0.070271
10711	0.070278
61226	0.070278
22916	0.070283
9961	0.070284
14034	0.070286
10819	0.070287
14983	0.070288
12615	0.070297
54884	0.070299
37463	0.070306
20373	0.070321
14735	0.070323
31106	0.070325
10252	0.070325
31136	0.070326
46910	0.070331
16746	0.070332
30454	0.070334
16509	0.070336
49891	0.070338
51864	0.070346
53926	0.070348
29290	0.070349
15409	0.070349
56786	0.070354
8735	0.070358
35820	0.070361
21254	0.070362
42390	0.070365
15158	0.070366
29893	0.070367
29953	0.070367
9699	0.070382
28801	0.070395
55591	0.070396
54576	0.070400
20586	0.070400
36757	0.070402
47541	0.070405
21905	0.070407
21713	0.070413
15803	0.070423
48036	0.070427
30868	0.070428
45520	0.070433
48507	0.070437
10749	0.070439
11384	0.070439
56307	0.070440
30928	0.070440
33623	0.070450
21075	0.070453
22039	0.070454
39451	0.070455
49442	0.070455
50155	0.070460
37167	0.070460
50807	0.070465
35033	0.070469
56720	0.070480
27952	0.070482
48543	0.070488
8567	0.070489
40164	0.070500
25161	0.070500
15878	0.070500
43848	0.070501
28858	0.070502
23630	0.070503
16048	0.070504
57876	0.070505
47416	0.070506
38176	0.070510
38876	0.070511
13608	0.070513
33318	0.070530
50359	0.070534
36744	0.070538
15982	0.070543
7832	0.070545
51273	0.070545
50756	0.070547
48169	0.070550
49176	0.070555
11484	0.070555
46158	0.070560
46372	0.070564
36441	0.070569
52211	0.070570
14517	0.070579
34315	0.070584
9384	0.070586
35254	0.070592
16909	0.070594
42034	0.070599
28812	0.070600
15131	0.070600
29938	0.070605
7918	0.070616
34479	0.070616
25215	0.070617
46073	0.070619
8894	0.070623
9524	0.070631
43251	0.070646
23962	0.070650
46564	0.070652
50278	0.070654
33336	0.070658
53505	0.070660
19588	0.070674
48784	0.070674
26925	0.070681
42240	0.070695
11331	0.070701
17096	0.070703
27384	0.070705
13019	0.070708
15908	0.070711
17061	0.070711
8604	0.070734
32857	0.070745
21082	0.070746
51866	0.070749
14485	0.070760
54752	0.070774
21811	0.070777
51404	0.070778
19450	0.070784
19308	0.070784
30749	0.070787
47874	0.070789
25518	0.070799
28807	0.070813
14963	0.070814
47150	0.070819
14332	0.070822
56596	0.070827
22408	0.070830
43697	0.070833
10470	0.070834
52231	0.070836
13814	0.070850
19657	0.070852
28804	0.070853
12069	0.070855
25170	0.070856
26590	0.070858
8161	0.070860
9585	0.070872
48622	0.070884
56999	0.070885
31606	0.070885
39075	0.070887
29232	0.070892
56118	0.070903
19429	0.070904
7965	0.070905
9411	0.070906
17379	0.070906
13404	0.070909
26090	0.070909
55036	0.070909
32864	0.070918
40499	0.070918
7594	0.070920
37907	0.070928
36472	0.070929
10551	0.070932
28869	0.070944
19956	0.070946
34333	0.070946
12251	0.070948
60745	0.070949
44714	0.070950
41804	0.070952
52208	0.070955
27391	0.070955
51190	0.070958
60178	0.070959
41647	0.070959
26452	0.070963
53959	0.070966
20807	0.070969
25205	0.070979
45119	0.070991
43993	0.070991
57084	0.070997
12470	0.070998
25097	0.071004
41007	0.071011
26789	0.071011
21379	0.071013
12896	0.071016
24404	0.071017
7675	0.071018
55484	0.071021
42798	0.071025
42364	0.071025
21889	0.071027
38019	0.071031
50473	0.071035
15809	0.071037
50464	0.071041
36360	0.071043
30757	0.071046
50182	0.071051
7660	0.071056
29064	0.071057
17076	0.071059
47859	0.071059
48324	0.071059
25418	0.071060
55542	0.071060
33316	0.071064
35701	0.071064
9028	0.071067
23094	0.071073
29220	0.071075
38377	0.071078
54373	0.071083
40118	0.071084
22226	0.071086
25006	0.071089
52800	0.071095
44623	0.071098
31909	0.071099
54723	0.071103
17053	0.071109
33000	0.071112
42397	0.071113
60124	0.071128
43002	0.071128
33996	0.071131
14193	0.071131
12053	0.071134
19376	0.071136
21084	0.071136
28861	0.071148
42777	0.071152
35404	0.071152
15134	0.071154
40571	0.071160
42889	0.071163
25683	0.071168
7517	0.071175
23507	0.071176
30075	0.071179
7189	0.071189
19660	0.071190
11426	0.071204
9695	0.071205
16316	0.071208
29192	0.071209
32566	0.071210
56697	0.071218
10500	0.071223
22818	0.071232
40304	0.071237
36406	0.071238
27064	0.071244
23159	0.071250
9715	0.071251
12122	0.071252
24200	0.071253
61086	0.071254
16524	0.071256
7858	0.071262
14980	0.071267
21118	0.071275
34308	0.071278
49292	0.071282
35141	0.071284
21472	0.071286
28376	0.071287
10973	0.071298
16178	0.071303
49171	0.071309
49351	0.071311
32027	0.071313
9516	0.071314
36852	0.071314
8158	0.071318
21793	0.071322
20658	0.071324
10394	0.071327
7931	0.071329
8689	0.071331
36776	0.071333
48660	0.071333
16000	0.071340
14390	0.071348
12770	0.071356
33932	0.071356
15760	0.071358
43217	0.071361
50668	0.071371
54592	0.071372
9181	0.071373
11437	0.071376
13520	0.071385
47986	0.071391
32500	0.071409
50518	0.071410
38062	0.071412
30703	0.071435
22899	0.071437
11840	0.071437
19341	0.071437
47029	0.071438
41145	0.071443
58654	0.071446
32249	0.071453
15763	0.071458
31762	0.071460
41163	0.071462
11481	0.071468
56880	0.071471
9470	0.071481
14883	0.071484
19616	0.071485
56198	0.071487
16934	0.071490
31847	0.071490
43138	0.071494
52197	0.071501
11268	0.071502
34248	0.071505
21413	0.071507
39898	0.071508
8100	0.071519
35148	0.071522
14342	0.071526
21673	0.071526
50976	0.071527
60955	0.071527
44480	0.071534
29528	0.071537
47935	0.071538
23355	0.071543
43048	0.071549
36681	0.071553
28221	0.071559
24066	0.071560
20053	0.071562
45013	0.071567
53919	0.071570
49951	0.071580
61558	0.071584
10679	0.071586
20935	0.071592
47325	0.071597
19574	0.071600
35551	0.071606
29546	0.071608
24542	0.071610
38887	0.071612
13693	0.071618
10272	0.071620
56864	0.071624
57150	0.071627
32882	0.071633
38650	0.071636
12533	0.071636
30598	0.071638
19655	0.071640
55582	0.071646
49096	0.071647
12137	0.071650
53485	0.071661
19050	0.071661
44908	0.071664
25826	0.071671
34507	0.071679
35808	0.071680
9161	0.071680
10530	0.071681
27318	0.071681
16753	0.071689
12936	0.071690
19353	0.071692
19153	0.071693
21954	0.071694
29323	0.071696
40414	0.071697
23539	0.071703
15527	0.071706
28098	0.071707
30197	0.071717
25241	0.071717
44097	0.071722
15426	0.071722
14236	0.071730
14903	0.071739
15984	0.071754
11457	0.071754
8745	0.071760
31338	0.071769
56937	0.071772
42393	0.071778
13616	0.071780
13044	0.071781
58333	0.071785
60971	0.071790
26327	0.071798
32366	0.071800
9442	0.071804
43802	0.071821
16465	0.071827
35438	0.071827
41560	0.071831
47550	0.071836
26569	0.071840
11866	0.071840
42142	0.071841
50306	0.071842
14879	0.071847
55509	0.071853
24413	0.071854
27582	0.071854
23013	0.071858
31794	0.071858
47498	0.071865
54813	0.071865
15086	0.071868
15702	0.071869
9688	0.071870
49173	0.071870
13650	0.071886
13250	0.071890
25749	0.071891
47688	0.071901
33777	0.071903
30754	0.071903
10369	0.071907
32263	0.071913
16137	0.071928
42112	0.071940
13810	0.071941
48894	0.071946
13162	0.071951
14521	0.071959
51959	0.071959
20533	0.071961
14813	0.071962
39880	0.071965
27306	0.071966
49446	0.071967
21714	0.071967
7642	0.071972
52872	0.071972
30449	0.071973
58057	0.071974
15008	0.071975
49782	0.071977
19944	0.071977
30250	0.071980
58088	0.071983
32545	0.071986
42301	0.071989
26647	0.071993
53309	0.071994
34384	0.071995
39902	0.072001
47430	0.072010
54465	0.072010
51601	0.072011
36202	0.072013
35666	0.072021
30135	0.072023
21518	0.072027
39061	0.072038
58479	0.072042
53503	0.072045
9946	0.072047
40411	0.072060
37294	0.072063
17301	0.072063
28774	0.072070
35280	0.072072
27484	0.072074
7936	0.072076
34470	0.072080
29430	0.072080
52048	0.072081
55365	0.072082
53956	0.072083
8741	0.072084
32576	0.072096
32562	0.072097
10584	0.072101
8683	0.072102
52780	0.072110
14800	0.072111
22019	0.072114
58272	0.072114
16007	0.072115
9869	0.072116
40862	0.072118
38279	0.072124
19435	0.072132
9292	0.072150
23683	0.072153
12758	0.072156
31074	0.072158
52860	0.072159
9467	0.072162
47242	0.072164
30026	0.072165
45169	0.072167
16249	0.072176
14181	0.072176
15712	0.072180
19138	0.072182
30964	0.072184
43952	0.072184
17341	0.072187
42707	0.072187
48850	0.072188
32630	0.072194
42214	0.072196
7149	0.072197
50531	0.072200
38711	0.072204
12601	0.072204
40682	0.072209
32242	0.072211
47623	0.072211
27638	0.072217
51677	0.072219
16662	0.072221
12558	0.072221
9250	0.072223
12765	0.072224
9279	0.072230
60763	0.072233
10217	0.072238
57739	0.072238
47404	0.072242
21505	0.072244
24835	0.072244
53986	0.072246
54804	0.072246
20914	0.072250
44164	0.072254
55257	0.072260
40747	0.072262
23002	0.072267
53054	0.072268
9943	0.072272
46375	0.072282
19343	0.072284
12386	0.072286
12821	0.072289
15175	0.072299
20033	0.072303
19444	0.072303
46965	0.072304
9687	0.072318
28263	0.072319
30936	0.072320
10395	0.072324
29522	0.072326
34298	0.072327
54183	0.072335
53144	0.072339
26662	0.072345
15896	0.072352
60643	0.072352
35803	0.072369
25152	0.072371
27803	0.072373
13893	0.072374
9343	0.072375
12475	0.072375
20612	0.072377
17086	0.072385
23747	0.072389
43915	0.072396
46630	0.072405
60267	0.072409
33438	0.072411
18411	0.072412
13970	0.072415
54379	0.072418
29911	0.072425
25053	0.072426
15762	0.072428
15775	0.072436
10335	0.072446
22949	0.072446
31470	0.072450
34306	0.072453
36233	0.072454
48040	0.072464
47731	0.072473
8558	0.072475
17455	0.072477
11625	0.072482
14655	0.072483
21040	0.072489
13876	0.072492
27457	0.072494
15795	0.072494
37800	0.072496
47417	0.072500
8618	0.072500
20212	0.072504
14132	0.072507
7108	0.072512
30309	0.072523
54855	0.072540
9847	0.072545
45523	0.072547
14134	0.072550
57283	0.072553
51344	0.072556
9867	0.072557
24545	0.072559
48071	0.072561
52347	0.072564
52289	0.072567
52244	0.072572
33658	0.072576
42841	0.072577
8307	0.072578
32273	0.072582
28411	0.072588
50489	0.072598
25050	0.072599
26084	0.072602
46359	0.072602
40133	0.072606
41780	0.072609
7472	0.072626
31906	0.072628
14112	0.072633
26409	0.072644
55154	0.072646
11960	0.072647
10296	0.072649
40444	0.072655
35179	0.072663
46863	0.072663
51152	0.072666
36292	0.072666
13513	0.072667
55079	0.072684
16345	0.072685
20655	0.072688
46897	0.072689
46927	0.072699
8267	0.072700
54238	0.072701
40591	0.072723
40413	0.072731
46769	0.072731
42704	0.072744
53427	0.072746
7684	0.072755
34984	0.072758
26295	0.072758
15822	0.072763
9373	0.072764
7715	0.072775
26034	0.072775
20726	0.072776
42589	0.072777
42683	0.072779
38920	0.072779
10777	0.072780
32543	0.072781
9341	0.072788
34656	0.072789
50083	0.072792
57057	0.072800
58090	0.072806
22271	0.072824
38405	0.072824
38882	0.072826
8339	0.072829
37420	0.072839
28028	0.072845
20029	0.072850
9927	0.072854
50881	0.072855
26309	0.072855
35162	0.072858
28755	0.072862
37026	0.072875
42217	0.072876
37028	0.072877
9873	0.072887
11433	0.072895
43142	0.072900
50840	0.072906
31387	0.072907
16349	0.072912
12293	0.072919
48259	0.072931
56924	0.072933
30178	0.072933
54013	0.072940
45098	0.072942
33082	0.072963
28915	0.072970
35283	0.072987
54162	0.072988
12997	0.072993
45297	0.072998
24539	0.072999
29484	0.073002
54185	0.073004
14680	0.073006
30644	0.073034
20874	0.073037
19609	0.073038
55299	0.073040
12114	0.073044
51439	0.073045
45791	0.073061
49440	0.073065
25024	0.073066
52366	0.073071
35424	0.073072
25698	0.073077
49650	0.073079
12493	0.073082
43340	0.073084
39360	0.073087
50737	0.073088
26239	0.073097
13806	0.073097
42220	0.073098
47494	0.073099
44288	0.073121
27073	0.073125
11194	0.073125
11132	0.073127
60766	0.073139
21771	0.073140
9988	0.073140
52756	0.073146
45925	0.073147
14102	0.073148
14929	0.073155
24911	0.073157
55458	0.073161
53172	0.073162
47434	0.073172
20040	0.073172
14217	0.073174
38750	0.073176
27593	0.073178
19382	0.073194
39388	0.073202
10396	0.073213
48546	0.073216
32443	0.073220
21343	0.073222
9089	0.073227
32230	0.073232
13438	0.073232
40608	0.073237
49728	0.073237
57327	0.073245
16179	0.073247
15451	0.073249
32183	0.073255
52608	0.073268
36923	0.073271
36619	0.073276
16883	0.073278
7760	0.073279
11465	0.073282
29137	0.073284
19556	0.073289
28610	0.073293
41686	0.073295
14264	0.073296
10117	0.073299
7786	0.073306
55608	0.073314
9937	0.073315
36397	0.073319
35643	0.073321
56336	0.073321
16763	0.073322
13615	0.073326
20907	0.073333
52132	0.073338
8467	0.073343
51401	0.073354
57594	0.073357
15150	0.073357
31481	0.073357
23527	0.073358
23799	0.073359
21244	0.073360
16136	0.073362
19419	0.073365
7770	0.073370
24580	0.073380
46891	0.073381
14749	0.073388
14154	0.073392
26730	0.073392
27387	0.073436
51323	0.073440
13742	0.073444
24886	0.073445
37621	0.073451
38894	0.073452
47346	0.073456
42330	0.073457
31089	0.073459
52797	0.073465
37380	0.073467
56580	0.073470
44006	0.073478
47898	0.073479
14116	0.073484
38226	0.073485
12128	0.073485
44146	0.073488
13599	0.073494
28895	0.073494
24489	0.073495
13894	0.073498
13046	0.073528
13815	0.073532
47445	0.073541
8231	0.073544
44235	0.073547
55610	0.073554
41603	0.073557
14701	0.073559
48793	0.073564
51975	0.073576
11560	0.073586
15800	0.073605
49976	0.073608
30614	0.073612
11814	0.073613
9038	0.073617
44594	0.073633
43119	0.073640
11298	0.073650
14260	0.073657
46425	0.073669
32483	0.073670
41569	0.073670
15633	0.073681
23489	0.073693
7966	0.073700
34246	0.073707
60149	0.073712
47511	0.073715
24550	0.073715
17179	0.073718
7410	0.073721
39056	0.073734
22127	0.073734
39676	0.073734
16312	0.073735
35976	0.073736
8044	0.073736
28706	0.073737
9218	0.073740
16355	0.073741
37176	0.073743
9311	0.073749
50873	0.073751
40737	0.073753
60932	0.073755
14745	0.073756
14658	0.073762
30276	0.073762
12152	0.073768
36731	0.073768
11176	0.073772
30537	0.073777
8918	0.073778
26105	0.073779
24458	0.073791
8880	0.073795
30564	0.073798
8531	0.073802
9747	0.073811
10972	0.073812
29273	0.073821
21948	0.073836
55469	0.073849
18971	0.073851
10175	0.073858
14604	0.073859
19881	0.073860
37653	0.073863
49007	0.073865
44920	0.073865
25442	0.073865
23652	0.073871
15180	0.073874
53650	0.073881
30509	0.073881
34513	0.073882
38880	0.073890
37646	0.073896
11965	0.073899
16099	0.073906
28129	0.073907
23102	0.073907
12375	0.073912
15081	0.073916
43724	0.073922
41248	0.073924
15464	0.073927
33305	0.073927
8519	0.073927
9233	0.073932
35010	0.073932
47709	0.073937
24682	0.073943
44117	0.073966
10596	0.073967
39947	0.073968
11773	0.073984
15453	0.073986
9430	0.073994
48852	0.073999
45839	0.074000
14915	0.074010
39449	0.074024
7029	0.074027
24689	0.074028
23808	0.074031
33567	0.074033
30655	0.074035
44104	0.074036
49631	0.074040
55195	0.074040
58274	0.074041
24913	0.074052
32459	0.074054
28177	0.074055
13000	0.074057
14566	0.074058
52192	0.074081
49740	0.074082
27856	0.074090
41937	0.074090
23039	0.074097
15373	0.074099
14115	0.074099
58094	0.074109
19217	0.074110
39315	0.074111
37667	0.074111
22423	0.074111
23650	0.074113
33348	0.074115
47363	0.074129
28786	0.074129
29689	0.074138
14307	0.074141
28207	0.074144
25403	0.074145
22262	0.074148
39721	0.074148
58082	0.074149
25845	0.074153
30543	0.074153
36704	0.074166
12841	0.074168
40093	0.074180
21616	0.074185
14829	0.074197
52565	0.074199
14848	0.074204
46250	0.074216
47364	0.074221
45321	0.074238
55232	0.074243
11022	0.074252
43129	0.074267
39325	0.074267
17350	0.074271
35854	0.074277
27744	0.074278
12782	0.074280
37187	0.074289
16203	0.074295
49704	0.074300
11224	0.074306
54231	0.074309
20003	0.074310
14026	0.074310
16762	0.074314
17419	0.074315
53266	0.074322
44786	0.074328
10349	0.074330
8145	0.074331
20448	0.074334
53648	0.074338
15677	0.074343
19140	0.074356
40418	0.074359
19424	0.074359
22237	0.074360
34080	0.074368
10742	0.074368
16307	0.074373
12382	0.074398
14223	0.074399
43012	0.074406
8961	0.074411
35435	0.074414
13174	0.074420
30774	0.074431
38672	0.074431
18083	0.074433
50140	0.074437
25774	0.074452
56192	0.074453
14877	0.074460
8226	0.074464
43411	0.074465
40751	0.074467
15004	0.074468
48790	0.074468
30604	0.074480
21644	0.074493
8255	0.074494
8702	0.074495
22168	0.074497
32382	0.074510
31842	0.074514
30222	0.074516
16751	0.074516
9488	0.074520
7647	0.074526
33780	0.074528
12946	0.074528
15370	0.074529
15925	0.074534
44719	0.074534
14334	0.074548
26815	0.074554
47673	0.074556
16143	0.074563
24635	0.074570
48757	0.074574
18099	0.074579
38715	0.074580
30991	0.074581
33346	0.074593
45969	0.074596
11321	0.074597
13169	0.074598
12772	0.074598
42122	0.074603
27791	0.074611
37468	0.074621
36900	0.074634
50863	0.074636
14391	0.074640
50987	0.074648
10773	0.074650
55767	0.074650
6968	0.074650
40431	0.074651
8599	0.074656
30288	0.074657
36356	0.074658
12859	0.074664
39273	0.074664
36590	0.074672
43541	0.074679
36400	0.074685
24788	0.074701
15209	0.074706
55325	0.074708
19395	0.074717
25459	0.074720
27516	0.074720
23276	0.074725
32076	0.074727
49459	0.074727
10948	0.074738
35330	0.074739
42140	0.074740
25105	0.074751
13440	0.074755
16075	0.074757
39309	0.074760
23860	0.074765
45948	0.074771
46467	0.074772
22580	0.074774
9502	0.074774
39530	0.074776
36044	0.074778
42909	0.074784
19577	0.074786
11025	0.074790
21612	0.074802
34162	0.074802
26537	0.074808
45153	0.074812
19402	0.074812
10842	0.074814
25666	0.074816
27224	0.074825
12703	0.074831
25121	0.074831
37441	0.074844
22401	0.074850
8921	0.074856
25020	0.074857
51804	0.074858
42461	0.074869
55399	0.074870
53936	0.074873
15411	0.074885
57296	0.074890
15278	0.074898
51224	0.074901
60988	0.074902
16128	0.074916
20446	0.074921
28908	0.074924
50066	0.074925
35742	0.074926
19872	0.074930
17267	0.074939
9404	0.074945
45010	0.074963
56134	0.074966
50299	0.074969
17459	0.074970
58398	0.074977
56409	0.074992
26343	0.075008
20744	0.075011
37111	0.075027
53268	0.075030
35806	0.075031
50053	0.075032
8756	0.075036
25467	0.075054
57841	0.075056
13364	0.075065
13263	0.075068
25898	0.075075
36448	0.075078
24151	0.075080
55449	0.075084
9076	0.075087
28136	0.075094
19582	0.075094
32675	0.075101
14947	0.075102
8450	0.075104
12402	0.075107
14078	0.075112
14469	0.075113
30837	0.075114
42951	0.075123
48075	0.075131
13452	0.075132
9221	0.075133
32380	0.075143
38676	0.075147
13724	0.075148
44234	0.075153
16323	0.075155
30618	0.075157
12674	0.075157
28493	0.075173
12184	0.075174
45829	0.075175
52922	0.075177
13065	0.075195
57399	0.075195
16845	0.075200
26220	0.075200
35455	0.075203
39515	0.075238
9050	0.075238
20739	0.075252
14060	0.075265
10625	0.075268
16207	0.075269
19689	0.075272
56928	0.075273
23018	0.075275
9795	0.075276
21549	0.075276
36446	0.075276
15413	0.075280
42591	0.075282
36970	0.075303
14326	0.075304
57348	0.075313
47508	0.075318
39483	0.075320
16608	0.075321
7912	0.075321
14534	0.075324
16142	0.075340
9839	0.075341
33978	0.075345
27691	0.075347
30784	0.075350
23192	0.075361
7601	0.075362
22278	0.075363
17528	0.075365
13884	0.075367
14850	0.075368
38776	0.075369
26665	0.075381
33589	0.075390
55347	0.075394
16935	0.075416
42524	0.075416
30741	0.075419
23811	0.075423
24425	0.075423
32252	0.075433
29928	0.075437
39673	0.075444
15351	0.075456
33161	0.075467
61107	0.075475
33541	0.075485
8015	0.075487
17424	0.075494
49774	0.075501
14370	0.075516
9078	0.075520
12277	0.075527
36052	0.075546
31281	0.075556
24306	0.075557
9865	0.075560
55138	0.075563
34485	0.075579
22806	0.075586
17020	0.075590
42681	0.075594
38174	0.075599
16780	0.075599
12589	0.075608
11192	0.075611
16861	0.075611
12689	0.075613
13664	0.075622
53274	0.075628
46871	0.075631
30438	0.075636
44098	0.075637
50282	0.075642
13313	0.075643
61406	0.075650
37782	0.075651
12160	0.075656
22797	0.075674
21752	0.075675
28882	0.075677
7398	0.075681
25705	0.075694
22822	0.075694
33989	0.075695
20117	0.075698
46305	0.075709
21010	0.075713
43613	0.075716
49503	0.075716
30296	0.075741
14019	0.075744
32943	0.075752
43115	0.075753
26058	0.075754
8827	0.075758
12760	0.075760
14651	0.075764
45025	0.075773
19736	0.075791
10975	0.075799
57260	0.075815
33519	0.075816
47496	0.075818
20618	0.075825
12385	0.075829
12211	0.075830
58635	0.075831
9192	0.075833
17030	0.075856
37724	0.075862
40687	0.075867
14569	0.075879
9122	0.075882
23369	0.075893
16288	0.075900
36889	0.075912
11995	0.075919
32192	0.075928
37813	0.075945
26930	0.075951
50327	0.075951
9124	0.075955
56950	0.075955
11412	0.075960
9868	0.075965
52364	0.075968
29419	0.075969
13254	0.075994
8612	0.076022
41379	0.076023
24781	0.076026
16574	0.076028
30683	0.076028
51380	0.076035
55972	0.076037
14044	0.076040
31501	0.076049
12846	0.076055
19792	0.076067
15196	0.076078
25762	0.076079
12442	0.076086
15788	0.076109
45489	0.076113
15705	0.076122
17131	0.076133
29153	0.076134
10687	0.076138
39066	0.076138
46793	0.076138
14056	0.076152
10356	0.076157
43725	0.076159
9309	0.076172
34053	0.076176
10367	0.076177
20769	0.076177
8571	0.076180
55058	0.076184
14496	0.076191
19359	0.076193
50219	0.076198
14638	0.076199
45943	0.076200
30160	0.076215
12672	0.076216
35655	0.076224
50088	0.076237
15052	0.076242
36253	0.076245
20321	0.076256
35252	0.076257
13668	0.076260
34553	0.076261
49906	0.076284
24561	0.076288
30581	0.076303
33168	0.076309
35335	0.076315
9222	0.076331
23870	0.076339
56275	0.076353
8389	0.076356
7213	0.076360
54618	0.076379
39213	0.076380
22034	0.076395
38785	0.076401
19292	0.076405
35744	0.076408
29346	0.076414
28038	0.076416
43656	0.076428
17049	0.076430
29001	0.076435
45667	0.076435
40745	0.076435
7929	0.076442
47033	0.076450
16230	0.076457
14039	0.076460
27275	0.076465
10496	0.076467
26277	0.076475
24230	0.076478
39587	0.076479
42366	0.076491
34386	0.076508
45927	0.076514
19597	0.076516
38695	0.076516
15838	0.076523
15314	0.076530
30660	0.076532
15315	0.076532
31429	0.076541
57557	0.076542
54164	0.076546
40496	0.076553
55479	0.076558
56227	0.076564
13845	0.076564
15571	0.076573
49967	0.076578
24915	0.076614
60515	0.076617
43854	0.076620
13787	0.076625
17417	0.076629
7607	0.076630
39689	0.076631
12467	0.076634
41705	0.076643
9933	0.076651
28642	0.076653
14543	0.076661
12835	0.076666
61412	0.076670
23867	0.076676
57023	0.076680
28145	0.076681
24937	0.076684
10745	0.076690
37948	0.076691
57045	0.076699
20181	0.076700
51480	0.076708
35262	0.076718
53425	0.076724
40728	0.076727
53692	0.076736
21831	0.076747
16705	0.076747
25676	0.076752
48132	0.076775
44205	0.076776
53239	0.076790
29801	0.076795
30818	0.076799
33558	0.076800
52307	0.076812
42618	0.076831
57133	0.076856
38001	0.076856
47523	0.076873
60940	0.076877
45501	0.076902
42130	0.076906
37228	0.076924
20049	0.076927
53279	0.076928
7667	0.076929
35824	0.076931
14667	0.076937
13353	0.076937
23079	0.076940
53089	0.076954
8202	0.076955
57114	0.076959
27395	0.076980
8701	0.076985
52748	0.076986
33051	0.076996
47350	0.077005
25860	0.077025
37374	0.077028
56063	0.077033
37903	0.077035
13545	0.077037
30648	0.077044
9936	0.077046
29949	0.077050
13943	0.077063
50158	0.077076
47112	0.077077
11534	0.077082
39836	0.077099
28254	0.077106
25631	0.077107
10751	0.077107
7176	0.077123
9694	0.077123
25786	0.077130
19409	0.077155
45016	0.077168
19836	0.077170
21064	0.077171
16439	0.077178
25109	0.077185
27284	0.077197
47820	0.077200
53245	0.077211
50122	0.077226
30527	0.077235
14389	0.077252
23054	0.077263
19927	0.077282
12815	0.077296
21128	0.077301
48205	0.077310
9872	0.077331
40758	0.077337
10756	0.077344
12961	0.077349
40740	0.077355
9280	0.077355
55117	0.077394
8366	0.077402
10849	0.077408
43774	0.077409
8305	0.077422
26482	0.077432
44095	0.077435
35923	0.077436
14419	0.077443
34463	0.077446
39153	0.077452
56176	0.077461
16459	0.077463
52180	0.077474
14441	0.077477
26608	0.077480
13103	0.077480
12970	0.077481
17683	0.077497
36077	0.077510
9723	0.077511
37717	0.077514
23051	0.077521
56706	0.077527
33667	0.077547
25225	0.077555
10321	0.077563
7550	0.077569
23805	0.077571
15349	0.077579
51067	0.077581
24242	0.077582
21405	0.077607
10058	0.077609
7204	0.077620
50297	0.077623
24400	0.077629
53177	0.077653
21494	0.077659
14535	0.077673
43923	0.077676
27218	0.077676
16082	0.077685
41515	0.077703
13898	0.077706
52561	0.077722
14250	0.077727
58346	0.077727
54929	0.077732
30512	0.077751
34056	0.077783
12999	0.077807
14047	0.077820
45110	0.077823
15776	0.077837
14138	0.077838
36735	0.077842
60262	0.077852
17125	0.077858
43372	0.077866
31804	0.077871
16641	0.077876
41055	0.077882
21925	0.077886
9866	0.077894
22211	0.077894
23297	0.077902
55755	0.077904
57082	0.077907
51595	0.077915
25703	0.077919
13206	0.077923
27491	0.077960
13605	0.077968
36985	0.077972
29402	0.077992
31064	0.077994
50005	0.078003
32316	0.078015
50287	0.078017
53869	0.078018
53921	0.078029
44394	0.078035
26554	0.078038
35748	0.078046
52542	0.078073
11441	0.078094
44960	0.078096
15919	0.078099
15837	0.078116
17393	0.078125
41968	0.078136
27254	0.078141
50079	0.078168
23132	0.078170
52195	0.078189
38993	0.078195
56558	0.078206
35379	0.078213
52110	0.078214
8802	0.078222
10365	0.078230
53793	0.078245
41652	0.078249
28350	0.078253
14637	0.078262
48426	0.078269
44539	0.078281
14045	0.078300
34998	0.078308
32985	0.078322
11765	0.078329
40739	0.078334
24461	0.078334
35478	0.078337
56700	0.078340
7206	0.078352
40415	0.078357
37451	0.078357
17182	0.078378
10639	0.078379
10735	0.078380
38988	0.078385
58335	0.078385
17116	0.078393
53498	0.078394
7229	0.078394
53281	0.078406
41758	0.078422
37558	0.078430
7186	0.078443
13096	0.078443
17488	0.078447
11472	0.078448
33509	0.078448
19885	0.078466
29095	0.078473
53081	0.078495
48825	0.078503
31216	0.078549
20786	0.078552
16550	0.078597
19807	0.078597
15382	0.078616
22355	0.078616
58586	0.078617
42598	0.078630
49811	0.078639
38303	0.078665
12783	0.078669
38766	0.078670
12108	0.078671
36010	0.078681
43133	0.078699
22627	0.078705
24563	0.078708
7913	0.078718
37016	0.078725
45817	0.078726
14978	0.078738
45417	0.078747
31911	0.078759
60214	0.078759
14367	0.078759
16049	0.078761
39641	0.078769
42094	0.078784
10326	0.078815
19961	0.078818
28703	0.078833
53466	0.078839
11200	0.078852
14329	0.078857
8173	0.078859
27505	0.078861
45229	0.078865
15062	0.078891
9073	0.078894
11425	0.078909
34436	0.078916
46833	0.078918
40692	0.078933
30436	0.078948
50116	0.078951
13552	0.078974
23049	0.078979
20455	0.078983
30759	0.078985
23391	0.078987
14833	0.078992
17407	0.078997
49533	0.079002
20697	0.079030
35290	0.079033
14948	0.079061
25494	0.079064
17205	0.079067
35973	0.079081
30158	0.079083
47373	0.079085
13765	0.079088
7489	0.079090
24926	0.079102
13296	0.079108
29994	0.079126
12625	0.079127
44659	0.079133
13981	0.079134
28600	0.079138
29758	0.079143
44628	0.079154
41699	0.079160
10544	0.079164
11443	0.079183
39566	0.079188
20753	0.079210
21940	0.079226
11497	0.079238
15694	0.079241
9838	0.079253
56157	0.079265
40943	0.079287
61082	0.079292
29966	0.079296
58181	0.079308
14725	0.079315
47609	0.079323
49909	0.079330
43352	0.079335
9458	0.079373
11561	0.079374
49048	0.079374
37189	0.079382
22290	0.079388
14454	0.079392
15821	0.079394
48435	0.079401
26144	0.079404
53981	0.079406
11828	0.079423
21454	0.079424
11053	0.079431
8554	0.079434
10714	0.079438
45831	0.079439
26643	0.079444
61584	0.079462
28336	0.079464
10208	0.079488
23790	0.079489
41666	0.079499
37024	0.079508
23902	0.079519
10852	0.079531
45423	0.079531
13947	0.079538
16485	0.079541
60237	0.079548
43159	0.079552
13757	0.079552
33974	0.079553
44615	0.079556
46854	0.079566
14664	0.079573
53276	0.079575
17534	0.079600
42912	0.079624
9438	0.079666
20412	0.079680
9827	0.079681
47105	0.079696
13735	0.079699
53209	0.079702
41765	0.079709
44061	0.079733
7886	0.079737
23117	0.079752
46943	0.079758
48557	0.079780
7137	0.079782
38798	0.079805
51276	0.079807
31244	0.079819
9561	0.079821
45795	0.079831
38744	0.079834
22683	0.079839
14627	0.079839
48551	0.079842
30641	0.079848
49429	0.079851
28827	0.079853
30124	0.079861
35249	0.079862
45552	0.079864
13916	0.079865
57425	0.079890
52785	0.079899
7001	0.079911
54657	0.079916
45626	0.079917
32074	0.079923
45420	0.079937
20419	0.079969
33334	0.079977
30942	0.079982
10809	0.080000
57710	0.080000
47951	0.080001
35775	0.080001
16540	0.080011
22511	0.080026
14123	0.080038
39957	0.080045
40749	0.080050
7076	0.080052
8867	0.080060
34074	0.080062
36152	0.080067
24950	0.080089
30812	0.080091
14958	0.080094
12209	0.080108
16116	0.080118
10472	0.080124
54590	0.080129
8608	0.080137
8469	0.080145
29851	0.080153
35978	0.080173
38244	0.080175
40897	0.080177
41586	0.080178
58506	0.080195
26302	0.080207
47505	0.080227
43055	0.080228
41012	0.080243
41965	0.080270
47116	0.080270
41083	0.080279
55441	0.080283
37773	0.080291
28630	0.080292
10578	0.080296
45555	0.080301
16331	0.080307
14303	0.080333
50963	0.080336
13085	0.080338
53439	0.080339
38459	0.080341
25557	0.080346
40815	0.080374
35213	0.080375
15291	0.080380
20184	0.080381
40213	0.080385
33496	0.080387
47920	0.080393
28621	0.080403
51377	0.080409
29820	0.080415
52634	0.080421
26124	0.080441
27290	0.080458
44613	0.080473
13718	0.080473
29127	0.080509
60556	0.080515
27321	0.080523
28043	0.080531
7194	0.080534
16733	0.080536
9753	0.080548
25934	0.080549
28637	0.080584
14433	0.080587
30973	0.080602
54005	0.080604
37875	0.080606
27345	0.080610
43148	0.080613
34357	0.080613
14555	0.080627
24353	0.080628
26651	0.080638
33665	0.080658
32715	0.080662
37981	0.080665
23730	0.080675
14251	0.080701
23197	0.080710
38491	0.080720
28820	0.080725
35209	0.080725
49553	0.080726
22932	0.080729
53973	0.080732
26345	0.080736
47108	0.080750
45498	0.080755
28284	0.080826
32892	0.080827
45301	0.080828
57372	0.080832
19266	0.080835
34345	0.080835
49066	0.080839
7371	0.080843
16292	0.080860
24118	0.080863
10961	0.080866
9762	0.080885
47926	0.080887
48217	0.080887
14225	0.080887
30612	0.080888
50887	0.080921
15787	0.080922
11496	0.080925
8809	0.080937
34158	0.080939
29982	0.080944
52416	0.080946
8454	0.080959
35184	0.080967
47531	0.081004
16899	0.081028
33722	0.081031
26237	0.081032
17482	0.081036
38547	0.081039
55344	0.081044
20895	0.081045
32557	0.081054
15178	0.081064
44011	0.081070
16681	0.081074
15186	0.081093
13466	0.081099
24939	0.081113
13802	0.081115
10718	0.081144
60487	0.081152
54991	0.081162
31000	0.081163
12284	0.081199
47124	0.081238
44656	0.081245
7914	0.081249
10717	0.081256
10919	0.081264
7024	0.081284
54265	0.081293
19453	0.081293
24921	0.081308
10397	0.081315
14965	0.081323
13549	0.081330
17091	0.081344
55204	0.081345
27652	0.081352
19112	0.081357
54034	0.081368
17373	0.081372
47386	0.081375
16790	0.081381
41117	0.081415
29771	0.081422
41010	0.081422
19345	0.081428
7298	0.081440
50917	0.081455
49934	0.081469
38732	0.081507
45455	0.081512
14839	0.081513
13856	0.081514
9505	0.081524
15009	0.081527
20755	0.081528
35830	0.081555
34640	0.081565
25571	0.081577
42083	0.081583
9444	0.081602
26109	0.081606
15778	0.081606
23555	0.081613
11320	0.081628
8873	0.081638
11090	0.081649
48119	0.081649
39984	0.081672
24552	0.081675
50545	0.081685
25564	0.081689
9741	0.081701
37004	0.081706
53108	0.081713
31476	0.081722
52837	0.081743
15438	0.081752
29049	0.081798
41447	0.081801
40427	0.081813
7035	0.081818
54743	0.081836
10810	0.081840
17201	0.081859
12581	0.081875
53275	0.081882
16983	0.081885
45261	0.081886
60446	0.081893
54604	0.081905
14964	0.081931
17398	0.081943
32125	0.081945
15003	0.081978
21642	0.081987
40476	0.081988
55066	0.081994
45219	0.081995
39553	0.081998
32952	0.082017
45224	0.082020
11964	0.082041
44854	0.082041
38789	0.082065
41810	0.082079
31659	0.082081
58953	0.082087
16150	0.082094
42815	0.082113
40744	0.082115
24879	0.082125
46607	0.082137
53262	0.082139
43492	0.082153
23828	0.082158
28708	0.082162
10978	0.082166
13855	0.082171
31117	0.082172
44725	0.082188
19024	0.082191
14518	0.082198
16795	0.082203
36089	0.082229
40103	0.082229
12855	0.082255
12525	0.082255
20496	0.082277
10455	0.082285
10580	0.082297
50772	0.082300
11199	0.082300
42725	0.082304
13534	0.082308
47994	0.082359
10914	0.082369
9555	0.082383
28866	0.082398
51362	0.082402
57937	0.082414
32094	0.082428
47536	0.082453
28278	0.082479
29732	0.082483
41158	0.082486
15917	0.082532
9484	0.082544
10231	0.082546
40727	0.082564
13661	0.082572
26623	0.082594
10248	0.082597
27231	0.082599
17384	0.082614
39447	0.082617
12423	0.082643
42294	0.082650
50160	0.082650
35769	0.082674
12751	0.082689
8247	0.082690
24843	0.082700
54585	0.082707
38771	0.082720
7589	0.082748
54993	0.082761
27884	0.082763
51859	0.082763
49010	0.082771
21247	0.082774
35013	0.082804
37589	0.082811
34545	0.082814
9481	0.082815
12000	0.082831
14016	0.082832
36800	0.082856
52141	0.082858
10681	0.082862
13808	0.082876
26298	0.082877
46058	0.082883
26640	0.082886
25445	0.082903
60471	0.082931
40872	0.082961
40215	0.082968
38561	0.082979
14310	0.083005
31229	0.083020
39464	0.083037
35914	0.083044
13447	0.083061
25371	0.083069
53327	0.083079
42843	0.083114
52910	0.083115
23882	0.083125
29904	0.083128
43503	0.083134
12741	0.083156
38366	0.083176
56607	0.083180
12990	0.083184
14152	0.083227
8581	0.083233
26164	0.083239
54376	0.083264
7961	0.083273
14224	0.083279
13233	0.083301
28824	0.083322
7180	0.083324
12301	0.083324
13262	0.083331
33085	0.083339
19946	0.083354
31143	0.083359
49596	0.083363
56266	0.083400
41513	0.083400
22466	0.083424
11571	0.083434
9320	0.083485
9582	0.083489
53127	0.083490
20971	0.083494
35861	0.083500
34657	0.083502
10905	0.083503
23815	0.083520
19283	0.083520
8082	0.083535
30170	0.083537
13858	0.083537
60212	0.083562
37342	0.083565
49413	0.083583
28851	0.083584
46893	0.083588
55424	0.083588
9654	0.083602
44979	0.083608
31190	0.083614
20529	0.083615
14059	0.083621
18218	0.083652
21090	0.083692
55944	0.083694
14290	0.083697
7850	0.083711
41253	0.083719
13846	0.083728
27338	0.083748
7658	0.083761
13948	0.083773
44559	0.083773
26829	0.083777
22641	0.083798
13627	0.083799
41721	0.083809
22966	0.083813
39440	0.083818
53290	0.083831
16928	0.083837
56073	0.083840
7217	0.083851
13227	0.083873
23997	0.083883
16209	0.083884
35545	0.083899
38383	0.083933
20876	0.083942
53105	0.083945
33970	0.083975
7866	0.083985
56149	0.083990
26101	0.083992
41575	0.083995
13489	0.083999
23281	0.084000
19281	0.084068
16236	0.084079
21150	0.084084
47714	0.084105
11307	0.084111
19672	0.084153
36063	0.084176
50060	0.084186
25771	0.084189
30384	0.084221
9806	0.084222
9570	0.084232
32680	0.084239
28766	0.084239
10087	0.084240
56576	0.084241
7013	0.084246
7909	0.084251
26520	0.084252
20074	0.084256
20313	0.084258
27606	0.084264
16336	0.084282
47764	0.084286
55573	0.084324
7058	0.084325
43417	0.084331
56703	0.084334
11275	0.084335
16291	0.084338
58343	0.084348
23052	0.084352
38723	0.084382
48792	0.084388
56760	0.084391
20256	0.084391
10971	0.084398
26094	0.084399
49294	0.084411
14124	0.084421
40639	0.084424
21937	0.084425
32697	0.084440
54666	0.084453
10713	0.084462
15926	0.084486
21779	0.084497
39703	0.084506
14118	0.084506
57221	0.084522
54768	0.084529
42997	0.084543
31532	0.084569
19029	0.084575
58656	0.084584
15297	0.084649
22518	0.084652
12479	0.084674
35966	0.084711
15998	0.084714
14440	0.084726
53477	0.084729
39779	0.084747
15679	0.084748
58213	0.084766
56421	0.084781
54382	0.084796
24949	0.084802
50367	0.084804
23125	0.084818
13092	0.084823
21966	0.084828
10771	0.084828
39962	0.084853
32502	0.084858
30931	0.084860
13417	0.084860
24933	0.084867
14731	0.084870
38685	0.084872
33233	0.084873
55584	0.084880
28258	0.084905
11180	0.084912
30567	0.084918
10009	0.084939
15629	0.084959
20633	0.084968
20816	0.084980
14028	0.084991
41601	0.084991
11213	0.085007
11201	0.085035
48140	0.085037
6945	0.085042
10642	0.085051
30535	0.085061
53430	0.085070
22856	0.085088
25077	0.085102
9509	0.085105
36378	0.085119
14669	0.085120
52354	0.085213
30358	0.085253
39224	0.085267
9296	0.085277
22993	0.085286
51833	0.085327
7799	0.085327
39444	0.085328
53272	0.085331
53140	0.085341
40979	0.085372
15492	0.085382
27922	0.085398
57972	0.085402
26831	0.085413
38803	0.085421
26503	0.085426
33995	0.085440
38950	0.085480
30674	0.085484
15884	0.085494
19305	0.085497
47375	0.085514
35340	0.085516
52640	0.085520
59132	0.085542
9492	0.085545
12734	0.085619
56486	0.085622
13760	0.085637
12523	0.085642
8960	0.085646
55279	0.085660
36462	0.085678
40433	0.085702
33703	0.085721
61260	0.085722
51643	0.085772
27382	0.085780
34500	0.085798
7868	0.085798
30822	0.085799
43780	0.085818
49154	0.085831
53364	0.085857
28614	0.085890
21775	0.085903
57978	0.085921
61605	0.085943
7996	0.085944
19570	0.085966
21497	0.085972
30834	0.085979
45669	0.085995
44284	0.086027
9796	0.086056
26557	0.086072
39986	0.086078
24286	0.086083
20108	0.086084
29160	0.086090
11271	0.086131
35780	0.086138
21721	0.086146
39283	0.086159
33765	0.086177
7224	0.086178
41658	0.086192
47565	0.086225
14790	0.086300
50710	0.086319
11442	0.086322
48136	0.086359
12367	0.086366
34723	0.086384
42579	0.086394
47042	0.086408
20751	0.086424
13550	0.086424
51683	0.086464
14757	0.086474
25500	0.086480
23875	0.086506
10999	0.086513
9179	0.086599
11769	0.086604
52641	0.086627
55600	0.086662
12657	0.086664
31892	0.086671
40755	0.086682
40485	0.086686
48332	0.086689
57626	0.086697
38914	0.086716
14913	0.086723
16253	0.086730
23750	0.086756
32886	0.086761
42437	0.086776
30201	0.086797
39295	0.086807
46339	0.086860
38337	0.086864
11972	0.086864
35035	0.086866
14255	0.086873
27621	0.086884
29956	0.086894
9022	0.086905
33505	0.086909
15440	0.086925
39252	0.086928
9924	0.086933
10524	0.086934
23624	0.086937
8440	0.086951
43235	0.086972
30461	0.087006
6966	0.087016
51652	0.087024
9797	0.087068
57525	0.087105
15600	0.087121
41585	0.087127
21406	0.087159
44282	0.087169
53078	0.087179
23167	0.087180
8616	0.087181
23503	0.087212
48143	0.087224
8959	0.087227
36615	0.087231
41477	0.087265
10055	0.087266
10488	0.087277
41576	0.087315
53845	0.087322
12862	0.087322
32935	0.087323
22747	0.087327
49616	0.087367
19114	0.087368
54416	0.087371
8878	0.087377
10552	0.087381
33300	0.087404
22122	0.087423
31327	0.087456
54531	0.087475
13660	0.087480
23200	0.087486
13730	0.087499
40812	0.087517
34409	0.087575
11515	0.087589
29283	0.087595
26633	0.087596
36654	0.087609
47606	0.087610
52986	0.087625
36248	0.087644
13079	0.087651
14797	0.087654
50056	0.087662
22828	0.087669
57239	0.087702
47420	0.087723
53285	0.087724
50746	0.087728
31361	0.087738
9360	0.087746
20350	0.087752
13640	0.087756
40929	0.087759
48823	0.087760
36629	0.087765
9542	0.087774
14982	0.087780
8370	0.087811
8352	0.087822
53902	0.087840
19622	0.087843
28008	0.087857
45472	0.087895
31044	0.087909
13553	0.087948
30458	0.087952
50319	0.087956
14247	0.087962
55557	0.087968
23764	0.087981
12789	0.087990
49129	0.088065
13804	0.088065
50504	0.088093
57404	0.088143
38149	0.088160
33929	0.088190
48415	0.088201
28369	0.088205
8728	0.088252
39392	0.088256
9434	0.088263
58597	0.088302
30553	0.088304
52668	0.088374
26780	0.088383
51062	0.088414
41014	0.088421
29596	0.088442
13165	0.088448
13048	0.088462
15352	0.088498
32512	0.088529
47500	0.088533
20630	0.088558
9046	0.088562
38592	0.088572
11258	0.088580
37622	0.088588
8446	0.088593
49240	0.088633
14975	0.088638
23974	0.088672
47675	0.088696
8818	0.088732
49410	0.088748
39493	0.088759
12458	0.088777
27431	0.088797
19995	0.088836
46617	0.088838
11880	0.088842
8287	0.088853
20246	0.088865
52795	0.088882
50942	0.088893
45733	0.088924
17389	0.088929
12933	0.088933
57003	0.088954
38761	0.088968
8613	0.089002
10779	0.089027
28322	0.089033
39973	0.089042
21921	0.089052
22606	0.089053
36475	0.089099
43630	0.089109
48200	0.089113
50641	0.089132
35786	0.089141
8466	0.089152
47037	0.089168
48704	0.089172
38234	0.089195
50180	0.089197
26497	0.089224
33246	0.089233
46665	0.089251
12837	0.089259
13437	0.089279
51022	0.089297
19664	0.089312
58249	0.089320
16327	0.089358
32928	0.089359
22036	0.089370
40180	0.089378
13899	0.089405
44263	0.089420
30602	0.089434
9054	0.089443
28289	0.089456
10872	0.089491
21932	0.089500
14834	0.089501
37035	0.089506
33545	0.089514
51443	0.089545
28995	0.089546
57649	0.089552
19749	0.089569
35955	0.089570
20998	0.089610
12646	0.089611
10113	0.089627
10531	0.089653
32410	0.089682
8591	0.089714
16210	0.089721
51057	0.089749
57482	0.089750
14674	0.089758
11994	0.089802
22106	0.089834
50989	0.089839
35695	0.089843
48767	0.089853
46996	0.089876
16789	0.089882
26543	0.089890
7367	0.089903
48710	0.089993
22707	0.090020
36317	0.090047
21124	0.090082
9185	0.090099
11086	0.090132
55784	0.090142
14905	0.090183
13515	0.090193
61392	0.090216
15016	0.090217
28841	0.090226
37683	0.090227
58104	0.090245
48411	0.090254
8206	0.090274
24750	0.090299
57161	0.090302
15125	0.090306
14025	0.090315
7938	0.090343
28648	0.090346
30575	0.090350
10535	0.090383
12527	0.090409
28103	0.090429
26755	0.090429
48338	0.090445
10818	0.090447
54002	0.090453
49118	0.090472
13743	0.090501
8363	0.090513
58409	0.090546
56560	0.090553
22201	0.090574
14273	0.090574
24752	0.090598
44956	0.090607
23011	0.090626
11589	0.090652
35763	0.090661
12712	0.090680
50378	0.090693
34956	0.090701
47845	0.090710
11802	0.090746
9965	0.090751
47291	0.090844
10053	0.090923
39578	0.090937
53094	0.090941
53540	0.090951
9347	0.090954
44250	0.090955
40655	0.090958
34710	0.091038
7593	0.091051
10715	0.091064
56669	0.091091
10120	0.091115
23725	0.091116
13604	0.091118
10046	0.091139
21061	0.091173
47580	0.091202
56320	0.091217
16086	0.091225
33393	0.091243
9370	0.091260
40699	0.091266
52278	0.091278
31945	0.091283
52867	0.091294
15895	0.091301
25124	0.091327
9228	0.091329
14050	0.091360
12591	0.091381
47225	0.091404
57042	0.091413
37498	0.091454
16991	0.091501
7228	0.091518
19645	0.091531
49937	0.091553
11633	0.091615
16301	0.091617
54467	0.091639
31478	0.091674
16897	0.091688
8566	0.091696
44320	0.091698
23248	0.091700
34202	0.091719
21970	0.091731
27100	0.091746
8527	0.091747
34101	0.091833
15652	0.091844
20466	0.091853
21997	0.091854
14750	0.091863
23737	0.091882
41904	0.091890
56004	0.091951
53119	0.092006
24976	0.092023
40752	0.092087
56992	0.092095
13596	0.092100
49605	0.092104
55845	0.092106
7294	0.092118
34551	0.092123
53734	0.092124
8557	0.092150
38478	0.092166
26098	0.092201
40730	0.092237
24219	0.092286
49498	0.092304
53287	0.092312
16958	0.092349
13692	0.092396
29427	0.092411
21968	0.092529
43481	0.092547
55525	0.092565
7953	0.092571
8792	0.092576
12838	0.092617
54149	0.092638
46623	0.092639
32254	0.092664
46748	0.092680
10743	0.092711
12393	0.092731
48228	0.092741
12434	0.092805
36738	0.092841
37091	0.092849
50753	0.092861
37204	0.092871
33771	0.092875
14621	0.092886
14347	0.092903
34719	0.092918
54280	0.092955
53579	0.092973
8447	0.092974
14150	0.092990
53102	0.093000
12691	0.093051
61152	0.093059
48311	0.093114
7688	0.093118
31050	0.093168
35873	0.093169
22830	0.093189
44532	0.093335
9909	0.093370
30578	0.093374
19938	0.093385
10210	0.093406
44292	0.093443
14513	0.093446
16707	0.093464
38410	0.093467
14279	0.093472
61565	0.093487
50303	0.093517
28302	0.093524
44365	0.093534
13575	0.093601
23690	0.093603
9024	0.093615
15791	0.093676
42345	0.093679
24673	0.093712
25605	0.093745
47161	0.093778
9164	0.093798
17027	0.093803
8250	0.093818
30624	0.093823
51300	0.093830
10571	0.093844
24972	0.093845
15103	0.093857
24432	0.093889
43626	0.094067
24397	0.094067
7130	0.094075
39666	0.094096
12112	0.094110
35857	0.094113
37126	0.094240
43506	0.094241
12074	0.094275
32116	0.094279
12614	0.094328
15597	0.094333
30810	0.094397
23127	0.094402
58354	0.094413
14724	0.094490
19117	0.094499
12569	0.094508
42824	0.094510
28309	0.094630
10235	0.094653
36084	0.094660
13641	0.094678
9862	0.094691
27222	0.094696
32406	0.094716
12752	0.094724
10688	0.094864
41356	0.094947
35173	0.094955
11277	0.094958
55628	0.094973
56772	0.094995
44546	0.095008
14577	0.095011
9143	0.095029
13609	0.095036
50994	0.095089
41001	0.095101
47027	0.095129
42333	0.095151
15673	0.095171
49355	0.095201
21499	0.095210
15622	0.095251
11458	0.095281
25463	0.095314
31379	0.095380
14801	0.095443
26965	0.095465
10453	0.095481
23899	0.095532
23754	0.095563
45792	0.095563
43545	0.095583
36726	0.095604
45105	0.095605
16270	0.095720
12003	0.095740
38172	0.095778
49926	0.095779
31586	0.095834
8443	0.095856
7114	0.095870
21696	0.095911
11406	0.095948
43497	0.095975
46207	0.096040
31061	0.096057
28890	0.096061
51213	0.096080
58466	0.096096
60155	0.096112
25543	0.096114
47277	0.096159
7281	0.096212
13196	0.096212
23234	0.096218
54159	0.096246
24759	0.096263
55903	0.096312
21236	0.096312
7598	0.096317
7884	0.096343
8346	0.096413
29092	0.096471
46253	0.096490
48129	0.096505
33038	0.096524
14127	0.096544
8916	0.096566
10839	0.096573
11360	0.096588
35134	0.096593
9023	0.096624
25829	0.096653
37302	0.096719
24171	0.096744
42978	0.096770
56602	0.096797
9190	0.096871
12104	0.096887
60474	0.096921
40729	0.096936
35688	0.096962
15685	0.096972
21624	0.097028
19600	0.097053
11080	0.097054
22763	0.097058
7823	0.097075
31775	0.097078
29286	0.097134
33794	0.097201
47613	0.097258
32569	0.097291
55004	0.097318
32686	0.097349
40678	0.097350
35220	0.097360
20635	0.097379
58589	0.097388
30559	0.097395
57036	0.097411
36048	0.097417
57947	0.097433
50091	0.097476
15465	0.097543
15287	0.097561
54330	0.097582
25723	0.097600
42729	0.097609
43543	0.097612
60255	0.097641
57276	0.097642
49674	0.097690
58114	0.097758
27097	0.097776
11805	0.097807
33861	0.097811
51445	0.097828
36245	0.097831
40768	0.097870
24513	0.097916
42927	0.097955
49915	0.098009
13961	0.098026
13467	0.098057
12927	0.098068
55471	0.098069
57195	0.098082
47646	0.098086
36457	0.098087
30374	0.098090
15452	0.098102
37918	0.098107
37155	0.098109
48834	0.098166
52772	0.098196
9441	0.098227
47958	0.098304
58218	0.098343
16299	0.098386
44108	0.098432
49664	0.098491
37093	0.098525
53881	0.098549
44295	0.098587
61015	0.098601
14563	0.098606
61671	0.098611
31081	0.098691
8453	0.098735
16180	0.098746
45549	0.098748
15405	0.098778
47489	0.098817
21877	0.098907
11635	0.098940
28237	0.098964
10434	0.099005
14748	0.099038
31180	0.099052
53206	0.099105
27429	0.099184
49690	0.099210
30857	0.099231
28343	0.099277
50351	0.099299
24497	0.099316
8326	0.099365
61370	0.099371
30893	0.099492
22574	0.099511
13639	0.099528
13712	0.099535
55980	0.099588
58111	0.099620
14765	0.099659
49029	0.099669
13436	0.099715
58451	0.099743
52361	0.099751
49912	0.099763
16115	0.099781
17503	0.099783
15951	0.099797
9217	0.099804
37088	0.099831
39049	0.099995
13560	0.100024
61301	0.100111
12213	0.100135
21630	0.100221
60676	0.100233
12814	0.100240
50582	0.100304
7225	0.100320
24156	0.100350
12900	0.100380
42879	0.100416
21532	0.100437
26108	0.100456
53432	0.100475
44950	0.100476
26377	0.100506
31855	0.100572
32665	0.100634
54947	0.100699
14108	0.100712
13589	0.100742
14562	0.100745
47964	0.100751
47815	0.100758
15497	0.100765
29225	0.100792
13336	0.100818
22510	0.100821
11830	0.100822
15707	0.100846
7892	0.100847
16391	0.100881
11819	0.100907
57609	0.100929
9257	0.100930
11986	0.100942
15882	0.100963
55572	0.101060
15939	0.101063
50285	0.101126
13295	0.101172
51407	0.101194
14976	0.101225
14660	0.101252
36370	0.101290
33501	0.101291
15338	0.101303
24416	0.101316
32399	0.101352
41615	0.101384
46908	0.101433
14794	0.101442
8142	0.101445
52751	0.101464
15477	0.101489
8412	0.101495
40359	0.101497
12895	0.101521
16080	0.101613
10912	0.101616
48167	0.101622
12917	0.101632
17327	0.101635
16959	0.101640
21916	0.101662
21093	0.101662
36452	0.101676
47889	0.101715
7214	0.101759
60796	0.101848
8863	0.101868
14855	0.101878
29012	0.101893
7370	0.101966
14663	0.101970
45006	0.101975
53099	0.101979
15495	0.102005
12771	0.102026
28244	0.102028
21511	0.102046
13669	0.102066
48864	0.102104
56589	0.102105
30597	0.102166
7261	0.102208
15632	0.102271
19950	0.102272
15758	0.102302
49920	0.102314
16305	0.102354
14565	0.102436
40689	0.102485
39654	0.102504
26683	0.102509
44962	0.102517
9244	0.102545
49075	0.102556
15305	0.102562
13985	0.102568
38902	0.102604
55586	0.102610
11670	0.102616
28332	0.102638
20336	0.102643
31176	0.102675
32720	0.102690
15311	0.102741
28275	0.102798
14792	0.102805
9305	0.102812
8054	0.102819
12133	0.102867
23057	0.102889
10677	0.102891
41620	0.102946
45022	0.102950
9107	0.102969
16455	0.102994
14077	0.103005
58131	0.103006
41591	0.103025
55369	0.103089
14682	0.103142
15442	0.103161
9493	0.103162
11278	0.103171
13999	0.103172
13651	0.103175
27624	0.103198
60299	0.103205
11795	0.103256
13722	0.103313
43117	0.103346
30227	0.103359
14837	0.103365
11469	0.103444
9270	0.103452
33867	0.103458
7107	0.103472
54399	0.103592
56074	0.103596
31288	0.103646
15085	0.103698
14416	0.103706
43765	0.103761
11404	0.103804
13366	0.103811
13791	0.103838
31468	0.103842
15395	0.103842
56583	0.103927
9159	0.103985
14323	0.104009
19458	0.104029
15372	0.104052
19668	0.104081
28251	0.104100
20868	0.104169
38755	0.104179
49602	0.104195
49762	0.104230
52368	0.104238
6908	0.104240
16264	0.104240
30706	0.104282
40754	0.104293
10410	0.104317
14269	0.104366
20615	0.104372
49047	0.104377
44914	0.104382
15364	0.104398
11323	0.104417
11535	0.104441
8395	0.104445
23240	0.104459
52046	0.104477
15718	0.104528
28901	0.104529
44065	0.104539
10249	0.104622
23895	0.104735
42137	0.104743
25900	0.104773
21522	0.104774
38620	0.104784
34643	0.104791
54541	0.104819
44129	0.104840
13278	0.104861
13475	0.104891
15935	0.104923
42833	0.104925
46124	0.104955
35216	0.104957
16160	0.104989
15143	0.105004
49448	0.105040
15698	0.105073
38568	0.105090
40441	0.105091
21408	0.105110
35714	0.105134
44125	0.105151
12013	0.105168
14670	0.105207
28077	0.105239
35189	0.105284
12092	0.105317
55408	0.105346
23115	0.105369
10229	0.105372
21912	0.105386
49624	0.105389
57868	0.105418
12001	0.105460
56749	0.105462
9968	0.105485
44219	0.105492
14186	0.105514
48315	0.105527
9485	0.105530
8617	0.105542
43330	0.105549
26761	0.105568
44317	0.105611
31365	0.105633
30600	0.105652
14640	0.105658
8378	0.105681
13623	0.105688
11470	0.105689
45923	0.105734
21546	0.105738
20360	0.105879
52554	0.105924
6987	0.105926
14437	0.105950
9929	0.105967
22172	0.105987
14300	0.106047
47824	0.106056
15920	0.106145
23655	0.106169
29300	0.106181
7007	0.106199
44261	0.106234
24516	0.106262
15737	0.106265
14564	0.106285
6989	0.106326
34425	0.106382
50185	0.106418
29396	0.106424
30606	0.106436
7568	0.106522
12016	0.106698
33599	0.106729
35002	0.106764
32110	0.106896
15682	0.106916
28676	0.106934
6931	0.106934
46977	0.107015
38997	0.107043
19054	0.107052
44077	0.107054
19369	0.107056
8600	0.107062
32589	0.107063
19348	0.107078
47833	0.107173
8656	0.107174
10299	0.107175
20802	0.107183
13225	0.107187
44067	0.107231
12995	0.107244
30839	0.107286
25742	0.107293
11181	0.107299
33768	0.107360
14229	0.107377
19812	0.107381
7516	0.107387
15819	0.107437
12457	0.107476
52706	0.107521
44241	0.107527
32258	0.107539
9800	0.107548
13097	0.107552
45460	0.107602
56594	0.107643
50031	0.107716
35320	0.107757
16892	0.107783
7994	0.107805
53863	0.107814
40757	0.107817
56708	0.107841
48496	0.107977
44953	0.107986
50051	0.107992
55817	0.108029
35801	0.108041
15889	0.108042
26826	0.108058
51807	0.108139
37748	0.108145
50074	0.108294
42556	0.108369
19629	0.108427
42014	0.108447
28990	0.108512
51792	0.108557
53165	0.108630
15379	0.108631
48786	0.108688
32071	0.108692
39876	0.108711
52848	0.108762
7861	0.108766
47748	0.108786
55900	0.108788
13877	0.108859
24991	0.108877
21462	0.108879
57797	0.108948
14196	0.109021
28139	0.109061
58229	0.109062
45822	0.109090
43524	0.109090
12513	0.109174
43912	0.109211
14596	0.109224
20450	0.109241
28239	0.109263
57158	0.109283
33058	0.109353
25713	0.109422
10662	0.109425
9930	0.109449
31372	0.109457
25621	0.109467
50459	0.109536
41510	0.109540
43615	0.109603
50095	0.109759
24942	0.109809
13231	0.109853
10130	0.109867
54320	0.109907
8377	0.109914
11744	0.109934
23756	0.109961
32069	0.110027
13614	0.110044
23084	0.110077
10774	0.110100
43335	0.110122
13766	0.110166
14394	0.110205
10399	0.110206
12899	0.110215
14876	0.110243
58093	0.110249
15187	0.110250
20641	0.110275
58073	0.110306
52626	0.110321
13965	0.110415
49711	0.110435
22713	0.110540
7837	0.110555
37208	0.110576
12963	0.110601
26962	0.110647
47759	0.110788
25339	0.110820
52683	0.110866
7302	0.110868
11015	0.110898
12004	0.110919
11988	0.110922
33165	0.110930
14997	0.110931
48648	0.110944
8790	0.110958
26678	0.110979
10569	0.111031
11957	0.111151
47960	0.111175
11009	0.111191
9293	0.111292
14395	0.111305
36046	0.111311
28016	0.111322
54396	0.111336
41161	0.111390
42786	0.111416
8692	0.111428
57591	0.111441
12015	0.111546
12371	0.111643
9525	0.111684
42828	0.111687
12669	0.111782
14453	0.111797
7590	0.111814
7025	0.111872
44238	0.111941
10313	0.111955
43989	0.112032
41663	0.112112
12901	0.112144
48044	0.112157
33171	0.112180
24615	0.112205
42830	0.112252
33003	0.112281
39070	0.112305
26339	0.112358
32727	0.112404
47452	0.112465
25768	0.112488
10658	0.112510
12641	0.112521
24930	0.112631
14741	0.112693
6972	0.112758
13052	0.112850
13993	0.112876
14810	0.112883
6977	0.112912
15307	0.112998
21524	0.113035
44047	0.113043
57052	0.113052
27541	0.113069
30789	0.113112
8958	0.113135
15696	0.113152
13468	0.113221
7018	0.113239
7303	0.113242
12746	0.113257
12381	0.113312
15887	0.113388
45132	0.113389
7004	0.113431
15406	0.113503
27560	0.113506
37117	0.113512
46668	0.113580
45095	0.113641
15295	0.113642
37063	0.113690
11999	0.113692
35312	0.113695
14838	0.113712
14668	0.113821
11536	0.113833
19237	0.113839
25040	0.113884
12745	0.113951
10927	0.113969
57635	0.113999
22756	0.114041
13597	0.114058
9857	0.114070
41598	0.114072
7551	0.114079
8252	0.114091
51824	0.114155
44967	0.114168
56439	0.114207
11108	0.114257
7003	0.114381
52819	0.114398
28072	0.114456
20119	0.114505
16621	0.114517
12363	0.114524
11089	0.114587
30622	0.114609
14434	0.114626
7009	0.114687
32860	0.114697
24988	0.114722
25905	0.114755
34948	0.114829
6981	0.114829
11016	0.114852
55834	0.114861
30189	0.114871
57012	0.114885
8317	0.114891
28982	0.114913
45622	0.114917
39989	0.115066
33612	0.115087
41605	0.115092
17171	0.115146
12205	0.115192
28738	0.115195
46434	0.115252
11351	0.115346
14094	0.115409
51394	0.115501
25834	0.115519
8791	0.115530
7581	0.115556
32531	0.115586
9339	0.115657
40110	0.115715
29445	0.115749
7945	0.115813
7010	0.115863
19058	0.115865
13203	0.115899
7037	0.115900
39091	0.115910
29765	0.115984
12731	0.116040
7019	0.116061
7220	0.116069
38266	0.116077
53923	0.116126
7757	0.116220
21999	0.116235
6983	0.116236
48354	0.116252
12002	0.116309
19529	0.116321
24510	0.116356
37988	0.116465
30907	0.116490
20043	0.116545
43568	0.116568
8666	0.116573
39099	0.116634
16211	0.116639
9142	0.116641
44294	0.116723
9986	0.116728
38046	0.116753
7077	0.116779
44064	0.116821
41588	0.116877
12769	0.116929
56715	0.116965
15104	0.116975
9870	0.116979
13352	0.117039
49692	0.117088
15675	0.117128
33882	0.117177
30476	0.117186
30808	0.117191
42134	0.117206
11617	0.117228
10096	0.117245
58595	0.117247
30533	0.117272
42820	0.117356
27433	0.117390
43763	0.117401
10026	0.117563
26941	0.117622
30866	0.117642
24642	0.117662
8864	0.117666
56840	0.117775
53917	0.117783
52203	0.117804
12136	0.117928
12391	0.117936
21047	0.117960
53911	0.117978
13420	0.118005
14970	0.118085
52853	0.118093
14052	0.118255
10092	0.118267
58403	0.118292
38502	0.118306
11993	0.118308
11772	0.118339
41951	0.118385
46137	0.118407
14791	0.118432
42032	0.118496
6999	0.118500
21475	0.118534
27152	0.118577
43819	0.118615
10858	0.118653
42044	0.118702
46567	0.118736
44445	0.118758
8507	0.118775
10760	0.118820
58401	0.118871
7005	0.119014
19499	0.119034
43501	0.119135
10088	0.119211
12730	0.119214
15592	0.119266
51288	0.119401
7325	0.119405
50356	0.119406
31862	0.119418
16235	0.119420
13224	0.119475
16068	0.119485
35314	0.119490
50100	0.119516
8869	0.119540
35757	0.119562
39195	0.119576
44732	0.119626
7724	0.119628
61522	0.119653
10974	0.119672
14614	0.119722
14029	0.119746
26185	0.119794
46527	0.119823
16367	0.119830
23306	0.119915
7934	0.119934
46101	0.119976
33303	0.119988
14885	0.119998
48349	0.120037
40031	0.120108
12030	0.120171
29008	0.120171
44381	0.120171
61280	0.120171
61549	0.120171
6974	0.120179
14818	0.120242
48078	0.120275
49610	0.120295
13027	0.120498
53582	0.120510
7031	0.120543
53909	0.120551
12822	0.120555
50322	0.120609
31986	0.120638
12012	0.120683
29255	0.120693
52371	0.120700
21024	0.120716
53446	0.120718
15136	0.120719
8335	0.120719
10171	0.120730
15744	0.120736
12902	0.120741
53524	0.120746
27554	0.120752
12252	0.120798
30479	0.120826
11393	0.120838
13195	0.120866
26062	0.120867
56888	0.120907
30976	0.120933
16326	0.120966
23744	0.120970
7671	0.120971
41625	0.121046
55829	0.121093
20584	0.121124
15511	0.121152
15288	0.121204
14430	0.121340
57285	0.121418
26390	0.121429
38999	0.121437
8994	0.121512
7028	0.121536
9071	0.121550
36145	0.121563
13546	0.121574
25141	0.121608
52452	0.121628
10262	0.121671
10932	0.121679
38670	0.121680
42107	0.121724
11315	0.121735
44322	0.121737
12409	0.121806
31616	0.121810
23042	0.121820
16034	0.121841
10119	0.121873
10398	0.121891
56190	0.121917
12920	0.121931
13435	0.121971
8982	0.122045
26000	0.122078
15843	0.122124
10565	0.122148
46507	0.122169
21302	0.122176
15627	0.122190
24289	0.122199
30717	0.122199
47653	0.122229
37650	0.122235
15506	0.122240
19677	0.122257
8787	0.122288
46520	0.122607
8614	0.122640
8449	0.122666
7022	0.122674
46772	0.122731
51737	0.122869
54096	0.122912
8620	0.122958
22988	0.122968
47853	0.123007
6973	0.123031
42770	0.123073
12432	0.123119
13302	0.123133
16335	0.123144
22554	0.123209
7000	0.123224
34438	0.123369
12610	0.123398
47788	0.123520
37492	0.123525
13620	0.123529
21529	0.123548
7006	0.123572
49789	0.123599
7036	0.123646
12444	0.123648
10559	0.123790
9799	0.123801
9804	0.123892
50109	0.123920
10764	0.123926
15293	0.124022
7853	0.124079
9338	0.124089
8332	0.124091
15334	0.124114
27441	0.124159
39975	0.124232
15290	0.124263
7020	0.124377
6934	0.124388
11809	0.124475
50454	0.124494
49098	0.124601
7079	0.124620
15437	0.124662
49639	0.124762
55089	0.124773
13431	0.124867
31916	0.124944
12210	0.124969
7546	0.124984
31873	0.125004
57231	0.125019
36905	0.125072
15309	0.125079
7600	0.125087
6984	0.125232
23638	0.125253
15407	0.125256
12009	0.125258
7631	0.125303
9898	0.125304
15740	0.125304
7158	0.125378
37199	0.125409
19804	0.125668
45174	0.125690
13595	0.125732
26917	0.125759
7008	0.125794
49452	0.125890
9802	0.125912
26928	0.125951
40128	0.126023
51048	0.126097
50280	0.126185
12748	0.126274
7039	0.126293
12468	0.126300
7191	0.126382
45758	0.126480
16088	0.126528
26082	0.126588
13419	0.126618
41649	0.126814
57567	0.126861
9113	0.126912
41644	0.126943
51590	0.126960
11833	0.126963
7962	0.126979
10269	0.127069
10561	0.127141
12008	0.127178
46298	0.127249
31868	0.127264
33321	0.127369
48281	0.127371
15197	0.127428
15070	0.127500
10750	0.127516
12757	0.127517
47976	0.127531
40469	0.127635
33326	0.127685
12011	0.127691
33976	0.127699
48319	0.127733
11566	0.127743
13874	0.127764
44240	0.127812
26030	0.127827
10816	0.127842
26129	0.127843
17098	0.127869
41435	0.127890
25950	0.127997
13210	0.128013
12832	0.128167
39365	0.128175
24149	0.128276
9153	0.128277
14431	0.128287
30921	0.128296
15390	0.128300
37672	0.128328
26025	0.128334
6986	0.128372
46924	0.128386
44313	0.128427
15695	0.128434
11413	0.128512
39063	0.128800
13600	0.128803
7997	0.128829
9969	0.128914
6982	0.128943
7498	0.129032
13523	0.129039
44299	0.129067
8722	0.129177
16125	0.129219
6994	0.129260
15593	0.129265
35791	0.129295
53283	0.129481
9556	0.129501
14131	0.129602
57076	0.129748
10555	0.129782
39169	0.129810
15549	0.129846
12017	0.129848
22569	0.129891
43531	0.130000
7927	0.130046
30820	0.130088
27426	0.130131
42336	0.130132
7023	0.130358
12823	0.130370
15807	0.130390
16289	0.130412
7026	0.130415
34348	0.130441
15397	0.130447
11990	0.130529
11971	0.130642
28015	0.130707
11399	0.130714
8106	0.130730
25795	0.130731
8017	0.130735
6991	0.130887
57774	0.130930
7905	0.130975
44259	0.131040
55681	0.131073
58189	0.131113
44433	0.131143
20590	0.131273
45989	0.131286
26585	0.131415
13598	0.131506
48344	0.131536
37487	0.131614
28151	0.131633
24831	0.131688
16078	0.131752
55289	0.131760
30204	0.131783
15855	0.131809
37489	0.131823
32638	0.131889
10980	0.131976
7125	0.131987
38010	0.132013
47611	0.132016
14484	0.132062
35154	0.132108
35203	0.132174
10707	0.132261
41845	0.132452
10162	0.132587
55287	0.132613
7016	0.132646
8338	0.132673
16864	0.132833
48993	0.132917
9160	0.133012
8319	0.133078
13643	0.133131
6980	0.133209
31038	0.133242
8893	0.133288
52455	0.133410
43552	0.133497
12006	0.133511
7014	0.133527
15552	0.133569
27519	0.133687
16690	0.133747
40951	0.133869
49418	0.133888
9805	0.133931
12724	0.134015
9334	0.134262
40018	0.134475
12903	0.134522
30569	0.134599
36652	0.134648
6992	0.134664
14219	0.134760
12609	0.134784
9938	0.134802
25157	0.134821
10093	0.134865
15631	0.134894
7032	0.135016
23346	0.135026
51268	0.135082
56781	0.135490
52857	0.135586
12747	0.135723
36957	0.135777
50764	0.135777
39461	0.135810
9155	0.135825
54969	0.135881
13279	0.136166
41519	0.136186
12911	0.136236
15509	0.136246
13361	0.136344
13001	0.136369
14643	0.136375
50369	0.136447
15839	0.136700
47626	0.136814
20798	0.136853
17165	0.136873
13823	0.136973
46998	0.137101
7210	0.137181
29762	0.137192
13662	0.137199
43546	0.137294
54826	0.137398
27497	0.137472
16858	0.137529
6979	0.137752
28217	0.137766
9352	0.137933
50189	0.137935
15672	0.138020
26042	0.138034
12571	0.138042
25538	0.138046
16839	0.138102
10765	0.138115
49415	0.138129
36242	0.138357
15731	0.138386
14623	0.138552
38421	0.138567
11992	0.138616
55588	0.138729
15282	0.138763
48906	0.138782
9111	0.138799
31139	0.138960
6997	0.139069
24814	0.139210
35159	0.139319
7021	0.139477
56614	0.139496
46354	0.139511
10121	0.139515
48052	0.139566
43677	0.139591
17168	0.139620
12612	0.139912
15393	0.139914
7300	0.139927
56435	0.139935
16212	0.139978
55774	0.140029
27428	0.140071
8851	0.140178
52584	0.140193
9176	0.140196
13073	0.140224
14644	0.140294
51624	0.140333
29768	0.140444
38873	0.140541
17207	0.140573
16341	0.140585
48366	0.140592
28848	0.140606
31219	0.140703
13030	0.140789
39175	0.140837
40959	0.140853
26833	0.140861
36216	0.140910
7030	0.141013
30548	0.141094
34937	0.141101
36685	0.141223
52794	0.141250
26010	0.141292
49773	0.141303
9407	0.141323
31156	0.141529
13521	0.141698
9337	0.141739
15656	0.141773
16100	0.141893
43679	0.141906
12141	0.141940
14048	0.141989
14786	0.142066
8889	0.142131
21434	0.142211
23351	0.142226
15396	0.142271
10525	0.142361
10772	0.142481
8895	0.142613
8500	0.142885
48272	0.142971
41228	0.142988
12007	0.143068
30299	0.143140
15658	0.143470
16744	0.143498
24584	0.143500
50101	0.143503
51815	0.143552
43633	0.143581
17006	0.143720
41641	0.143921
30066	0.144083
10059	0.144181
51734	0.144465
27408	0.144506
8336	0.144606
29062	0.144728
33157	0.144751
25243	0.144821
26020	0.144831
43466	0.144891
9199	0.144893
40227	0.144908
12116	0.144915
13603	0.144917
13556	0.144961
7143	0.144968
11989	0.144982
58107	0.144996
6971	0.145013
41563	0.145219
14907	0.145222
11549	0.145267
19941	0.145314
15441	0.145340
13490	0.145353
10598	0.145400
15394	0.145480
55963	0.145498
16221	0.145636
13259	0.145640
26392	0.145640
17073	0.145751
10449	0.145855
44217	0.145859
21628	0.145923
12175	0.145986
14514	0.146014
23278	0.146167
14934	0.146302
11558	0.146313
14605	0.146492
17246	0.146575
12723	0.146652
33948	0.146670
15806	0.146695
35247	0.146795
36683	0.146922
7576	0.147019
19503	0.147165
30491	0.147190
58648	0.147250
15504	0.147310
15388	0.147405
38139	0.147462
13626	0.147580
20474	0.147699
13962	0.147700
15391	0.147818
47465	0.148024
9094	0.148175
48274	0.148293
15053	0.148392
8797	0.148653
8473	0.148801
35528	0.148816
14197	0.148832
48278	0.148859
8891	0.148919
8896	0.149100
56872	0.149116
32613	0.149289
28159	0.149319
9189	0.149462
25585	0.149472
52664	0.149540
8468	0.149629
20476	0.149657
7115	0.149692
10347	0.149693
17100	0.149771
56075	0.149794
57017	0.149857
38702	0.149904
12165	0.150109
44310	0.150113
15444	0.150135
30832	0.150138
7824	0.150141
11214	0.150229
10792	0.150266
40525	0.150267
37909	0.150301
26044	0.150412
30982	0.150513
40390	0.150554
13249	0.150930
9668	0.150934
48360	0.151005
40388	0.151035
7240	0.151036
32476	0.151173
39601	0.151181
12214	0.151298
15398	0.151337
14457	0.151395
15594	0.151410
35759	0.151463
56609	0.151588
16978	0.151639
15423	0.151694
52592	0.151724
13667	0.151774
23326	0.152169
40977	0.152216
13621	0.152298
13138	0.152427
40486	0.152439
20821	0.152443
35811	0.152531
35392	0.152590
33332	0.152650
24619	0.152769
17103	0.152942
21229	0.153071
7027	0.153077
11446	0.153088
6990	0.153448
33173	0.153506
10373	0.153603
30572	0.153638
6975	0.153646
51398	0.153646
11402	0.153912
54777	0.153943
7575	0.154000
15700	0.154042
49765	0.154089
11987	0.154185
11401	0.154232
40506	0.154293
48740	0.154327
16852	0.154429
24889	0.154461
26811	0.154528
21233	0.154558
14398	0.154748
6976	0.154801
46337	0.154907
38780	0.154937
15292	0.154959
23494	0.155022
55780	0.155127
12820	0.155225
15436	0.155232
8323	0.155249
56942	0.155281
55415	0.155915
51897	0.155987
45651	0.156058
40224	0.156232
14277	0.156301
12604	0.156360
33984	0.156434
45744	0.156444
26341	0.156513
57029	0.156827
49101	0.156891
53182	0.157125
34440	0.157435
46326	0.157498
17188	0.157597
25550	0.157956
8156	0.158182
12608	0.158288
7690	0.158344
46323	0.158345
36162	0.158456
38870	0.158500
43641	0.158614
16271	0.158692
14613	0.159008
10823	0.159115
47972	0.159154
58086	0.159233
10388	0.159241
49272	0.159350
7859	0.159375
12733	0.159656
17102	0.159748
25866	0.159959
23309	0.160200
17046	0.160267
40522	0.160285
12951	0.160443
12174	0.160658
17285	0.160795
54729	0.160810
10570	0.161021
51810	0.161232
10545	0.161308
47004	0.161333
28905	0.161339
13543	0.161480
14619	0.161601
44530	0.161688
44545	0.161749
15933	0.162002
50157	0.162013
44522	0.162069
39959	0.162274
15907	0.162288
15310	0.162385
11220	0.162403
6985	0.162444
6939	0.162472
58626	0.162843
21509	0.162880
48112	0.163170
44265	0.163300
42040	0.163318
13396	0.163390
40971	0.163546
9074	0.163676
9128	0.163697
10066	0.164082
13812	0.164262
12285	0.164368
40367	0.164544
9844	0.164559
10220	0.164566
23146	0.165215
11963	0.165631
45777	0.165901
12852	0.166147
10441	0.166281
28979	0.166298
11991	0.166395
15789	0.166585
9662	0.166719
15289	0.166900
11316	0.166919
39992	0.167154
14639	0.167173
14607	0.167507
51829	0.167580
13229	0.167623
6998	0.167637
13728	0.167988
40973	0.168069
7002	0.168237
9157	0.168242
23336	0.168277
8502	0.168298
47010	0.168374
41716	0.168416
50657	0.168802
8570	0.168837
25568	0.168924
42465	0.168977
48263	0.169008
14884	0.169085
40520	0.169087
9584	0.169165
12521	0.169674
14662	0.170132
22539	0.170927
36262	0.170943
25955	0.171259
11738	0.171319
13136	0.171356
51179	0.171541
36267	0.171604
46777	0.171734
34116	0.171888
24521	0.172140
7618	0.172297
52799	0.172696
46955	0.173007
12370	0.173352
6967	0.173737
34112	0.173867
16999	0.173909
51392	0.173976
17114	0.174045
13924	0.174315
41612	0.175082
11345	0.175223
9465	0.175295
11825	0.175300
8021	0.175306
54201	0.175367
36264	0.175405
57939	0.175721
43108	0.175788
23322	0.175913
15570	0.176415
11831	0.176758
40220	0.177121
10917	0.177128
8808	0.177451
11663	0.177509
50120	0.177621
8793	0.177692
55575	0.177813
56605	0.177864
31901	0.177883
25525	0.177884
34130	0.178209
25566	0.178221
13721	0.178229
55406	0.178502
15854	0.178587
11737	0.178785
15728	0.179966
22540	0.180138
15354	0.180181
16184	0.180328
7907	0.180679
55467	0.180771
11483	0.180965
56603	0.181077
12651	0.181094
14653	0.181315
12106	0.181413
52044	0.181499
56612	0.181562
13228	0.181569
56626	0.181644
25580	0.181749
17502	0.181763
57857	0.181989
19110	0.182172
30273	0.182198
7514	0.182328
15727	0.182511
11998	0.182846
46300	0.183123
25960	0.183397
27608	0.183504
7141	0.183582
22185	0.183608
26794	0.183781
8258	0.183979
8866	0.184348
22069	0.184559
43534	0.184697
14309	0.184947
14969	0.184994
28911	0.185008
60524	0.185419
14085	0.185451
14624	0.185610
13875	0.185655
46308	0.186000
46393	0.186269
10657	0.187338
39230	0.187356
36252	0.187420
16084	0.187789
23382	0.188160
9682	0.188175
16774	0.188519
9316	0.189193
10682	0.189553
23710	0.189719
11084	0.189872
13350	0.189940
25962	0.190105
12679	0.190200
14622	0.190309
21312	0.190321
16772	0.190384
13770	0.190440
11662	0.190594
25599	0.190927
40953	0.191009
31849	0.191193
17244	0.191518
48448	0.191749
17283	0.192119
7766	0.192631
39670	0.192684
43565	0.192927
25569	0.193362
44965	0.193438
51172	0.193516
30284	0.193618
24884	0.193990
25953	0.194250
13056	0.194765
16124	0.195205
8575	0.195530
15454	0.196378
14194	0.196493
56624	0.196903
6910	0.196981
51290	0.197361
14027	0.197403
13316	0.198244
21692	0.198603
34107	0.198627
17499	0.198838
34119	0.199459
47006	0.199944
25802	0.201258
30529	0.202087
11094	0.203061
9335	0.203774
31012	0.203932
53770	0.204222
10560	0.204409
31948	0.204486
15888	0.204763
44229	0.205741
15602	0.205838
9852	0.206501
10469	0.207108
23341	0.208153
55579	0.209976
11664	0.210077
10572	0.211089
9249	0.211211
33153	0.211563
44208	0.212480
13011	0.213014
40961	0.213273
22537	0.213427
12629	0.213957
48876	0.214628
33944	0.215063
21478	0.215772
8246	0.216150
33876	0.217746
10808	0.221937
30620	0.222007
11787	0.222686
10020	0.223013
14117	0.223076
12254	0.225766
22566	0.225815
11380	0.227862
30971	0.227910
9901	0.228022
33525	0.228537
15299	0.228620
13087	0.228818
34802	0.231172
12579	0.233290
14239	0.236104
9708	0.237150
46593	0.237600
58550	0.240797
43167	0.245956
15881	0.247362
8462	0.249648
22576	0.253881
13480	0.255969
12394	0.256659
13557	0.257330
14463	0.259781
13088	0.264583
12130	0.268898
13960	0.276430
14017	0.279263
13024	0.279526
9072	0.280262
22572	0.282866
15399	0.286246
44216	0.289992
40753	0.293117
11838	0.295647
44242	0.306105
10704	0.306378
6944	0.309583
11477	0.310236
20479	0.315595
38867	0.320502
53253	0.326499
24727	0.326895
55778	0.330633
35194	0.335147
16079	0.339956
14018	0.352992
15601	0.393929
53695	0.395904
15369	0.412473
12395	0.479185
44244	0.489409
38614	0.508563
8284	0.524397
15936	0.557377
11875	0.568575
19176	0.607975
27023	0.619709
44934	0.620484
30211	0.621589
8740	0.632555
9879	0.634395
11552	0.634908
12750	0.635567
7923	0.636770
55679	0.636866
50049	0.637424
48634	0.637685
49549	0.637692
15960	0.637759
22963	0.637782
11543	0.638024
12171	0.638404
42904	0.638546
8964	0.638713
51994	0.638716
33553	0.638761
32826	0.639069
27877	0.639444
23439	0.639559
37412	0.639580
11381	0.639676
42036	0.639993
9859	0.640530
8887	0.640621
23693	0.641026
57379	0.641200
12656	0.641253
23466	0.641506
44833	0.641605
30379	0.641614
20926	0.641809
20889	0.642071
53351	0.642211
54670	0.642360
38663	0.642833
9047	0.642841
50516	0.643259
9332	0.643392
24765	0.643750
44611	0.644165
15116	0.644225
39968	0.645699
8270	0.646042
33020	0.646098
38012	0.646981
43165	0.647155
35431	0.647292
19386	0.647305
10315	0.647313
37524	0.647909
23453	0.648018
15063	0.648057
13319	0.648086
41524	0.648314
26402	0.648382
55631	0.648454
38168	0.648748
11979	0.648937
46717	0.649513
14476	0.650278
14589	0.650738
45077	0.650955
8580	0.651374
11071	0.652135
43864	0.652431
51458	0.652536
21147	0.652823
11500	0.653075
28108	0.653276
9826	0.653533
14285	0.653805
21538	0.653981
13257	0.654099
34443	0.654218
13133	0.654354
36471	0.654692
11074	0.654870
8265	0.655113
13379	0.655535
56382	0.655774
34706	0.656214
14628	0.656536
33113	0.656632
11107	0.657322
44596	0.657549
53891	0.657922
16361	0.657948
9776	0.658042
38639	0.658258
25100	0.658297
10239	0.658575
33530	0.658604
13304	0.658675
43746	0.658797
49890	0.659164
7358	0.660523
7081	0.660591
12494	0.661012
53173	0.661243
48515	0.661520
33538	0.661767
39172	0.662394
13558	0.662794
26819	0.662823
11462	0.663129
46149	0.663305
36443	0.663422
42664	0.663986
31924	0.664145
13039	0.664159
49889	0.664179
36032	0.664817
38793	0.665309
14022	0.665336
14280	0.665517
22391	0.666068
15208	0.666678
37522	0.666822
34715	0.666832
25103	0.667115
47468	0.667131
23231	0.667275
16076	0.668201
34542	0.668257
56500	0.668593
57032	0.669591
13123	0.669794
30627	0.670263
45781	0.671236
53313	0.671294
34729	0.671335
37048	0.673569
38616	0.673663
7011	0.673966
10392	0.674287
16213	0.674745
8289	0.674965
34920	0.675291
13488	0.675601
6969	0.676962
12183	0.678562
50959	0.679046
40222	0.679917
30207	0.681680
28673	0.682550
9892	0.683175
14126	0.686708
23474	0.687637
23357	0.687870
11499	0.688199
27495	0.688516
11205	0.688979
25577	0.689132
52850	0.689214
11615	0.689685
28382	0.689801
16127	0.691049
44874	0.691233
12487	0.692209
6996	0.692972
9581	0.694397
13987	0.694861
7033	0.696507
13072	0.700782
7017	0.700978
7721	0.701453
30797	0.702247
33449	0.703187
6970	0.705102
7012	0.705286
6995	0.706601
14665	0.706664
10016	0.707524
28879	0.708030
6993	0.708355
11832	0.710933
14699	0.711523
6965	0.713382
20773	0.716057
7034	0.716428
6978	0.719691
15192	0.727657
9565	0.728642
14195	0.729172
13362	0.733629
11968	0.740376
15298	0.748665
13416	0.790254
11064	0.862978
10503	0.909842
22929	1.000000
