17316	0.000000
25260	0.000000
20388	0.002250
7972	0.002515
61147	0.002575
21576	0.002677
11590	0.002865
22059	0.002865
12511	0.002891
42545	0.002891
61422	0.003187
60602	0.003244
7890	0.003340
61273	0.003386
16427	0.003577
7703	0.003594
7706	0.003594
46593	0.003596
52584	0.003606
26768	0.003626
49529	0.003626
52001	0.003696
41326	0.003696
37700	0.003737
61624	0.003816
61462	0.003836
24420	0.003894
10503	0.003925
15885	0.003929
10158	0.003956
8529	0.003967
46852	0.003969
61488	0.003983
11128	0.003993
9749	0.004020
42690	0.004079
12912	0.004126
7871	0.004141
61578	0.004176
16135	0.004189
61063	0.004197
12212	0.004199
57358	0.004199
60898	0.004199
137745	0.004212
8204	0.004272
9245	0.004272
38438	0.004290
28951	0.004297
30348	0.004323
46078	0.004327
38467	0.004340
37560	0.004375
68235	0.004388
36637	0.004393
21345	0.004395
30084	0.004395
14990	0.004410
11270	0.004418
15683	0.004418
38493	0.004430
55362	0.004439
21226	0.004462
46182	0.004462
11586	0.004472
60724	0.004472
61038	0.004472
16484	0.004486
15799	0.004494
61620	0.004552
61530	0.004601
36833	0.004640
50373	0.004640
17051	0.004653
22138	0.004687
36037	0.004705
60769	0.004705
19758	0.004723
36817	0.004728
59642	0.004728
14386	0.004733
50669	0.004741
27953	0.004758
48041	0.004762
16238	0.004763
13586	0.004764
60491	0.004775
125393	0.004775
15898	0.004779
23942	0.004787
15092	0.004822
28022	0.004830
34791	0.004837
40173	0.004839
10182	0.004858
48667	0.004869
42321	0.004869
44640	0.004872
58387	0.004872
47057	0.004896
47727	0.004899
28005	0.004911
16348	0.004912
16365	0.004916
8098	0.004916
8559	0.004917
16996	0.004928
43189	0.004928
44549	0.004928
49140	0.004934
81075	0.004937
7685	0.004938
61044	0.004943
52534	0.004956
44665	0.004968
138018	0.004971
61241	0.004971
35269	0.004982
13863	0.004984
21340	0.004989
52987	0.004989
46287	0.004992
56229	0.004996
8411	0.004996
27742	0.004998
55744	0.004999
61282	0.005001
48020	0.005004
9785	0.005007
13937	0.005016
27851	0.005024
27715	0.005025
27852	0.005030
14012	0.005031
17498	0.005036
16673	0.005040
125422	0.005043
60167	0.005046
9241	0.005046
50758	0.005049
61430	0.005049
46959	0.005052
39734	0.005054
60743	0.005054
40510	0.005057
60636	0.005057
11236	0.005059
125362	0.005072
14266	0.005078
60248	0.005078
38898	0.005080
16176	0.005087
61174	0.005088
7388	0.005088
13270	0.005092
46886	0.005092
8964	0.005092
10721	0.005092
56207	0.005094
13219	0.005106
7131	0.005112
7332	0.005120
8782	0.005122
59264	0.005124
46068	0.005130
8484	0.005139
11279	0.005149
9713	0.005154
61394	0.005157
40987	0.005165
50057	0.005169
17156	0.005173
14716	0.005180
60892	0.005184
11983	0.005186
11868	0.005187
26649	0.005193
15566	0.005193
138008	0.005200
53414	0.005200
14130	0.005201
13402	0.005203
8037	0.005205
48520	0.005207
33688	0.005216
57257	0.005216
59092	0.005216
60192	0.005216
53294	0.005221
57291	0.005221
9644	0.005222
43948	0.005231
11209	0.005234
46652	0.005238
46654	0.005238
13051	0.005242
16201	0.005243
60961	0.005244
60607	0.005244
7190	0.005244
125765	0.005246
137908	0.005246
63349	0.005246
27023	0.005253
27894	0.005253
51015	0.005253
61536	0.005254
31275	0.005257
61062	0.005257
23304	0.005261
53599	0.005262
38261	0.005268
21457	0.005271
51195	0.005271
60890	0.005271
61042	0.005271
61646	0.005271
20551	0.005271
47651	0.005271
46136	0.005272
43146	0.005279
61420	0.005279
61575	0.005280
9645	0.005280
26315	0.005282
22318	0.005288
53514	0.005291
49276	0.005295
60999	0.005295
61122	0.005295
57818	0.005296
55667	0.005301
32977	0.005301
42539	0.005308
52164	0.005317
60380	0.005317
27764	0.005323
27776	0.005323
9005	0.005323
22450	0.005324
38450	0.005329
48988	0.005337
60795	0.005340
37506	0.005345
54103	0.005347
54106	0.005347
9508	0.005351
10354	0.005351
60840	0.005353
40911	0.005353
9188	0.005355
58766	0.005356
48564	0.005363
52241	0.005363
16850	0.005366
40435	0.005373
61355	0.005374
7707	0.005374
25625	0.005379
32517	0.005379
60654	0.005379
60963	0.005379
61529	0.005381
45144	0.005387
51236	0.005388
8028	0.005388
35418	0.005390
46407	0.005391
24361	0.005391
61399	0.005393
43553	0.005404
60241	0.005404
9982	0.005404
61498	0.005406
60279	0.005411
35501	0.005412
11403	0.005419
61645	0.005425
46494	0.005425
8245	0.005429
10505	0.005432
61334	0.005432
61361	0.005432
61505	0.005432
11539	0.005433
16716	0.005434
48240	0.005434
52993	0.005434
60351	0.005434
60493	0.005434
9063	0.005434
9178	0.005434
13864	0.005434
21144	0.005434
22246	0.005434
9018	0.005450
9528	0.005451
22048	0.005451
52170	0.005453
45059	0.005453
12873	0.005458
13071	0.005458
49526	0.005458
38442	0.005458
61227	0.005465
15115	0.005465
13673	0.005467
12534	0.005467
25917	0.005467
60527	0.005470
9684	0.005482
56837	0.005488
39371	0.005492
13906	0.005495
61078	0.005496
54480	0.005502
58047	0.005505
35109	0.005505
9389	0.005506
40334	0.005510
14547	0.005515
60846	0.005515
26782	0.005516
24075	0.005516
32155	0.005516
54875	0.005516
61389	0.005516
61459	0.005516
16817	0.005523
22286	0.005523
41955	0.005524
55807	0.005531
9006	0.005536
27640	0.005541
34785	0.005541
46651	0.005547
55050	0.005547
32761	0.005548
9977	0.005549
16138	0.005556
25685	0.005556
56141	0.005556
40085	0.005569
60768	0.005573
38076	0.005579
61502	0.005579
17520	0.005584
61128	0.005590
16862	0.005591
40601	0.005591
60560	0.005591
60481	0.005592
61325	0.005597
23367	0.005599
61594	0.005608
57098	0.005609
57312	0.005611
137975	0.005614
10245	0.005620
45952	0.005620
61405	0.005620
60427	0.005621
36850	0.005622
26177	0.005626
61257	0.005630
47615	0.005636
61204	0.005636
7473	0.005636
11291	0.005637
14927	0.005651
14335	0.005669
61289	0.005669
8758	0.005672
19818	0.005672
51790	0.005675
35941	0.005678
14488	0.005680
53930	0.005682
22352	0.005683
27758	0.005684
52227	0.005690
60844	0.005690
60332	0.005702
15825	0.005705
60505	0.005712
36562	0.005713
54911	0.005713
61472	0.005713
89438	0.005713
51346	0.005716
16569	0.005716
31255	0.005716
32788	0.005716
36564	0.005716
53026	0.005718
21205	0.005719
31187	0.005719
7330	0.005719
42259	0.005721
16675	0.005726
61101	0.005731
14957	0.005735
7385	0.005735
8592	0.005740
37453	0.005742
12576	0.005746
10238	0.005749
20969	0.005749
7152	0.005754
61408	0.005757
37703	0.005768
60782	0.005775
61115	0.005775
23862	0.005775
44825	0.005778
19277	0.005783
60322	0.005785
13028	0.005793
33652	0.005793
13291	0.005800
52484	0.005802
37690	0.005802
43018	0.005807
22587	0.005807
24670	0.005815
61538	0.005819
16189	0.005819
10726	0.005824
36303	0.005827
60121	0.005830
47047	0.005831
51210	0.005836
53595	0.005836
60353	0.005839
13637	0.005841
60365	0.005842
16600	0.005845
14383	0.005846
47341	0.005848
24347	0.005857
61150	0.005858
10011	0.005859
15401	0.005863
17047	0.005863
9814	0.005869
14760	0.005875
12680	0.005880
34006	0.005880
58928	0.005880
60173	0.005880
9439	0.005880
51349	0.005882
34834	0.005885
45913	0.005886
39822	0.005886
45289	0.005886
85687	0.005886
10433	0.005886
34538	0.005887
60754	0.005889
11977	0.005890
60958	0.005895
42633	0.005899
28400	0.005904
10820	0.005913
30370	0.005916
13974	0.005916
38330	0.005919
16895	0.005920
61079	0.005923
51150	0.005926
60150	0.005928
26077	0.005931
45292	0.005934
50903	0.005937
61033	0.005942
61106	0.005942
50926	0.005946
71563	0.005946
12592	0.005949
23100	0.005949
25280	0.005949
32174	0.005949
45280	0.005949
52697	0.005949
7549	0.005951
11421	0.005952
60534	0.005952
15093	0.005956
17356	0.005956
26404	0.005956
44327	0.005956
49539	0.005956
34341	0.005958
53950	0.005961
52449	0.005963
60811	0.005967
12255	0.005972
61665	0.005975
54252	0.005975
46597	0.005976
7694	0.005977
53782	0.005980
55659	0.005980
40138	0.005981
27873	0.005990
61064	0.005996
36853	0.005997
22248	0.005998
22936	0.005998
16592	0.005999
29224	0.005999
61165	0.005999
9167	0.006005
60630	0.006006
61250	0.006009
23414	0.006010
57305	0.006016
61616	0.006017
14961	0.006027
14288	0.006029
26712	0.006030
61600	0.006041
60897	0.006046
50446	0.006047
10125	0.006050
60894	0.006055
61190	0.006056
51175	0.006058
45332	0.006062
58435	0.006063
12805	0.006064
60906	0.006066
61219	0.006069
16242	0.006074
16283	0.006088
60422	0.006091
9950	0.006091
7544	0.006094
8232	0.006097
60158	0.006098
13386	0.006101
35722	0.006101
19507	0.006101
16605	0.006105
10631	0.006106
28722	0.006108
9318	0.006110
15420	0.006115
60486	0.006124
36603	0.006125
9911	0.006131
7876	0.006132
12272	0.006132
9025	0.006137
33997	0.006145
16133	0.006146
60998	0.006148
60855	0.006158
57375	0.006161
26723	0.006165
61407	0.006167
49507	0.006180
11024	0.006181
12096	0.006183
7700	0.006184
51514	0.006185
9967	0.006185
10841	0.006189
61419	0.006189
41916	0.006195
60127	0.006199
16767	0.006200
20016	0.006200
23274	0.006200
33130	0.006200
35357	0.006200
61563	0.006200
57419	0.006204
61160	0.006211
50310	0.006211
8376	0.006213
61094	0.006215
30315	0.006217
32990	0.006220
58601	0.006220
13879	0.006220
53259	0.006223
33328	0.006224
13166	0.006225
27869	0.006228
43700	0.006235
25220	0.006238
35910	0.006238
59821	0.006238
60146	0.006239
60875	0.006239
25065	0.006239
32841	0.006243
50480	0.006243
49965	0.006248
20788	0.006248
51728	0.006248
27904	0.006252
19081	0.006255
84649	0.006256
11872	0.006264
7397	0.006265
45692	0.006266
39455	0.006267
55665	0.006270
39683	0.006273
49549	0.006273
39651	0.006274
16051	0.006276
60151	0.006283
60011	0.006284
61437	0.006284
32988	0.006285
26617	0.006291
8495	0.006293
45139	0.006294
46889	0.006298
46974	0.006298
60244	0.006298
40047	0.006300
58292	0.006300
51017	0.006300
41909	0.006301
44969	0.006301
60063	0.006301
60346	0.006301
52285	0.006303
16666	0.006305
48935	0.006305
137895	0.006306
40239	0.006307
23269	0.006311
43008	0.006312
34504	0.006314
60281	0.006314
7202	0.006315
9966	0.006320
36849	0.006321
61218	0.006321
10817	0.006326
17334	0.006328
61278	0.006328
60498	0.006332
58920	0.006333
27589	0.006333
17001	0.006335
60843	0.006335
8515	0.006336
26742	0.006336
60837	0.006338
137660	0.006341
27436	0.006341
50761	0.006345
31235	0.006345
58264	0.006345
8590	0.006345
27678	0.006345
52424	0.006347
58902	0.006352
9487	0.006358
13801	0.006359
39534	0.006359
56272	0.006361
60319	0.006364
12698	0.006365
19357	0.006365
58909	0.006365
41428	0.006373
31226	0.006373
13457	0.006382
27782	0.006382
36912	0.006382
8587	0.006385
14847	0.006388
34573	0.006393
12624	0.006397
23371	0.006399
14442	0.006399
31958	0.006399
8175	0.006400
37405	0.006401
29123	0.006401
60879	0.006402
21790	0.006405
42612	0.006408
41375	0.006408
11674	0.006412
60263	0.006412
30962	0.006412
12989	0.006413
12798	0.006415
9536	0.006415
8597	0.006419
17304	0.006424
16263	0.006426
17021	0.006432
52968	0.006432
16353	0.006436
20702	0.006437
23547	0.006439
24639	0.006439
56108	0.006440
40050	0.006442
7695	0.006443
57737	0.006445
22455	0.006445
47093	0.006446
61452	0.006448
60129	0.006448
42668	0.006452
55932	0.006453
25991	0.006453
40251	0.006454
9184	0.006455
16329	0.006456
61532	0.006456
11124	0.006461
61281	0.006464
61442	0.006464
14836	0.006469
56969	0.006472
60592	0.006476
61540	0.006476
61611	0.006480
21016	0.006482
8817	0.006483
61036	0.006483
43739	0.006484
19213	0.006487
22504	0.006487
12037	0.006488
17042	0.006490
53041	0.006491
22165	0.006492
10542	0.006492
57256	0.006493
8046	0.006495
10131	0.006499
58412	0.006500
53339	0.006501
11438	0.006502
47308	0.006502
50703	0.006506
33413	0.006507
40062	0.006508
52893	0.006509
17271	0.006510
47807	0.006510
54313	0.006511
40454	0.006519
43062	0.006519
46682	0.006520
46695	0.006523
9455	0.006524
11281	0.006528
48155	0.006529
12647	0.006529
8150	0.006531
38552	0.006532
31259	0.006532
11099	0.006534
27722	0.006538
32158	0.006538
32395	0.006538
36577	0.006538
13268	0.006547
29874	0.006547
52715	0.006548
8685	0.006548
7922	0.006554
36688	0.006555
53627	0.006555
60926	0.006555
8090	0.006557
10005	0.006557
61132	0.006563
38979	0.006563
84674	0.006565
14892	0.006567
53550	0.006567
16565	0.006572
21867	0.006578
58632	0.006579
16782	0.006580
40823	0.006581
30168	0.006581
32941	0.006582
39817	0.006582
16877	0.006585
52263	0.006588
43001	0.006588
44934	0.006588
37288	0.006590
12975	0.006590
8033	0.006593
38067	0.006594
27712	0.006594
17223	0.006597
60144	0.006599
37518	0.006601
26749	0.006606
13628	0.006610
23386	0.006610
61554	0.006610
8632	0.006610
35388	0.006613
60928	0.006615
61514	0.006616
7321	0.006617
57380	0.006617
27889	0.006619
47387	0.006619
12264	0.006620
9858	0.006623
20380	0.006624
47062	0.006626
21607	0.006626
21993	0.006626
27478	0.006626
8740	0.006629
55563	0.006630
9226	0.006632
30183	0.006633
7698	0.006637
61477	0.006640
14404	0.006640
12145	0.006648
51335	0.006652
17507	0.006656
61171	0.006656
34033	0.006660
14567	0.006660
11385	0.006663
26262	0.006664
8739	0.006665
54536	0.006671
16629	0.006674
15858	0.006674
12779	0.006677
14185	0.006677
74152	0.006680
60918	0.006681
23416	0.006682
61164	0.006690
34474	0.006692
53941	0.006693
17396	0.006696
55499	0.006697
9659	0.006697
14995	0.006697
31997	0.006700
58956	0.006700
32709	0.006703
38321	0.006704
16809	0.006704
17363	0.006705
53043	0.006708
53189	0.006708
61354	0.006711
7342	0.006711
60633	0.006713
48568	0.006715
54314	0.006716
39916	0.006718
60858	0.006720
57289	0.006721
50364	0.006722
34986	0.006726
43057	0.006728
60518	0.006730
51096	0.006730
16871	0.006730
60261	0.006730
46622	0.006732
48018	0.006733
49616	0.006733
43184	0.006737
39521	0.006739
60711	0.006741
11646	0.006741
11808	0.006743
53125	0.006746
16832	0.006748
46888	0.006748
53770	0.006748
49382	0.006749
57522	0.006750
8125	0.006752
13798	0.006756
45563	0.006757
54008	0.006757
9231	0.006758
23721	0.006758
30067	0.006758
49123	0.006762
50045	0.006764
51473	0.006764
14815	0.006765
13635	0.006765
61339	0.006766
11317	0.006769
35534	0.006772
48270	0.006774
15091	0.006774
12886	0.006776
11452	0.006778
41439	0.006779
61368	0.006779
23513	0.006781
30433	0.006781
33178	0.006781
43986	0.006781
44703	0.006781
15944	0.006783
54026	0.006785
17215	0.006786
20270	0.006788
22182	0.006790
61025	0.006791
25821	0.006794
60944	0.006795
29227	0.006797
61296	0.006799
16606	0.006801
56637	0.006802
37401	0.006802
12777	0.006805
53521	0.006807
43944	0.006808
57745	0.006808
19080	0.006809
58432	0.006809
60872	0.006809
61026	0.006809
9323	0.006809
36879	0.006811
54891	0.006817
60600	0.006819
125828	0.006819
46210	0.006819
47655	0.006820
11137	0.006821
48844	0.006821
60864	0.006821
13631	0.006824
52405	0.006824
13936	0.006825
37907	0.006828
37058	0.006829
27967	0.006829
10317	0.006831
10638	0.006836
41031	0.006842
29084	0.006844
27500	0.006844
10998	0.006846
61052	0.006850
10964	0.006851
27971	0.006857
10497	0.006859
61306	0.006861
46882	0.006862
9743	0.006863
8621	0.006863
46919	0.006864
61199	0.006866
10241	0.006866
42774	0.006869
60713	0.006870
42600	0.006870
41246	0.006876
20135	0.006876
12364	0.006877
15859	0.006878
60977	0.006881
29986	0.006882
20201	0.006886
60931	0.006887
51372	0.006888
56111	0.006888
11734	0.006889
26354	0.006889
61378	0.006889
50372	0.006894
60710	0.006895
43361	0.006895
11640	0.006897
23914	0.006899
31023	0.006903
9707	0.006904
38445	0.006906
116820	0.006907
125366	0.006907
125720	0.006907
21446	0.006907
33999	0.006907
34000	0.006907
34003	0.006907
34004	0.006907
45146	0.006907
60298	0.006907
60500	0.006907
60544	0.006907
61011	0.006907
89461	0.006907
49014	0.006914
16887	0.006918
49995	0.006919
27839	0.006921
38555	0.006922
59997	0.006924
20122	0.006924
33390	0.006925
30127	0.006925
58128	0.006928
19156	0.006928
40983	0.006928
39731	0.006929
40285	0.006929
60740	0.006929
10327	0.006931
55934	0.006931
10148	0.006934
47473	0.006935
7226	0.006936
60224	0.006939
48080	0.006940
24113	0.006941
30003	0.006943
13866	0.006946
19931	0.006947
8237	0.006947
49988	0.006949
24686	0.006954
14974	0.006955
42946	0.006956
60586	0.006958
137900	0.006961
137901	0.006961
52440	0.006962
52980	0.006963
45089	0.006963
22530	0.006964
61189	0.006964
46177	0.006964
57407	0.006965
24166	0.006966
38549	0.006966
15750	0.006967
53214	0.006972
47799	0.006973
11332	0.006977
13220	0.006978
60991	0.006981
22146	0.006981
47719	0.006983
50817	0.006984
36362	0.006986
12972	0.006986
23411	0.006986
35997	0.006989
14689	0.006991
25187	0.006993
52394	0.006995
46486	0.006995
31183	0.006997
12532	0.006997
45812	0.006999
11984	0.006999
54389	0.007004
61239	0.007005
14785	0.007005
14777	0.007009
56397	0.007009
14779	0.007009
8532	0.007009
19215	0.007012
54644	0.007015
13849	0.007017
23423	0.007018
25415	0.007018
27532	0.007019
21177	0.007019
60196	0.007019
15421	0.007020
10970	0.007020
13542	0.007021
21051	0.007027
48389	0.007027
33471	0.007027
9148	0.007029
27960	0.007029
59021	0.007029
51608	0.007031
42194	0.007036
50044	0.007039
42554	0.007040
61500	0.007040
52042	0.007044
16416	0.007045
85203	0.007045
60749	0.007046
27910	0.007049
7255	0.007050
31310	0.007052
16969	0.007054
46927	0.007057
8122	0.007057
61372	0.007061
8543	0.007063
44564	0.007066
34397	0.007069
45127	0.007071
53029	0.007072
58267	0.007073
60370	0.007074
54271	0.007074
45861	0.007075
17452	0.007077
34637	0.007078
31600	0.007078
16665	0.007080
51840	0.007081
43192	0.007084
47660	0.007084
23482	0.007089
11267	0.007093
41796	0.007093
12726	0.007100
22308	0.007103
60589	0.007103
17339	0.007105
33916	0.007110
20515	0.007112
46257	0.007113
15058	0.007115
34024	0.007117
60929	0.007117
61051	0.007117
61129	0.007117
7852	0.007117
37871	0.007118
46941	0.007118
61601	0.007120
14541	0.007122
26259	0.007122
60565	0.007125
30497	0.007125
58006	0.007127
41123	0.007131
33312	0.007134
19313	0.007134
11659	0.007134
49374	0.007137
56821	0.007137
26242	0.007139
9963	0.007143
52732	0.007143
53323	0.007143
45217	0.007144
33207	0.007145
7989	0.007145
13486	0.007145
51082	0.007148
25378	0.007151
32385	0.007155
47631	0.007156
60246	0.007156
7738	0.007156
46066	0.007158
8172	0.007159
24959	0.007161
34259	0.007165
60970	0.007166
36633	0.007166
27800	0.007171
50448	0.007171
13110	0.007174
37476	0.007175
39934	0.007175
37884	0.007181
39443	0.007182
45538	0.007184
137899	0.007187
60596	0.007190
60303	0.007192
14869	0.007193
22396	0.007193
10513	0.007197
19799	0.007202
59161	0.007203
19351	0.007204
60513	0.007206
60658	0.007206
9531	0.007207
17412	0.007210
54205	0.007211
46201	0.007211
35938	0.007212
43223	0.007212
49491	0.007212
16336	0.007213
12573	0.007215
15089	0.007217
16853	0.007217
25469	0.007217
34755	0.007217
40764	0.007217
8757	0.007217
47347	0.007219
10925	0.007220
56187	0.007221
27912	0.007222
52701	0.007223
56534	0.007223
16232	0.007224
22105	0.007225
23982	0.007226
16038	0.007230
58446	0.007230
58859	0.007234
38564	0.007236
41932	0.007236
30069	0.007239
55393	0.007239
42594	0.007242
29169	0.007244
37080	0.007244
48577	0.007245
49464	0.007245
19074	0.007246
19120	0.007248
50679	0.007249
8588	0.007249
32023	0.007253
16174	0.007254
37444	0.007255
15824	0.007258
48643	0.007258
7639	0.007260
61659	0.007261
38102	0.007263
61256	0.007263
53939	0.007266
54636	0.007266
43575	0.007269
30364	0.007269
21087	0.007274
22772	0.007275
61211	0.007278
33240	0.007279
8593	0.007279
36677	0.007280
42094	0.007280
55803	0.007281
61039	0.007284
40013	0.007288
30153	0.007289
60530	0.007290
45884	0.007290
36843	0.007290
27021	0.007296
24907	0.007299
7087	0.007299
16215	0.007300
8304	0.007300
60194	0.007302
16246	0.007306
31268	0.007306
9278	0.007308
30488	0.007309
16945	0.007309
61534	0.007310
61379	0.007311
13754	0.007313
12439	0.007315
44769	0.007319
56357	0.007319
13847	0.007321
36763	0.007326
52671	0.007327
45995	0.007327
60570	0.007328
10564	0.007329
8580	0.007329
51649	0.007332
16457	0.007333
14542	0.007335
41033	0.007338
60243	0.007339
54720	0.007340
55559	0.007340
28935	0.007341
8126	0.007342
54146	0.007344
51799	0.007344
9328	0.007344
37514	0.007346
58658	0.007348
19391	0.007351
11126	0.007354
61375	0.007354
8060	0.007354
7069	0.007355
14571	0.007358
14531	0.007358
50284	0.007359
7933	0.007361
16319	0.007362
42073	0.007363
13269	0.007367
10057	0.007368
138102	0.007373
60761	0.007373
14545	0.007373
10236	0.007374
49829	0.007375
9294	0.007375
56762	0.007379
15958	0.007380
47407	0.007380
56312	0.007381
61571	0.007382
32800	0.007382
40026	0.007383
60807	0.007384
31679	0.007385
32790	0.007385
125365	0.007385
32650	0.007388
52679	0.007389
22253	0.007393
54521	0.007394
39963	0.007394
11613	0.007395
61085	0.007395
7096	0.007395
15545	0.007402
61158	0.007402
41882	0.007406
12645	0.007406
61317	0.007406
70286	0.007406
19013	0.007407
45950	0.007407
24126	0.007408
61008	0.007410
14981	0.007411
37641	0.007411
19464	0.007411
15770	0.007412
48971	0.007412
75382	0.007412
46999	0.007415
39850	0.007418
50519	0.007418
49375	0.007419
60585	0.007420
56591	0.007421
34002	0.007421
57843	0.007423
61136	0.007427
9158	0.007433
30231	0.007436
37278	0.007437
58282	0.007439
58365	0.007439
43742	0.007440
61613	0.007440
60862	0.007442
51794	0.007442
57306	0.007442
46697	0.007443
14009	0.007444
44551	0.007446
34903	0.007448
39882	0.007448
49986	0.007453
15157	0.007454
55292	0.007455
13005	0.007456
47597	0.007457
50493	0.007461
56211	0.007462
36324	0.007462
22726	0.007465
10583	0.007466
61049	0.007468
18099	0.007469
10928	0.007472
36840	0.007472
7400	0.007475
32572	0.007477
58287	0.007477
20276	0.007478
29797	0.007479
10789	0.007479
8690	0.007479
61332	0.007480
37099	0.007481
7923	0.007482
16658	0.007483
48290	0.007483
21703	0.007485
45529	0.007487
39736	0.007487
85307	0.007487
10003	0.007488
15038	0.007488
16618	0.007490
38545	0.007492
39228	0.007493
8999	0.007494
41792	0.007494
43915	0.007495
31570	0.007495
10471	0.007496
9037	0.007496
49573	0.007498
40579	0.007498
38977	0.007500
9838	0.007501
14875	0.007503
21558	0.007503
30040	0.007503
39247	0.007503
40704	0.007503
52476	0.007503
56144	0.007503
58434	0.007503
60138	0.007503
61034	0.007503
52698	0.007505
36864	0.007506
57138	0.007509
54570	0.007512
20149	0.007513
32927	0.007517
16619	0.007520
49317	0.007522
32830	0.007526
23183	0.007528
25733	0.007528
19373	0.007531
60756	0.007531
50829	0.007532
17512	0.007532
21852	0.007532
23405	0.007532
50309	0.007532
72958	0.007534
8205	0.007534
13199	0.007535
16376	0.007536
34536	0.007536
7345	0.007537
16553	0.007537
54141	0.007537
49129	0.007538
14901	0.007541
16941	0.007542
53516	0.007543
60610	0.007544
40517	0.007544
26745	0.007545
57845	0.007548
32691	0.007549
46625	0.007550
61240	0.007550
33142	0.007551
38499	0.007552
8110	0.007556
61071	0.007557
30474	0.007557
60503	0.007559
22199	0.007561
60957	0.007562
10724	0.007562
60584	0.007563
52438	0.007563
54178	0.007565
61397	0.007565
29998	0.007566
10103	0.007566
27930	0.007566
40067	0.007566
43639	0.007566
60385	0.007566
21120	0.007567
20813	0.007568
60495	0.007570
25037	0.007571
12217	0.007573
52089	0.007574
46733	0.007577
60320	0.007578
61009	0.007578
61263	0.007578
61338	0.007579
12542	0.007580
49993	0.007581
33863	0.007582
11358	0.007582
60181	0.007584
24568	0.007584
14344	0.007587
19019	0.007588
43254	0.007589
22176	0.007590
12169	0.007591
19176	0.007592
26487	0.007592
22901	0.007592
61551	0.007592
46845	0.007593
41431	0.007595
60863	0.007596
37289	0.007596
48890	0.007596
11131	0.007597
47294	0.007597
50542	0.007597
8096	0.007597
22324	0.007598
37194	0.007598
23909	0.007601
27246	0.007605
16322	0.007605
58444	0.007607
8850	0.007607
60941	0.007608
61299	0.007609
7788	0.007609
23855	0.007611
43422	0.007611
11344	0.007612
61638	0.007613
53307	0.007613
12682	0.007614
51238	0.007617
39369	0.007619
52253	0.007620
44879	0.007621
52435	0.007623
44398	0.007625
7777	0.007625
55824	0.007627
12597	0.007627
16015	0.007628
40880	0.007628
49436	0.007629
60257	0.007629
19268	0.007629
24644	0.007629
9224	0.007631
49495	0.007631
34786	0.007634
41531	0.007634
12107	0.007634
22298	0.007634
14548	0.007635
42985	0.007636
28957	0.007641
34034	0.007642
61010	0.007642
94375	0.007642
49662	0.007642
57808	0.007644
45032	0.007645
8653	0.007645
52324	0.007646
8903	0.007646
26628	0.007647
8546	0.007650
44968	0.007651
8985	0.007651
24610	0.007651
39789	0.007653
37460	0.007653
31008	0.007656
33121	0.007658
21470	0.007660
30680	0.007661
28059	0.007663
60806	0.007664
14591	0.007666
37966	0.007666
69035	0.007667
42289	0.007667
61249	0.007668
11396	0.007670
27332	0.007676
25465	0.007677
9002	0.007678
57584	0.007678
9091	0.007681
60409	0.007682
59011	0.007682
17437	0.007683
16683	0.007683
17489	0.007683
40657	0.007683
10543	0.007684
37515	0.007684
36915	0.007684
34651	0.007685
22330	0.007687
48718	0.007688
8007	0.007690
7399	0.007691
25193	0.007691
10244	0.007691
9746	0.007692
43412	0.007692
41359	0.007693
61386	0.007693
58176	0.007693
23977	0.007698
34096	0.007698
13381	0.007699
19287	0.007699
60315	0.007700
61415	0.007700
35998	0.007701
57819	0.007701
48716	0.007702
56471	0.007703
51162	0.007704
29896	0.007704
61337	0.007704
46703	0.007705
60312	0.007706
14468	0.007707
10464	0.007708
14405	0.007709
40204	0.007709
45889	0.007712
9653	0.007713
16060	0.007713
39542	0.007714
125308	0.007715
44371	0.007715
51079	0.007715
39512	0.007716
12729	0.007717
60179	0.007718
24393	0.007720
60745	0.007721
11564	0.007723
16904	0.007724
11341	0.007725
60723	0.007726
21183	0.007727
59176	0.007727
29973	0.007727
43651	0.007728
27672	0.007730
43769	0.007730
59692	0.007730
9956	0.007731
9437	0.007731
36811	0.007733
19637	0.007735
19278	0.007736
49990	0.007738
13975	0.007739
35129	0.007739
21111	0.007741
61287	0.007741
51797	0.007747
16728	0.007749
25350	0.007749
48888	0.007750
40449	0.007752
23316	0.007754
61503	0.007757
60501	0.007761
8582	0.007761
11645	0.007765
56801	0.007765
34233	0.007766
44014	0.007766
10004	0.007767
34941	0.007769
45030	0.007769
40821	0.007770
22406	0.007770
30224	0.007771
9882	0.007773
12036	0.007773
43044	0.007775
52334	0.007776
61358	0.007778
38223	0.007779
57851	0.007780
56106	0.007780
60730	0.007780
60842	0.007780
61542	0.007780
7781	0.007780
58443	0.007781
43785	0.007781
45137	0.007784
8732	0.007786
61090	0.007787
9468	0.007787
61363	0.007788
30846	0.007792
61123	0.007793
16177	0.007794
45814	0.007795
45970	0.007796
43200	0.007797
35355	0.007799
16432	0.007799
38040	0.007800
49366	0.007800
35935	0.007801
46224	0.007801
8706	0.007801
60461	0.007802
72711	0.007802
22315	0.007802
30677	0.007802
14422	0.007804
39278	0.007804
35849	0.007805
34647	0.007806
39767	0.007806
74517	0.007806
9205	0.007806
20960	0.007806
60878	0.007806
58863	0.007807
9061	0.007808
53967	0.007808
16407	0.007810
24599	0.007813
75940	0.007813
41080	0.007813
33922	0.007815
32987	0.007817
30844	0.007817
60550	0.007817
27011	0.007818
16340	0.007818
47686	0.007819
32067	0.007819
43388	0.007820
33907	0.007821
29915	0.007821
7187	0.007822
11091	0.007823
15302	0.007824
34745	0.007828
35548	0.007831
19840	0.007831
10184	0.007831
10233	0.007833
35484	0.007834
25307	0.007834
10752	0.007835
16812	0.007835
58406	0.007835
10539	0.007835
25730	0.007837
33005	0.007838
17497	0.007841
35097	0.007842
20126	0.007843
47437	0.007844
57725	0.007845
24048	0.007846
15688	0.007846
49819	0.007848
61479	0.007848
8464	0.007848
39527	0.007848
60883	0.007849
9530	0.007849
16302	0.007849
46968	0.007850
27805	0.007850
49716	0.007851
10251	0.007854
9435	0.007856
15643	0.007859
44989	0.007859
35223	0.007860
50312	0.007860
46835	0.007860
61166	0.007861
37310	0.007862
14465	0.007862
43111	0.007863
16825	0.007863
16469	0.007864
27719	0.007864
17456	0.007865
46492	0.007865
58002	0.007866
33683	0.007866
60522	0.007868
16237	0.007869
35137	0.007869
52976	0.007869
7318	0.007870
15403	0.007870
48056	0.007871
40457	0.007871
46780	0.007872
40063	0.007873
40065	0.007873
40066	0.007873
48004	0.007876
34235	0.007879
60342	0.007880
61099	0.007881
49289	0.007882
43220	0.007882
9848	0.007882
19469	0.007884
46471	0.007886
55452	0.007886
17160	0.007887
58429	0.007887
32061	0.007888
39620	0.007889
57410	0.007889
29790	0.007890
22135	0.007891
12297	0.007891
8940	0.007891
13021	0.007891
43988	0.007892
9204	0.007892
14729	0.007892
61566	0.007892
49444	0.007893
46054	0.007894
51354	0.007894
25608	0.007896
29779	0.007897
27580	0.007898
29906	0.007900
46043	0.007901
17348	0.007902
51671	0.007902
57794	0.007902
19785	0.007902
26859	0.007903
53622	0.007903
15742	0.007903
9527	0.007904
60468	0.007905
26484	0.007907
15471	0.007913
45589	0.007914
46857	0.007914
21056	0.007915
8568	0.007915
41441	0.007916
24773	0.007917
32570	0.007918
16077	0.007919
20842	0.007919
14814	0.007921
32864	0.007921
39178	0.007923
60382	0.007924
14068	0.007924
34599	0.007924
41974	0.007924
61126	0.007924
61245	0.007924
8211	0.007924
58528	0.007924
36821	0.007926
48090	0.007928
54385	0.007928
57175	0.007928
55063	0.007932
21711	0.007932
60791	0.007933
46700	0.007933
7951	0.007934
43721	0.007936
25304	0.007937
31103	0.007938
28453	0.007940
12095	0.007942
13748	0.007942
10240	0.007942
47256	0.007944
49170	0.007945
33749	0.007945
35271	0.007945
46050	0.007945
10672	0.007946
15002	0.007946
16014	0.007946
29155	0.007946
54679	0.007947
36306	0.007949
9183	0.007950
49726	0.007950
61631	0.007950
36999	0.007950
58431	0.007951
48771	0.007952
44194	0.007958
11585	0.007959
29860	0.007960
42934	0.007960
13446	0.007961
21701	0.007962
58240	0.007962
61380	0.007962
36946	0.007962
60355	0.007962
48730	0.007963
23911	0.007963
58547	0.007963
7555	0.007965
27812	0.007967
19088	0.007972
6898	0.007972
36721	0.007974
29016	0.007975
13838	0.007976
11065	0.007977
26007	0.007979
44973	0.007980
7479	0.007982
26992	0.007986
20990	0.007986
22835	0.007988
50931	0.007989
29917	0.007990
32177	0.007990
22438	0.007991
22132	0.007991
57236	0.007994
37593	0.007994
23626	0.007994
37895	0.007995
24247	0.007996
34574	0.007997
10379	0.007999
21977	0.008000
15693	0.008000
22583	0.008001
57069	0.008002
16622	0.008003
27244	0.008003
8305	0.008003
14297	0.008004
15466	0.008005
49237	0.008008
9017	0.008009
43960	0.008011
22120	0.008013
32128	0.008014
36910	0.008015
61426	0.008016
9168	0.008017
60453	0.008018
55179	0.008021
23459	0.008021
22116	0.008022
57228	0.008022
12879	0.008022
22142	0.008024
15046	0.008024
39997	0.008026
34093	0.008026
54424	0.008026
51943	0.008027
31273	0.008028
12121	0.008030
11338	0.008030
55521	0.008031
14527	0.008032
20849	0.008033
53878	0.008033
58037	0.008033
12570	0.008033
49493	0.008034
14008	0.008035
8872	0.008036
15097	0.008036
11407	0.008037
48884	0.008037
60497	0.008037
21222	0.008038
33541	0.008039
58953	0.008039
32402	0.008040
60203	0.008040
27939	0.008040
54672	0.008041
7537	0.008042
30772	0.008043
6916	0.008044
61169	0.008044
20825	0.008045
60594	0.008045
17491	0.008046
12811	0.008046
9412	0.008047
24111	0.008048
21799	0.008052
61584	0.008053
19989	0.008053
27053	0.008055
15533	0.008056
47455	0.008056
30014	0.008056
55749	0.008057
29004	0.008057
17481	0.008058
32323	0.008058
46844	0.008058
16830	0.008063
61541	0.008063
42671	0.008063
56391	0.008064
46284	0.008065
49496	0.008066
48880	0.008067
51217	0.008068
7691	0.008070
50685	0.008072
50196	0.008072
24132	0.008075
52162	0.008078
8103	0.008078
38475	0.008079
51262	0.008079
16175	0.008079
42847	0.008081
9087	0.008082
9151	0.008082
47857	0.008082
27766	0.008083
24962	0.008086
40235	0.008086
26489	0.008086
34482	0.008087
12993	0.008088
43246	0.008089
6937	0.008091
11602	0.008094
61562	0.008098
33128	0.008099
58097	0.008100
60628	0.008100
15960	0.008101
10566	0.008101
55679	0.008102
10089	0.008102
11197	0.008102
30006	0.008103
49472	0.008104
14543	0.008105
47352	0.008106
41353	0.008107
7188	0.008107
44817	0.008109
44594	0.008109
43963	0.008110
14448	0.008115
59199	0.008115
30714	0.008118
44699	0.008119
10798	0.008119
31097	0.008120
15805	0.008121
16347	0.008121
19491	0.008121
34638	0.008121
52049	0.008121
60172	0.008121
56520	0.008121
14299	0.008125
36678	0.008126
58351	0.008126
51776	0.008127
8340	0.008128
39414	0.008128
49057	0.008129
8742	0.008130
39770	0.008130
56200	0.008131
20766	0.008133
7177	0.008134
10599	0.008135
24691	0.008136
61393	0.008137
40948	0.008137
31207	0.008137
52387	0.008138
40722	0.008139
13517	0.008139
31510	0.008140
33196	0.008140
9860	0.008141
47588	0.008141
60157	0.008141
52774	0.008144
61070	0.008145
29908	0.008146
41279	0.008147
44081	0.008147
53822	0.008147
37119	0.008149
9417	0.008149
24806	0.008151
34406	0.008152
16769	0.008152
14178	0.008152
45976	0.008153
10094	0.008154
41433	0.008155
16530	0.008156
44503	0.008156
54844	0.008157
15897	0.008157
51529	0.008158
54016	0.008158
50655	0.008158
14718	0.008159
9970	0.008161
38726	0.008164
22799	0.008164
60428	0.008165
16711	0.008165
17265	0.008165
16333	0.008165
61231	0.008168
45532	0.008168
27424	0.008168
7670	0.008168
60984	0.008170
8562	0.008170
47594	0.008170
47945	0.008171
61446	0.008171
12536	0.008172
36839	0.008172
50599	0.008174
42090	0.008174
30051	0.008177
8589	0.008177
54497	0.008180
32157	0.008183
11818	0.008185
32153	0.008186
36282	0.008187
43305	0.008187
25814	0.008189
58493	0.008192
37022	0.008193
14504	0.008193
61058	0.008195
50114	0.008195
16157	0.008196
60746	0.008197
31204	0.008198
15300	0.008200
49560	0.008202
47803	0.008203
15387	0.008203
33007	0.008205
54483	0.008205
48879	0.008206
9953	0.008208
9896	0.008208
38503	0.008211
42092	0.008213
53776	0.008214
8908	0.008215
46876	0.008216
60205	0.008218
34428	0.008218
23007	0.008218
61365	0.008218
16836	0.008220
60132	0.008220
39981	0.008220
60615	0.008223
44858	0.008224
24344	0.008224
52739	0.008224
45283	0.008224
22591	0.008224
20383	0.008226
36838	0.008228
10981	0.008228
33351	0.008228
13068	0.008230
27360	0.008231
27567	0.008233
53575	0.008234
60816	0.008234
36860	0.008234
40097	0.008235
43420	0.008237
29522	0.008239
16123	0.008240
23313	0.008241
44781	0.008242
20901	0.008244
23582	0.008244
39033	0.008247
17033	0.008247
56753	0.008250
32407	0.008250
60284	0.008252
26536	0.008252
24875	0.008254
20546	0.008257
52718	0.008259
55127	0.008260
43010	0.008261
48656	0.008262
24244	0.008265
28936	0.008266
36069	0.008267
41933	0.008268
57764	0.008268
27853	0.008269
9906	0.008269
20215	0.008269
37407	0.008269
42229	0.008270
8146	0.008270
46525	0.008271
35128	0.008271
20283	0.008272
7286	0.008273
60581	0.008275
54257	0.008276
50333	0.008276
60741	0.008276
61556	0.008276
46280	0.008277
60288	0.008283
24036	0.008283
54698	0.008285
60826	0.008287
47970	0.008288
35095	0.008288
46758	0.008288
25413	0.008291
54456	0.008292
61535	0.008292
9710	0.008292
44524	0.008292
21203	0.008293
34250	0.008294
61401	0.008295
27952	0.008299
10867	0.008299
25635	0.008300
8991	0.008300
17078	0.008301
52430	0.008302
21116	0.008303
14074	0.008304
15874	0.008304
33707	0.008304
7891	0.008305
14000	0.008305
16339	0.008305
28187	0.008307
29238	0.008311
60154	0.008312
50049	0.008313
14523	0.008313
39843	0.008313
36567	0.008314
55968	0.008314
20882	0.008315
9664	0.008317
34339	0.008317
11794	0.008318
11493	0.008319
125253	0.008319
19461	0.008319
23265	0.008319
27821	0.008319
30440	0.008319
31261	0.008319
40108	0.008319
8251	0.008320
14610	0.008320
48066	0.008321
8633	0.008322
21021	0.008322
39649	0.008323
36855	0.008324
60825	0.008324
17266	0.008324
8059	0.008324
14962	0.008326
9983	0.008327
52338	0.008327
14378	0.008327
61056	0.008329
11195	0.008333
9941	0.008335
7841	0.008336
20986	0.008336
16350	0.008337
32802	0.008341
40955	0.008342
53672	0.008343
29924	0.008343
55671	0.008343
22514	0.008343
7316	0.008344
20070	0.008346
42876	0.008346
39977	0.008349
14295	0.008350
54833	0.008350
28117	0.008352
60705	0.008353
7337	0.008354
51857	0.008355
47980	0.008356
35988	0.008357
13385	0.008357
51849	0.008359
12478	0.008360
9899	0.008362
33523	0.008363
60886	0.008363
14139	0.008364
12031	0.008365
16627	0.008366
43754	0.008367
52012	0.008368
25977	0.008368
9729	0.008368
60211	0.008369
28212	0.008369
22754	0.008369
15796	0.008370
29862	0.008370
55187	0.008371
11436	0.008371
35724	0.008372
57040	0.008373
8004	0.008373
14409	0.008373
49087	0.008375
47169	0.008375
29183	0.008378
34563	0.008378
39155	0.008378
8360	0.008378
47517	0.008379
26524	0.008379
53495	0.008380
7784	0.008381
47480	0.008382
17212	0.008384
49849	0.008384
60525	0.008385
43046	0.008385
14486	0.008386
60706	0.008386
32302	0.008387
49234	0.008387
50470	0.008387
34050	0.008389
31817	0.008390
47802	0.008390
43106	0.008392
11488	0.008393
50375	0.008393
48645	0.008393
52135	0.008394
27257	0.008394
49369	0.008395
49544	0.008397
39038	0.008398
26480	0.008398
42581	0.008400
11751	0.008400
34015	0.008400
44070	0.008400
15828	0.008402
50518	0.008403
60430	0.008403
27704	0.008406
35372	0.008410
10014	0.008410
27196	0.008411
38082	0.008411
60444	0.008411
38161	0.008412
61455	0.008412
61636	0.008415
53198	0.008415
52531	0.008415
52597	0.008417
54865	0.008417
60752	0.008417
46226	0.008418
43029	0.008420
34306	0.008420
13297	0.008424
7683	0.008424
14752	0.008427
26213	0.008427
61155	0.008428
52487	0.008428
9709	0.008428
41691	0.008429
19016	0.008431
47973	0.008431
10915	0.008436
56204	0.008437
58979	0.008437
60738	0.008437
9517	0.008437
60554	0.008437
51201	0.008438
20079	0.008441
26739	0.008442
15543	0.008443
17260	0.008444
9126	0.008444
34197	0.008445
36592	0.008445
14424	0.008445
25117	0.008446
33927	0.008447
39637	0.008447
23217	0.008447
7205	0.008449
52399	0.008450
115085	0.008451
15184	0.008452
10722	0.008453
17361	0.008453
57895	0.008453
27019	0.008457
21213	0.008457
22295	0.008457
45853	0.008457
11269	0.008457
58754	0.008459
8662	0.008459
26132	0.008461
49357	0.008461
17529	0.008463
13973	0.008463
25758	0.008464
23420	0.008465
47389	0.008467
8561	0.008468
11595	0.008468
15927	0.008469
53296	0.008470
27404	0.008472
45286	0.008472
8829	0.008472
53017	0.008474
8725	0.008475
13537	0.008475
47412	0.008476
29959	0.008477
46400	0.008477
13344	0.008477
9921	0.008480
55388	0.008480
34766	0.008481
43783	0.008481
12720	0.008481
58325	0.008483
16103	0.008484
38285	0.008485
17496	0.008486
47736	0.008486
28154	0.008487
31257	0.008487
17225	0.008487
74649	0.008487
33112	0.008488
19010	0.008489
30099	0.008490
41887	0.008490
54031	0.008490
48309	0.008491
60311	0.008492
32973	0.008492
52989	0.008492
49963	0.008492
59693	0.008492
57485	0.008493
54902	0.008494
50021	0.008495
15063	0.008497
60457	0.008497
6922	0.008501
38417	0.008502
19243	0.008503
15599	0.008503
24595	0.008504
22110	0.008504
23642	0.008504
46717	0.008504
43647	0.008507
49524	0.008507
34010	0.008507
15392	0.008508
45191	0.008509
60306	0.008509
106696	0.008509
8244	0.008512
52606	0.008512
9828	0.008513
39400	0.008513
14020	0.008514
35499	0.008516
15110	0.008516
51310	0.008517
19252	0.008518
7719	0.008518
19835	0.008519
55569	0.008519
58581	0.008521
60662	0.008521
60989	0.008521
61644	0.008521
9647	0.008521
54018	0.008521
9454	0.008521
56193	0.008523
45689	0.008524
54547	0.008524
22444	0.008525
23717	0.008525
6913	0.008525
8926	0.008527
43970	0.008529
10045	0.008532
45705	0.008535
53854	0.008536
60198	0.008537
31087	0.008539
15853	0.008539
13756	0.008543
51990	0.008545
57207	0.008545
58272	0.008546
9657	0.008547
28165	0.008548
61310	0.008550
34999	0.008552
15188	0.008553
49953	0.008554
15559	0.008557
46684	0.008566
57420	0.008566
55687	0.008566
8762	0.008566
28656	0.008566
24735	0.008566
11359	0.008570
10923	0.008570
35487	0.008571
18096	0.008571
46061	0.008572
8542	0.008573
38331	0.008573
21855	0.008574
39331	0.008575
40970	0.008576
38681	0.008578
60169	0.008580
7814	0.008581
56202	0.008583
61654	0.008583
16202	0.008585
13547	0.008585
47422	0.008588
19320	0.008588
24936	0.008591
13190	0.008592
44175	0.008593
46213	0.008594
10477	0.008594
40965	0.008595
17179	0.008596
10761	0.008598
10986	0.008598
7329	0.008598
24771	0.008598
39319	0.008599
9324	0.008599
42615	0.008599
16840	0.008602
60717	0.008603
16240	0.008604
37268	0.008609
54561	0.008610
57945	0.008610
19206	0.008612
28364	0.008612
8713	0.008612
57572	0.008613
25349	0.008613
47649	0.008614
27551	0.008615
51034	0.008616
61619	0.008618
33113	0.008620
31977	0.008620
44168	0.008621
60608	0.008622
30540	0.008628
42206	0.008629
13535	0.008629
13449	0.008629
49684	0.008629
24441	0.008630
16686	0.008633
60876	0.008633
57417	0.008633
61480	0.008633
9070	0.008634
37224	0.008635
11599	0.008636
46026	0.008636
41451	0.008637
10350	0.008638
27533	0.008638
10498	0.008638
13979	0.008640
25548	0.008641
24323	0.008644
17492	0.008644
9551	0.008644
61141	0.008645
55657	0.008645
58035	0.008646
16783	0.008646
52523	0.008646
57879	0.008646
37729	0.008646
22692	0.008647
46222	0.008647
9577	0.008651
27975	0.008652
49946	0.008652
30313	0.008654
33308	0.008655
38643	0.008656
30416	0.008657
44151	0.008658
43878	0.008658
8939	0.008658
26038	0.008659
7782	0.008659
31116	0.008660
9170	0.008662
60280	0.008662
32997	0.008663
16602	0.008664
7070	0.008664
35564	0.008664
27657	0.008664
45606	0.008666
27779	0.008666
8712	0.008667
32766	0.008668
28773	0.008669
49748	0.008669
26913	0.008671
16387	0.008675
19674	0.008678
11461	0.008680
10708	0.008681
49768	0.008682
36322	0.008683
56185	0.008683
40585	0.008684
45400	0.008687
50741	0.008689
20197	0.008690
10474	0.008691
26522	0.008692
22908	0.008695
29736	0.008696
19104	0.008696
22732	0.008697
30944	0.008697
40262	0.008698
10295	0.008698
27140	0.008698
22897	0.008700
53635	0.008701
10866	0.008701
56789	0.008702
7855	0.008703
20081	0.008704
54739	0.008705
29773	0.008708
40599	0.008708
27831	0.008709
49875	0.008710
43816	0.008710
14147	0.008712
46561	0.008714
61102	0.008715
46904	0.008716
49137	0.008716
37250	0.008717
34753	0.008717
21685	0.008719
32704	0.008721
48248	0.008721
54156	0.008723
36014	0.008724
51984	0.008725
15568	0.008725
7384	0.008725
31930	0.008725
38600	0.008725
20840	0.008728
61513	0.008729
52057	0.008729
12452	0.008730
13285	0.008730
33481	0.008730
34071	0.008730
60407	0.008730
60986	0.008730
45328	0.008731
52332	0.008734
22657	0.008734
22335	0.008734
34352	0.008735
27304	0.008735
37784	0.008737
42098	0.008738
42036	0.008738
58851	0.008739
49171	0.008739
30739	0.008740
55676	0.008740
45119	0.008744
13736	0.008744
27880	0.008749
29618	0.008749
16672	0.008749
60614	0.008749
44078	0.008749
16777	0.008750
15536	0.008750
52515	0.008751
44871	0.008751
47983	0.008752
7056	0.008752
15749	0.008753
52763	0.008754
41137	0.008755
29110	0.008757
37398	0.008758
39192	0.008759
12216	0.008759
11766	0.008760
22599	0.008764
12568	0.008764
15541	0.008764
50117	0.008765
53875	0.008765
27044	0.008766
42167	0.008766
20988	0.008767
20400	0.008767
7769	0.008768
26701	0.008769
13159	0.008770
14090	0.008770
21859	0.008770
38923	0.008771
59332	0.008771
19173	0.008775
35993	0.008777
7310	0.008777
43882	0.008777
45025	0.008780
8428	0.008781
15860	0.008781
30729	0.008782
14380	0.008782
33378	0.008782
47979	0.008783
21683	0.008783
27078	0.008784
53060	0.008784
8552	0.008785
19163	0.008785
113199	0.008787
77486	0.008787
13009	0.008787
33435	0.008787
50841	0.008787
38007	0.008788
16258	0.008788
31667	0.008789
20954	0.008789
33419	0.008791
24033	0.008791
35102	0.008791
13503	0.008792
9491	0.008792
47783	0.008792
12204	0.008792
13769	0.008794
21603	0.008795
21317	0.008795
45269	0.008797
54499	0.008797
17034	0.008798
49055	0.008799
39396	0.008801
48293	0.008801
33011	0.008801
27654	0.008802
57123	0.008803
22344	0.008803
26476	0.008804
45694	0.008805
17307	0.008805
56243	0.008807
47343	0.008808
13376	0.008808
17298	0.008808
26179	0.008808
16811	0.008809
54607	0.008809
40312	0.008812
60130	0.008813
60136	0.008813
9271	0.008813
10706	0.008813
42746	0.008814
9442	0.008815
58941	0.008815
29954	0.008820
15463	0.008820
26512	0.008821
51611	0.008821
16740	0.008823
50017	0.008824
20918	0.008824
8045	0.008824
47230	0.008824
25252	0.008825
41871	0.008825
35751	0.008826
38112	0.008826
44517	0.008826
51358	0.008827
16323	0.008827
41181	0.008829
12841	0.008830
12080	0.008830
42450	0.008831
31040	0.008831
45337	0.008831
25611	0.008833
15857	0.008833
53530	0.008833
57867	0.008833
14966	0.008835
13860	0.008836
19122	0.008838
51228	0.008839
10684	0.008840
20950	0.008842
38501	0.008842
47001	0.008842
10747	0.008842
61373	0.008843
27845	0.008843
124981	0.008844
45959	0.008844
22430	0.008845
24278	0.008846
16286	0.008848
22140	0.008848
42850	0.008848
43438	0.008848
11970	0.008850
58524	0.008852
38661	0.008852
45535	0.008852
52352	0.008854
55701	0.008854
25640	0.008856
20145	0.008857
14110	0.008859
8191	0.008859
8737	0.008862
52422	0.008862
31285	0.008863
53885	0.008863
23787	0.008865
40555	0.008865
39864	0.008866
12826	0.008866
9211	0.008866
56127	0.008866
21862	0.008868
55798	0.008868
31391	0.008869
56641	0.008870
39407	0.008871
60889	0.008872
10386	0.008872
14652	0.008873
35952	0.008873
57377	0.008873
61116	0.008873
35699	0.008873
33116	0.008873
60709	0.008875
61176	0.008875
22425	0.008876
55439	0.008876
61183	0.008876
25453	0.008876
11746	0.008876
16046	0.008877
15975	0.008878
13793	0.008879
11313	0.008879
40316	0.008880
22313	0.008882
36039	0.008882
32932	0.008882
9215	0.008883
36897	0.008884
46843	0.008885
57602	0.008886
13826	0.008886
61653	0.008886
24142	0.008887
11355	0.008888
17037	0.008888
33124	0.008888
27724	0.008889
17480	0.008892
16973	0.008892
34911	0.008894
15174	0.008895
36930	0.008895
21124	0.008896
21424	0.008896
16856	0.008897
13530	0.008897
35580	0.008897
7523	0.008898
24260	0.008898
16153	0.008899
23574	0.008899
11439	0.008899
37275	0.008900
32159	0.008903
15446	0.008903
20819	0.008905
45315	0.008905
37095	0.008905
53557	0.008907
43338	0.008907
28221	0.008907
32508	0.008908
11771	0.008909
16474	0.008910
48257	0.008910
60948	0.008911
37216	0.008913
17336	0.008913
9754	0.008913
13106	0.008913
25328	0.008914
44556	0.008914
9756	0.008915
17275	0.008915
60700	0.008918
10156	0.008918
9295	0.008918
12988	0.008920
61229	0.008920
47285	0.008921
8966	0.008922
37877	0.008922
104603	0.008922
53007	0.008924
56478	0.008924
10237	0.008924
69075	0.008925
50853	0.008925
53928	0.008926
24263	0.008927
56550	0.008928
46362	0.008930
19133	0.008931
13264	0.008932
7840	0.008933
21976	0.008933
33553	0.008934
10102	0.008934
42702	0.008935
13831	0.008936
48377	0.008936
27003	0.008939
36290	0.008940
35025	0.008940
7888	0.008942
21426	0.008942
45941	0.008942
8427	0.008943
49265	0.008943
21485	0.008945
42047	0.008945
24169	0.008947
10381	0.008948
10822	0.008948
11634	0.008948
12156	0.008948
12362	0.008948
13532	0.008948
15794	0.008948
22046	0.008948
22098	0.008948
22459	0.008948
24078	0.008948
27029	0.008948
27054	0.008948
32452	0.008948
32622	0.008948
33092	0.008948
33466	0.008948
37032	0.008948
39217	0.008948
39758	0.008948
40492	0.008948
41970	0.008948
43842	0.008948
46166	0.008948
46545	0.008948
46549	0.008948
47996	0.008948
50499	0.008948
52052	0.008948
52712	0.008948
52729	0.008948
52735	0.008948
52932	0.008948
55144	0.008948
55637	0.008948
55640	0.008948
55651	0.008948
58985	0.008948
60408	0.008948
60526	0.008948
60566	0.008948
60903	0.008948
61100	0.008948
61395	0.008948
61404	0.008948
7221	0.008948
7603	0.008948
9229	0.008948
9267	0.008948
9734	0.008948
9832	0.008948
31864	0.008949
14249	0.008949
13564	0.008949
14767	0.008950
60622	0.008950
50979	0.008950
10364	0.008954
22383	0.008955
35907	0.008955
36343	0.008955
58279	0.008955
58943	0.008956
58309	0.008957
54600	0.008958
58303	0.008958
41732	0.008959
40273	0.008960
34109	0.008960
39926	0.008961
60952	0.008963
33904	0.008964
50363	0.008965
17447	0.008965
15206	0.008966
55812	0.008967
29150	0.008968
46906	0.008973
13197	0.008973
16313	0.008974
42024	0.008974
36815	0.008975
16829	0.008975
22342	0.008975
35006	0.008975
30957	0.008977
31814	0.008977
12727	0.008977
36315	0.008977
15803	0.008978
24070	0.008978
14526	0.008979
49785	0.008982
16647	0.008985
37378	0.008986
16315	0.008987
13315	0.008987
12768	0.008987
55360	0.008987
10325	0.008988
17055	0.008989
20436	0.008989
10891	0.008990
51952	0.008990
57209	0.008990
39146	0.008991
52003	0.008992
53065	0.008993
74651	0.008994
9175	0.008995
30065	0.008995
13180	0.008996
19140	0.008997
15624	0.008999
58933	0.009000
34049	0.009000
15554	0.009001
45586	0.009001
40211	0.009002
34046	0.009003
35542	0.009003
27420	0.009003
43002	0.009004
12403	0.009005
31809	0.009005
39929	0.009006
45827	0.009007
35926	0.009007
34369	0.009007
29137	0.009009
24316	0.009012
60699	0.009012
32108	0.009013
30173	0.009014
38515	0.009016
48883	0.009016
38904	0.009017
14492	0.009017
35126	0.009018
14455	0.009018
24448	0.009018
34035	0.009018
89938	0.009018
58349	0.009018
12411	0.009020
31852	0.009020
52329	0.009020
57883	0.009021
54242	0.009021
26878	0.009021
49566	0.009022
29729	0.009024
52511	0.009025
13317	0.009027
46321	0.009027
45908	0.009027
54278	0.009028
29726	0.009029
34662	0.009029
53257	0.009029
41281	0.009031
15514	0.009033
60674	0.009033
11854	0.009034
7071	0.009034
52991	0.009035
45409	0.009036
25472	0.009036
31332	0.009036
16229	0.009036
60275	0.009037
61664	0.009037
27406	0.009037
16129	0.009038
15732	0.009038
61091	0.009038
30082	0.009040
27798	0.009040
41969	0.009041
23916	0.009042
42705	0.009042
52065	0.009044
8631	0.009044
39187	0.009044
25231	0.009045
45411	0.009046
60189	0.009047
20586	0.009047
22258	0.009047
56429	0.009049
48840	0.009049
14819	0.009051
21652	0.009053
41750	0.009053
40868	0.009053
52890	0.009053
27286	0.009053
57272	0.009054
14590	0.009055
17329	0.009055
11295	0.009056
10921	0.009056
28357	0.009057
14695	0.009058
27418	0.009059
11551	0.009059
32208	0.009060
11207	0.009060
54197	0.009060
125158	0.009061
44877	0.009061
9504	0.009062
61137	0.009062
61119	0.009062
12146	0.009062
51741	0.009062
16578	0.009062
53824	0.009062
53593	0.009065
27933	0.009065
10847	0.009065
35088	0.009066
48979	0.009066
35982	0.009071
49647	0.009075
16220	0.009079
13865	0.009080
41885	0.009080
22321	0.009081
53298	0.009082
61489	0.009082
54754	0.009084
61188	0.009084
8024	0.009085
37151	0.009085
53978	0.009085
20095	0.009085
61291	0.009087
30746	0.009087
17061	0.009087
9285	0.009089
16732	0.009089
48641	0.009089
49974	0.009089
9853	0.009090
20227	0.009090
12840	0.009091
47601	0.009091
60118	0.009092
51941	0.009093
35845	0.009094
14206	0.009094
42475	0.009095
7944	0.009096
31521	0.009098
11400	0.009099
26402	0.009100
50982	0.009100
42211	0.009102
34534	0.009102
41060	0.009103
29702	0.009104
42359	0.009105
53969	0.009105
53411	0.009106
61130	0.009106
23013	0.009107
31794	0.009107
52337	0.009107
54301	0.009108
12305	0.009109
14272	0.009109
13821	0.009110
32924	0.009110
11292	0.009110
60861	0.009110
30949	0.009111
22776	0.009111
7301	0.009111
32964	0.009111
39290	0.009112
14773	0.009112
10400	0.009113
13663	0.009113
13872	0.009113
46169	0.009114
14222	0.009115
60122	0.009116
13031	0.009117
22057	0.009118
45636	0.009120
37412	0.009121
26361	0.009122
30270	0.009125
50381	0.009127
39918	0.009128
27659	0.009128
42727	0.009129
55211	0.009130
17039	0.009130
10617	0.009130
10786	0.009130
13094	0.009130
13277	0.009130
13389	0.009130
16766	0.009130
21819	0.009130
35117	0.009130
39762	0.009130
46979	0.009130
47729	0.009130
50491	0.009130
60472	0.009130
60847	0.009130
61465	0.009130
61526	0.009130
8826	0.009130
16412	0.009131
24094	0.009131
57516	0.009131
49251	0.009133
47234	0.009134
50316	0.009136
14188	0.009137
60757	0.009138
14122	0.009139
8076	0.009141
16878	0.009141
41708	0.009142
8212	0.009142
8565	0.009143
52378	0.009145
36309	0.009146
11004	0.009147
11587	0.009147
10330	0.009149
22751	0.009150
27236	0.009152
26436	0.009156
11014	0.009157
38907	0.009158
19334	0.009160
51902	0.009162
29926	0.009164
29198	0.009166
7320	0.009167
35978	0.009169
22749	0.009169
9856	0.009170
23062	0.009171
60415	0.009171
60460	0.009171
21707	0.009171
21502	0.009172
40876	0.009172
15759	0.009173
60397	0.009173
32819	0.009175
42226	0.009176
28776	0.009176
33887	0.009177
10151	0.009178
46950	0.009178
15924	0.009178
35693	0.009179
8192	0.009179
58338	0.009180
10432	0.009181
11525	0.009186
50688	0.009189
13318	0.009189
47215	0.009189
27325	0.009190
9119	0.009191
21066	0.009193
44822	0.009195
10389	0.009197
20501	0.009197
35812	0.009198
11330	0.009202
10577	0.009202
7218	0.009202
57696	0.009204
23005	0.009204
22162	0.009204
29969	0.009205
54057	0.009206
10169	0.009207
60695	0.009209
48261	0.009209
39604	0.009210
16447	0.009211
61561	0.009212
51455	0.009213
56180	0.009213
36329	0.009213
8820	0.009215
55698	0.009215
14289	0.009215
42623	0.009215
10758	0.009216
45613	0.009217
13551	0.009217
30616	0.009219
53760	0.009220
10626	0.009220
11349	0.009221
47954	0.009221
54873	0.009222
7393	0.009222
51152	0.009223
29336	0.009223
34501	0.009223
60290	0.009223
51080	0.009225
36836	0.009226
45788	0.009226
27578	0.009227
14099	0.009227
51588	0.009231
52760	0.009232
54822	0.009233
12898	0.009233
56528	0.009234
10253	0.009235
53169	0.009236
27664	0.009237
30308	0.009237
60591	0.009237
10031	0.009238
7535	0.009240
11611	0.009240
12976	0.009240
19161	0.009240
21466	0.009240
29951	0.009240
40241	0.009240
8729	0.009240
33089	0.009240
7921	0.009240
52051	0.009241
45075	0.009241
46761	0.009242
41911	0.009243
28768	0.009244
8840	0.009244
45603	0.009244
31826	0.009245
51028	0.009245
22662	0.009245
24592	0.009246
30068	0.009246
39944	0.009246
16140	0.009246
16069	0.009247
42482	0.009247
12014	0.009248
27025	0.009251
31844	0.009251
8814	0.009251
33076	0.009251
10114	0.009253
15055	0.009254
24129	0.009254
26842	0.009254
53215	0.009254
6923	0.009254
47681	0.009255
30638	0.009256
12778	0.009256
8451	0.009257
41290	0.009257
46356	0.009258
51369	0.009258
57156	0.009261
53336	0.009261
45156	0.009261
60678	0.009262
37753	0.009263
10528	0.009263
51330	0.009264
31551	0.009264
36288	0.009264
9114	0.009265
32930	0.009267
45731	0.009267
60343	0.009267
25407	0.009268
61061	0.009268
61482	0.009268
15480	0.009268
14198	0.009268
13544	0.009270
24445	0.009272
15048	0.009272
36055	0.009272
19929	0.009272
10736	0.009273
20241	0.009275
19096	0.009277
8577	0.009277
9319	0.009278
16642	0.009279
36988	0.009279
33404	0.009279
27138	0.009280
24839	0.009281
20520	0.009283
31656	0.009284
35399	0.009284
45424	0.009284
32020	0.009285
12149	0.009286
26193	0.009286
32311	0.009288
56154	0.009289
17089	0.009291
10665	0.009293
50442	0.009294
23312	0.009294
52975	0.009295
53262	0.009295
52266	0.009296
14314	0.009297
16635	0.009298
14262	0.009298
37368	0.009299
37512	0.009299
47773	0.009301
58125	0.009301
8263	0.009301
43228	0.009303
29264	0.009304
52536	0.009305
17296	0.009305
25623	0.009306
51692	0.009308
61580	0.009309
27584	0.009309
60232	0.009310
19208	0.009310
34916	0.009310
45346	0.009310
8596	0.009311
60712	0.009312
13444	0.009312
20836	0.009313
38477	0.009313
50998	0.009314
8680	0.009315
19271	0.009316
32080	0.009317
8331	0.009317
56161	0.009318
10209	0.009319
45773	0.009320
54266	0.009321
13267	0.009322
33450	0.009322
56103	0.009324
41521	0.009324
15153	0.009326
51981	0.009326
11125	0.009327
61429	0.009327
10467	0.009328
12097	0.009328
44615	0.009328
49450	0.009329
37581	0.009329
36160	0.009331
13658	0.009331
40564	0.009332
37857	0.009333
14936	0.009333
7088	0.009334
56393	0.009335
38012	0.009336
61650	0.009336
16634	0.009338
9047	0.009338
10207	0.009338
31317	0.009338
60249	0.009339
48889	0.009339
61634	0.009339
54867	0.009340
51038	0.009340
39151	0.009341
8361	0.009342
24717	0.009342
52513	0.009342
58415	0.009342
39181	0.009342
46657	0.009342
13799	0.009343
16727	0.009344
32181	0.009344
50206	0.009345
16719	0.009345
39547	0.009346
44146	0.009347
51420	0.009348
16597	0.009348
27061	0.009349
34008	0.009351
47238	0.009352
53248	0.009352
58269	0.009352
10746	0.009353
61604	0.009353
36992	0.009354
22609	0.009356
9897	0.009357
61460	0.009358
58357	0.009359
32418	0.009359
57455	0.009361
48194	0.009362
39810	0.009362
36755	0.009363
52010	0.009363
41426	0.009363
9191	0.009364
54216	0.009364
57683	0.009365
12816	0.009365
54098	0.009366
12750	0.009367
53572	0.009367
51297	0.009368
53038	0.009369
25364	0.009369
16039	0.009371
54767	0.009371
21219	0.009371
30120	0.009371
14317	0.009372
12148	0.009372
48103	0.009372
34067	0.009373
58818	0.009375
60426	0.009375
13776	0.009375
57087	0.009376
33122	0.009376
21480	0.009377
30029	0.009377
9712	0.009377
7015	0.009378
20828	0.009379
36388	0.009379
34104	0.009379
53186	0.009381
37144	0.009381
57637	0.009382
55949	0.009382
44028	0.009383
15374	0.009384
51374	0.009385
33109	0.009385
24282	0.009387
12365	0.009388
58856	0.009389
52845	0.009390
52973	0.009394
57073	0.009394
23857	0.009397
7304	0.009397
16842	0.009399
27342	0.009399
60230	0.009399
10283	0.009399
48751	0.009401
43131	0.009401
60721	0.009402
60328	0.009402
16841	0.009402
54433	0.009403
15918	0.009407
11853	0.009407
39853	0.009408
40021	0.009408
29326	0.009409
41318	0.009409
33790	0.009411
52879	0.009411
11333	0.009411
60692	0.009411
17292	0.009413
7078	0.009414
8171	0.009415
7098	0.009416
12719	0.009416
58297	0.009416
8598	0.009416
17526	0.009417
25026	0.009417
49782	0.009418
61547	0.009418
9648	0.009419
47590	0.009421
36326	0.009423
7697	0.009424
10848	0.009424
109539	0.009424
11548	0.009424
125658	0.009424
13202	0.009424
13496	0.009424
137880	0.009424
27915	0.009424
32034	0.009424
47394	0.009424
49044	0.009424
50329	0.009424
56170	0.009424
60719	0.009424
60787	0.009424
61369	0.009424
61585	0.009424
67539	0.009424
8768	0.009424
28389	0.009425
22371	0.009425
49244	0.009425
14771	0.009426
13809	0.009427
47812	0.009428
61028	0.009428
55112	0.009430
15483	0.009431
53641	0.009432
11491	0.009432
43053	0.009432
17395	0.009432
55888	0.009433
31018	0.009434
51138	0.009434
50069	0.009436
30322	0.009437
34515	0.009439
11806	0.009440
58216	0.009442
58319	0.009442
50506	0.009443
16799	0.009443
21415	0.009443
11348	0.009444
61013	0.009450
57171	0.009451
41962	0.009452
27390	0.009453
27374	0.009453
44346	0.009454
28931	0.009455
60369	0.009457
35067	0.009458
17203	0.009459
35522	0.009460
25596	0.009460
8157	0.009460
27908	0.009460
47568	0.009460
22234	0.009461
20139	0.009462
16441	0.009462
27936	0.009463
39328	0.009465
15947	0.009466
38678	0.009466
30723	0.009466
10180	0.009466
46313	0.009467
50578	0.009468
46965	0.009470
10558	0.009471
48185	0.009471
22240	0.009472
13548	0.009472
10292	0.009473
31651	0.009474
7526	0.009475
16041	0.009476
22194	0.009476
30102	0.009476
27688	0.009476
51606	0.009477
52130	0.009477
10600	0.009477
49434	0.009479
45379	0.009479
46687	0.009481
14098	0.009482
17187	0.009482
36206	0.009483
32190	0.009483
51031	0.009484
23584	0.009486
50292	0.009488
38513	0.009489
43729	0.009489
48250	0.009491
42377	0.009493
19336	0.009494
35053	0.009496
8186	0.009496
43444	0.009497
14812	0.009497
40975	0.009498
32282	0.009499
23853	0.009499
9118	0.009500
7702	0.009501
9907	0.009501
32773	0.009501
15540	0.009502
30360	0.009503
45054	0.009504
14452	0.009505
45717	0.009505
52426	0.009506
10035	0.009506
15928	0.009508
51131	0.009508
15804	0.009509
11503	0.009509
55358	0.009509
27040	0.009509
52005	0.009510
13805	0.009511
25028	0.009512
29241	0.009512
17321	0.009513
35958	0.009513
22361	0.009514
33757	0.009515
41579	0.009516
29830	0.009518
21035	0.009518
58051	0.009518
60469	0.009519
41668	0.009519
25387	0.009520
14918	0.009521
55338	0.009522
14730	0.009522
39681	0.009524
11327	0.009525
11740	0.009525
10553	0.009526
45082	0.009528
53961	0.009529
47717	0.009530
16070	0.009530
34924	0.009531
40808	0.009531
13540	0.009534
56455	0.009534
45003	0.009536
56553	0.009538
52761	0.009538
11511	0.009539
34001	0.009539
14524	0.009540
8012	0.009541
42887	0.009542
12019	0.009545
14569	0.009545
12861	0.009546
14371	0.009546
21198	0.009546
44722	0.009546
56091	0.009547
56990	0.009549
48442	0.009551
39458	0.009551
26419	0.009552
29745	0.009552
16768	0.009553
31195	0.009553
25719	0.009553
31991	0.009554
50293	0.009554
30423	0.009555
26652	0.009555
51993	0.009555
59818	0.009555
61528	0.009555
12653	0.009556
30107	0.009556
29100	0.009557
38183	0.009558
56927	0.009560
36982	0.009560
25507	0.009560
32429	0.009560
45819	0.009560
55283	0.009560
57803	0.009560
60247	0.009561
60774	0.009561
39022	0.009561
29178	0.009562
50484	0.009563
37513	0.009563
9272	0.009564
52491	0.009565
45391	0.009567
32777	0.009567
56115	0.009568
9009	0.009568
40028	0.009569
60959	0.009569
48566	0.009569
17062	0.009570
24909	0.009570
21988	0.009572
29902	0.009573
57476	0.009573
25070	0.009574
14464	0.009574
8691	0.009574
33726	0.009574
41635	0.009575
50452	0.009575
12884	0.009576
28711	0.009578
11093	0.009578
11821	0.009579
54409	0.009579
52137	0.009579
33023	0.009580
16318	0.009580
16776	0.009580
47484	0.009581
60446	0.009581
9576	0.009581
102469	0.009581
11512	0.009582
55924	0.009582
56339	0.009582
52074	0.009582
20860	0.009582
10157	0.009583
57243	0.009583
25784	0.009583
8160	0.009585
31507	0.009587
28413	0.009588
23134	0.009588
32838	0.009589
58041	0.009590
8786	0.009591
36719	0.009591
55747	0.009592
27311	0.009592
51853	0.009593
37712	0.009595
54895	0.009596
11669	0.009598
37971	0.009599
36847	0.009599
7668	0.009600
35122	0.009601
17263	0.009601
45442	0.009601
42937	0.009603
50225	0.009606
23492	0.009606
29898	0.009607
37056	0.009608
32053	0.009609
50834	0.009611
38472	0.009613
61506	0.009613
34016	0.009614
41831	0.009614
57437	0.009615
15106	0.009616
28630	0.009616
53355	0.009617
19505	0.009617
54408	0.009618
10495	0.009618
23428	0.009619
20284	0.009620
23887	0.009622
26329	0.009622
22441	0.009623
8830	0.009624
32979	0.009624
29689	0.009625
22483	0.009625
16396	0.009626
35493	0.009627
9667	0.009627
42628	0.009627
14119	0.009627
35798	0.009630
13531	0.009634
9494	0.009634
21187	0.009636
43391	0.009636
54756	0.009638
29835	0.009638
30118	0.009638
46330	0.009640
11445	0.009640
56255	0.009640
7971	0.009641
49980	0.009641
42148	0.009641
55532	0.009642
39799	0.009643
41956	0.009644
43985	0.009645
31070	0.009645
42006	0.009646
47886	0.009647
20736	0.009650
54962	0.009650
11494	0.009651
17136	0.009652
10712	0.009653
38995	0.009653
46203	0.009654
27260	0.009654
23439	0.009655
48109	0.009658
32601	0.009659
54893	0.009660
56113	0.009660
45496	0.009661
7644	0.009662
28197	0.009662
47258	0.009662
9666	0.009662
34244	0.009663
8907	0.009663
9846	0.009665
23680	0.009668
17319	0.009669
17515	0.009671
26087	0.009672
33295	0.009674
56459	0.009675
61195	0.009675
40931	0.009675
16052	0.009675
61400	0.009677
13447	0.009679
41685	0.009680
47443	0.009680
7183	0.009681
26398	0.009682
32140	0.009682
57118	0.009682
29209	0.009682
30731	0.009684
15028	0.009684
30979	0.009685
32857	0.009685
45178	0.009686
45085	0.009686
51581	0.009688
30253	0.009688
8550	0.009689
20734	0.009689
40920	0.009690
11013	0.009690
25804	0.009692
60338	0.009692
11524	0.009693
43588	0.009693
26770	0.009694
56522	0.009694
16187	0.009694
36360	0.009695
37152	0.009697
14761	0.009697
16290	0.009698
8636	0.009698
56366	0.009699
9467	0.009700
19099	0.009701
30786	0.009701
40276	0.009702
57152	0.009704
38051	0.009704
11064	0.009704
7305	0.009705
53993	0.009705
10219	0.009705
53567	0.009706
20921	0.009706
42963	0.009708
52792	0.009708
59142	0.009710
32875	0.009710
22646	0.009711
41456	0.009713
57778	0.009713
16317	0.009714
47228	0.009715
27710	0.009715
26615	0.009716
46397	0.009716
9374	0.009716
19087	0.009717
9172	0.009719
25593	0.009719
31058	0.009719
14841	0.009720
8128	0.009720
53511	0.009720
56450	0.009721
22502	0.009721
31652	0.009721
60599	0.009722
32233	0.009722
30048	0.009722
32908	0.009723
27864	0.009723
7669	0.009724
24026	0.009724
17077	0.009725
14376	0.009727
57461	0.009728
33994	0.009728
40886	0.009729
56124	0.009729
41774	0.009730
14906	0.009730
10277	0.009731
23846	0.009731
40490	0.009732
54638	0.009734
52855	0.009734
30829	0.009734
61327	0.009734
9891	0.009738
37131	0.009740
12218	0.009741
27141	0.009741
60531	0.009742
45575	0.009743
19273	0.009743
48574	0.009744
30410	0.009744
35670	0.009744
52336	0.009744
14941	0.009745
8069	0.009745
42944	0.009745
41143	0.009746
28791	0.009746
43654	0.009747
53131	0.009747
61279	0.009748
56079	0.009749
8658	0.009749
9943	0.009752
34374	0.009753
41323	0.009753
32114	0.009755
8016	0.009756
44434	0.009758
11799	0.009759
35961	0.009759
60423	0.009760
42870	0.009761
38957	0.009764
23693	0.009764
57805	0.009765
25201	0.009765
11518	0.009766
8783	0.009766
55906	0.009766
50071	0.009767
56359	0.009768
12913	0.009768
51854	0.009768
21612	0.009769
6921	0.009770
47790	0.009770
30432	0.009771
21399	0.009772
22255	0.009772
32910	0.009772
37315	0.009773
23653	0.009775
21192	0.009777
16626	0.009777
56139	0.009778
42710	0.009778
49804	0.009778
12882	0.009779
61390	0.009779
8216	0.009779
61073	0.009779
58538	0.009780
60374	0.009780
9931	0.009780
50618	0.009781
22276	0.009782
58603	0.009783
49930	0.009786
60137	0.009786
58053	0.009787
47796	0.009787
12785	0.009788
9220	0.009788
42286	0.009789
39716	0.009789
12488	0.009790
32411	0.009790
20249	0.009790
22839	0.009790
22155	0.009791
23106	0.009791
34577	0.009792
41982	0.009792
8152	0.009793
14007	0.009794
35118	0.009794
21895	0.009795
36773	0.009795
23740	0.009795
21043	0.009795
56769	0.009795
12780	0.009797
52509	0.009798
27175	0.009798
40940	0.009798
55643	0.009799
9922	0.009799
17190	0.009800
51631	0.009800
27391	0.009802
21579	0.009802
46489	0.009805
37370	0.009805
32640	0.009805
38485	0.009805
53410	0.009805
60256	0.009805
61068	0.009805
45580	0.009806
45818	0.009806
54723	0.009809
57211	0.009811
55822	0.009813
58482	0.009813
15671	0.009813
22072	0.009816
53034	0.009816
11982	0.009816
8796	0.009817
41345	0.009817
44792	0.009818
9951	0.009822
60857	0.009824
29140	0.009825
24493	0.009825
40357	0.009825
38276	0.009825
27188	0.009826
27208	0.009827
46970	0.009828
42693	0.009829
58015	0.009830
37271	0.009831
11597	0.009831
16987	0.009832
61309	0.009832
22192	0.009833
58662	0.009835
52217	0.009837
11792	0.009838
43020	0.009838
7222	0.009841
38110	0.009843
53263	0.009843
15348	0.009844
14989	0.009844
54208	0.009844
40398	0.009845
8724	0.009845
17477	0.009845
15336	0.009845
54861	0.009846
50501	0.009847
13140	0.009849
45662	0.009850
20359	0.009851
51437	0.009851
15526	0.009852
40778	0.009852
31031	0.009853
43607	0.009853
23849	0.009854
10618	0.009855
48634	0.009856
51140	0.009856
30412	0.009857
11621	0.009857
42038	0.009858
15355	0.009858
53016	0.009861
52093	0.009862
13474	0.009862
48116	0.009862
52077	0.009863
42149	0.009863
16520	0.009863
13111	0.009864
12010	0.009864
43996	0.009867
21658	0.009867
57570	0.009868
53288	0.009868
10689	0.009870
39158	0.009871
21049	0.009871
9903	0.009871
26698	0.009875
17057	0.009875
49700	0.009875
13790	0.009875
57596	0.009876
27983	0.009878
36926	0.009878
8548	0.009879
12773	0.009880
48885	0.009880
7676	0.009880
28717	0.009880
33286	0.009881
11274	0.009881
39747	0.009882
11373	0.009883
11745	0.009883
46910	0.009885
12735	0.009885
51177	0.009886
30703	0.009886
39103	0.009887
55742	0.009887
29893	0.009888
39299	0.009888
50275	0.009888
21180	0.009889
31662	0.009890
47114	0.009891
15823	0.009891
9431	0.009892
38826	0.009893
58583	0.009894
29794	0.009894
48877	0.009894
41404	0.009896
47118	0.009896
23520	0.009896
13120	0.009896
49111	0.009897
24097	0.009898
8441	0.009900
9081	0.009900
41250	0.009900
33446	0.009900
23560	0.009902
16593	0.009902
16676	0.009902
17510	0.009902
24266	0.009902
32025	0.009902
41667	0.009902
57749	0.009902
60672	0.009902
60735	0.009902
61524	0.009902
32949	0.009903
17377	0.009903
10177	0.009904
53925	0.009904
39884	0.009904
6915	0.009906
27444	0.009907
15185	0.009907
61235	0.009908
26626	0.009909
34062	0.009910
9908	0.009911
61552	0.009911
43800	0.009912
22244	0.009912
29785	0.009912
34167	0.009913
11609	0.009915
10897	0.009915
46831	0.009916
30347	0.009917
44893	0.009918
27377	0.009918
55091	0.009918
6899	0.009919
34288	0.009919
8442	0.009922
38181	0.009924
15199	0.009925
34229	0.009925
31518	0.009925
53900	0.009925
32514	0.009925
37777	0.009926
17007	0.009926
8933	0.009927
42200	0.009929
11556	0.009929
48658	0.009929
19892	0.009931
33220	0.009931
57280	0.009931
61352	0.009931
31397	0.009932
15608	0.009934
60956	0.009935
38544	0.009936
38509	0.009938
12129	0.009939
36277	0.009940
48926	0.009942
49371	0.009942
12770	0.009942
57169	0.009944
15877	0.009945
51439	0.009945
40257	0.009945
36082	0.009945
28366	0.009947
14926	0.009951
14389	0.009951
12190	0.009952
29435	0.009952
48125	0.009954
32901	0.009954
55201	0.009954
51352	0.009955
43802	0.009955
39801	0.009957
54310	0.009957
58039	0.009957
30614	0.009958
10265	0.009959
25218	0.009961
15332	0.009963
61163	0.009963
12839	0.009964
61581	0.009966
38340	0.009968
43100	0.009968
16311	0.009969
54747	0.009970
16058	0.009971
9090	0.009971
46409	0.009972
41528	0.009972
10686	0.009972
11498	0.009973
30122	0.009975
55655	0.009977
44418	0.009978
43230	0.009982
72562	0.009982
56281	0.009984
38065	0.009985
38926	0.009986
57145	0.009987
24224	0.009988
54906	0.009988
22284	0.009988
47471	0.009988
13800	0.009989
9902	0.009989
34686	0.009989
55033	0.009989
8207	0.009991
44519	0.009991
44528	0.009992
11816	0.009993
21556	0.009993
36374	0.009993
26909	0.009994
13768	0.009995
37438	0.009996
38470	0.009997
32793	0.009997
51780	0.009998
7718	0.009998
25255	0.009999
23575	0.010000
47805	0.010000
52756	0.010000
41151	0.010001
13274	0.010002
12113	0.010003
53904	0.010003
7925	0.010004
28807	0.010004
60650	0.010004
16816	0.010005
61185	0.010005
53852	0.010005
37365	0.010005
29442	0.010006
16756	0.010006
50215	0.010007
27877	0.010008
54262	0.010009
17038	0.010010
14722	0.010010
60296	0.010011
34400	0.010012
33897	0.010012
48850	0.010012
23251	0.010012
33902	0.010013
10358	0.010013
23953	0.010013
21377	0.010014
8861	0.010014
12677	0.010014
61598	0.010015
56293	0.010015
12022	0.010016
10865	0.010016
13529	0.010019
26959	0.010020
50098	0.010020
31452	0.010021
9538	0.010022
53113	0.010022
46936	0.010023
39307	0.010023
7761	0.010023
29023	0.010023
48429	0.010024
46276	0.010025
9794	0.010026
27394	0.010026
10982	0.010027
36829	0.010027
45719	0.010028
13533	0.010029
11748	0.010029
20010	0.010030
61402	0.010031
39487	0.010032
10654	0.010033
55473	0.010035
47266	0.010035
60285	0.010036
42209	0.010036
23186	0.010036
52244	0.010036
12472	0.010037
40463	0.010038
15210	0.010038
39773	0.010039
14506	0.010040
22331	0.010040
43448	0.010042
27898	0.010043
25314	0.010044
57645	0.010045
26482	0.010047
39739	0.010048
34807	0.010048
56643	0.010048
56151	0.010050
61087	0.010050
7381	0.010051
9026	0.010051
55125	0.010052
57537	0.010053
9112	0.010053
55648	0.010054
55797	0.010054
53135	0.010055
16570	0.010055
44991	0.010056
41320	0.010056
51127	0.010056
29812	0.010057
9696	0.010057
16545	0.010059
11429	0.010059
20763	0.010059
15892	0.010059
36455	0.010060
14233	0.010060
8521	0.010060
29207	0.010061
8544	0.010062
23733	0.010062
11300	0.010063
14089	0.010066
54606	0.010066
13733	0.010066
30236	0.010066
31095	0.010067
10068	0.010067
11466	0.010068
22039	0.010069
34666	0.010070
13555	0.010070
30101	0.010072
11366	0.010073
34349	0.010073
40040	0.010074
40626	0.010074
30449	0.010075
10601	0.010076
39349	0.010076
35254	0.010076
33996	0.010077
15747	0.010079
15674	0.010079
33714	0.010080
7147	0.010081
11322	0.010082
25486	0.010084
10039	0.010085
21122	0.010085
9236	0.010086
50720	0.010086
61545	0.010087
49576	0.010087
51143	0.010088
38364	0.010089
12887	0.010090
19325	0.010090
29187	0.010091
43954	0.010092
27917	0.010092
55052	0.010094
27249	0.010094
13076	0.010095
44003	0.010097
7142	0.010097
36319	0.010098
11865	0.010099
28101	0.010100
32091	0.010101
42777	0.010101
23925	0.010101
10804	0.010101
35557	0.010102
20090	0.010103
37386	0.010103
39341	0.010104
7239	0.010105
22999	0.010106
47087	0.010106
16559	0.010107
53004	0.010107
27769	0.010108
29992	0.010108
15519	0.010110
12299	0.010111
9300	0.010112
19788	0.010113
7638	0.010114
36743	0.010117
51617	0.010117
10754	0.010117
7809	0.010117
24746	0.010117
137609	0.010119
24744	0.010120
16233	0.010121
9833	0.010121
22983	0.010121
24163	0.010124
28019	0.010124
47273	0.010125
60733	0.010125
52428	0.010125
12709	0.010127
9021	0.010128
10438	0.010128
21728	0.010130
51332	0.010130
19404	0.010131
12693	0.010131
16085	0.010131
53471	0.010131
51181	0.010133
30711	0.010133
16813	0.010134
17466	0.010136
10179	0.010138
49997	0.010138
20068	0.010138
60951	0.010138
46278	0.010139
46931	0.010140
60228	0.010140
16106	0.010141
35060	0.010141
44930	0.010142
11863	0.010142
54975	0.010143
39265	0.010144
38596	0.010148
9108	0.010148
16974	0.010149
56481	0.010149
20700	0.010150
52250	0.010150
23273	0.010152
56758	0.010154
16446	0.010155
16601	0.010155
16920	0.010155
17022	0.010155
30291	0.010155
10032	0.010156
29156	0.010156
57908	0.010156
16308	0.010156
35481	0.010158
44927	0.010158
52168	0.010161
31823	0.010162
33680	0.010163
39783	0.010164
45254	0.010165
26666	0.010166
55061	0.010167
15547	0.010167
38327	0.010169
28687	0.010169
6919	0.010170
60269	0.010170
51758	0.010170
55709	0.010171
53738	0.010172
24617	0.010174
59196	0.010175
54887	0.010175
32179	0.010177
8578	0.010179
51893	0.010179
56964	0.010182
20239	0.010183
25756	0.010183
51888	0.010184
51722	0.010185
43098	0.010185
22673	0.010185
47264	0.010186
16916	0.010186
10725	0.010186
12259	0.010186
30011	0.010187
38869	0.010188
49971	0.010189
23220	0.010189
46218	0.010189
8708	0.010189
9237	0.010190
50718	0.010193
53613	0.010193
46342	0.010194
30062	0.010194
16698	0.010194
28858	0.010195
61109	0.010196
16312	0.010197
16218	0.010197
33777	0.010197
39866	0.010198
34178	0.010198
20059	0.010199
16898	0.010200
7291	0.010202
22230	0.010202
49045	0.010203
33353	0.010203
7211	0.010204
11770	0.010205
37465	0.010206
25182	0.010206
31124	0.010207
38236	0.010208
15542	0.010211
19986	0.010211
54770	0.010211
52898	0.010213
11294	0.010213
59673	0.010214
21889	0.010214
11454	0.010216
11980	0.010217
9923	0.010218
39910	0.010219
41071	0.010220
14608	0.010220
40011	0.010221
34595	0.010221
31010	0.010221
43119	0.010223
12824	0.010223
27149	0.010224
56819	0.010225
16765	0.010226
53956	0.010226
46891	0.010228
31283	0.010229
55181	0.010229
13391	0.010232
11212	0.010232
24897	0.010234
16422	0.010234
7271	0.010234
33579	0.010234
14655	0.010235
7596	0.010236
46586	0.010236
13568	0.010236
45354	0.010237
35029	0.010237
35447	0.010237
15507	0.010237
50450	0.010238
26886	0.010239
7054	0.010240
16824	0.010241
54782	0.010241
43965	0.010241
47179	0.010241
50908	0.010242
14759	0.010243
49696	0.010243
7140	0.010244
15005	0.010244
13956	0.010245
39289	0.010245
27467	0.010246
56512	0.010247
22108	0.010247
60547	0.010247
26406	0.010248
25020	0.010248
32938	0.010251
47709	0.010251
16583	0.010251
8657	0.010252
36942	0.010252
14883	0.010253
36331	0.010254
16541	0.010255
11272	0.010255
51947	0.010255
29038	0.010256
14062	0.010257
53086	0.010257
8410	0.010258
12613	0.010259
25058	0.010260
15081	0.010260
7195	0.010260
36739	0.010262
15018	0.010263
13041	0.010264
25668	0.010264
31278	0.010265
16681	0.010265
54349	0.010267
22961	0.010267
54170	0.010270
32478	0.010271
19512	0.010271
54884	0.010273
28610	0.010273
51184	0.010273
36280	0.010273
25310	0.010274
42738	0.010277
60902	0.010277
30079	0.010278
51211	0.010279
60482	0.010280
53689	0.010281
57539	0.010281
24254	0.010282
25449	0.010283
30594	0.010284
16011	0.010284
8058	0.010285
46064	0.010285
53827	0.010285
56981	0.010286
16604	0.010286
41660	0.010286
60509	0.010287
54167	0.010288
49287	0.010289
16775	0.010289
29066	0.010290
39724	0.010290
35232	0.010292
39797	0.010293
36754	0.010293
9315	0.010294
36035	0.010294
11198	0.010294
22223	0.010296
48549	0.010296
49505	0.010297
28204	0.010297
50509	0.010297
60363	0.010297
50063	0.010298
52864	0.010298
9842	0.010301
41461	0.010301
12094	0.010301
31297	0.010302
57928	0.010302
41190	0.010303
35794	0.010304
45013	0.010304
38602	0.010305
29788	0.010306
57594	0.010307
16881	0.010307
8735	0.010309
58638	0.010310
49537	0.010310
37180	0.010311
43343	0.010313
13539	0.010313
52470	0.010313
23851	0.010314
14482	0.010314
55535	0.010314
10302	0.010315
55634	0.010316
21590	0.010316
61491	0.010318
41377	0.010319
34072	0.010320
19485	0.010320
30985	0.010322
43555	0.010322
34520	0.010323
29708	0.010323
43887	0.010324
57708	0.010324
40923	0.010325
16420	0.010325
58419	0.010327
60545	0.010327
14721	0.010328
57611	0.010331
37893	0.010332
54850	0.010332
60645	0.010332
61275	0.010334
52489	0.010334
60442	0.010336
61265	0.010336
33074	0.010336
36780	0.010337
38268	0.010338
47999	0.010338
26324	0.010340
24413	0.010341
26738	0.010342
29333	0.010342
57379	0.010343
32660	0.010343
58448	0.010343
56341	0.010344
12530	0.010344
47571	0.010346
46332	0.010346
48180	0.010346
8734	0.010347
17313	0.010347
53503	0.010349
48928	0.010349
57692	0.010350
41879	0.010350
30333	0.010351
11034	0.010352
20537	0.010353
49269	0.010353
55000	0.010353
37060	0.010354
37926	0.010354
60336	0.010355
8583	0.010355
26438	0.010356
15906	0.010356
80826	0.010357
13069	0.010358
9240	0.010358
7983	0.010359
24651	0.010359
34588	0.010360
10556	0.010361
60546	0.010361
48924	0.010362
23169	0.010362
44045	0.010362
56831	0.010362
7223	0.010363
61162	0.010364
52159	0.010364
7038	0.010365
22759	0.010367
21515	0.010368
49845	0.010368
15900	0.010368
14983	0.010369
29933	0.010369
16976	0.010369
41877	0.010369
16701	0.010369
20318	0.010370
26206	0.010370
13788	0.010371
9297	0.010372
61021	0.010373
35985	0.010373
38256	0.010374
52220	0.010374
8044	0.010375
19197	0.010375
48820	0.010375
36954	0.010375
14588	0.010375
31080	0.010377
54213	0.010377
9387	0.010378
33859	0.010379
22803	0.010380
7103	0.010380
7001	0.010381
15400	0.010381
57550	0.010381
60502	0.010382
44092	0.010382
42848	0.010383
10933	0.010384
17123	0.010385
25473	0.010388
17229	0.010388
22198	0.010390
55631	0.010392
48012	0.010392
61353	0.010393
29082	0.010394
7716	0.010394
46929	0.010395
137382	0.010399
47311	0.010399
30171	0.010400
9822	0.010401
20240	0.010403
26757	0.010403
19021	0.010404
43978	0.010406
52153	0.010406
61192	0.010407
55617	0.010408
57213	0.010408
36511	0.010409
35648	0.010410
10502	0.010411
44157	0.010411
46590	0.010411
56322	0.010414
16108	0.010415
14606	0.010416
19717	0.010416
45194	0.010416
50080	0.010416
25974	0.010416
46818	0.010418
19841	0.010419
31078	0.010419
41107	0.010419
14554	0.010419
30310	0.010420
6902	0.010420
30864	0.010420
37928	0.010422
37511	0.010423
48940	0.010424
11810	0.010424
61012	0.010424
14489	0.010424
42634	0.010424
53834	0.010426
33356	0.010428
56909	0.010428
40879	0.010428
54888	0.010429
52547	0.010429
53847	0.010429
10194	0.010429
7501	0.010430
23950	0.010430
30564	0.010430
8476	0.010430
11857	0.010432
39105	0.010432
49205	0.010432
28493	0.010433
8870	0.010435
35839	0.010438
12295	0.010439
10324	0.010439
30633	0.010441
32276	0.010441
28908	0.010441
38666	0.010442
25170	0.010443
58306	0.010443
35151	0.010443
55605	0.010443
32818	0.010444
27064	0.010445
11235	0.010445
17358	0.010446
14783	0.010446
10767	0.010446
28712	0.010446
45493	0.010446
54248	0.010448
61388	0.010448
12387	0.010449
36960	0.010451
49082	0.010452
51429	0.010452
9152	0.010454
33417	0.010455
11946	0.010456
22428	0.010457
58152	0.010457
20604	0.010458
55879	0.010458
53975	0.010458
54670	0.010459
17067	0.010459
33046	0.010460
37120	0.010460
24028	0.010460
34682	0.010460
42508	0.010461
40878	0.010461
13495	0.010462
49752	0.010462
26583	0.010462
15467	0.010462
55215	0.010463
60391	0.010463
33455	0.010464
51249	0.010464
61434	0.010464
43980	0.010464
11495	0.010466
9829	0.010467
44013	0.010468
12678	0.010468
17218	0.010468
8736	0.010469
16219	0.010470
13058	0.010470
60938	0.010471
21948	0.010473
22304	0.010473
56405	0.010474
7710	0.010474
16993	0.010475
33102	0.010476
11387	0.010477
40102	0.010477
37082	0.010477
58509	0.010478
37065	0.010478
26900	0.010481
9177	0.010481
29832	0.010481
49283	0.010482
35093	0.010484
16833	0.010484
60625	0.010485
57702	0.010485
7610	0.010486
17256	0.010486
12114	0.010486
15137	0.010487
11329	0.010488
17014	0.010489
14603	0.010490
26191	0.010491
14193	0.010491
32388	0.010491
10174	0.010491
52982	0.010492
31909	0.010492
31928	0.010492
32305	0.010493
13253	0.010494
54327	0.010495
23808	0.010495
55087	0.010495
16956	0.010498
37602	0.010500
31851	0.010500
26686	0.010501
46365	0.010501
60416	0.010501
53832	0.010502
52827	0.010502
29941	0.010503
54655	0.010503
37667	0.010503
23776	0.010504
35005	0.010504
51135	0.010504
36574	0.010504
8070	0.010506
16362	0.010506
58384	0.010507
32187	0.010507
20459	0.010507
52936	0.010508
48636	0.010508
27842	0.010509
37820	0.010510
45229	0.010511
14572	0.010511
16890	0.010512
20624	0.010512
14996	0.010512
15335	0.010513
61640	0.010513
45741	0.010513
46190	0.010514
15607	0.010514
57451	0.010516
16903	0.010517
34852	0.010517
61428	0.010517
9683	0.010518
11141	0.010518
42505	0.010518
10261	0.010519
22655	0.010519
60399	0.010519
9750	0.010519
15689	0.010521
14683	0.010521
57140	0.010522
28817	0.010524
10335	0.010525
55281	0.010526
55975	0.010527
33359	0.010527
23158	0.010527
49248	0.010527
37622	0.010528
10090	0.010528
45727	0.010528
21562	0.010528
23897	0.010529
34348	0.010530
16764	0.010531
38258	0.010532
25118	0.010532
14392	0.010532
25937	0.010533
60701	0.010533
10070	0.010533
35820	0.010537
32222	0.010537
30420	0.010538
46032	0.010538
31773	0.010538
16104	0.010539
42687	0.010539
16513	0.010540
58375	0.010540
19138	0.010542
31304	0.010543
15419	0.010544
10065	0.010545
22801	0.010545
37136	0.010546
52271	0.010547
10632	0.010547
42254	0.010547
14475	0.010548
56930	0.010548
7099	0.010549
8979	0.010549
13522	0.010549
52603	0.010549
8262	0.010550
12701	0.010550
8957	0.010550
30465	0.010551
55954	0.010551
40393	0.010551
27162	0.010551
9947	0.010551
32636	0.010552
57159	0.010552
41517	0.010553
9291	0.010553
14151	0.010553
35688	0.010554
47476	0.010555
61555	0.010559
46073	0.010560
28895	0.010561
32443	0.010561
40919	0.010561
20243	0.010563
38659	0.010563
28928	0.010563
17478	0.010565
37201	0.010565
58135	0.010565
14268	0.010566
53652	0.010566
38217	0.010566
48306	0.010566
32951	0.010566
37376	0.010567
30769	0.010567
52525	0.010570
16234	0.010572
16359	0.010572
36202	0.010572
27327	0.010572
16926	0.010572
46644	0.010572
45446	0.010573
26528	0.010575
10221	0.010575
29947	0.010576
37102	0.010576
7359	0.010576
17069	0.010578
34231	0.010579
15481	0.010583
44166	0.010584
48036	0.010585
14787	0.010585
24820	0.010585
32920	0.010586
16598	0.010587
12628	0.010588
55876	0.010589
26752	0.010591
13392	0.010591
24629	0.010591
27728	0.010592
52258	0.010592
55956	0.010592
21782	0.010592
21102	0.010593
28933	0.010594
16968	0.010596
48894	0.010597
51306	0.010597
10216	0.010598
20299	0.010598
29854	0.010598
21804	0.010600
14175	0.010600
60202	0.010602
6963	0.010602
47468	0.010602
11608	0.010602
57833	0.010602
29195	0.010605
9459	0.010605
60488	0.010607
30286	0.010609
41540	0.010610
51846	0.010610
24351	0.010610
27308	0.010610
35664	0.010613
16251	0.010613
19301	0.010614
13397	0.010614
14519	0.010614
10574	0.010614
23605	0.010614
39293	0.010615
50947	0.010615
25301	0.010615
61652	0.010615
53195	0.010616
56882	0.010618
39345	0.010619
32576	0.010620
35842	0.010621
52389	0.010622
29329	0.010622
21292	0.010623
55711	0.010624
58194	0.010624
51247	0.010624
21173	0.010624
47907	0.010625
47257	0.010626
12401	0.010627
33318	0.010627
39938	0.010629
57789	0.010630
112515	0.010631
19341	0.010631
29739	0.010632
27371	0.010635
29098	0.010637
28781	0.010638
8586	0.010640
23531	0.010640
16760	0.010640
12660	0.010640
55486	0.010641
36345	0.010641
23179	0.010642
21788	0.010642
32366	0.010642
21084	0.010643
37679	0.010644
43067	0.010644
45480	0.010646
10173	0.010646
40448	0.010648
30689	0.010648
8800	0.010649
43173	0.010650
41676	0.010650
49694	0.010651
39707	0.010651
10015	0.010651
10122	0.010652
60766	0.010652
38347	0.010653
15875	0.010653
55886	0.010654
40862	0.010654
23523	0.010654
45064	0.010655
38454	0.010655
28054	0.010655
10439	0.010655
45729	0.010656
42751	0.010656
58969	0.010657
42191	0.010657
41268	0.010658
51697	0.010660
17341	0.010661
30502	0.010661
17400	0.010662
25205	0.010662
55460	0.010663
20161	0.010663
100337	0.010664
16951	0.010664
31967	0.010664
12366	0.010664
54632	0.010665
53018	0.010665
32694	0.010666
51187	0.010667
61110	0.010667
11884	0.010667
40651	0.010668
44899	0.010668
30851	0.010668
39107	0.010668
50525	0.010668
24767	0.010668
34267	0.010668
34658	0.010669
47986	0.010669
44269	0.010671
57199	0.010672
29945	0.010673
43609	0.010673
47110	0.010673
20958	0.010674
22125	0.010675
33534	0.010677
39403	0.010678
26580	0.010678
16865	0.010679
47370	0.010679
36256	0.010680
46981	0.010680
22137	0.010680
16656	0.010680
9939	0.010680
15521	0.010680
7743	0.010682
25496	0.010682
44567	0.010682
39754	0.010683
9689	0.010685
32014	0.010686
19966	0.010686
17053	0.010687
36978	0.010687
33214	0.010687
16944	0.010688
26514	0.010690
45971	0.010690
44416	0.010690
23032	0.010691
37551	0.010691
37669	0.010692
10123	0.010692
14953	0.010693
60209	0.010693
49312	0.010693
43023	0.010693
11271	0.010693
48431	0.010695
15499	0.010695
39838	0.010696
9681	0.010698
32701	0.010699
36286	0.010700
53839	0.010700
50645	0.010701
46945	0.010701
16637	0.010702
55019	0.010703
16435	0.010703
16755	0.010704
11116	0.010705
36571	0.010705
35141	0.010705
14133	0.010706
35298	0.010706
49342	0.010707
43484	0.010707
23518	0.010708
7802	0.010708
30531	0.010708
51918	0.010709
8976	0.010709
60631	0.010710
13997	0.010710
19294	0.010710
14316	0.010711
17685	0.010712
16959	0.010712
26449	0.010712
48892	0.010713
61485	0.010714
8877	0.010715
14900	0.010715
48158	0.010716
41788	0.010718
45544	0.010718
29158	0.010720
35424	0.010721
45816	0.010722
21571	0.010722
42203	0.010723
7407	0.010724
57613	0.010725
19376	0.010726
18409	0.010726
45043	0.010729
9003	0.010729
53960	0.010730
48189	0.010730
41035	0.010730
35917	0.010731
24009	0.010732
7227	0.010732
32017	0.010732
42243	0.010733
22667	0.010733
52512	0.010733
23935	0.010734
38488	0.010735
56411	0.010735
16893	0.010735
16006	0.010735
60555	0.010736
16536	0.010736
9831	0.010736
22947	0.010737
52872	0.010737
30379	0.010738
13109	0.010738
57135	0.010739
26815	0.010739
60153	0.010739
36285	0.010741
28000	0.010741
19660	0.010745
22365	0.010745
13599	0.010745
9150	0.010746
60810	0.010746
44435	0.010747
9264	0.010748
6943	0.010749
9516	0.010749
57350	0.010749
10145	0.010749
35404	0.010749
47075	0.010750
48615	0.010750
9737	0.010750
35692	0.010750
37038	0.010750
57144	0.010751
50900	0.010752
52148	0.010752
10328	0.010753
23557	0.010753
26343	0.010753
54595	0.010755
38230	0.010755
57897	0.010758
14738	0.010758
11780	0.010759
17066	0.010760
6968	0.010760
55662	0.010761
39623	0.010761
49984	0.010762
50966	0.010762
27836	0.010764
60682	0.010764
48253	0.010765
28887	0.010765
14313	0.010768
9171	0.010770
37037	0.010770
42867	0.010772
17004	0.010773
37606	0.010773
25467	0.010773
11778	0.010774
43830	0.010774
7292	0.010774
24725	0.010774
42367	0.010775
12784	0.010776
11476	0.010779
13306	0.010779
21211	0.010780
25384	0.010780
10356	0.010780
26210	0.010781
10729	0.010782
9301	0.010782
9688	0.010782
49669	0.010783
36292	0.010784
61625	0.010784
28417	0.010785
53648	0.010785
8492	0.010785
30154	0.010785
57103	0.010786
9715	0.010788
31102	0.010789
30022	0.010789
32064	0.010789
48619	0.010789
44499	0.010790
39804	0.010790
14054	0.010792
14187	0.010793
45227	0.010793
11619	0.010793
40643	0.010794
33823	0.010795
44172	0.010795
41100	0.010795
37364	0.010796
19228	0.010799
30874	0.010800
55645	0.010801
16141	0.010801
55695	0.010802
10073	0.010802
10248	0.010803
28038	0.010804
38882	0.010805
54840	0.010805
25572	0.010805
37053	0.010805
47103	0.010807
57108	0.010807
34909	0.010809
9341	0.010809
28973	0.010809
10664	0.010811
29935	0.010812
32913	0.010812
43624	0.010812
40926	0.010813
54517	0.010813
25939	0.010815
13719	0.010815
29258	0.010816
61589	0.010816
15428	0.010816
49718	0.010819
57620	0.010819
27785	0.010819
14589	0.010820
8718	0.010820
7112	0.010821
22818	0.010822
51110	0.010822
12379	0.010822
38208	0.010826
33305	0.010829
26227	0.010830
31971	0.010831
7786	0.010832
7663	0.010832
61255	0.010832
54813	0.010832
49359	0.010833
53943	0.010833
53685	0.010835
45278	0.010835
10496	0.010835
40772	0.010836
16730	0.010837
48242	0.010837
13256	0.010837
35662	0.010837
37527	0.010837
29953	0.010838
20252	0.010838
7414	0.010838
20098	0.010839
21393	0.010839
41245	0.010839
27421	0.010839
35659	0.010840
31323	0.010841
51605	0.010841
41058	0.010843
46983	0.010843
50893	0.010843
27056	0.010843
28632	0.010845
21484	0.010845
10946	0.010846
13174	0.010846
31301	0.010847
34869	0.010847
8373	0.010847
56855	0.010849
8634	0.010850
21389	0.010850
34672	0.010852
51945	0.010853
12744	0.010854
14671	0.010854
9377	0.010854
48721	0.010855
24024	0.010856
9386	0.010856
15745	0.010857
39056	0.010858
20527	0.010858
46627	0.010860
47054	0.010860
57535	0.010860
15916	0.010861
21104	0.010861
15051	0.010862
41356	0.010862
16277	0.010862
31835	0.010863
61029	0.010864
37214	0.010864
42380	0.010864
39745	0.010865
16053	0.010865
9348	0.010865
50510	0.010866
14963	0.010867
12519	0.010867
23388	0.010868
11826	0.010868
12529	0.010868
49958	0.010870
36183	0.010870
22029	0.010870
55254	0.010871
27814	0.010873
49900	0.010874
46916	0.010874
10955	0.010874
49487	0.010874
11555	0.010876
13969	0.010877
57473	0.010877
24385	0.010878
13265	0.010878
47609	0.010878
8278	0.010878
56672	0.010879
8161	0.010879
34616	0.010879
9818	0.010880
13054	0.010880
24742	0.010881
16381	0.010881
56858	0.010883
48873	0.010883
41693	0.010883
60691	0.010885
43148	0.010885
26955	0.010887
22837	0.010887
45523	0.010888
38385	0.010888
11410	0.010889
43395	0.010891
29444	0.010891
45124	0.010891
22826	0.010892
10329	0.010892
32391	0.010893
36973	0.010894
17070	0.010894
21534	0.010894
34246	0.010894
33806	0.010895
33474	0.010896
40178	0.010896
7510	0.010897
49889	0.010898
31489	0.010898
25766	0.010898
40695	0.010898
11855	0.010900
26136	0.010900
7029	0.010900
54576	0.010900
16821	0.010901
49589	0.010901
12799	0.010901
48489	0.010902
13239	0.010903
53351	0.010904
16643	0.010904
36605	0.010904
48032	0.010904
37496	0.010905
51959	0.010905
30551	0.010906
48379	0.010906
57997	0.010907
31495	0.010907
49316	0.010908
21880	0.010908
57759	0.010908
55228	0.010909
12897	0.010910
47428	0.010910
30142	0.010911
8574	0.010911
19924	0.010913
38144	0.010913
49826	0.010914
6893	0.010914
12520	0.010915
16653	0.010916
16757	0.010916
33097	0.010917
9780	0.010917
13541	0.010917
54361	0.010918
60352	0.010919
16623	0.010919
46962	0.010920
16285	0.010920
22925	0.010920
22612	0.010921
37283	0.010921
30064	0.010923
34248	0.010923
14472	0.010924
15001	0.010924
16113	0.010925
23577	0.010926
25254	0.010926
9043	0.010926
16360	0.010926
39510	0.010926
54210	0.010926
43150	0.010926
18372	0.010927
32027	0.010927
9012	0.010928
9054	0.010931
33920	0.010932
137847	0.010933
33284	0.010933
58222	0.010933
10191	0.010933
54704	0.010934
56543	0.010934
10554	0.010934
15777	0.010935
61642	0.010935
28703	0.010936
57364	0.010937
26949	0.010940
42995	0.010941
22042	0.010943
47798	0.010945
16047	0.010947
16351	0.010948
10375	0.010948
15479	0.010949
30046	0.010950
15337	0.010950
13074	0.010950
39815	0.010951
28764	0.010952
7673	0.010952
30090	0.010952
34954	0.010953
10371	0.010954
31648	0.010955
50497	0.010955
46097	0.010956
57177	0.010957
17020	0.010958
39357	0.010960
15614	0.010960
41132	0.010962
28872	0.010962
57821	0.010962
61364	0.010962
39058	0.010963
54684	0.010964
61610	0.010964
16880	0.010964
19052	0.010965
23650	0.010965
34691	0.010965
14039	0.010966
11522	0.010966
13121	0.010967
44117	0.010968
28127	0.010969
20628	0.010970
19551	0.010970
16537	0.010971
17493	0.010972
41729	0.010972
38673	0.010972
20973	0.010973
53270	0.010974
55195	0.010974
61134	0.010975
46753	0.010976
25972	0.010977
42572	0.010978
49659	0.010978
28195	0.010978
27529	0.010980
20006	0.010980
53618	0.010981
15344	0.010981
19760	0.010982
40902	0.010982
23922	0.010983
54663	0.010984
22489	0.010984
30247	0.010985
19790	0.010985
30242	0.010985
10885	0.010986
52963	0.010987
25234	0.010987
13720	0.010988
41569	0.010989
33453	0.010989
54367	0.010991
44621	0.010991
46317	0.010992
56385	0.010994
7120	0.010994
14529	0.010995
39719	0.010996
10064	0.010996
36403	0.010996
15219	0.010996
19879	0.010998
47801	0.010998
9097	0.010998
46912	0.010998
43165	0.010999
60980	0.010999
42223	0.011000
60273	0.011000
26983	0.011001
23403	0.011001
8607	0.011001
40866	0.011002
49620	0.011002
60742	0.011003
57466	0.011003
54877	0.011004
9535	0.011005
55272	0.011005
12526	0.011006
29026	0.011007
25721	0.011009
42608	0.011010
55839	0.011010
42484	0.011011
27738	0.011011
12656	0.011012
55237	0.011014
55960	0.011015
8276	0.011016
29142	0.011016
27459	0.011017
26295	0.011017
55693	0.011017
22650	0.011018
24847	0.011018
10488	0.011020
56691	0.011021
14470	0.011022
13439	0.011023
48969	0.011023
22861	0.011024
54135	0.011025
15757	0.011025
60644	0.011025
49948	0.011026
14306	0.011026
15976	0.011026
16607	0.011026
16794	0.011026
25943	0.011026
32334	0.011026
34744	0.011026
34783	0.011026
43364	0.011026
43903	0.011026
46764	0.011026
47268	0.011026
51452	0.011026
54339	0.011028
36205	0.011028
58096	0.011028
95884	0.011028
46116	0.011029
14651	0.011029
27818	0.011030
20396	0.011031
56396	0.011031
38658	0.011033
10501	0.011034
36227	0.011035
35148	0.011036
25395	0.011037
14744	0.011038
15345	0.011038
8002	0.011038
20612	0.011040
9430	0.011040
50217	0.011041
61224	0.011041
56536	0.011042
42362	0.011042
47606	0.011042
60424	0.011043
24468	0.011043
11424	0.011043
25915	0.011043
32780	0.011044
11142	0.011044
14559	0.011044
25591	0.011049
12786	0.011049
10916	0.011049
13130	0.011050
57864	0.011050
46766	0.011051
13377	0.011052
19693	0.011052
51979	0.011052
14439	0.011052
15876	0.011053
53010	0.011053
27164	0.011056
9384	0.011056
49742	0.011057
26630	0.011057
48371	0.011057
22997	0.011058
55370	0.011058
39086	0.011058
15180	0.011059
25389	0.011060
15154	0.011061
31154	0.011061
21632	0.011062
37292	0.011063
51460	0.011063
15462	0.011063
41166	0.011065
9207	0.011065
9390	0.011065
25498	0.011065
58259	0.011065
34252	0.011067
31546	0.011069
23376	0.011070
22888	0.011070
52943	0.011071
21952	0.011072
7587	0.011072
23764	0.011072
17048	0.011072
39589	0.011074
14471	0.011074
7386	0.011074
7207	0.011075
14497	0.011075
11107	0.011075
60250	0.011076
55106	0.011077
29104	0.011077
54352	0.011078
61297	0.011078
8233	0.011078
12996	0.011078
49978	0.011079
33399	0.011079
34460	0.011080
53663	0.011080
13493	0.011082
10470	0.011083
15145	0.011083
46751	0.011083
43886	0.011084
28106	0.011085
41378	0.011088
33362	0.011089
44829	0.011089
58635	0.011090
53654	0.011091
19857	0.011092
61143	0.011092
8595	0.011093
43744	0.011095
17259	0.011096
36333	0.011096
29872	0.011096
27645	0.011097
13916	0.011097
19217	0.011100
15886	0.011102
12400	0.011103
27809	0.011103
28972	0.011103
45415	0.011103
14712	0.011104
7246	0.011104
11257	0.011104
34217	0.011104
11340	0.011106
19794	0.011107
15439	0.011107
14733	0.011111
48512	0.011112
17457	0.011112
8687	0.011113
52704	0.011113
28411	0.011114
22532	0.011114
53971	0.011115
42853	0.011115
6903	0.011117
8977	0.011118
21636	0.011118
10968	0.011118
53420	0.011119
23515	0.011119
16546	0.011120
47157	0.011121
38010	0.011121
24871	0.011121
13519	0.011122
58316	0.011122
14490	0.011122
32668	0.011122
60854	0.011123
51862	0.011125
12042	0.011126
48408	0.011126
12469	0.011128
32287	0.011128
23212	0.011129
14942	0.011130
46871	0.011130
27901	0.011131
58016	0.011131
9529	0.011132
22431	0.011132
30687	0.011133
47901	0.011135
12456	0.011136
56416	0.011136
10126	0.011136
42651	0.011138
28002	0.011138
46475	0.011138
54565	0.011138
50473	0.011140
16936	0.011140
55684	0.011141
50314	0.011142
23660	0.011142
34969	0.011142
61086	0.011142
26412	0.011143
41510	0.011143
6904	0.011143
19290	0.011143
61470	0.011143
28725	0.011144
8572	0.011144
8681	0.011146
54317	0.011146
26360	0.011146
11641	0.011147
51129	0.011147
16682	0.011147
43153	0.011147
55673	0.011148
42699	0.011148
24087	0.011148
28950	0.011150
7625	0.011150
24788	0.011151
60809	0.011152
35071	0.011153
30193	0.011153
51987	0.011153
17504	0.011155
22552	0.011155
12383	0.011155
25306	0.011155
15908	0.011156
13667	0.011157
39089	0.011157
12484	0.011158
41719	0.011158
29088	0.011159
27017	0.011160
37238	0.011160
7935	0.011161
22403	0.011162
30486	0.011162
17093	0.011164
34446	0.011165
37240	0.011165
50019	0.011165
25760	0.011166
57260	0.011166
41820	0.011166
35227	0.011168
19444	0.011168
35836	0.011170
14776	0.011170
15832	0.011170
11398	0.011171
54492	0.011171
46352	0.011172
13137	0.011173
36690	0.011174
17464	0.011175
14088	0.011176
26345	0.011176
8365	0.011176
8594	0.011176
47962	0.011178
27683	0.011178
34351	0.011178
46162	0.011179
19359	0.011179
49777	0.011179
46611	0.011180
25438	0.011182
21610	0.011183
7918	0.011184
32085	0.011185
10952	0.011186
56326	0.011188
43866	0.011188
49432	0.011188
32164	0.011189
55882	0.011189
55964	0.011191
11815	0.011191
37763	0.011191
46429	0.011192
49279	0.011193
21823	0.011194
35701	0.011194
8585	0.011196
10653	0.011196
44937	0.011196
13481	0.011197
53642	0.011197
16870	0.011197
28394	0.011197
41373	0.011198
27144	0.011199
26654	0.011200
26409	0.011201
56786	0.011202
24051	0.011202
50136	0.011202
47066	0.011202
23947	0.011203
56587	0.011203
7554	0.011203
56539	0.011205
15445	0.011206
17145	0.011207
36693	0.011208
45712	0.011209
7171	0.011209
11433	0.011210
33942	0.011210
49832	0.011210
15686	0.011210
27218	0.011211
41680	0.011212
30510	0.011212
15746	0.011213
48097	0.011214
41255	0.011214
33589	0.011214
31535	0.011215
60679	0.011215
47508	0.011216
35643	0.011216
28606	0.011217
21077	0.011218
55551	0.011219
55993	0.011219
44302	0.011219
20793	0.011220
19522	0.011221
32433	0.011224
42197	0.011225
8475	0.011226
26656	0.011226
27450	0.011226
13458	0.011226
26474	0.011226
41526	0.011226
45865	0.011228
10446	0.011229
55801	0.011231
7250	0.011232
8524	0.011233
50142	0.011233
24404	0.011234
26321	0.011234
27988	0.011235
10643	0.011236
8556	0.011236
16694	0.011238
35415	0.011238
42954	0.011240
29107	0.011241
7604	0.011243
29046	0.011244
52788	0.011244
14002	0.011246
42846	0.011248
13674	0.011248
29978	0.011248
29943	0.011249
16425	0.011250
45837	0.011250
30053	0.011251
13755	0.011251
52600	0.011252
51732	0.011252
13104	0.011253
53160	0.011254
19641	0.011254
16007	0.011255
41443	0.011255
49780	0.011256
45845	0.011256
23707	0.011257
37516	0.011257
20033	0.011257
60386	0.011258
14825	0.011258
12125	0.011259
45377	0.011259
10859	0.011259
13857	0.011259
51770	0.011261
48437	0.011261
42390	0.011262
39887	0.011262
7936	0.011263
119356	0.011263
39807	0.011263
16649	0.011265
41761	0.011266
44160	0.011267
39771	0.011267
30125	0.011267
11820	0.011267
12567	0.011268
10547	0.011268
21018	0.011268
41055	0.011268
27252	0.011268
39979	0.011269
9225	0.011269
43940	0.011269
41991	0.011269
13464	0.011271
11140	0.011271
12052	0.011272
30070	0.011274
13034	0.011275
12589	0.011276
8789	0.011276
11779	0.011278
16144	0.011278
27870	0.011278
32826	0.011279
15105	0.011279
13593	0.011280
23067	0.011280
21364	0.011281
7285	0.011281
23533	0.011282
44623	0.011282
36300	0.011282
25725	0.011282
17236	0.011283
8917	0.011283
9001	0.011283
48299	0.011284
45486	0.011284
53154	0.011284
16970	0.011284
113939	0.011285
34040	0.011285
8855	0.011286
40588	0.011287
42117	0.011288
10744	0.011288
47638	0.011289
17083	0.011289
39518	0.011289
11543	0.011290
46795	0.011291
36831	0.011292
46274	0.011292
14091	0.011293
35803	0.011293
60834	0.011295
36080	0.011296
26546	0.011297
34361	0.011297
8788	0.011298
14781	0.011298
27427	0.011299
48392	0.011299
7675	0.011299
45542	0.011300
26787	0.011300
26997	0.011304
39715	0.011304
55750	0.011305
47020	0.011306
20053	0.011307
48781	0.011307
16611	0.011308
10331	0.011308
9163	0.011308
16834	0.011309
28035	0.011310
37983	0.011311
57129	0.011312
16872	0.011315
57604	0.011315
56015	0.011316
20306	0.011316
13314	0.011316
13772	0.011317
24338	0.011317
21599	0.011317
27959	0.011318
16789	0.011318
52409	0.011319
49489	0.011320
30691	0.011320
30604	0.011321
56231	0.011321
23036	0.011322
54572	0.011322
51220	0.011322
15808	0.011323
35806	0.011323
119477	0.011325
46680	0.011325
8267	0.011325
16500	0.011326
39968	0.011327
7762	0.011328
54534	0.011328
16650	0.011328
51656	0.011329
43823	0.011329
40936	0.011329
16905	0.011329
31437	0.011329
9029	0.011329
13251	0.011331
21487	0.011332
54726	0.011332
11964	0.011334
13465	0.011334
13236	0.011334
9312	0.011334
13304	0.011336
45954	0.011337
13852	0.011338
53203	0.011339
49645	0.011339
22927	0.011339
32330	0.011339
52631	0.011340
22784	0.011340
8547	0.011340
15128	0.011340
45118	0.011341
52737	0.011341
14245	0.011341
56556	0.011341
14993	0.011342
15487	0.011343
11958	0.011343
46025	0.011343
37011	0.011344
57913	0.011344
61656	0.011344
14285	0.011345
23993	0.011345
23632	0.011345
42469	0.011346
50737	0.011346
10836	0.011348
11624	0.011348
37619	0.011349
20040	0.011352
53569	0.011353
23578	0.011353
35518	0.011353
50390	0.011353
56195	0.011354
56794	0.011355
39163	0.011355
28174	0.011357
48852	0.011359
13859	0.011359
16892	0.011360
47133	0.011360
51404	0.011361
11858	0.011361
40201	0.011363
54677	0.011364
37207	0.011366
34669	0.011367
35438	0.011368
39795	0.011368
50789	0.011372
34729	0.011372
41669	0.011373
8303	0.011374
52231	0.011375
12382	0.011375
42626	0.011376
46469	0.011377
60868	0.011378
50177	0.011379
27762	0.011381
27536	0.011381
52322	0.011381
7133	0.011381
25734	0.011382
42115	0.011382
47380	0.011382
7149	0.011383
7968	0.011384
45807	0.011384
41739	0.011386
50517	0.011386
38287	0.011387
28685	0.011387
36970	0.011388
14358	0.011388
9699	0.011388
49421	0.011389
48518	0.011389
27303	0.011390
14446	0.011391
53115	0.011394
56548	0.011395
16712	0.011395
54465	0.011396
14043	0.011398
25459	0.011398
54238	0.011399
31840	0.011399
60619	0.011399
23118	0.011401
43366	0.011401
31225	0.011402
47220	0.011402
20594	0.011403
25195	0.011403
60344	0.011404
26068	0.011407
16303	0.011407
14520	0.011408
27073	0.011408
30725	0.011409
15544	0.011409
24728	0.011409
17091	0.011409
45182	0.011410
14858	0.011410
49633	0.011412
7383	0.011412
21479	0.011412
35586	0.011413
38220	0.011414
25790	0.011414
31188	0.011415
9798	0.011415
7376	0.011416
53757	0.011416
24115	0.011417
29271	0.011417
25528	0.011419
60703	0.011419
14381	0.011419
17081	0.011419
8048	0.011419
12991	0.011420
10873	0.011422
10056	0.011423
37150	0.011424
15368	0.011424
60360	0.011426
61203	0.011426
14061	0.011426
8302	0.011427
25161	0.011428
15129	0.011428
15208	0.011429
33964	0.011429
27114	0.011429
12281	0.011429
10711	0.011431
30137	0.011431
22480	0.011432
11412	0.011432
56484	0.011432
16190	0.011433
34706	0.011434
27049	0.011434
16522	0.011438
34452	0.011438
42904	0.011440
35120	0.011440
54074	0.011440
20835	0.011440
7556	0.011440
7108	0.011442
29262	0.011442
29121	0.011442
47865	0.011442
33035	0.011443
8773	0.011443
36397	0.011444
53535	0.011445
61385	0.011445
52587	0.011447
14370	0.011447
23834	0.011448
48977	0.011448
27849	0.011448
31421	0.011448
23779	0.011449
32254	0.011450
47876	0.011450
25536	0.011450
36608	0.011450
27380	0.011450
27606	0.011451
50354	0.011451
57061	0.011454
53683	0.011454
46820	0.011457
24682	0.011458
28125	0.011459
29174	0.011459
44975	0.011460
14980	0.011460
61200	0.011460
55104	0.011461
53873	0.011463
20978	0.011464
31583	0.011464
48522	0.011464
52188	0.011464
12891	0.011466
55568	0.011467
21543	0.011467
49583	0.011469
46006	0.011469
32249	0.011470
8268	0.011470
25336	0.011471
37911	0.011471
19347	0.011472
55279	0.011473
57810	0.011475
25555	0.011475
53256	0.011476
7128	0.011477
17453	0.011477
61037	0.011478
45698	0.011482
41112	0.011483
43723	0.011483
16542	0.011483
52157	0.011484
23174	0.011485
36909	0.011485
43868	0.011485
39660	0.011485
43509	0.011486
17013	0.011486
31418	0.011487
15773	0.011487
16910	0.011487
39880	0.011488
12155	0.011488
19183	0.011488
47018	0.011488
10629	0.011489
46536	0.011489
39480	0.011489
8275	0.011490
49636	0.011490
49150	0.011491
44995	0.011492
33278	0.011492
9656	0.011492
10254	0.011495
46938	0.011495
28067	0.011495
22376	0.011495
42618	0.011496
15822	0.011496
39227	0.011497
60976	0.011497
54694	0.011497
44789	0.011497
9834	0.011498
24236	0.011499
56920	0.011499
42032	0.011500
16596	0.011501
48997	0.011501
49385	0.011501
26730	0.011501
8482	0.011503
24947	0.011505
52404	0.011508
30994	0.011508
9242	0.011508
53201	0.011508
56974	0.011508
14597	0.011509
57201	0.011509
52215	0.011509
32611	0.011511
17082	0.011511
25736	0.011512
51957	0.011512
24057	0.011512
30563	0.011514
28690	0.011514
17059	0.011514
39833	0.011516
9027	0.011518
19190	0.011518
45388	0.011519
37272	0.011519
9711	0.011520
14136	0.011520
9984	0.011520
10160	0.011521
10769	0.011521
32954	0.011521
12470	0.011527
61331	0.011527
60777	0.011527
9238	0.011528
27635	0.011528
52080	0.011529
34880	0.011529
27453	0.011529
32316	0.011530
61107	0.011530
8880	0.011530
18974	0.011531
39777	0.011531
49643	0.011531
52022	0.011532
57006	0.011534
17058	0.011534
32056	0.011534
44279	0.011534
21460	0.011536
9048	0.011536
51401	0.011536
44843	0.011540
24919	0.011540
9928	0.011542
17065	0.011542
13002	0.011542
23172	0.011542
19292	0.011542
48546	0.011543
16939	0.011544
35443	0.011545
34836	0.011547
26309	0.011548
23799	0.011548
32599	0.011549
22688	0.011549
25851	0.011550
22521	0.011550
60802	0.011552
36938	0.011553
20786	0.011553
8920	0.011553
58453	0.011554
36975	0.011554
24500	0.011554
13878	0.011555
14813	0.011555
51730	0.011556
32822	0.011556
22542	0.011557
44860	0.011557
20112	0.011557
31653	0.011557
23181	0.011557
37317	0.011558
7280	0.011559
40100	0.011560
9705	0.011560
41939	0.011561
28354	0.011563
36356	0.011563
9942	0.011564
8848	0.011565
7044	0.011565
15961	0.011567
33932	0.011568
50516	0.011568
35678	0.011569
14030	0.011570
15861	0.011570
38894	0.011570
38324	0.011570
60800	0.011572
57327	0.011572
9378	0.011575
34548	0.011575
29189	0.011577
29135	0.011577
55463	0.011578
54477	0.011578
55471	0.011578
19377	0.011578
16849	0.011578
60236	0.011579
32225	0.011580
15168	0.011580
48445	0.011580
34274	0.011580
31775	0.011581
32500	0.011581
15957	0.011581
54181	0.011582
49475	0.011582
39775	0.011583
41454	0.011583
36001	0.011583
27970	0.011584
118557	0.011584
11774	0.011584
21618	0.011584
34507	0.011585
19684	0.011585
29911	0.011585
25505	0.011585
21166	0.011586
32648	0.011586
45715	0.011586
7693	0.011586
15426	0.011588
10821	0.011590
32456	0.011594
25152	0.011594
61647	0.011597
60814	0.011597
13404	0.011597
38075	0.011598
53951	0.011598
12241	0.011598
51954	0.011599
40304	0.011601
51462	0.011602
42610	0.011604
32764	0.011604
61473	0.011605
34824	0.011606
52331	0.011606
54612	0.011607
41146	0.011608
47245	0.011608
14620	0.011608
119476	0.011609
16688	0.011609
50953	0.011609
22327	0.011610
32706	0.011610
60947	0.011611
22350	0.011612
45525	0.011613
33991	0.011614
53056	0.011615
57933	0.011615
40870	0.011616
16048	0.011617
16715	0.011617
14968	0.011617
17120	0.011617
23967	0.011618
10533	0.011618
11179	0.011618
45153	0.011621
27829	0.011622
16361	0.011622
12885	0.011624
38334	0.011625
39030	0.011626
22226	0.011627
16112	0.011627
35824	0.011628
9912	0.011629
30598	0.011630
14700	0.011631
47314	0.011632
47232	0.011633
37345	0.011636
47272	0.011637
37297	0.011638
10540	0.011638
46194	0.011639
58892	0.011639
43488	0.011639
46859	0.011640
19298	0.011640
14035	0.011640
13010	0.011641
45077	0.011642
60760	0.011643
14540	0.011643
22917	0.011644
31771	0.011644
9333	0.011644
12997	0.011644
20209	0.011644
52693	0.011645
36980	0.011646
52800	0.011646
50650	0.011649
60381	0.011649
50807	0.011650
24135	0.011651
21367	0.011651
51966	0.011652
7288	0.011653
8887	0.011653
28962	0.011654
13097	0.011654
61622	0.011654
11435	0.011655
20832	0.011655
42743	0.011656
37097	0.011657
46422	0.011658
37114	0.011658
46635	0.011660
12725	0.011661
34205	0.011661
25426	0.011663
43899	0.011663
13656	0.011664
52071	0.011664
42301	0.011664
23628	0.011665
48881	0.011665
14631	0.011668
26560	0.011668
38457	0.011668
51614	0.011669
60462	0.011669
30915	0.011671
10116	0.011671
13283	0.011672
56918	0.011673
53836	0.011674
27955	0.011674
55538	0.011675
8584	0.011676
15017	0.011676
32172	0.011676
25024	0.011677
54977	0.011678
15850	0.011678
36006	0.011678
7530	0.011679
9819	0.011681
40268	0.011682
13418	0.011682
35618	0.011682
13103	0.011684
13060	0.011684
50116	0.011685
53829	0.011685
9503	0.011685
21451	0.011687
35551	0.011688
17253	0.011689
50091	0.011690
16081	0.011690
50885	0.011691
46650	0.011691
49255	0.011691
32655	0.011692
50306	0.011692
8393	0.011694
33462	0.011694
10534	0.011694
11480	0.011695
42532	0.011695
26072	0.011695
35793	0.011696
21801	0.011696
35167	0.011697
39615	0.011698
26993	0.011699
23363	0.011700
50565	0.011700
42697	0.011701
51874	0.011701
39738	0.011703
19153	0.011703
21038	0.011703
28298	0.011706
22461	0.011706
43324	0.011706
57296	0.011707
15909	0.011707
30430	0.011708
26431	0.011708
29343	0.011708
16986	0.011710
34769	0.011710
8158	0.011710
29172	0.011712
15801	0.011712
52446	0.011714
30058	0.011714
56505	0.011715
45755	0.011715
60559	0.011715
8390	0.011715
13448	0.011715
19689	0.011716
15813	0.011716
10100	0.011717
36744	0.011717
17366	0.011717
44833	0.011718
35868	0.011718
9674	0.011719
16557	0.011720
16183	0.011720
42016	0.011722
15713	0.011722
27998	0.011722
38808	0.011723
8403	0.011723
57054	0.011724
32001	0.011725
16923	0.011725
54486	0.011727
52190	0.011729
26306	0.011729
18381	0.011729
14248	0.011729
37985	0.011730
16743	0.011730
13033	0.011730
54574	0.011731
21668	0.011731
30939	0.011731
45020	0.011732
22963	0.011733
39306	0.011734
43411	0.011737
41894	0.011738
22215	0.011739
50148	0.011740
7536	0.011740
12027	0.011740
37281	0.011740
10175	0.011741
11086	0.011741
22786	0.011742
21189	0.011742
19565	0.011743
27395	0.011746
11430	0.011746
29722	0.011746
24012	0.011748
48245	0.011748
16961	0.011749
57847	0.011749
31408	0.011750
39793	0.011750
34418	0.011750
22076	0.011750
53781	0.011751
9887	0.011751
47635	0.011752
55147	0.011752
14087	0.011752
25575	0.011752
22602	0.011752
8890	0.011753
26987	0.011753
28832	0.011753
19679	0.011753
32981	0.011755
44712	0.011755
50643	0.011758
40260	0.011759
53988	0.011761
12389	0.011762
25400	0.011763
28804	0.011763
20914	0.011764
36003	0.011765
33387	0.011765
37576	0.011765
60300	0.011765
60698	0.011765
61017	0.011765
37389	0.011765
39451	0.011769
18898	0.011770
50531	0.011771
37430	0.011772
14444	0.011772
46739	0.011772
24904	0.011772
22160	0.011772
36253	0.011773
11119	0.011773
43012	0.011774
20331	0.011774
40894	0.011777
12079	0.011778
54371	0.011779
12111	0.011779
46814	0.011780
13888	0.011782
16533	0.011783
23111	0.011783
38247	0.011783
29546	0.011785
42214	0.011785
10034	0.011785
28028	0.011787
30986	0.011787
40133	0.011789
19386	0.011789
23224	0.011791
31190	0.011791
12818	0.011791
38168	0.011793
9695	0.011793
14938	0.011794
58487	0.011794
57579	0.011794
7617	0.011794
12256	0.011795
7863	0.011796
61454	0.011796
13019	0.011796
26999	0.011797
27730	0.011797
50088	0.011797
23047	0.011798
43880	0.011798
12475	0.011799
22358	0.011800
46809	0.011800
14991	0.011800
57838	0.011801
29824	0.011802
50269	0.011802
11210	0.011803
25279	0.011804
58101	0.011805
30135	0.011805
37070	0.011805
25323	0.011806
21472	0.011807
37705	0.011809
42679	0.011809
21410	0.011810
11981	0.011810
14321	0.011811
59461	0.011811
22788	0.011811
36259	0.011811
7581	0.011812
37068	0.011812
7521	0.011812
11996	0.011813
14058	0.011813
30384	0.011814
40718	0.011816
53325	0.011816
8576	0.011817
55530	0.011818
24423	0.011818
8961	0.011819
12443	0.011820
50083	0.011821
41647	0.011822
39353	0.011822
58314	0.011823
13266	0.011823
39275	0.011827
51173	0.011829
60325	0.011829
21381	0.011830
36520	0.011831
55614	0.011831
47248	0.011831
24857	0.011832
15610	0.011832
15107	0.011834
25273	0.011835
35780	0.011836
12496	0.011836
48147	0.011838
10127	0.011839
53002	0.011839
25305	0.011841
58476	0.011842
61096	0.011842
53150	0.011843
47418	0.011844
30997	0.011844
50267	0.011845
52920	0.011845
40476	0.011846
27826	0.011846
21687	0.011846
16567	0.011846
28108	0.011847
21114	0.011847
28844	0.011848
54369	0.011848
12024	0.011848
54003	0.011848
50079	0.011849
25108	0.011850
33015	0.011852
33669	0.011852
15883	0.011852
12153	0.011852
54185	0.011853
47097	0.011854
34210	0.011856
30743	0.011857
17557	0.011857
14132	0.011857
32915	0.011858
43883	0.011859
52054	0.011860
57792	0.011860
119426	0.011861
38628	0.011862
11803	0.011862
23790	0.011863
23832	0.011864
7783	0.011865
11009	0.011865
52998	0.011865
7929	0.011865
32252	0.011867
50870	0.011867
9537	0.011868
57269	0.011868
14390	0.011868
8144	0.011868
52397	0.011869
20904	0.011870
7709	0.011871
54630	0.011872
34313	0.011872
32487	0.011874
19220	0.011875
29030	0.011875
46901	0.011875
51843	0.011876
23826	0.011877
41584	0.011878
14013	0.011879
32699	0.011880
47339	0.011880
25746	0.011880
32815	0.011881
33425	0.011883
41094	0.011883
56666	0.011884
25411	0.011885
45797	0.011886
35877	0.011886
56245	0.011888
20861	0.011888
9221	0.011888
32865	0.011889
17391	0.011889
11360	0.011890
26093	0.011890
46289	0.011890
12557	0.011891
7160	0.011892
39269	0.011892
40390	0.011892
10778	0.011892
37372	0.011893
49902	0.011893
36395	0.011894
43788	0.011895
22078	0.011895
25728	0.011895
16231	0.011896
7097	0.011897
9867	0.011897
30129	0.011898
8165	0.011899
39073	0.011900
48571	0.011901
26725	0.011902
38845	0.011902
52145	0.011902
31152	0.011902
21311	0.011904
31918	0.011905
16690	0.011906
53883	0.011906
9671	0.011906
14078	0.011907
57389	0.011908
17116	0.011908
54614	0.011910
41582	0.011910
49563	0.011911
16097	0.011912
56414	0.011912
53305	0.011912
53013	0.011916
11656	0.011916
8100	0.011917
12942	0.011917
9665	0.011917
7341	0.011917
32124	0.011918
45451	0.011918
61438	0.011918
21106	0.011919
21698	0.011919
41768	0.011919
31576	0.011920
12404	0.011920
12284	0.011921
10230	0.011921
31270	0.011922
45987	0.011922
31491	0.011923
28714	0.011923
51279	0.011923
58252	0.011923
47599	0.011924
53866	0.011926
54598	0.011926
29205	0.011927
26571	0.011927
42236	0.011927
17384	0.011929
36460	0.011931
23747	0.011931
9326	0.011931
30092	0.011931
13813	0.011932
33774	0.011933
17369	0.011933
13400	0.011934
32984	0.011934
57618	0.011935
53407	0.011935
8689	0.011935
55491	0.011938
19106	0.011939
32804	0.011939
20355	0.011939
29938	0.011939
45722	0.011940
6912	0.011942
8560	0.011942
57314	0.011943
14021	0.011943
47494	0.011944
16630	0.011944
41986	0.011945
17193	0.011946
16927	0.011947
49361	0.011948
24358	0.011948
55309	0.011948
25717	0.011948
8501	0.011949
51435	0.011949
30761	0.011950
7656	0.011951
38372	0.011951
28132	0.011951
10813	0.011952
23667	0.011952
10192	0.011952
10780	0.011952
12090	0.011953
42736	0.011954
8902	0.011955
60454	0.011955
28207	0.011956
49872	0.011957
45477	0.011958
50297	0.011958
16503	0.011959
56034	0.011959
31538	0.011960
37810	0.011960
14116	0.011960
41544	0.011961
60882	0.011961
25896	0.011962
16940	0.011962
16861	0.011962
22034	0.011964
50939	0.011964
9978	0.011964
32545	0.011965
23302	0.011965
27318	0.011966
15795	0.011967
22524	0.011967
11081	0.011968
41959	0.011968
20171	0.011969
50985	0.011969
60542	0.011970
12140	0.011970
28367	0.011971
60623	0.011972
17414	0.011973
15013	0.011975
10338	0.011975
55055	0.011976
25700	0.011976
52629	0.011976
29279	0.011976
38663	0.011977
53817	0.011977
35197	0.011978
40845	0.011978
53084	0.011978
20498	0.011978
9296	0.011978
15709	0.011980
26957	0.011981
22885	0.011982
27231	0.011982
51928	0.011984
41866	0.011984
6917	0.011985
50174	0.011985
42749	0.011985
37276	0.011986
14036	0.011986
35396	0.011987
39663	0.011987
13934	0.011987
31150	0.011990
54914	0.011991
58623	0.011992
12843	0.011992
39470	0.011992
55625	0.011993
31055	0.011993
40502	0.011995
19296	0.011995
12781	0.011995
16300	0.011997
16707	0.011999
11449	0.012000
10500	0.012000
21669	0.012000
42086	0.012002
52929	0.012002
21014	0.012002
27615	0.012003
25957	0.012004
21157	0.012004
31999	0.012004
55495	0.012006
7392	0.012006
47031	0.012006
10153	0.012006
36778	0.012008
56924	0.012008
23073	0.012009
34243	0.012010
14496	0.012011
26935	0.012012
8535	0.012012
43568	0.012012
11254	0.012012
53850	0.012014
42093	0.012015
21155	0.012015
21455	0.012015
54603	0.012015
39507	0.012015
7801	0.012016
21100	0.012017
25532	0.012018
36785	0.012019
43697	0.012019
37436	0.012021
15489	0.012022
27384	0.012022
16679	0.012023
10061	0.012024
47142	0.012024
24336	0.012026
51341	0.012027
55074	0.012027
37882	0.012027
10907	0.012028
10252	0.012028
15057	0.012028
137953	0.012029
10597	0.012029
49728	0.012029
51937	0.012029
58652	0.012029
34256	0.012030
35645	0.012030
15349	0.012031
35744	0.012032
44582	0.012032
15755	0.012033
23378	0.012033
36649	0.012034
45237	0.012035
26235	0.012036
34653	0.012037
14393	0.012037
10719	0.012039
34820	0.012040
53887	0.012040
21495	0.012040
41102	0.012040
12977	0.012041
60362	0.012041
17681	0.012042
12987	0.012044
39505	0.012044
44058	0.012044
29176	0.012045
43621	0.012045
21464	0.012048
12378	0.012048
30167	0.012049
11552	0.012050
44776	0.012050
8339	0.012050
49440	0.012051
23644	0.012053
15751	0.012053
37147	0.012053
30343	0.012054
10748	0.012055
10763	0.012055
21551	0.012055
15635	0.012059
51859	0.012060
17354	0.012060
24144	0.012061
11657	0.012063
55184	0.012063
28974	0.012063
24709	0.012063
8416	0.012064
42008	0.012064
39846	0.012065
57713	0.012065
51206	0.012065
55183	0.012065
35024	0.012066
15999	0.012066
28869	0.012066
10800	0.012066
32279	0.012067
23076	0.012069
27976	0.012070
12171	0.012071
21054	0.012074
20222	0.012075
10737	0.012075
40038	0.012075
54713	0.012076
13909	0.012077
12820	0.012077
7591	0.012078
39189	0.012079
47340	0.012081
57681	0.012081
7281	0.012081
11192	0.012081
30584	0.012083
26012	0.012085
42602	0.012085
13223	0.012085
9868	0.012086
14181	0.012087
10406	0.012087
28827	0.012087
13666	0.012087
16332	0.012089
27586	0.012090
32553	0.012090
42309	0.012090
60790	0.012090
16181	0.012090
21249	0.012090
32194	0.012090
16991	0.012090
7024	0.012091
26792	0.012091
10893	0.012092
14979	0.012092
40110	0.012093
9123	0.012093
42232	0.012095
16498	0.012095
46630	0.012095
50723	0.012095
18876	0.012096
24570	0.012098
50936	0.012098
9038	0.012099
10985	0.012100
13898	0.012100
61320	0.012100
11673	0.012101
9843	0.012101
22623	0.012102
31387	0.012102
57149	0.012103
11100	0.012104
8188	0.012104
14859	0.012105
60187	0.012106
53736	0.012107
58200	0.012109
14191	0.012109
48426	0.012109
16328	0.012109
11255	0.012109
47448	0.012110
51093	0.012112
28181	0.012114
16216	0.012114
20170	0.012114
25810	0.012115
20517	0.012116
48404	0.012116
9298	0.012116
50143	0.012117
27803	0.012117
45341	0.012117
54972	0.012117
57780	0.012117
55794	0.012117
33051	0.012119
17024	0.012121
14010	0.012123
36516	0.012123
56598	0.012123
8745	0.012125
27694	0.012127
21491	0.012128
53856	0.012128
16802	0.012129
45893	0.012129
26332	0.012130
60239	0.012130
7634	0.012131
56645	0.012133
20889	0.012133
13840	0.012134
25744	0.012136
49427	0.012137
29222	0.012138
40431	0.012139
37813	0.012139
23562	0.012140
25403	0.012140
61004	0.012140
42516	0.012140
7714	0.012141
9547	0.012141
7358	0.012141
50513	0.012142
53177	0.012142
32392	0.012143
61433	0.012143
28801	0.012143
21905	0.012144
61027	0.012145
8884	0.012145
13912	0.012146
54529	0.012146
35615	0.012147
47781	0.012148
17032	0.012150
24230	0.012151
47546	0.012152
36950	0.012152
32217	0.012152
8341	0.012152
23568	0.012152
56953	0.012153
22145	0.012154
24777	0.012154
19909	0.012155
39008	0.012156
13835	0.012157
16947	0.012157
45010	0.012157
38239	0.012157
22179	0.012159
61329	0.012159
22457	0.012159
7964	0.012160
54890	0.012160
28230	0.012160
55138	0.012161
19393	0.012162
41790	0.012162
38301	0.012163
30651	0.012165
16800	0.012165
14879	0.012166
27190	0.012167
17469	0.012167
41836	0.012168
33989	0.012169
8389	0.012170
31934	0.012170
8394	0.012170
57937	0.012170
38723	0.012171
30630	0.012171
46736	0.012173
14877	0.012173
17092	0.012173
47613	0.012173
8147	0.012174
15670	0.012174
55356	0.012176
46659	0.012176
15891	0.012177
58615	0.012177
47283	0.012179
15997	0.012179
56634	0.012180
56172	0.012181
46640	0.012182
17220	0.012183
22087	0.012184
14686	0.012184
56263	0.012184
56828	0.012186
57241	0.012186
25855	0.012186
16929	0.012186
53965	0.012187
9863	0.012188
47261	0.012188
9505	0.012189
31394	0.012190
22095	0.012191
19477	0.012191
14053	0.012192
60331	0.012193
13299	0.012195
39645	0.012195
38911	0.012196
42294	0.012196
17248	0.012196
23054	0.012197
55333	0.012197
58526	0.012197
27856	0.012198
37760	0.012198
38391	0.012200
46158	0.012200
49943	0.012201
12462	0.012202
17041	0.012203
7862	0.012203
16517	0.012203
57435	0.012204
46292	0.012206
49702	0.012206
40892	0.012206
8683	0.012207
43217	0.012208
15116	0.012209
16724	0.012210
38920	0.012211
45360	0.012211
9453	0.012211
36968	0.012212
23904	0.012212
13889	0.012212
36664	0.012212
34660	0.012213
14302	0.012214
29922	0.012215
56563	0.012215
19851	0.012215
56898	0.012215
7770	0.012217
15150	0.012218
10953	0.012218
22413	0.012220
50968	0.012221
60618	0.012221
9847	0.012221
33760	0.012221
8111	0.012222
24740	0.012222
39636	0.012222
22822	0.012222
46354	0.012223
47017	0.012224
31676	0.012225
51022	0.012225
25823	0.012227
26220	0.012227
10973	0.012228
16092	0.012228
42567	0.012228
14697	0.012229
53122	0.012229
28397	0.012231
38176	0.012232
37538	0.012232
8452	0.012232
15216	0.012233
36020	0.012233
25143	0.012233
60295	0.012234
42486	0.012235
51244	0.012236
16780	0.012236
56318	0.012237
28098	0.012237
14987	0.012238
30377	0.012239
42044	0.012239
61376	0.012241
11423	0.012241
28642	0.012241
37433	0.012241
25447	0.012243
10286	0.012243
42393	0.012244
46988	0.012244
28820	0.012244
16684	0.012245
14044	0.012245
40036	0.012245
42384	0.012247
11960	0.012247
13602	0.012248
29165	0.012249
34889	0.012249
46070	0.012250
15014	0.012251
38884	0.012251
22196	0.012251
15685	0.012251
23527	0.012252
61630	0.012252
60728	0.012254
56937	0.012254
48543	0.012254
34350	0.012255
20463	0.012257
61161	0.012257
33041	0.012258
53871	0.012258
22698	0.012260
50839	0.012260
49658	0.012261
11411	0.012262
30072	0.012262
58461	0.012262
26079	0.012262
40732	0.012262
22686	0.012263
57048	0.012265
13089	0.012265
51308	0.012266
52298	0.012267
32956	0.012267
20742	0.012268
60519	0.012269
41432	0.012269
52782	0.012269
47358	0.012270
37585	0.012271
47323	0.012272
34382	0.012274
45946	0.012274
20982	0.012275
15032	0.012275
8682	0.012276
37183	0.012277
40170	0.012277
58033	0.012279
16664	0.012279
21233	0.012279
9945	0.012281
19906	0.012281
45350	0.012284
35526	0.012284
51380	0.012285
10788	0.012285
10315	0.012285
26339	0.012285
14135	0.012286
37743	0.012287
24081	0.012289
43780	0.012289
42695	0.012290
25034	0.012290
31021	0.012290
24891	0.012292
49308	0.012293
42889	0.012294
15720	0.012295
32459	0.012296
10296	0.012296
15862	0.012298
14408	0.012298
20009	0.012299
51900	0.012299
46842	0.012299
27224	0.012300
49796	0.012300
19034	0.012301
16515	0.012301
14270	0.012302
32657	0.012304
30636	0.012304
27669	0.012304
8667	0.012305
29078	0.012306
30288	0.012306
7792	0.012306
14026	0.012306
16494	0.012308
51851	0.012308
39526	0.012309
20584	0.012309
17530	0.012309
41896	0.012311
10355	0.012311
15712	0.012312
42785	0.012313
11123	0.012313
14023	0.012313
29339	0.012314
13179	0.012319
15149	0.012319
24386	0.012320
39862	0.012320
37554	0.012320
48505	0.012320
16511	0.012321
52617	0.012321
10043	0.012322
34929	0.012322
57310	0.012323
20898	0.012323
56184	0.012324
45658	0.012325
50401	0.012325
12774	0.012325
57335	0.012327
52225	0.012329
33105	0.012330
48814	0.012331
45271	0.012333
31100	0.012334
20704	0.012334
43603	0.012336
46503	0.012337
10551	0.012338
16948	0.012339
60304	0.012339
20730	0.012339
41965	0.012340
61328	0.012342
25145	0.012342
30145	0.012342
54657	0.012343
36229	0.012345
8618	0.012345
15367	0.012345
20410	0.012347
23489	0.012348
45222	0.012348
60465	0.012348
21821	0.012349
16585	0.012350
57694	0.012350
50540	0.012350
50299	0.012351
29484	0.012351
38766	0.012352
45169	0.012352
25708	0.012352
8894	0.012353
38993	0.012353
11856	0.012353
31423	0.012353
35286	0.012354
30250	0.012355
13096	0.012355
48708	0.012355
8362	0.012357
17088	0.012358
9124	0.012359
39363	0.012360
19862	0.012360
14723	0.012360
34878	0.012360
39607	0.012362
45760	0.012362
44153	0.012363
17488	0.012364
42030	0.012365
51804	0.012368
38776	0.012368
10868	0.012368
13994	0.012369
26841	0.012369
34295	0.012369
39245	0.012371
11224	0.012371
14323	0.012371
41571	0.012372
47623	0.012372
9120	0.012375
51364	0.012376
17368	0.012376
7550	0.012377
46029	0.012377
23564	0.012378
53052	0.012378
12797	0.012379
41407	0.012380
55690	0.012381
26802	0.012382
10976	0.012383
51441	0.012384
35554	0.012384
15548	0.012384
12911	0.012385
57786	0.012386
34873	0.012386
7991	0.012387
49010	0.012387
24816	0.012389
22717	0.012389
51318	0.012390
30326	0.012390
13605	0.012391
49774	0.012392
22782	0.012392
28774	0.012393
8329	0.012393
51284	0.012394
49756	0.012394
49446	0.012394
52956	0.012395
14224	0.012395
16004	0.012396
53251	0.012396
50477	0.012397
54240	0.012397
44809	0.012398
21614	0.012398
27859	0.012399
12574	0.012400
11508	0.012400
41799	0.012401
42999	0.012401
8344	0.012401
28782	0.012402
56524	0.012402
32438	0.012403
38715	0.012403
26611	0.012403
11631	0.012403
49969	0.012404
57742	0.012404
56238	0.012405
37573	0.012405
23457	0.012405
31041	0.012406
20949	0.012406
44358	0.012407
60208	0.012409
16547	0.012409
7047	0.012411
22476	0.012412
12928	0.012412
32933	0.012412
48062	0.012413
42103	0.012413
19399	0.012414
50471	0.012414
44611	0.012415
20926	0.012415
14246	0.012415
55930	0.012415
33890	0.012416
33100	0.012416
40934	0.012416
39596	0.012417
61305	0.012417
12753	0.012418
26231	0.012418
43968	0.012419
10819	0.012420
50653	0.012421
54440	0.012421
12242	0.012422
32644	0.012422
41607	0.012423
48088	0.012423
16621	0.012423
36446	0.012423
54131	0.012424
15775	0.012424
19588	0.012424
14055	0.012426
40692	0.012426
21059	0.012426
60832	0.012430
26597	0.012431
43993	0.012431
10076	0.012432
53179	0.012432
53173	0.012432
7692	0.012433
15781	0.012434
50627	0.012434
47511	0.012434
55079	0.012435
7597	0.012436
37215	0.012436
15217	0.012437
9669	0.012437
10105	0.012438
46228	0.012438
7607	0.012441
25223	0.012441
21337	0.012442
30175	0.012443
22151	0.012443
39026	0.012444
39200	0.012444
13664	0.012444
16708	0.012445
40951	0.012445
21164	0.012445
13066	0.012445
28004	0.012445
56261	0.012446
42034	0.012446
53947	0.012447
49655	0.012447
8951	0.012447
53242	0.012448
42524	0.012448
8767	0.012449
42246	0.012449
10770	0.012449
57490	0.012449
26849	0.012451
30784	0.012452
53196	0.012452
61661	0.012453
55399	0.012454
41523	0.012455
15950	0.012455
41025	0.012456
36477	0.012456
8364	0.012456
29852	0.012457
49522	0.012458
17079	0.012458
41812	0.012458
26688	0.012459
33336	0.012461
61418	0.012461
54525	0.012462
39982	0.012463
39676	0.012463
54259	0.012463
23194	0.012464
53726	0.012464
55978	0.012464
52342	0.012464
51627	0.012464
53907	0.012465
42126	0.012467
20522	0.012468
31384	0.012468
60480	0.012469
17439	0.012472
41919	0.012474
25097	0.012474
29102	0.012474
39447	0.012474
52568	0.012475
31221	0.012475
29980	0.012478
38578	0.012479
35808	0.012479
47958	0.012479
45427	0.012480
21140	0.012480
41243	0.012482
8854	0.012484
7146	0.012485
8804	0.012485
57766	0.012485
56508	0.012486
24822	0.012486
61031	0.012488
31898	0.012489
26424	0.012489
58323	0.012489
9541	0.012489
17528	0.012490
61383	0.012490
26510	0.012490
25806	0.012490
49334	0.012491
12428	0.012493
8707	0.012493
52506	0.012494
23561	0.012496
18083	0.012496
31911	0.012497
13380	0.012497
15370	0.012497
60845	0.012497
38132	0.012501
7963	0.012502
12446	0.012503
12463	0.012504
46214	0.012504
25618	0.012506
47122	0.012507
15431	0.012508
19700	0.012509
16753	0.012511
60272	0.012511
52797	0.012511
18378	0.012513
8747	0.012513
47408	0.012513
23811	0.012514
14071	0.012515
19170	0.012515
23719	0.012515
26465	0.012515
61074	0.012515
7311	0.012515
49808	0.012515
12772	0.012516
16021	0.012517
44106	0.012517
23117	0.012518
48652	0.012519
37686	0.012520
15917	0.012521
47349	0.012522
53896	0.012522
23491	0.012522
12053	0.012522
40438	0.012524
52289	0.012524
11573	0.012525
21386	0.012526
57254	0.012530
21335	0.012530
31281	0.012530
61483	0.012531
32245	0.012532
40444	0.012533
16589	0.012539
10679	0.012542
47714	0.012542
41842	0.012542
9192	0.012543
11334	0.012543
17056	0.012543
61193	0.012544
47078	0.012545
40959	0.012546
16820	0.012547
25112	0.012547
36181	0.012548
33981	0.012549
49976	0.012549
8756	0.012551
45501	0.012552
14109	0.012554
7267	0.012554
33458	0.012555
50863	0.012555
21333	0.012556
19881	0.012558
39830	0.012558
13649	0.012559
12115	0.012562
13811	0.012562
60174	0.012562
44949	0.012563
17345	0.012563
32543	0.012563
29379	0.012563
7228	0.012564
56510	0.012566
49261	0.012566
17350	0.012567
11652	0.012569
16879	0.012570
24761	0.012571
12120	0.012571
32884	0.012571
39575	0.012573
53313	0.012573
56651	0.012573
21360	0.012573
43370	0.012574
43169	0.012574
15838	0.012574
12154	0.012575
45934	0.012576
56266	0.012576
7123	0.012576
45764	0.012576
21810	0.012578
51677	0.012579
35893	0.012579
30281	0.012579
28637	0.012579
16616	0.012580
23919	0.012581
54886	0.012581
15453	0.012581
29989	0.012583
13818	0.012584
43125	0.012584
13524	0.012586
35818	0.012586
10054	0.012587
52608	0.012588
22659	0.012589
13487	0.012590
16992	0.012590
33280	0.012593
37170	0.012593
28286	0.012596
57841	0.012597
9251	0.012597
9287	0.012598
48589	0.012598
36406	0.012599
20443	0.012599
58504	0.012600
34377	0.012601
31470	0.012605
17031	0.012606
14192	0.012606
10685	0.012608
45768	0.012608
8912	0.012608
41248	0.012609
47281	0.012609
41238	0.012609
54435	0.012609
14999	0.012610
11007	0.012610
52823	0.012610
8333	0.012611
29128	0.012613
7778	0.012613
34407	0.012614
7678	0.012615
13204	0.012616
49982	0.012616
17025	0.012616
53076	0.012616
46921	0.012617
30017	0.012617
29275	0.012618
34845	0.012618
7517	0.012619
36701	0.012619
19364	0.012619
12572	0.012619
10314	0.012620
24390	0.012621
16751	0.012622
45148	0.012622
48324	0.012622
57369	0.012623
22485	0.012623
56596	0.012624
15087	0.012624
45804	0.012625
24605	0.012625
57768	0.012625
17128	0.012626
16720	0.012628
11090	0.012629
26049	0.012630
53861	0.012631
21991	0.012631
39418	0.012632
8077	0.012632
23870	0.012633
47935	0.012633
44392	0.012633
43649	0.012635
25008	0.012635
41241	0.012637
34723	0.012637
34977	0.012638
58778	0.012638
60396	0.012638
38803	0.012639
22992	0.012640
36774	0.012640
27462	0.012640
45795	0.012641
21772	0.012641
32683	0.012641
33243	0.012642
31804	0.012643
56677	0.012643
15353	0.012643
49109	0.012644
19258	0.012644
24612	0.012645
15527	0.012646
8424	0.012647
32320	0.012647
30034	0.012647
29200	0.012648
14218	0.012649
44379	0.012651
38495	0.012651
31166	0.012652
34689	0.012652
13440	0.012653
56047	0.012653
23276	0.012655
17422	0.012656
15132	0.012657
56878	0.012658
13763	0.012658
11381	0.012659
10183	0.012659
26537	0.012659
15774	0.012661
43492	0.012662
47022	0.012663
16660	0.012664
34719	0.012664
12672	0.012665
54107	0.012665
44652	0.012666
60686	0.012667
33712	0.012668
51458	0.012669
42433	0.012671
14112	0.012672
60308	0.012673
15039	0.012674
15176	0.012674
47240	0.012674
22218	0.012674
27313	0.012674
44727	0.012675
9282	0.012675
30095	0.012678
61238	0.012678
15409	0.012679
34715	0.012679
56071	0.012679
34491	0.012679
19686	0.012679
37197	0.012679
39973	0.012680
48528	0.012680
14275	0.012681
7051	0.012682
9782	0.012682
39538	0.012682
54879	0.012683
17177	0.012684
37724	0.012684
60833	0.012685
11625	0.012686
51424	0.012686
44383	0.012688
20935	0.012689
33381	0.012689
7389	0.012690
32295	0.012690
59447	0.012691
12381	0.012693
48891	0.012694
45691	0.012696
19039	0.012696
39572	0.012696
52192	0.012697
56829	0.012698
12652	0.012699
34972	0.012700
23696	0.012700
40078	0.012704
32715	0.012704
39490	0.012705
15705	0.012706
16179	0.012706
15591	0.012706
50963	0.012706
12237	0.012707
54183	0.012707
46899	0.012707
37394	0.012707
39756	0.012708
52307	0.012709
52742	0.012709
30581	0.012710
21130	0.012710
40514	0.012711
59559	0.012714
11016	0.012715
22157	0.012715
57715	0.012716
8777	0.012717
9082	0.012717
13757	0.012717
26418	0.012718
19283	0.012719
26428	0.012720
57095	0.012720
21573	0.012721
56334	0.012721
15550	0.012722
47400	0.012723
51407	0.012725
21771	0.012725
31026	0.012726
48507	0.012727
16839	0.012727
12605	0.012727
57975	0.012728
25418	0.012729
37354	0.012729
24458	0.012729
16369	0.012730
34133	0.012730
8064	0.012730
48244	0.012731
15008	0.012732
39390	0.012732
14075	0.012738
20323	0.012738
26734	0.012738
24495	0.012739
33734	0.012740
61512	0.012740
40571	0.012743
43972	0.012743
13819	0.012744
21808	0.012744
35294	0.012745
25342	0.012746
13257	0.012746
27575	0.012747
26728	0.012748
28096	0.012749
34060	0.012750
36465	0.012751
13739	0.012752
21833	0.012753
7072	0.012754
47586	0.012755
40121	0.012755
7547	0.012756
8579	0.012757
10869	0.012758
7737	0.012758
35051	0.012758
14510	0.012759
13608	0.012759
36858	0.012759
56302	0.012760
9981	0.012760
9873	0.012760
55048	0.012761
55369	0.012762
54346	0.012762
17472	0.012763
31549	0.012764
37754	0.012764
27347	0.012765
30693	0.012765
40383	0.012765
13817	0.012767
36027	0.012767
13388	0.012769
7132	0.012770
23879	0.012771
15710	0.012773
43718	0.012774
11829	0.012774
40033	0.012775
44839	0.012775
51019	0.012776
25119	0.012777
43155	0.012777
45061	0.012777
58284	0.012777
14454	0.012778
45498	0.012778
54162	0.012778
11546	0.012779
24042	0.012779
16633	0.012779
15011	0.012779
54470	0.012780
44274	0.012780
39311	0.012780
19379	0.012782
11582	0.012782
17094	0.012783
61223	0.012783
19127	0.012785
60616	0.012785
52321	0.012786
30075	0.012787
40497	0.012788
25276	0.012789
46305	0.012789
48995	0.012789
13463	0.012791
59397	0.012791
60293	0.012791
61424	0.012791
8654	0.012791
29705	0.012792
53676	0.012795
20726	0.012796
37236	0.012796
56654	0.012796
39161	0.012797
8702	0.012798
50066	0.012800
52281	0.012800
50944	0.012801
58076	0.012802
23899	0.012803
61484	0.012803
46174	0.012805
22569	0.012806
34335	0.012806
46745	0.012808
42263	0.012810
16564	0.012810
11561	0.012812
13668	0.012812
40363	0.012813
9194	0.012814
16142	0.012815
16288	0.012818
27747	0.012818
56687	0.012820
14642	0.012821
22949	0.012823
29080	0.012823
42004	0.012823
16722	0.012824
44360	0.012826
56872	0.012826
31139	0.012826
29160	0.012829
8050	0.012830
21634	0.012830
36997	0.012831
19211	0.012832
25006	0.012833
10369	0.012833
42142	0.012833
30500	0.012835
60853	0.012836
30197	0.012836
12650	0.012836
22355	0.012836
10594	0.012837
14887	0.012837
10544	0.012838
57599	0.012839
17010	0.012841
10716	0.012842
34532	0.012842
50261	0.012843
9583	0.012843
53156	0.012843
61403	0.012844
10266	0.012845
11144	0.012845
39617	0.012845
60896	0.012845
52186	0.012846
48784	0.012848
6927	0.012848
15315	0.012849
10936	0.012849
11861	0.012849
41382	0.012850
28050	0.012850
12447	0.012851
44102	0.012851
22707	0.012851
7832	0.012851
43774	0.012854
35923	0.012854
42676	0.012856
58396	0.012857
50468	0.012857
35666	0.012858
9209	0.012859
57441	0.012860
46481	0.012860
29034	0.012861
23417	0.012861
12924	0.012862
48390	0.012862
39335	0.012863
29748	0.012863
13807	0.012864
56694	0.012864
27041	0.012864
53485	0.012864
48169	0.012864
36009	0.012865
26835	0.012865
42673	0.012866
10596	0.012867
47845	0.012868
10271	0.012869
11443	0.012870
16614	0.012870
10370	0.012871
8018	0.012871
21154	0.012871
54929	0.012872
41858	0.012873
27134	0.012873
27516	0.012873
10055	0.012875
24733	0.012876
29528	0.012876
11563	0.012876
11523	0.012876
42252	0.012876
43238	0.012878
22535	0.012878
25774	0.012879
41203	0.012879
49113	0.012881
14878	0.012882
14666	0.012882
23049	0.012883
21869	0.012886
50923	0.012887
25782	0.012887
21082	0.012888
24461	0.012889
37843	0.012889
19103	0.012891
30483	0.012891
40756	0.012892
12089	0.012892
48050	0.012893
16442	0.012895
30644	0.012896
33746	0.012898
17290	0.012898
61047	0.012899
41586	0.012900
57191	0.012901
22090	0.012902
42586	0.012903
31829	0.012905
8465	0.012907
50927	0.012907
43725	0.012907
49932	0.012907
28683	0.012909
33530	0.012910
12575	0.012911
39483	0.012911
19993	0.012911
26585	0.012912
22477	0.012913
9161	0.012913
61548	0.012915
27266	0.012915
16082	0.012915
31216	0.012915
9304	0.012916
22307	0.012917
13782	0.012918
12888	0.012922
50040	0.012922
47505	0.012923
23122	0.012924
8005	0.012925
21982	0.012925
25331	0.012926
43198	0.012927
30587	0.012928
45758	0.012928
26795	0.012929
36965	0.012930
43891	0.012930
24478	0.012930
44100	0.012931
56567	0.012932
56945	0.012933
11463	0.012934
31609	0.012935
15524	0.012935
38761	0.012938
49016	0.012939
45619	0.012940
16155	0.012941
26327	0.012941
54853	0.012942
37304	0.012942
39082	0.012944
11979	0.012946
42569	0.012947
53309	0.012948
46690	0.012949
22954	0.012950
35033	0.012950
26084	0.012950
34863	0.012950
34664	0.012951
42439	0.012951
11973	0.012951
39532	0.012952
27750	0.012952
52941	0.012953
49373	0.012953
54323	0.012954
17325	0.012956
49733	0.012956
55415	0.012957
47673	0.012958
12533	0.012958
7860	0.012958
48419	0.012959
11331	0.012960
48733	0.012961
61413	0.012961
16554	0.012962
7045	0.012964
11811	0.012966
53096	0.012967
56040	0.012968
23986	0.012968
54718	0.012969
32219	0.012970
16759	0.012970
14660	0.012970
38226	0.012971
50454	0.012974
30861	0.012974
24759	0.012975
16430	0.012975
17419	0.012976
61466	0.012976
52860	0.012976
53750	0.012976
23630	0.012976
7472	0.012976
44011	0.012977
15520	0.012977
11277	0.012977
37804	0.012978
21231	0.012978
24125	0.012978
37040	0.012978
35359	0.012979
50374	0.012979
60520	0.012981
47435	0.012982
43610	0.012983
51338	0.012983
46933	0.012984
42220	0.012985
56621	0.012988
10482	0.012988
21544	0.012988
42652	0.012990
14379	0.012990
47361	0.012990
14276	0.012991
26124	0.012992
46452	0.012993
51665	0.012993
39685	0.012993
38401	0.012993
12461	0.012994
26746	0.012995
35275	0.012995
20446	0.012995
27701	0.012996
25225	0.012996
52176	0.012997
16343	0.012997
8628	0.012997
42122	0.012997
10112	0.012997
6964	0.012998
27281	0.012998
15308	0.012998
44649	0.012998
36295	0.012999
31172	0.012999
25764	0.012999
20807	0.012999
48099	0.012999
44917	0.013000
17015	0.013002
58620	0.013002
17103	0.013002
32557	0.013002
11800	0.013004
31219	0.013004
23867	0.013004
50132	0.013005
61053	0.013008
15528	0.013009
53602	0.013009
13450	0.013009
55810	0.013009
44224	0.013009
18375	0.013009
61214	0.013010
13536	0.013010
23773	0.013010
35709	0.013011
11867	0.013012
53629	0.013013
15982	0.013013
54706	0.013013
55476	0.013015
24608	0.013015
15306	0.013016
41158	0.013019
37644	0.013020
11871	0.013022
37259	0.013022
8088	0.013022
15783	0.013022
53432	0.013023
56972	0.013023
13379	0.013025
11763	0.013027
9793	0.013029
56947	0.013029
14407	0.013029
14992	0.013030
37085	0.013033
8665	0.013034
13691	0.013035
40176	0.013035
14310	0.013035
55269	0.013035
11052	0.013036
61242	0.013037
40115	0.013038
23380	0.013042
37306	0.013042
40990	0.013042
52996	0.013043
11415	0.013043
54618	0.013043
32922	0.013044
53858	0.013044
7868	0.013044
56647	0.013044
20626	0.013046
34500	0.013047
41572	0.013048
52197	0.013049
40446	0.013054
26881	0.013054
23683	0.013056
26785	0.013056
47584	0.013056
41566	0.013056
60617	0.013059
36770	0.013059
53650	0.013060
60572	0.013060
35830	0.013060
37448	0.013061
12599	0.013061
29387	0.013062
23051	0.013063
58057	0.013063
27369	0.013063
50287	0.013063
13740	0.013063
26791	0.013063
53849	0.013065
7601	0.013065
42267	0.013067
55991	0.013067
17410	0.013067
7966	0.013068
46986	0.013068
21644	0.013068
42336	0.013070
44613	0.013070
7858	0.013071
23355	0.013072
27059	0.013073
26890	0.013074
28282	0.013074
19066	0.013075
15278	0.013075
48424	0.013076
47346	0.013076
37383	0.013077
57577	0.013078
13039	0.013079
47329	0.013079
57730	0.013079
26103	0.013080
45092	0.013082
30964	0.013084
25848	0.013085
13803	0.013086
14745	0.013086
34499	0.013087
38864	0.013088
9523	0.013088
33671	0.013091
21445	0.013091
20928	0.013094
24814	0.013094
29235	0.013094
52402	0.013095
45829	0.013096
60891	0.013098
37910	0.013098
15596	0.013099
39315	0.013099
61252	0.013100
52104	0.013101
69022	0.013101
25456	0.013101
12479	0.013102
35675	0.013102
34710	0.013103
21494	0.013104
35628	0.013104
34333	0.013105
8785	0.013108
13778	0.013108
13816	0.013109
49671	0.013109
14073	0.013112
19145	0.013112
10546	0.013114
56330	0.013114
47325	0.013116
38878	0.013117
60677	0.013117
8265	0.013117
9415	0.013118
14732	0.013120
56382	0.013120
11577	0.013120
41611	0.013121
26341	0.013122
9343	0.013122
52213	0.013127
21752	0.013128
10475	0.013129
9532	0.013130
30543	0.013130
60836	0.013132
36760	0.013132
35514	0.013133
46335	0.013134
25109	0.013135
16540	0.013136
13996	0.013136
13491	0.013138
21159	0.013138
35561	0.013140
50371	0.013142
37834	0.013142
35976	0.013142
35100	0.013144
19266	0.013144
13456	0.013144
15522	0.013145
19353	0.013146
16584	0.013146
46675	0.013147
49339	0.013148
27986	0.013149
44424	0.013152
54668	0.013152
23945	0.013152
16964	0.013153
23737	0.013153
34526	0.013154
15818	0.013155
12071	0.013156
7839	0.013156
32326	0.013157
23754	0.013157
57629	0.013157
8909	0.013158
41147	0.013158
22213	0.013158
23725	0.013160
33323	0.013162
24835	0.013163
19323	0.013163
34989	0.013165
39218	0.013165
29153	0.013165
51764	0.013166
12201	0.013167
42951	0.013169
34982	0.013169
52546	0.013170
14797	0.013170
38308	0.013173
32241	0.013173
9280	0.013174
53073	0.013174
40680	0.013174
115446	0.013175
44633	0.013176
33976	0.013176
29876	0.013176
14667	0.013176
33780	0.013177
56328	0.013177
8307	0.013177
22806	0.013179
51241	0.013181
16552	0.013182
7241	0.013184
55296	0.013184
39848	0.013184
16907	0.013185
56979	0.013185
27666	0.013185
28350	0.013185
7917	0.013186
36378	0.013187
19898	0.013189
50133	0.013190
12173	0.013190
30812	0.013191
25631	0.013191
56532	0.013192
19429	0.013193
26608	0.013194
39204	0.013195
38793	0.013195
31361	0.013196
16214	0.013196
14556	0.013197
47440	0.013197
14485	0.013198
12184	0.013198
32811	0.013199
14217	0.013199
7198	0.013203
15637	0.013203
39760	0.013203
7048	0.013203
44315	0.013205
52540	0.013205
9813	0.013208
46465	0.013208
17310	0.013210
53767	0.013210
24817	0.013210
13998	0.013210
12821	0.013211
39101	0.013211
14634	0.013211
39324	0.013211
51367	0.013212
34693	0.013213
38695	0.013214
30766	0.013216
15676	0.013217
15350	0.013217
15551	0.013218
42841	0.013220
12683	0.013220
14896	0.013222
19651	0.013222
21672	0.013224
30545	0.013224
44663	0.013225
23070	0.013225
14153	0.013226
49078	0.013228
51190	0.013239
35871	0.013241
20094	0.013242
32808	0.013242
12084	0.013243
14912	0.013244
36220	0.013247
28861	0.013247
41869	0.013248
30309	0.013248
16560	0.013248
53936	0.013249
52504	0.013249
13191	0.013250
25406	0.013252
28136	0.013253
16320	0.013255
53790	0.013255
54276	0.013256
47194	0.013257
11560	0.013257
12304	0.013258
57112	0.013260
43102	0.013260
25246	0.013264
60812	0.013264
44841	0.013264
13000	0.013264
52769	0.013265
47131	0.013267
57173	0.013268
30523	0.013268
60541	0.013269
33950	0.013270
20164	0.013271
9502	0.013272
34137	0.013273
48764	0.013275
38988	0.013277
17111	0.013279
20891	0.013279
39017	0.013279
19382	0.013279
41689	0.013281
36877	0.013281
18384	0.013282
32904	0.013283
34088	0.013283
38214	0.013283
14177	0.013284
53217	0.013286
26829	0.013286
61558	0.013287
15220	0.013288
14412	0.013288
14368	0.013288
9565	0.013289
60873	0.013289
19223	0.013291
23550	0.013294
53466	0.013294
20887	0.013295
50027	0.013295
53998	0.013295
29090	0.013296
22288	0.013298
10214	0.013299
30727	0.013300
16662	0.013300
7471	0.013304
11801	0.013305
13884	0.013306
17086	0.013307
43110	0.013307
32966	0.013308
37222	0.013310
14329	0.013310
7548	0.013311
12157	0.013311
30697	0.013313
16496	0.013313
16284	0.013313
21429	0.013314
24489	0.013316
9045	0.013317
57195	0.013317
12442	0.013318
24589	0.013319
16989	0.013320
17344	0.013320
27649	0.013320
16778	0.013321
116978	0.013321
7931	0.013323
31983	0.013324
11055	0.013324
60323	0.013325
20962	0.013326
15788	0.013326
60421	0.013329
44438	0.013329
10030	0.013332
26789	0.013332
14817	0.013333
57470	0.013334
22615	0.013334
34031	0.013335
16143	0.013336
54951	0.013336
27773	0.013337
38279	0.013339
15595	0.013339
32273	0.013341
17424	0.013342
10239	0.013342
52709	0.013343
10975	0.013343
20453	0.013344
19249	0.013348
23929	0.013349
7679	0.013349
15567	0.013349
16823	0.013349
16937	0.013349
19246	0.013349
22498	0.013349
25481	0.013349
26257	0.013349
30140	0.013349
31589	0.013349
35375	0.013349
41260	0.013349
46953	0.013349
48107	0.013349
48848	0.013349
53775	0.013349
54487	0.013349
55151	0.013349
60459	0.013349
60783	0.013349
60935	0.013349
61527	0.013349
8031	0.013349
8038	0.013349
8491	0.013349
12986	0.013349
26732	0.013350
12209	0.013350
26847	0.013352
23537	0.013352
60178	0.013353
19503	0.013354
23450	0.013358
44120	0.013358
55484	0.013359
36967	0.013361
35815	0.013361
39166	0.013362
34043	0.013365
16544	0.013365
47068	0.013366
43460	0.013367
58153	0.013367
58424	0.013367
29181	0.013367
23442	0.013367
23164	0.013368
29946	0.013369
30763	0.013370
12238	0.013370
45923	0.013370
21468	0.013371
22645	0.013371
7081	0.013372
53048	0.013372
24572	0.013373
20658	0.013374
36044	0.013374
36976	0.013377
57372	0.013378
60206	0.013378
56738	0.013379
6952	0.013379
57204	0.013380
57739	0.013380
21673	0.013380
21811	0.013380
30506	0.013382
38876	0.013383
47290	0.013384
15015	0.013385
17205	0.013385
8334	0.013388
35070	0.013388
48622	0.013389
16805	0.013391
54373	0.013391
45467	0.013391
9071	0.013391
17045	0.013393
26096	0.013395
19577	0.013397
42133	0.013398
29890	0.013398
7058	0.013399
24153	0.013400
24879	0.013400
11565	0.013400
16255	0.013401
29250	0.013403
24921	0.013403
30509	0.013404
31501	0.013404
7988	0.013404
19836	0.013405
33020	0.013406
33583	0.013408
26500	0.013408
37524	0.013409
33640	0.013410
48945	0.013410
11864	0.013411
34207	0.013411
26587	0.013411
15837	0.013411
8981	0.013414
22604	0.013414
60477	0.013414
57862	0.013415
11006	0.013416
50466	0.013417
22203	0.013418
58646	0.013418
27919	0.013419
20939	0.013419
15169	0.013419
61359	0.013420
36900	0.013421
34384	0.013421
39902	0.013421
33872	0.013421
14307	0.013422
38982	0.013422
15158	0.013423
50682	0.013423
37977	0.013423
17404	0.013423
55223	0.013424
19796	0.013427
45629	0.013427
47883	0.013427
47541	0.013428
23730	0.013428
22281	0.013428
23063	0.013429
28061	0.013431
10360	0.013431
54592	0.013432
50282	0.013432
22737	0.013432
43746	0.013434
24545	0.013436
15890	0.013437
58540	0.013437
23539	0.013437
25147	0.013438
29422	0.013442
55469	0.013442
54307	0.013443
27886	0.013445
24200	0.013445
8716	0.013446
38432	0.013447
10396	0.013448
14915	0.013448
16259	0.013449
10491	0.013449
35323	0.013449
11405	0.013450
22447	0.013451
45775	0.013451
7538	0.013452
17443	0.013453
13198	0.013454
14509	0.013455
56051	0.013456
54121	0.013457
13901	0.013457
27726	0.013460
36349	0.013460
26254	0.013462
44200	0.013462
22913	0.013462
33864	0.013466
31916	0.013466
40160	0.013466
58312	0.013468
50219	0.013468
38823	0.013469
29966	0.013469
22881	0.013469
42217	0.013470
15963	0.013470
23858	0.013471
28247	0.013472
13065	0.013473
30973	0.013474
10351	0.013474
29268	0.013474
23704	0.013475
35265	0.013475
11054	0.013476
51480	0.013477
48818	0.013478
44940	0.013478
41560	0.013480
60420	0.013481
49351	0.013481
35559	0.013482
19345	0.013482
60912	0.013483
41038	0.013485
43923	0.013486
60126	0.013487
52910	0.013487
52246	0.013487
32230	0.013487
9480	0.013488
22394	0.013490
53818	0.013490
43048	0.013490
55068	0.013491
30324	0.013491
11534	0.013492
15296	0.013492
12523	0.013494
60166	0.013495
36894	0.013496
46677	0.013497
44039	0.013497
24532	0.013501
50716	0.013503
60626	0.013503
36386	0.013504
61114	0.013504
34847	0.013504
50060	0.013505
11877	0.013506
21520	0.013506
22580	0.013507
29302	0.013508
35566	0.013508
54616	0.013508
42000	0.013509
22292	0.013510
61445	0.013510
49328	0.013511
60819	0.013511
22271	0.013513
15571	0.013518
37900	0.013519
43257	0.013523
30952	0.013525
33699	0.013527
30319	0.013528
21831	0.013528
17332	0.013529
10842	0.013529
39530	0.013529
19395	0.013530
36793	0.013530
13850	0.013530
44412	0.013532
41630	0.013532
14114	0.013535
13233	0.013536
24268	0.013537
12192	0.013538
49070	0.013538
52696	0.013538
7327	0.013539
13354	0.013539
6988	0.013541
30407	0.013542
12765	0.013542
51864	0.013542
42101	0.013543
13459	0.013544
31035	0.013545
19432	0.013545
7217	0.013546
7586	0.013547
16938	0.013547
20621	0.013548
40320	0.013549
37773	0.013549
44427	0.013549
10768	0.013549
33069	0.013552
46045	0.013552
45738	0.013555
61345	0.013555
11000	0.013555
15484	0.013556
24487	0.013556
60841	0.013556
60914	0.013556
61304	0.013556
54609	0.013558
14658	0.013559
23222	0.013560
38305	0.013561
48225	0.013564
32653	0.013565
52101	0.013566
53921	0.013567
52180	0.013568
29252	0.013568
19655	0.013570
45374	0.013570
16116	0.013570
43424	0.013573
32076	0.013573
60487	0.013573
51046	0.013576
56582	0.013576
9585	0.013576
25502	0.013576
52303	0.013577
35283	0.013577
44997	0.013578
52785	0.013578
10228	0.013579
39294	0.013579
14994	0.013580
55447	0.013580
15389	0.013580
55328	0.013581
9692	0.013581
33321	0.013584
33705	0.013585
26773	0.013586
16352	0.013587
10323	0.013587
28708	0.013588
22471	0.013588
19872	0.013589
15508	0.013589
37609	0.013590
26452	0.013590
9233	0.013591
13839	0.013591
40945	0.013592
9028	0.013592
54414	0.013592
21354	0.013592
16588	0.013592
25580	0.013594
60508	0.013595
38732	0.013595
13302	0.013596
61623	0.013598
43852	0.013599
57290	0.013599
55591	0.013602
50545	0.013602
9041	0.013603
40815	0.013604
52853	0.013604
60753	0.013605
24950	0.013605
55097	0.013606
51574	0.013606
9030	0.013607
34960	0.013608
42961	0.013608
14680	0.013608
24928	0.013609
11132	0.013609
28770	0.013609
25316	0.013609
10852	0.013611
13661	0.013611
54296	0.013611
16886	0.013611
44394	0.013613
35162	0.013613
23094	0.013613
15109	0.013614
26945	0.013616
42042	0.013616
39609	0.013616
17040	0.013618
54014	0.013618
11835	0.013618
57127	0.013618
15864	0.013620
58586	0.013621
55121	0.013621
54880	0.013621
9740	0.013621
38785	0.013622
54965	0.013622
43848	0.013624
50672	0.013625
32632	0.013625
32646	0.013625
15135	0.013625
37934	0.013626
15889	0.013626
53347	0.013627
10929	0.013628
19582	0.013630
41818	0.013631
47183	0.013631
50881	0.013633
14382	0.013633
16875	0.013635
48957	0.013636
23979	0.013636
26195	0.013637
41709	0.013638
14946	0.013638
45610	0.013639
19050	0.013640
23119	0.013641
28882	0.013643
14236	0.013644
35358	0.013645
43617	0.013648
43385	0.013649
20441	0.013651
19308	0.013651
28786	0.013652
21663	0.013652
49553	0.013652
43355	0.013652
40005	0.013653
29383	0.013653
25475	0.013653
11035	0.013653
20508	0.013653
47172	0.013654
13029	0.013654
25762	0.013655
50822	0.013656
8873	0.013657
27167	0.013659
24019	0.013660
41801	0.013660
23971	0.013661
36271	0.013661
15366	0.013661
12093	0.013662
10900	0.013663
48071	0.013664
60159	0.013665
8602	0.013665
49822	0.013665
28680	0.013668
30181	0.013670
9218	0.013671
52557	0.013673
39869	0.013675
29288	0.013678
39970	0.013680
28621	0.013680
35199	0.013681
47459	0.013681
24425	0.013682
52582	0.013682
14260	0.013684
32059	0.013684
19276	0.013685
13837	0.013685
15052	0.013686
47923	0.013686
16186	0.013686
16638	0.013687
55263	0.013687
33204	0.013687
10345	0.013689
16749	0.013690
16465	0.013692
50319	0.013693
27491	0.013693
24939	0.013694
26938	0.013694
29203	0.013694
51431	0.013695
25934	0.013696
57026	0.013697
8701	0.013697
52366	0.013699
24406	0.013699
27744	0.013701
54882	0.013703
7594	0.013705
20373	0.013705
16785	0.013706
29350	0.013707
10687	0.013710
35608	0.013710
38164	0.013712
55893	0.013712
26182	0.013716
21713	0.013717
15748	0.013719
22468	0.013720
38448	0.013721
8013	0.013721
33176	0.013721
21343	0.013722
53144	0.013722
17035	0.013722
51878	0.013723
58330	0.013725
25209	0.013726
56663	0.013726
16314	0.013727
10559	0.013728
19413	0.013728
22473	0.013728
27275	0.013732
14308	0.013732
13883	0.013732
40128	0.013733
36297	0.013733
17372	0.013735
7835	0.013736
30837	0.013738
34671	0.013738
43554	0.013739
21126	0.013739
7739	0.013740
57503	0.013741
31627	0.013742
19056	0.013743
40427	0.013743
13810	0.013744
46298	0.013745
50580	0.013746
16345	0.013747
39325	0.013747
47353	0.013747
45318	0.013748
38690	0.013749
38374	0.013750
20152	0.013750
26620	0.013752
41365	0.013752
15694	0.013753
10710	0.013753
43251	0.013754
13723	0.013755
24490	0.013755
56928	0.013757
51329	0.013757
45632	0.013759
42276	0.013759
8254	0.013760
10372	0.013760
49332	0.013760
14833	0.013762
22418	0.013762
56463	0.013764
60313	0.013766
13133	0.013767
41748	0.013767
19708	0.013768
23464	0.013768
55966	0.013769
42992	0.013770
26897	0.013770
49686	0.013771
8847	0.013771
22797	0.013773
26543	0.013774
52835	0.013775
26164	0.013776
8978	0.013777
25664	0.013777
14303	0.013778
53636	0.013779
7387	0.013780
38646	0.013780
17398	0.013781
21734	0.013781
48122	0.013782
29086	0.013784
20433	0.013784
31315	0.013784
8202	0.013785
43695	0.013786
22415	0.013786
33460	0.013786
41459	0.013788
55402	0.013788
50093	0.013788
26167	0.013790
52412	0.013792
20633	0.013792
25950	0.013795
33667	0.013795
26776	0.013796
54110	0.013797
51635	0.013798
8270	0.013801
14235	0.013803
10298	0.013805
12593	0.013805
41655	0.013805
60410	0.013805
24242	0.013806
29841	0.013809
55669	0.013810
9880	0.013811
8075	0.013811
49967	0.013811
38243	0.013812
13625	0.013812
56558	0.013812
40872	0.013814
9482	0.013814
49063	0.013815
39091	0.013816
13802	0.013816
56118	0.013820
13594	0.013820
35280	0.013820
29070	0.013820
12078	0.013821
13162	0.013821
48660	0.013822
26456	0.013823
41177	0.013823
43606	0.013823
34463	0.013825
35330	0.013825
26390	0.013829
35458	0.013829
37782	0.013830
10033	0.013831
21714	0.013831
30912	0.013831
56190	0.013831
25902	0.013832
43982	0.013832
30504	0.013833
51149	0.013833
19339	0.013835
10395	0.013835
15443	0.013836
31106	0.013836
9359	0.013838
22574	0.013839
35655	0.013840
39172	0.013841
37176	0.013841
52658	0.013842
50919	0.013842
23962	0.013846
12863	0.013846
30655	0.013849
55467	0.013850
60813	0.013850
58202	0.013851
49740	0.013853
13669	0.013853
26550	0.013854
11399	0.013854
33326	0.013857
12670	0.013857
39302	0.013857
60975	0.013860
19736	0.013861
37905	0.013864
22981	0.013864
10735	0.013864
58562	0.013865
14138	0.013865
56658	0.013867
53723	0.013868
24547	0.013869
10734	0.013870
22385	0.013872
23455	0.013872
12968	0.013873
35524	0.013873
42591	0.013875
41594	0.013875
8503	0.013875
16178	0.013876
20154	0.013877
21507	0.013877
60191	0.013877
53814	0.013877
22966	0.013877
11288	0.013879
45831	0.013879
49127	0.013881
40192	0.013881
10837	0.013882
17199	0.013882
10129	0.013884
16509	0.013884
14910	0.013884
34393	0.013884
61290	0.013884
45198	0.013890
36776	0.013891
25557	0.013891
31832	0.013891
18012	0.013891
16864	0.013891
10320	0.013892
26189	0.013893
44134	0.013893
40043	0.013896
37909	0.013896
8347	0.013897
28669	0.013897
50809	0.013897
56320	0.013899
17049	0.013901
23466	0.013902
15134	0.013902
33346	0.013903
49093	0.013904
8802	0.013906
29127	0.013907
19452	0.013907
58656	0.013907
24713	0.013908
14478	0.013908
7686	0.013909
13777	0.013910
13132	0.013912
25355	0.013914
13353	0.013914
46075	0.013915
56832	0.013915
21432	0.013916
38771	0.013917
14050	0.013919
31067	0.013919
56706	0.013921
41595	0.013921
19479	0.013922
27652	0.013923
17050	0.013924
31383	0.013926
46854	0.013927
43055	0.013927
15464	0.013929
26533	0.013929
32368	0.013930
48272	0.013930
43249	0.013931
26644	0.013932
8693	0.013934
61326	0.013934
13941	0.013935
14800	0.013935
20036	0.013936
8554	0.013936
34958	0.013937
25994	0.013937
10326	0.013938
56864	0.013939
12144	0.013939
47960	0.013940
10187	0.013943
29125	0.013944
57133	0.013944
25422	0.013946
30276	0.013948
11200	0.013948
13718	0.013949
9486	0.013949
15131	0.013950
57355	0.013950
32638	0.013950
11290	0.013950
19158	0.013951
43346	0.013951
49770	0.013953
38711	0.013953
61312	0.013956
61360	0.013956
22544	0.013956
36889	0.013957
41971	0.013957
12964	0.013959
20874	0.013960
23159	0.013962
23541	0.013963
16115	0.013964
43889	0.013965
14719	0.013969
20049	0.013969
7317	0.013969
30791	0.013971
36884	0.013973
56130	0.013974
43946	0.013975
13814	0.013975
38672	0.013975
22900	0.013977
51687	0.013978
21541	0.013979
15147	0.013979
12855	0.013979
42333	0.013980
50414	0.013981
26980	0.013981
38427	0.013981
52416	0.013982
29314	0.013983
29145	0.013984
23699	0.013986
20296	0.013986
33348	0.013986
52594	0.013988
17064	0.013992
45098	0.013993
21489	0.013994
42732	0.013994
48205	0.013995
34436	0.013998
14988	0.013999
14829	0.014001
31338	0.014003
13421	0.014004
26105	0.014006
52538	0.014008
34308	0.014008
35335	0.014009
50700	0.014010
38739	0.014011
58479	0.014011
48500	0.014012
26933	0.014015
45651	0.014016
37589	0.014019
14304	0.014019
17476	0.014020
34677	0.014020
52544	0.014021
47871	0.014021
53810	0.014021
25566	0.014022
12077	0.014022
44293	0.014023
22904	0.014023
20466	0.014023
28755	0.014025
17427	0.014027
21010	0.014029
28766	0.014030
19953	0.014030
45313	0.014030
8467	0.014031
41029	0.014031
23529	0.014033
58148	0.014033
42431	0.014033
33028	0.014034
11967	0.014034
60356	0.014035
27884	0.014035
61167	0.014037
51628	0.014037
22549	0.014037
27457	0.014039
9986	0.014041
29367	0.014041
8226	0.014042
55575	0.014043
11184	0.014044
10759	0.014045
23215	0.014046
21405	0.014046
60333	0.014047
14701	0.014047
9164	0.014048
51433	0.014048
11876	0.014048
7238	0.014049
9747	0.014051
31003	0.014052
38798	0.014052
35347	0.014054
15101	0.014055
9755	0.014055
32169	0.014056
24392	0.014057
57079	0.014057
54674	0.014057
34443	0.014058
36067	0.014060
55628	0.014060
15061	0.014060
25491	0.014060
17036	0.014062
37225	0.014062
31429	0.014062
38750	0.014062
55449	0.014063
33422	0.014064
26906	0.014066
25676	0.014066
16652	0.014067
24306	0.014068
9411	0.014070
9373	0.014072
15728	0.014072
15113	0.014073
44661	0.014074
38377	0.014074
23566	0.014074
33893	0.014074
28241	0.014076
13129	0.014077
51866	0.014079
15820	0.014079
13209	0.014079
32564	0.014081
41155	0.014082
23394	0.014082
17502	0.014083
10321	0.014084
53199	0.014084
17243	0.014084
45624	0.014084
16342	0.014084
34509	0.014085
8774	0.014087
23484	0.014087
49470	0.014090
35748	0.014091
24886	0.014092
16330	0.014092
22617	0.014093
35625	0.014094
9020	0.014095
26894	0.014096
51146	0.014096
29373	0.014097
55987	0.014098
20077	0.014098
7331	0.014100
10071	0.014101
40499	0.014101
13505	0.014101
13907	0.014102
23365	0.014102
14396	0.014103
14998	0.014103
32422	0.014105
20103	0.014106
25698	0.014106
9488	0.014106
50016	0.014106
16281	0.014108
14586	0.014108
16436	0.014109
52318	0.014114
53290	0.014115
30362	0.014115
49912	0.014116
25050	0.014116
41627	0.014116
47426	0.014117
48040	0.014118
9332	0.014118
35704	0.014118
33269	0.014120
45397	0.014121
12426	0.014121
24765	0.014122
34389	0.014122
12137	0.014123
29888	0.014123
57045	0.014124
36681	0.014126
46056	0.014126
55046	0.014127
38315	0.014127
47414	0.014128
7674	0.014130
10171	0.014130
16249	0.014132
48515	0.014133
23507	0.014134
10552	0.014134
10570	0.014137
55208	0.014138
38891	0.014138
11866	0.014138
47514	0.014138
9069	0.014138
23477	0.014139
46425	0.014140
13765	0.014143
45016	0.014144
56639	0.014144
11484	0.014144
17381	0.014144
20615	0.014144
30834	0.014145
24889	0.014149
6966	0.014149
29293	0.014150
56516	0.014151
10082	0.014153
42357	0.014154
51745	0.014155
7516	0.014156
42112	0.014156
39742	0.014156
47626	0.014157
47306	0.014157
43998	0.014159
56349	0.014160
22379	0.014160
34357	0.014160
11293	0.014161
12091	0.014161
12402	0.014162
24526	0.014162
15413	0.014163
12838	0.014163
15379	0.014163
35455	0.014164
28185	0.014165
24439	0.014168
23375	0.014170
14948	0.014170
25543	0.014170
34975	0.014170
44987	0.014171
30178	0.014172
7914	0.014173
11268	0.014173
29976	0.014175
21642	0.014176
46908	0.014177
32502	0.014177
50388	0.014178
20301	0.014178
53598	0.014179
8612	0.014179
15186	0.014182
14281	0.014184
22211	0.014186
37392	0.014187
55299	0.014188
32958	0.014188
46294	0.014188
7810	0.014188
37427	0.014189
21302	0.014191
11773	0.014194
16885	0.014194
8014	0.014196
20599	0.014197
47254	0.014199
28351	0.014199
40118	0.014200
27545	0.014201
11351	0.014203
20618	0.014204
15375	0.014205
52083	0.014205
25121	0.014205
28835	0.014205
12127	0.014207
15209	0.014207
25040	0.014207
14154	0.014210
9879	0.014211
45555	0.014212
14849	0.014214
16925	0.014214
54909	0.014215
49442	0.014218
8808	0.014218
27335	0.014221
36800	0.014223
14420	0.014224
9404	0.014224
40143	0.014225
51725	0.014226
46972	0.014226
7955	0.014226
61342	0.014227
22627	0.014230
22507	0.014230
40726	0.014230
14525	0.014231
30741	0.014233
43872	0.014234
11465	0.014236
56146	0.014236
28278	0.014237
42274	0.014237
43512	0.014240
25800	0.014240
44050	0.014241
42579	0.014242
42040	0.014243
57870	0.014244
49174	0.014246
39562	0.014247
60466	0.014247
55441	0.014249
40227	0.014249
38670	0.014250
17534	0.014254
41513	0.014256
12584	0.014257
46564	0.014258
22127	0.014260
25673	0.014261
37708	0.014262
40884	0.014265
31114	0.014266
16603	0.014268
27502	0.014269
30612	0.014270
15702	0.014270
10718	0.014271
26651	0.014274
12559	0.014275
14627	0.014277
43456	0.014277
13079	0.014277
14517	0.014278
34053	0.014281
23039	0.014282
49704	0.014285
16762	0.014285
48382	0.014286
50158	0.014288
33505	0.014288
10755	0.014289
16571	0.014290
22148	0.014290
38887	0.014292
28809	0.014293
36239	0.014294
44256	0.014294
25110	0.014295
16217	0.014295
11401	0.014304
49681	0.014305
41745	0.014305
9961	0.014306
46957	0.014307
39705	0.014308
44714	0.014310
53332	0.014310
15009	0.014311
8827	0.014311
19649	0.014311
22347	0.014311
9964	0.014312
8456	0.014316
61181	0.014319
13250	0.014320
23415	0.014322
44001	0.014323
39689	0.014324
57949	0.014326
16731	0.014327
61384	0.014328
16121	0.014328
15133	0.014331
25075	0.014331
11350	0.014331
34304	0.014333
28027	0.014339
55860	0.014339
17301	0.014339
19895	0.014339
40378	0.014341
13549	0.014341
36233	0.014342
47582	0.014342
14273	0.014342
19956	0.014345
26058	0.014345
38436	0.014346
37646	0.014347
7763	0.014349
42734	0.014351
41622	0.014352
19682	0.014352
17455	0.014352
45520	0.014353
10274	0.014353
15314	0.014355
39721	0.014356
13383	0.014356
42997	0.014356
42681	0.014356
39288	0.014357
14360	0.014359
32992	0.014360
8860	0.014362
22237	0.014362
50602	0.014363
53054	0.014365
54708	0.014366
37997	0.014367
10526	0.014368
29075	0.014368
8266	0.014369
29809	0.014369
16631	0.014370
28706	0.014372
30597	0.014372
45305	0.014372
58535	0.014372
11471	0.014373
34301	0.014375
48509	0.014375
28915	0.014377
22465	0.014378
28795	0.014379
56630	0.014379
36985	0.014380
14280	0.014380
55058	0.014382
49272	0.014385
28293	0.014387
57150	0.014388
44526	0.014388
34980	0.014390
10823	0.014390
15373	0.014392
41064	0.014392
21769	0.014394
47368	0.014394
34477	0.014394
17524	0.014397
55347	0.014397
40913	0.014400
29412	0.014401
49007	0.014404
22630	0.014408
14757	0.014411
32371	0.014412
21030	0.014413
42563	0.014415
13387	0.014417
29390	0.014418
28614	0.014419
25053	0.014420
27735	0.014421
43864	0.014426
54024	0.014427
9042	0.014429
8741	0.014430
28233	0.014430
14664	0.014431
47733	0.014433
16316	0.014435
60887	0.014438
23957	0.014439
47404	0.014439
20529	0.014439
58654	0.014439
30752	0.014441
53239	0.014441
32755	0.014441
35854	0.014443
8519	0.014443
53276	0.014443
38969	0.014447
32547	0.014447
53926	0.014448
35966	0.014450
7902	0.014451
37016	0.014453
36178	0.014454
35973	0.014455
20025	0.014456
9859	0.014457
9687	0.014457
10849	0.014459
37246	0.014459
28600	0.014461
50667	0.014462
12143	0.014462
13360	0.014462
12615	0.014465
41145	0.014465
11068	0.014466
47150	0.014467
20117	0.014469
19427	0.014470
15111	0.014471
13466	0.014473
7199	0.014473
47611	0.014474
45420	0.014475
15644	0.014476
30936	0.014478
30754	0.014479
57125	0.014480
49599	0.014480
10961	0.014481
35545	0.014481
21147	0.014481
8913	0.014482
15724	0.014482
13558	0.014482
39314	0.014483
19859	0.014485
11275	0.014486
46415	0.014486
53679	0.014488
12005	0.014490
19779	0.014490
38303	0.014491
55027	0.014491
20769	0.014492
31842	0.014492
40956	0.014493
42190	0.014494
23261	0.014496
35379	0.014497
50278	0.014499
10713	0.014499
16906	0.014501
20732	0.014501
54143	0.014504
38350	0.014504
46748	0.014505
15175	0.014505
8581	0.014505
45667	0.014505
50767	0.014506
39149	0.014507
45839	0.014507
47004	0.014508
8599	0.014510
11997	0.014511
52802	0.014511
24147	0.014512
14551	0.014512
12215	0.014512
33731	0.014513
30578	0.014514
57325	0.014514
42338	0.014514
30026	0.014516
9181	0.014516
29445	0.014516
35290	0.014520
56198	0.014521
56880	0.014521
16228	0.014521
16000	0.014521
48790	0.014521
16913	0.014522
19560	0.014524
46897	0.014525
48788	0.014525
8323	0.014525
30454	0.014526
16696	0.014528
46302	0.014528
61567	0.014528
22491	0.014531
16612	0.014533
12386	0.014534
60171	0.014534
51377	0.014534
52364	0.014534
38685	0.014535
32493	0.014537
17442	0.014537
9946	0.014538
20414	0.014539
39303	0.014539
10536	0.014539
8558	0.014541
39388	0.014542
12392	0.014546
46863	0.014547
21379	0.014547
52097	0.014548
53973	0.014549
15763	0.014550
48822	0.014551
33451	0.014552
10905	0.014552
31249	0.014554
37487	0.014554
13735	0.014555
25898	0.014555
35258	0.014556
15787	0.014556
38266	0.014556
13662	0.014557
15215	0.014560
46798	0.014562
38676	0.014564
12970	0.014564
20341	0.014565
19529	0.014565
24580	0.014566
37463	0.014567
9444	0.014568
28761	0.014570
44098	0.014570
15279	0.014570
9292	0.014572
37030	0.014572
9110	0.014573
16737	0.014573
14749	0.014573
38914	0.014574
19712	0.014574
14939	0.014575
45817	0.014577
44006	0.014577
8778	0.014579
25564	0.014579
23132	0.014584
43417	0.014586
14034	0.014590
13038	0.014591
9228	0.014594
61111	0.014595
7499	0.014595
61205	0.014596
38755	0.014598
23960	0.014598
41633	0.014598
13046	0.014599
47951	0.014600
7176	0.014601
55497	0.014602
11827	0.014602
50487	0.014602
50942	0.014603
26350	0.014605
56729	0.014606
35472	0.014606
23535	0.014610
56324	0.014614
36471	0.014620
39515	0.014621
12375	0.014621
50155	0.014621
14421	0.014622
52837	0.014623
21170	0.014623
16074	0.014623
46595	0.014627
16367	0.014629
7874	0.014632
44234	0.014632
60808	0.014633
47363	0.014633
50025	0.014633
53607	0.014633
14973	0.014634
9940	0.014634
28031	0.014634
16265	0.014635
9391	0.014635
19706	0.014636
23570	0.014637
56017	0.014638
34840	0.014640
31229	0.014642
52772	0.014644
27130	0.014644
11497	0.014644
57557	0.014644
36569	0.014645
50303	0.014646
21718	0.014648
47166	0.014648
17402	0.014652
48078	0.014654
49330	0.014654
16478	0.014655
32677	0.014655
27278	0.014655
53505	0.014656
36155	0.014656
25715	0.014657
14947	0.014657
22852	0.014658
7115	0.014662
46671	0.014662
31015	0.014663
23572	0.014664
12703	0.014665
52110	0.014667
50104	0.014668
47242	0.014671
10662	0.014671
16280	0.014672
11176	0.014672
7204	0.014673
55004	0.014676
55890	0.014677
26670	0.014678
36757	0.014679
60683	0.014679
19616	0.014681
38299	0.014683
28841	0.014684
11450	0.014686
13968	0.014687
8421	0.014687
60294	0.014688
37014	0.014688
24577	0.014690
17054	0.014691
14967	0.014692
21179	0.014694
9222	0.014695
10101	0.014696
28376	0.014696
11206	0.014697
29731	0.014697
39593	0.014698
24553	0.014699
9871	0.014701
49096	0.014701
36704	0.014701
19944	0.014702
21553	0.014702
23875	0.014703
8571	0.014703
12562	0.014703
61335	0.014704
39273	0.014706
33729	0.014711
49618	0.014719
10983	0.014719
12782	0.014721
21901	0.014722
10844	0.014722
52141	0.014723
22916	0.014723
47327	0.014726
12675	0.014727
14342	0.014728
20588	0.014728
14419	0.014728
24004	0.014729
54855	0.014730
44237	0.014732
22814	0.014732
12649	0.014734
14848	0.014734
54543	0.014735
56956	0.014735
35971	0.014736
33288	0.014736
34553	0.014736
24062	0.014741
46395	0.014741
11122	0.014742
16207	0.014742
10208	0.014743
7854	0.014744
14223	0.014744
42707	0.014745
9927	0.014745
18287	0.014748
9320	0.014748
12718	0.014750
41665	0.014751
21527	0.014752
16434	0.014753
52637	0.014753
13948	0.014753
35742	0.014756
9865	0.014756
33978	0.014758
14929	0.014759
34876	0.014761
13072	0.014763
21538	0.014763
52848	0.014764
26090	0.014765
46865	0.014766
24937	0.014767
22363	0.014768
10218	0.014770
27554	0.014770
41007	0.014777
61453	0.014778
27026	0.014779
31674	0.014780
20924	0.014781
10441	0.014784
31136	0.014784
26965	0.014785
21777	0.014787
13641	0.014789
24818	0.014790
11537	0.014795
11441	0.014795
19482	0.014795
32697	0.014796
54459	0.014797
13492	0.014797
16852	0.014798
10688	0.014802
28119	0.014805
35769	0.014806
27087	0.014807
22302	0.014809
13806	0.014809
14264	0.014809
10733	0.014811
41968	0.014814
24118	0.014815
43912	0.014816
11481	0.014816
26246	0.014816
24949	0.014816
13432	0.014817
26197	0.014817
50511	0.014817
51998	0.014817
52494	0.014817
53779	0.014817
60116	0.014817
60448	0.014817
60535	0.014817
61349	0.014817
8417	0.014817
9905	0.014817
34130	0.014818
14077	0.014818
16125	0.014818
11437	0.014819
29782	0.014821
13724	0.014821
51114	0.014822
23453	0.014822
39449	0.014823
21252	0.014823
55479	0.014824
19450	0.014827
25013	0.014827
37380	0.014828
14986	0.014828
9827	0.014830
50638	0.014830
60222	0.014834
25585	0.014835
40093	0.014835
28977	0.014835
51067	0.014836
60965	0.014836
42843	0.014838
23494	0.014839
51475	0.014840
54020	0.014841
33146	0.014843
15159	0.014845
45297	0.014845
22539	0.014846
55174	0.014846
32483	0.014849
17158	0.014852
10365	0.014852
14628	0.014853
17233	0.014853
28926	0.014855
24272	0.014856
37757	0.014858
17076	0.014858
17267	0.014860
14293	0.014860
56576	0.014860
44164	0.014862
24635	0.014863
37187	0.014866
55959	0.014868
10738	0.014870
40485	0.014873
19415	0.014873
8108	0.014873
10858	0.014877
47364	0.014878
44654	0.014880
34056	0.014883
40847	0.014885
11632	0.014886
56977	0.014886
16276	0.014888
28307	0.014890
17016	0.014890
21448	0.014892
46326	0.014892
54022	0.014894
39041	0.014894
36242	0.014896
27284	0.014896
43320	0.014896
14115	0.014898
14521	0.014898
35992	0.014899
23209	0.014899
21040	0.014901
12815	0.014902
44137	0.014905
53927	0.014905
14251	0.014906
16349	0.014907
55204	0.014909
35763	0.014910
13552	0.014910
7947	0.014910
52311	0.014910
7667	0.014910
37795	0.014911
13616	0.014911
12539	0.014912
28094	0.014913
8036	0.014914
25883	0.014915
32882	0.014915
29355	0.014919
60524	0.014920
54522	0.014920
55315	0.014920
16230	0.014921
61550	0.014922
46113	0.014923
14605	0.014927
44596	0.014928
36683	0.014932
56580	0.014935
21721	0.014936
48161	0.014936
11071	0.014938
22703	0.014939
16860	0.014939
26318	0.014940
38950	0.014941
37009	0.014941
28701	0.014945
54376	0.014946
57283	0.014946
20739	0.014948
12754	0.014948
8102	0.014949
33438	0.014952
16304	0.014954
40091	0.014956
56560	0.014957
9470	0.014957
50622	0.014959
21244	0.014961
30201	0.014961
54379	0.014961
15285	0.014962
53891	0.014963
50258	0.014964
13566	0.014964
14637	0.014966
61371	0.014967
29800	0.014967
15408	0.014968
21925	0.014968
11995	0.014969
22164	0.014971
16444	0.014974
33628	0.014974
11496	0.014975
7224	0.014975
29370	0.014975
40608	0.014977
23756	0.014977
11219	0.014978
26101	0.014978
16869	0.014982
27788	0.014983
10437	0.014983
21150	0.014984
56605	0.014985
44908	0.014985
44288	0.014986
17165	0.014986
11509	0.014987
7192	0.014987
19409	0.014988
14790	0.014990
48959	0.014990
28992	0.014990
56850	0.014995
31606	0.014995
44061	0.014996
16797	0.014997
9920	0.014998
24815	0.014998
53544	0.014998
20256	0.014999
57008	0.015000
51599	0.015000
60932	0.015001
49353	0.015001
33332	0.015003
53287	0.015005
11458	0.015006
13905	0.015006
22188	0.015007
7561	0.015007
30132	0.015012
16307	0.015015
14621	0.015017
11384	0.015018
10971	0.015020
14040	0.015022
39896	0.015024
51025	0.015027
53845	0.015027
25522	0.015029
41937	0.015031
12388	0.015032
40743	0.015034
43850	0.015041
57057	0.015041
17098	0.015042
47675	0.015044
26052	0.015044
35510	0.015045
16792	0.015045
36392	0.015047
61468	0.015056
49173	0.015058
13851	0.015060
17499	0.015060
33665	0.015061
50917	0.015062
41603	0.015062
41370	0.015062
50976	0.015063
22676	0.015063
14534	0.015064
37004	0.015064
35796	0.015066
19362	0.015067
28008	0.015067
17459	0.015067
54732	0.015067
10535	0.015067
16459	0.015068
40591	0.015068
26144	0.015068
34643	0.015069
9154	0.015070
21425	0.015071
26055	0.015072
10476	0.015075
49951	0.015075
16524	0.015076
53147	0.015076
56846	0.015077
17043	0.015080
34271	0.015081
14795	0.015082
10773	0.015083
47500	0.015084
15669	0.015085
27760	0.015086
29054	0.015087
34013	0.015088
22278	0.015089
52377	0.015090
47121	0.015090
17046	0.015092
10530	0.015095
50162	0.015095
17133	0.015096
7410	0.015096
24191	0.015097
52467	0.015098
20859	0.015100
12301	0.015101
49586	0.015101
44235	0.015101
10210	0.015102
26433	0.015102
10455	0.015103
12758	0.015104
27992	0.015105
42021	0.015105
56843	0.015106
54563	0.015107
28312	0.015107
19574	0.015108
13313	0.015110
47409	0.015111
30436	0.015114
52248	0.015115
25442	0.015115
14903	0.015115
46071	0.015118
14086	0.015121
16287	0.015122
60624	0.015123
47920	0.015123
61663	0.015124
57804	0.015126
44449	0.015127
57876	0.015128
34485	0.015129
21128	0.015131
43942	0.015134
49820	0.015136
36594	0.015136
15291	0.015139
46035	0.015139
20212	0.015142
50873	0.015143
12030	0.015145
29008	0.015145
44381	0.015145
61280	0.015145
61549	0.015145
16120	0.015147
8960	0.015151
14549	0.015152
19424	0.015152
60780	0.015154
13520	0.015156
10809	0.015159
58213	0.015160
50987	0.015160
60974	0.015160
31497	0.015161
16826	0.015161
8624	0.015163
38720	0.015163
23882	0.015164
30667	0.015165
36224	0.015171
15549	0.015173
29220	0.015173
26004	0.015173
50330	0.015176
49073	0.015177
15762	0.015178
14047	0.015179
30556	0.015179
37960	0.015179
7180	0.015180
26843	0.015181
47904	0.015181
57972	0.015181
57939	0.015184
32867	0.015189
11284	0.015192
58466	0.015194
38870	0.015195
61140	0.015195
29928	0.015196
14544	0.015197
52498	0.015198
54201	0.015198
56589	0.015199
60403	0.015203
8366	0.015203
23088	0.015206
36207	0.015206
17126	0.015207
14690	0.015207
22753	0.015208
13650	0.015209
14793	0.015212
12293	0.015213
9122	0.015213
8918	0.015215
24001	0.015215
57399	0.015215
47112	0.015215
59062	0.015215
44104	0.015216
16310	0.015216
39836	0.015217
20535	0.015221
39114	0.015221
46996	0.015221
15194	0.015222
26636	0.015222
33545	0.015223
10449	0.015223
12152	0.015224
7398	0.015226
8370	0.015228
47526	0.015232
54037	0.015232
27306	0.015232
16981	0.015234
15623	0.015234
29212	0.015234
39213	0.015237
7035	0.015239
24574	0.015242
16136	0.015243
7528	0.015245
53303	0.015245
35775	0.015245
27497	0.015247
36852	0.015248
41780	0.015249
11426	0.015251
40717	0.015252
43641	0.015253
20321	0.015257
49891	0.015260
20748	0.015260
55276	0.015260
56852	0.015261
16491	0.015263
50053	0.015264
23203	0.015264
30648	0.015264
15677	0.015265
37800	0.015266
39312	0.015266
52474	0.015268
41972	0.015269
58438	0.015270
47236	0.015270
53729	0.015270
53963	0.015270
15451	0.015272
14965	0.015275
11022	0.015276
31089	0.015276
14565	0.015278
14440	0.015278
57082	0.015278
15776	0.015279
55232	0.015280
9555	0.015282
10942	0.015284
61356	0.015285
11559	0.015286
54129	0.015286
58489	0.015288
14982	0.015288
36010	0.015290
47039	0.015291
29871	0.015292
34162	0.015292
23690	0.015293
36433	0.015293
23079	0.015294
14553	0.015297
23297	0.015297
53279	0.015297
34078	0.015297
28167	0.015301
7371	0.015306
24689	0.015308
52640	0.015308
61674	0.015311
39657	0.015313
13343	0.015314
17018	0.015315
12759	0.015316
15652	0.015316
35882	0.015319
24503	0.015322
37558	0.015323
8181	0.015323
25678	0.015331
48793	0.015331
38356	0.015332
10898	0.015333
112655	0.015334
61612	0.015335
8563	0.015335
9458	0.015335
22828	0.015344
13894	0.015345
17131	0.015346
19866	0.015347
19609	0.015349
27608	0.015349
16651	0.015353
20455	0.015353
34315	0.015353
22168	0.015353
45301	0.015355
25077	0.015356
15312	0.015356
29306	0.015362
39466	0.015363
34080	0.015364
36619	0.015367
15896	0.015368
22401	0.015368
24819	0.015368
9050	0.015370
24045	0.015370
47778	0.015371
9988	0.015372
15673	0.015373
41549	0.015374
40365	0.015375
28866	0.015376
28720	0.015377
53959	0.015379
37325	0.015380
12741	0.015381
55455	0.015382
28359	0.015383
54467	0.015384
50668	0.015385
57276	0.015386
17201	0.015387
54011	0.015389
14577	0.015392
52315	0.015397
54164	0.015397
14457	0.015399
31837	0.015399
58249	0.015403
24204	0.015403
26237	0.015403
57772	0.015403
10739	0.015403
44643	0.015404
50327	0.015405
51072	0.015407
9870	0.015407
11457	0.015407
9895	0.015408
36032	0.015408
56053	0.015408
42583	0.015410
38174	0.015412
35811	0.015413
57710	0.015415
25985	0.015419
40164	0.015420
42400	0.015420
56149	0.015423
10584	0.015423
34998	0.015426
12738	0.015426
47145	0.015431
27505	0.015434
38789	0.015436
43952	0.015436
56614	0.015443
41134	0.015445
60895	0.015448
57367	0.015450
19402	0.015452
31762	0.015454
52293	0.015455
60708	0.015456
47930	0.015458
60659	0.015462
54585	0.015465
47420	0.015465
48625	0.015467
14661	0.015468
26362	0.015468
8187	0.015469
53163	0.015469
39308	0.015470
7722	0.015470
26991	0.015470
27547	0.015471
47868	0.015473
32985	0.015474
16204	0.015475
33298	0.015475
61018	0.015476
29068	0.015478
56355	0.015479
56306	0.015479
54140	0.015479
42437	0.015480
38650	0.015487
36052	0.015493
57154	0.015493
19597	0.015494
38429	0.015496
32161	0.015496
29771	0.015497
17168	0.015497
33998	0.015499
9481	0.015500
33316	0.015500
48263	0.015502
42140	0.015502
45423	0.015503
26819	0.015503
22250	0.015505
7647	0.015507
25845	0.015510
25571	0.015511
41699	0.015512
33168	0.015512
26831	0.015515
17373	0.015515
33984	0.015520
55367	0.015522
43108	0.015524
30774	0.015526
11607	0.015526
13856	0.015528
30494	0.015528
37360	0.015530
55767	0.015531
11459	0.015534
49048	0.015535
9252	0.015536
9869	0.015538
14362	0.015543
12251	0.015544
28268	0.015548
10917	0.015553
38637	0.015558
56720	0.015559
52986	0.015561
41515	0.015561
49498	0.015563
22408	0.015564
56364	0.015564
26415	0.015564
19672	0.015565
44630	0.015565
28362	0.015566
25771	0.015567
39566	0.015567
20350	0.015567
34656	0.015567
14522	0.015569
36086	0.015571
56409	0.015573
31650	0.015578
52483	0.015578
12916	0.015579
30066	0.015579
16640	0.015579
41671	0.015579
9571	0.015581
24022	0.015582
17118	0.015585
38019	0.015586
43310	0.015587
30660	0.015591
53091	0.015591
56950	0.015592
30533	0.015595
41638	0.015596
48962	0.015597
37162	0.015600
8883	0.015602
55117	0.015602
9937	0.015602
29419	0.015605
16506	0.015605
15103	0.015605
21185	0.015606
15925	0.015607
11023	0.015617
57216	0.015621
16488	0.015622
12732	0.015622
12160	0.015622
50570	0.015622
61553	0.015624
16575	0.015625
15633	0.015627
39305	0.015629
39553	0.015630
33722	0.015633
24486	0.015637
31847	0.015638
37468	0.015645
37374	0.015646
44284	0.015651
44422	0.015652
60366	0.015653
22423	0.015654
7013	0.015654
10741	0.015654
12734	0.015655
9968	0.015656
13695	0.015657
43613	0.015658
56616	0.015659
16301	0.015661
11049	0.015661
10776	0.015662
29311	0.015662
61593	0.015664
57218	0.015665
14025	0.015668
23850	0.015669
48073	0.015670
15743	0.015672
9582	0.015672
11500	0.015675
15809	0.015676
15064	0.015676
15082	0.015679
36441	0.015679
31064	0.015679
14951	0.015679
7237	0.015682
9795	0.015682
17030	0.015682
48767	0.015682
26337	0.015683
60621	0.015684
9783	0.015684
11545	0.015690
38311	0.015691
10058	0.015694
7573	0.015694
45417	0.015697
33796	0.015697
29168	0.015698
15200	0.015698
48132	0.015699
11211	0.015700
39241	0.015703
56661	0.015704
24933	0.015707
8531	0.015709
47603	0.015709
16966	0.015713
15493	0.015713
21064	0.015715
20181	0.015716
17100	0.015716
13767	0.015717
33233	0.015717
39641	0.015717
41758	0.015719
36336	0.015719
21229	0.015720
46250	0.015720
25101	0.015721
35252	0.015722
22262	0.015726
56073	0.015727
39898	0.015733
48094	0.015735
52347	0.015736
24471	0.015736
9365	0.015736
13966	0.015739
30608	0.015742
17432	0.015746
34122	0.015747
55610	0.015747
60737	0.015749
37168	0.015749
15130	0.015750
28188	0.015751
28177	0.015754
30589	0.015754
36654	0.015755
37199	0.015755
39120	0.015755
13862	0.015757
21793	0.015757
8440	0.015758
14279	0.015762
13521	0.015762
45725	0.015764
60726	0.015766
45943	0.015767
57868	0.015768
12601	0.015768
55171	0.015769
60233	0.015769
11247	0.015772
16791	0.015772
43910	0.015773
9022	0.015773
17285	0.015778
39666	0.015778
46393	0.015781
39080	0.015783
52482	0.015786
10749	0.015787
43497	0.015793
11201	0.015793
56999	0.015796
32084	0.015796
12558	0.015797
26659	0.015797
51950	0.015798
30609	0.015798
32096	0.015799
21616	0.015799
50005	0.015803
43724	0.015805
25739	0.015806
14484	0.015807
29844	0.015808
26034	0.015809
23860	0.015810
60750	0.015812
14894	0.015815
44261	0.015815
52869	0.015816
13899	0.015816
29064	0.015817
20412	0.015817
43906	0.015817
57525	0.015818
51122	0.015820
31476	0.015821
17028	0.015821
53888	0.015822
37018	0.015822
57425	0.015829
16439	0.015829
29060	0.015830
41816	0.015831
46243	0.015833
21626	0.015834
59533	0.015834
32566	0.015835
33246	0.015840
20533	0.015843
20071	0.015844
46337	0.015844
56289	0.015844
55737	0.015845
52561	0.015845
61217	0.015846
11320	0.015847
41117	0.015850
61121	0.015851
15193	0.015852
14391	0.015853
50051	0.015854
50965	0.015857
10775	0.015858
23902	0.015861
24159	0.015861
47319	0.015862
19645	0.015862
57120	0.015863
55114	0.015864
54666	0.015866
48435	0.015867
19343	0.015870
58082	0.015871
22220	0.015873
10083	0.015876
29801	0.015879
37422	0.015879
18971	0.015881
43854	0.015882
16744	0.015886
17114	0.015887
36652	0.015888
40905	0.015888
13263	0.015890
16253	0.015892
14880	0.015892
50280	0.015894
39840	0.015899
48136	0.015900
17023	0.015900
14555	0.015901
38780	0.015901
49019	0.015902
10834	0.015902
52634	0.015904
44902	0.015909
53405	0.015909
56583	0.015911
41666	0.015913
60704	0.015913
45348	0.015919
40298	0.015920
41083	0.015922
53209	0.015923
21132	0.015925
36077	0.015926
12527	0.015928
29202	0.015929
12581	0.015931
23099	0.015932
46172	0.015933
27638	0.015934
13808	0.015936
14882	0.015937
60168	0.015940
10176	0.015941
41236	0.015948
30304	0.015950
44786	0.015951
12835	0.015953
48217	0.015954
30600	0.015957
44920	0.015958
23472	0.015960
42152	0.015961
53268	0.015962
14854	0.015963
46793	0.015963
15396	0.015969
46323	0.015969
19570	0.015970
52573	0.015971
40270	0.015971
51156	0.015973
33000	0.015974
15919	0.015977
23384	0.015978
52795	0.015981
23425	0.015987
14045	0.015988
57285	0.015992
16107	0.015994
17505	0.015995
21835	0.015996
14129	0.016000
30512	0.016001
14250	0.016002
19453	0.016003
13972	0.016005
14850	0.016006
52211	0.016009
40295	0.016011
39230	0.016012
60212	0.016012
54567	0.016013
51294	0.016016
9578	0.016016
50100	0.016021
9250	0.016024
60924	0.016026
40649	0.016029
56486	0.016033
54403	0.016033
20423	0.016036
10839	0.016037
47822	0.016038
15333	0.016039
9016	0.016039
32410	0.016043
11472	0.016047
43541	0.016048
55856	0.016048
8145	0.016050
46300	0.016054
17006	0.016055
12689	0.016056
56120	0.016056
23503	0.016057
30572	0.016060
47434	0.016060
40162	0.016060
28091	0.016063
35873	0.016066
52664	0.016069
61313	0.016069
8611	0.016069
54918	0.016076
17244	0.016076
55458	0.016079
39709	0.016080
9509	0.016082
7206	0.016083
45792	0.016084
37424	0.016085
45939	0.016086
7219	0.016089
24913	0.016090
49631	0.016095
36580	0.016095
14886	0.016096
15062	0.016096
10217	0.016096
25003	0.016097
47898	0.016098
51362	0.016099
60744	0.016101
25529	0.016103
22069	0.016103
15351	0.016103
17188	0.016104
40413	0.016105
19958	0.016109
12131	0.016109
48119	0.016109
42648	0.016110
27014	0.016112
60666	0.016113
7715	0.016115
26640	0.016116
48281	0.016120
55257	0.016120
40984	0.016120
22367	0.016122
13660	0.016123
13044	0.016124
13545	0.016128
14557	0.016130
51321	0.016131
38559	0.016132
38134	0.016133
29319	0.016134
10200	0.016134
27698	0.016135
20174	0.016136
43812	0.016139
47225	0.016140
32906	0.016141
13560	0.016142
45948	0.016143
41253	0.016144
25339	0.016146
51159	0.016150
25705	0.016151
11073	0.016151
39084	0.016151
52434	0.016151
14611	0.016152
24626	0.016155
31931	0.016157
16883	0.016158
16897	0.016161
21549	0.016161
10349	0.016162
54125	0.016162
35435	0.016164
8608	0.016165
24673	0.016165
26930	0.016166
48963	0.016167
9586	0.016169
46149	0.016169
14884	0.016171
8709	0.016173
28189	0.016174
44628	0.016174
35032	0.016175
34470	0.016179
12846	0.016180
46914	0.016180
21483	0.016182
12186	0.016185
17080	0.016186
56421	0.016187
7532	0.016188
55896	0.016190
31659	0.016193
25229	0.016195
37981	0.016202
14663	0.016202
15704	0.016203
44247	0.016205
53344	0.016209
32675	0.016210
49817	0.016213
16209	0.016215
40415	0.016218
25063	0.016219
12946	0.016220
11025	0.016224
56182	0.016226
49906	0.016226
55555	0.016229
58559	0.016231
28812	0.016233
50887	0.016235
40412	0.016236
53401	0.016236
56700	0.016239
61307	0.016240
12740	0.016242
48786	0.016244
57239	0.016244
35711	0.016246
12674	0.016247
60612	0.016250
43038	0.016251
11335	0.016251
11955	0.016254
54804	0.016256
23555	0.016258
14535	0.016264
42664	0.016267
17482	0.016267
50764	0.016269
49459	0.016271
13513	0.016275
10181	0.016275
9776	0.016275
17417	0.016275
26925	0.016276
47100	0.016277
53342	0.016281
34181	0.016281
21505	0.016285
68213	0.016285
44546	0.016285
16967	0.016288
49292	0.016288
22290	0.016289
21511	0.016290
19389	0.016296
11053	0.016296
48274	0.016303
54967	0.016307
14001	0.016307
7011	0.016308
8247	0.016309
61196	0.016316
39298	0.016319
28851	0.016319
11428	0.016322
50504	0.016324
26035	0.016324
48101	0.016324
21779	0.016326
40416	0.016326
16999	0.016326
57482	0.016329
12933	0.016330
9484	0.016334
10843	0.016336
11738	0.016339
24388	0.016339
58181	0.016342
32242	0.016344
28341	0.016345
10472	0.016345
13760	0.016345
14566	0.016346
34099	0.016346
24257	0.016351
44597	0.016352
10548	0.016352
26643	0.016354
9086	0.016354
31922	0.016354
32247	0.016357
52766	0.016359
39440	0.016362
44960	0.016364
26239	0.016365
30222	0.016366
53281	0.016368
49547	0.016368
46893	0.016370
36767	0.016371
60314	0.016381
16758	0.016383
9360	0.016383
50772	0.016384
41012	0.016388
30674	0.016389
30818	0.016392
37007	0.016396
26277	0.016397
19435	0.016397
40414	0.016399
27593	0.016401
60267	0.016401
31288	0.016404
25922	0.016407
34591	0.016408
50746	0.016409
11182	0.016410
44530	0.016410
60763	0.016412
40288	0.016412
42347	0.016419
29596	0.016420
30822	0.016424
49148	0.016425
14913	0.016426
19419	0.016429
51213	0.016430
14290	0.016433
51009	0.016435
49036	0.016437
52223	0.016438
31363	0.016444
22733	0.016444
16624	0.016446
41601	0.016449
16358	0.016450
9485	0.016450
37880	0.016452
10766	0.016453
21622	0.016454
17096	0.016458
37172	0.016458
56192	0.016458
24353	0.016459
35468	0.016460
14978	0.016460
29001	0.016465
23462	0.016473
30567	0.016474
16772	0.016476
34101	0.016477
13822	0.016477
9078	0.016479
12376	0.016479
15136	0.016480
34871	0.016482
47377	0.016483
29949	0.016483
49533	0.016483
44691	0.016487
30386	0.016488
12961	0.016488
39493	0.016488
55013	0.016489
45294	0.016490
10854	0.016498
58506	0.016499
19024	0.016501
17246	0.016501
8728	0.016501
40977	0.016502
11031	0.016502
38880	0.016509
14638	0.016511
31481	0.016512
41576	0.016512
18291	0.016514
33538	0.016516
51268	0.016521
44480	0.016523
9965	0.016525
50034	0.016525
11840	0.016526
49154	0.016526
48952	0.016527
49596	0.016531
32094	0.016531
38405	0.016531
57163	0.016533
8243	0.016536
10269	0.016537
30928	0.016538
13846	0.016542
44967	0.016543
14247	0.016546
28824	0.016554
9762	0.016555
30942	0.016556
40504	0.016557
53439	0.016558
57066	0.016560
32856	0.016560
35262	0.016561
47402	0.016562
33995	0.016567
51276	0.016567
47136	0.016568
10523	0.016569
14123	0.016578
22856	0.016578
27495	0.016579
20635	0.016580
28032	0.016581
42978	0.016582
21289	0.016582
7866	0.016583
44441	0.016585
12202	0.016585
18369	0.016585
53272	0.016587
55755	0.016587
48834	0.016589
16697	0.016590
60135	0.016591
32861	0.016592
32738	0.016592
45343	0.016592
27973	0.016594
10231	0.016595
12367	0.016596
44730	0.016598
16017	0.016599
33948	0.016602
55622	0.016604
11234	0.016604
12434	0.016605
31751	0.016605
47926	0.016606
31061	0.016607
40812	0.016608
30575	0.016610
11879	0.016615
38502	0.016616
22388	0.016616
32574	0.016616
48164	0.016618
60507	0.016620
60214	0.016621
45647	0.016630
20003	0.016630
22242	0.016631
23750	0.016632
23815	0.016635
14846	0.016635
52662	0.016640
17130	0.016646
34438	0.016646
24432	0.016649
53137	0.016650
41161	0.016650
52590	0.016652
14750	0.016654
9933	0.016654
13885	0.016658
60155	0.016661
52048	0.016662
41804	0.016664
12646	0.016664
34640	0.016665
9753	0.016668
13965	0.016670
10751	0.016672
58114	0.016673
54991	0.016673
43917	0.016679
9023	0.016679
48704	0.016679
47523	0.016681
14876	0.016681
49513	0.016683
51300	0.016688
31074	0.016689
16845	0.016692
48278	0.016692
8379	0.016695
13640	0.016699
21921	0.016702
36735	0.016702
52641	0.016704
7965	0.016707
119450	0.016709
25818	0.016710
8021	0.016711
34076	0.016718
45925	0.016719
47859	0.016720
8412	0.016720
49664	0.016724
48332	0.016724
15196	0.016725
31099	0.016725
9796	0.016726
60579	0.016726
33217	0.016727
33616	0.016727
30527	0.016727
50122	0.016732
12493	0.016734
27791	0.016735
50641	0.016735
53986	0.016736
47417	0.016736
12817	0.016742
60217	0.016745
30296	0.016746
50338	0.016749
27291	0.016749
57084	0.016750
45224	0.016753
30354	0.016754
14839	0.016754
32672	0.016756
15984	0.016757
51639	0.016758
47498	0.016766
12783	0.016766
55514	0.016768
56609	0.016769
43121	0.016770
54100	0.016771
11814	0.016771
36611	0.016771
50182	0.016773
60971	0.016773
58335	0.016774
39444	0.016777
47277	0.016778
34386	0.016779
54531	0.016779
27203	0.016783
53081	0.016786
13092	0.016788
46990	0.016789
13319	0.016791
30273	0.016794
50994	0.016795
20637	0.016795
14731	0.016797
32380	0.016799
9089	0.016802
8210	0.016805
9839	0.016808
36262	0.016809
28122	0.016810
41001	0.016811
58390	0.016811
14016	0.016812
29299	0.016818
24529	0.016825
14977	0.016826
12525	0.016831
39360	0.016833
9561	0.016833
23744	0.016833
50359	0.016838
52922	0.016839
8453	0.016844
33974	0.016847
10745	0.016847
27621	0.016848
14155	0.016849
14552	0.016850
40998	0.016850
25826	0.016855
60556	0.016855
44097	0.016856
44532	0.016866
40953	0.016869
49811	0.016870
26623	0.016870
15086	0.016870
15003	0.016871
10972	0.016874
10580	0.016881
15904	0.016884
27922	0.016885
22730	0.016886
30244	0.016888
48302	0.016888
52984	0.016893
19458	0.016895
8231	0.016896
16912	0.016903
34138	0.016907
46220	0.016908
7406	0.016909
14558	0.016909
21997	0.016919
53933	0.016922
38001	0.016924
30535	0.016925
8959	0.016926
24400	0.016928
22747	0.016928
61233	0.016928
20448	0.016928
15281	0.016930
37788	0.016931
16355	0.016931
44148	0.016933
34513	0.016934
21418	0.016943
58346	0.016944
16774	0.016946
50140	0.016947
31117	0.016951
24926	0.016952
15495	0.016952
40748	0.016954
43323	0.016955
50575	0.016959
48825	0.016960
12859	0.016961
51443	0.016961
43159	0.016962
26590	0.016964
40367	0.016964
12385	0.016966
54514	0.016966
56697	0.016968
10036	0.016970
24550	0.016975
14928	0.016977
42740	0.016977
30124	0.016978
60149	0.016979
15393	0.016982
14102	0.016986
49653	0.016987
44573	0.016988
32074	0.016989
113803	0.016990
38568	0.016991
32892	0.016992
13227	0.016992
40971	0.016992
26857	0.016993
54993	0.016995
10397	0.016995
45095	0.016996
8604	0.017000
42119	0.017000
12571	0.017000
48415	0.017003
9024	0.017009
12723	0.017014
12895	0.017015
46417	0.017016
10914	0.017017
19733	0.017017
14641	0.017018
44047	0.017019
16354	0.017020
29904	0.017023
60533	0.017025
42918	0.017025
20607	0.017026
22641	0.017027
14885	0.017029
13001	0.017030
25983	0.017031
14046	0.017035
53917	0.017039
21696	0.017040
46607	0.017040
58004	0.017041
10742	0.017043
26780	0.017045
52354	0.017048
31327	0.017048
39703	0.017049
7799	0.017049
50991	0.017051
27152	0.017057
37189	0.017059
24275	0.017060
25011	0.017061
37028	0.017062
27345	0.017062
40224	0.017063
16385	0.017063
52748	0.017065
47006	0.017066
19622	0.017071
37727	0.017072
10639	0.017073
42240	0.017077
14717	0.017077
55913	0.017078
40103	0.017082
19114	0.017085
52683	0.017085
59555	0.017085
19200	0.017088
29869	0.017088
32943	0.017089
55154	0.017091
33111	0.017093
29283	0.017095
46955	0.017101
14104	0.017101
22563	0.017106
60799	0.017108
25953	0.017117
49923	0.017122
53425	0.017124
21786	0.017124
12999	0.017126
47090	0.017130
34409	0.017133
25998	0.017133
48990	0.017133
8446	0.017136
53919	0.017137
56056	0.017138
61591	0.017139
30683	0.017144
26647	0.017146
51994	0.017151
6969	0.017152
54299	0.017157
29982	0.017161
11321	0.017164
35213	0.017165
22935	0.017165
25039	0.017168
19664	0.017171
58104	0.017171
42798	0.017171
48200	0.017173
34116	0.017176
9073	0.017177
23940	0.017177
38744	0.017179
37342	0.017180
56992	0.017181
43340	0.017182
8591	0.017191
21422	0.017201
7489	0.017203
13742	0.017205
13729	0.017205
16561	0.017208
12432	0.017211
48896	0.017212
13845	0.017212
49650	0.017213
47580	0.017214
23236	0.017214
27321	0.017215
27254	0.017215
60849	0.017217
14189	0.017217
56612	0.017218
37294	0.017223
61406	0.017225
16431	0.017228
20885	0.017228
53423	0.017232
16075	0.017232
57042	0.017234
40738	0.017244
8727	0.017250
33519	0.017251
40683	0.017252
23105	0.017254
33765	0.017258
33224	0.017259
30627	0.017261
23805	0.017261
52358	0.017264
36084	0.017270
14958	0.017270
28145	0.017273
26520	0.017275
48792	0.017281
56602	0.017288
10777	0.017290
13947	0.017291
35461	0.017294
41585	0.017294
35857	0.017304
22337	0.017305
8287	0.017307
17196	0.017308
16443	0.017310
61436	0.017311
12000	0.017314
37875	0.017323
20876	0.017325
12467	0.017328
11662	0.017331
37918	0.017333
49413	0.017336
40070	0.017337
51411	0.017339
60960	0.017342
39295	0.017347
39975	0.017347
22518	0.017347
53187	0.017348
9185	0.017353
47334	0.017357
28163	0.017357
15474	0.017358
14725	0.017358
11633	0.017359
8454	0.017362
48140	0.017363
25749	0.017363
53692	0.017369
8921	0.017373
53258	0.017374
37653	0.017375
55218	0.017376
16128	0.017380
58579	0.017380
12423	0.017380
32946	0.017381
33861	0.017390
8258	0.017390
9173	0.017391
23127	0.017395
52882	0.017398
27483	0.017400
39075	0.017407
61187	0.017408
33229	0.017409
11199	0.017419
14042	0.017420
44522	0.017422
27484	0.017423
21075	0.017424
7660	0.017424
20697	0.017425
7194	0.017426
43152	0.017427
9654	0.017431
40411	0.017432
11394	0.017433
7961	0.017433
51683	0.017435
12620	0.017438
47731	0.017439
13943	0.017439
28673	0.017440
31133	0.017442
7377	0.017442
55406	0.017444
58513	0.017444
46617	0.017448
16206	0.017449
55066	0.017452
21518	0.017453
44956	0.017456
13279	0.017458
40740	0.017461
23234	0.017461
49667	0.017467
21877	0.017467
10524	0.017468
48448	0.017469
14019	0.017471
47994	0.017471
51323	0.017473
28666	0.017475
55608	0.017475
29768	0.017475
44559	0.017477
41673	0.017478
21970	0.017483
33771	0.017483
54149	0.017487
54231	0.017488
23197	0.017490
29393	0.017491
38421	0.017493
10531	0.017497
7909	0.017497
31945	0.017498
55762	0.017498
38459	0.017501
60739	0.017504
8818	0.017506
16873	0.017511
8551	0.017512
12787	0.017516
47457	0.017524
53165	0.017534
35035	0.017535
38337	0.017536
40009	0.017539
11440	0.017544
10810	0.017549
52046	0.017555
54527	0.017557
13890	0.017568
37988	0.017571
50970	0.017574
25166	0.017576
39824	0.017580
10627	0.017581
17073	0.017581
35980	0.017582
20893	0.017590
10740	0.017591
23997	0.017594
38149	0.017596
8173	0.017600
16099	0.017601
44732	0.017607
37204	0.017611
47375	0.017612
9438	0.017613
11442	0.017614
20971	0.017616
14416	0.017616
36429	0.017618
39142	0.017620
30170	0.017623
12043	0.017624
28392	0.017624
29919	0.017624
41977	0.017624
44016	0.017624
60347	0.017624
60512	0.017624
60990	0.017624
58617	0.017625
15778	0.017626
15492	0.017628
60665	0.017629
10978	0.017636
55542	0.017641
28309	0.017642
39011	0.017644
35010	0.017646
28129	0.017646
12158	0.017647
46308	0.017649
36448	0.017651
40747	0.017651
40731	0.017655
17283	0.017660
10999	0.017660
12752	0.017664
19305	0.017665
30736	0.017665
40943	0.017665
9741	0.017666
46977	0.017671
22062	0.017672
13787	0.017676
30553	0.017677
47445	0.017681
10753	0.017684
16608	0.017684
7137	0.017688
7658	0.017690
36216	0.017690
61412	0.017695
47550	0.017695
11194	0.017697
7645	0.017700
48557	0.017703
27892	0.017708
16932	0.017716
11444	0.017726
49005	0.017727
16958	0.017728
56749	0.017728
32406	0.017733
32099	0.017734
20419	0.017737
41786	0.017738
36252	0.017739
49909	0.017739
40735	0.017745
56603	0.017746
53245	0.017751
14919	0.017758
8645	0.017762
43506	0.017762
12819	0.017762
51968	0.017765
35209	0.017766
47496	0.017769
38707	0.017770
61565	0.017771
9190	0.017772
55855	0.017774
20029	0.017775
43626	0.017780
8352	0.017780
13207	0.017780
17389	0.017780
16815	0.017796
36400	0.017798
16331	0.017798
19255	0.017799
9723	0.017807
8616	0.017810
53902	0.017812
48143	0.017814
39673	0.017814
14326	0.017816
22122	0.017817
15505	0.017820
46572	0.017822
43115	0.017823
26503	0.017828
7642	0.017830
57021	0.017835
9347	0.017837
13601	0.017840
16274	0.017842
16574	0.017843
23828	0.017843
32071	0.017848
15800	0.017850
50989	0.017858
14670	0.017861
25463	0.017862
19792	0.017864
25605	0.017865
22420	0.017868
41477	0.017868
14124	0.017869
11307	0.017872
9076	0.017876
42683	0.017882
34657	0.017885
11994	0.017886
36317	0.017888
53275	0.017889
11765	0.017891
12569	0.017897
43771	0.017900
14346	0.017900
37807	0.017902
10756	0.017906
40473	0.017918
23382	0.017919
15878	0.017921
20065	0.017921
53579	0.017923
12836	0.017924
6908	0.017925
37451	0.017926
27824	0.017928
30394	0.017931
45472	0.017935
38410	0.017936
58274	0.017937
31143	0.017939
42397	0.017941
17186	0.017944
61641	0.017947
45261	0.017949
55424	0.017949
30358	0.017951
12106	0.017951
52044	0.017952
10771	0.017955
15679	0.017959
13169	0.017959
26554	0.017965
14347	0.017966
16625	0.017966
17068	0.017968
26497	0.017971
24151	0.017974
12211	0.017974
55325	0.017974
25445	0.017974
37048	0.017976
58354	0.017976
27523	0.017978
21968	0.017979
8557	0.017980
17460	0.017986
16847	0.017988
11402	0.017989
25703	0.017990
40678	0.017991
53274	0.017995
10487	0.017995
8878	0.017996
13615	0.017999
55845	0.018003
43133	0.018003
23018	0.018005
60940	0.018006
33567	0.018006
32720	0.018013
19946	0.018024
14688	0.018028
10113	0.018029
30602	0.018031
27382	0.018034
61522	0.018036
52565	0.018037
40889	0.018042
50710	0.018043
21096	0.018048
11772	0.018048
55168	0.018050
25927	0.018053
42906	0.018057
34905	0.018062
19256	0.018062
13553	0.018064
43630	0.018065
8289	0.018066
14060	0.018072
53540	0.018073
8867	0.018073
47824	0.018076
13366	0.018079
53734	0.018081
32399	0.018083
25860	0.018083
26152	0.018086
14905	0.018087
57023	0.018092
13364	0.018097
28905	0.018102
35602	0.018110
54002	0.018114
7865	0.018117
7884	0.018117
53935	0.018121
13858	0.018124
10714	0.018126
13728	0.018127
46413	0.018130
29765	0.018140
47033	0.018143
12724	0.018143
25981	0.018144
14518	0.018144
40018	0.018144
15125	0.018149
38639	0.018149
22391	0.018152
60255	0.018155
15884	0.018155
12657	0.018156
21648	0.018157
47536	0.018160
52349	0.018162
45455	0.018162
51048	0.018165
46124	0.018167
14562	0.018168
56834	0.018170
46041	0.018170
16236	0.018170
32952	0.018171
7245	0.018171
46569	0.018181
51299	0.018181
26633	0.018182
51595	0.018182
33929	0.018182
49326	0.018183
36629	0.018184
42156	0.018188
13942	0.018190
56526	0.018190
47037	0.018191
14022	0.018192
16934	0.018197
49773	0.018200
16428	0.018200
13797	0.018201
39313	0.018212
7261	0.018213
49934	0.018214
15715	0.018214
57626	0.018215
21447	0.018215
21829	0.018219
26377	0.018222
16127	0.018224
42327	0.018225
52368	0.018225
9077	0.018232
46253	0.018235
22763	0.018236
52278	0.018239
9179	0.018242
40180	0.018243
14550	0.018246
56315	0.018248
56004	0.018252
8527	0.018252
36264	0.018258
60643	0.018260
45993	0.018264
48664	0.018266
13961	0.018266
27387	0.018268
7598	0.018268
49605	0.018269
60404	0.018274
31000	0.018280
31849	0.018284
12458	0.018285
11880	0.018292
7886	0.018293
33509	0.018294
15597	0.018296
22008	0.018296
10117	0.018299
9015	0.018300
55260	0.018301
15178	0.018303
44365	0.018303
42815	0.018305
61302	0.018305
8082	0.018307
19927	0.018314
40682	0.018316
36726	0.018319
56903	0.018320
21420	0.018323
16437	0.018323
43677	0.018325
9370	0.018329
16184	0.018333
21940	0.018335
48311	0.018335
52978	0.018341
39153	0.018347
52843	0.018347
30284	0.018351
29049	0.018351
12512	0.018355
50891	0.018357
26109	0.018357
11663	0.018357
56624	0.018358
16076	0.018360
56227	0.018361
33314	0.018369
52361	0.018369
7593	0.018372
52850	0.018381
15716	0.018382
31924	0.018386
56134	0.018386
47116	0.018389
16210	0.018390
47688	0.018392
55036	0.018400
39063	0.018402
32886	0.018403
21966	0.018404
17227	0.018405
54741	0.018416
33443	0.018417
9469	0.018418
7050	0.018418
25963	0.018421
14441	0.018424
48411	0.018425
22899	0.018432
15338	0.018439
60124	0.018445
30031	0.018447
20998	0.018448
40750	0.018448
60492	0.018449
16543	0.018456
25569	0.018457
43260	0.018457
16291	0.018465
56176	0.018472
56861	0.018484
17240	0.018488
24632	0.018489
40900	0.018495
44263	0.018496
35955	0.018498
26129	0.018499
11515	0.018500
53099	0.018505
50180	0.018506
43135	0.018511
50959	0.018514
17012	0.018515
58451	0.018531
12110	0.018531
46777	0.018533
49890	0.018534
53869	0.018541
13981	0.018546
45896	0.018548
31038	0.018548
61234	0.018553
53119	0.018556
16894	0.018557
16222	0.018560
61207	0.018560
17393	0.018561
41810	0.018563
15727	0.018565
47531	0.018565
20707	0.018565
46943	0.018571
16919	0.018572
57348	0.018585
56933	0.018588
49639	0.018590
12614	0.018593
45669	0.018595
9217	0.018595
15939	0.018599
14194	0.018606
55365	0.018611
9249	0.018611
50951	0.018613
40233	0.018613
45733	0.018616
50464	0.018617
20184	0.018620
52668	0.018624
17171	0.018628
13970	0.018628
9143	0.018628
26995	0.018629
25812	0.018632
25670	0.018633
25366	0.018635
43501	0.018640
37995	0.018643
10046	0.018644
41349	0.018645
22993	0.018646
40433	0.018664
14563	0.018666
42729	0.018669
15004	0.018677
14453	0.018683
14296	0.018683
20472	0.018688
25683	0.018690
57221	0.018695
24171	0.018696
41721	0.018696
11425	0.018705
25577	0.018710
42080	0.018716
15839	0.018720
8142	0.018721
28648	0.018725
44277	0.018726
20753	0.018728
10453	0.018730
48551	0.018732
46772	0.018732
14674	0.018733
38491	0.018735
29956	0.018735
9542	0.018752
55784	0.018752
14269	0.018767
37420	0.018768
39392	0.018771
37165	0.018772
17435	0.018775
23820	0.018778
32512	0.018778
42311	0.018779
29361	0.018780
53127	0.018783
61678	0.018783
54382	0.018791
49595	0.018793
37024	0.018795
49692	0.018800
16292	0.018802
47764	0.018804
24911	0.018805
23655	0.018806
8363	0.018807
36452	0.018808
40734	0.018811
22036	0.018813
16203	0.018815
46339	0.018818
16327	0.018818
12896	0.018819
47465	0.018825
16935	0.018825
31244	0.018825
20895	0.018827
55376	0.018829
16867	0.018832
15737	0.018849
43679	0.018854
30931	0.018862
15622	0.018863
55512	0.018866
35889	0.018867
48553	0.018877
51325	0.018883
10595	0.018888
32630	0.018900
7229	0.018901
23115	0.018904
30158	0.018905
25371	0.018906
12917	0.018906
50964	0.018908
11258	0.018911
20744	0.018915
23435	0.018917
17503	0.018919
56626	0.018926
10009	0.018928
21522	0.018930
56774	0.018939
23200	0.018947
43451	0.018952
37498	0.018955
44773	0.018957
16562	0.018958
58341	0.018961
42879	0.018965
32116	0.018965
47520	0.018967
40417	0.018968
56500	0.018969
29820	0.018971
35340	0.018973
30679	0.018973
13534	0.018975
24972	0.018978
47139	0.018980
39375	0.018985
41014	0.018986
13575	0.018992
52392	0.018998
37043	0.019001
43163	0.019004
25500	0.019005
29402	0.019010
28343	0.019011
31076	0.019012
7323	0.019013
23011	0.019013
19995	0.019027
36245	0.019028
6938	0.019036
60955	0.019036
54416	0.019050
43140	0.019055
21514	0.019058
33449	0.019058
49337	0.019059
40556	0.019063
12832	0.019063
47748	0.019064
35184	0.019068
22201	0.019072
51833	0.019073
19653	0.019079
47972	0.019087
37091	0.019092
49294	0.019096
46623	0.019100
47489	0.019102
60471	0.019106
21775	0.019113
40220	0.019119
15926	0.019120
14433	0.019122
56309	0.019140
14724	0.019142
22019	0.019144
16899	0.019147
15629	0.019155
15311	0.019156
39066	0.019159
55780	0.019160
40685	0.019162
32928	0.019163
49602	0.019174
49424	0.019182
36063	0.019186
36590	0.019188
53430	0.019189
14924	0.019197
24219	0.019198
48692	0.019198
52660	0.019202
28289	0.019204
14669	0.019215
19961	0.019217
35914	0.019224
24054	0.019231
42931	0.019232
33867	0.019232
33703	0.019232
21312	0.019238
55817	0.019244
45552	0.019262
14367	0.019262
47029	0.019264
20755	0.019268
9797	0.019277
53364	0.019277
47042	0.019277
15304	0.019283
12277	0.019294
15707	0.019294
30458	0.019309
11664	0.019313
55312	0.019313
7186	0.019319
34391	0.019320
11155	0.019324
55085	0.019329
10715	0.019341
23624	0.019343
15502	0.019353
13855	0.019359
48812	0.019360
31855	0.019362
14587	0.019368
27222	0.019374
38465	0.019378
33794	0.019382
7938	0.019382
57567	0.019387
12393	0.019391
18218	0.019406
11828	0.019412
13604	0.019415
54159	0.019417
53981	0.019420
37522	0.019427
12252	0.019430
11535	0.019432
13940	0.019433
29062	0.019433
48338	0.019435
42795	0.019447
17162	0.019455
38561	0.019466
20450	0.019467
14720	0.019473
8916	0.019477
34542	0.019487
49926	0.019493
15123	0.019494
30606	0.019507
9128	0.019508
16080	0.019508
24561	0.019512
38317	0.019513
40496	0.019514
54604	0.019516
13420	0.019516
24781	0.019519
52829	0.019521
53022	0.019532
23369	0.019534
8450	0.019535
25900	0.019537
31112	0.019547
38899	0.019551
33082	0.019552
34202	0.019553
11615	0.019557
38366	0.019560
57978	0.019574
30622	0.019579
12927	0.019588
40639	0.019602
47502	0.019608
60237	0.019610
51624	0.019610
57649	0.019613
22032	0.019615
49503	0.019618
36475	0.019619
8209	0.019625
47704	0.019630
15382	0.019631
47910	0.019632
40897	0.019633
13417	0.019634
34920	0.019637
7294	0.019643
12862	0.019644
12261	0.019645
7575	0.019647
10120	0.019651
39224	0.019652
33710	0.019653
14969	0.019660
17606	0.019661
14640	0.019669
60318	0.019670
7298	0.019672
47766	0.019679
37126	0.019684
52132	0.019687
58597	0.019690
56059	0.019692
25344	0.019700
29994	0.019704
60648	0.019705
42927	0.019712
33334	0.019717
26298	0.019721
10757	0.019726
46467	0.019726
55289	0.019733
41765	0.019734
46207	0.019744
31290	0.019749
61671	0.019752
30374	0.019756
53108	0.019761
14215	0.019761
13196	0.019768
39122	0.019774
38616	0.019774
24416	0.019777
40687	0.019778
13550	0.019781
26094	0.019785
8822	0.019786
25320	0.019790
39301	0.019791
35786	0.019808
12837	0.019810
15497	0.019816
15477	0.019817
45132	0.019822
30461	0.019823
40742	0.019833
37167	0.019841
46879	0.019850
16391	0.019856
27878	0.019863
12814	0.019868
11196	0.019869
20336	0.019870
40418	0.019872
29255	0.019874
16531	0.019878
13123	0.019882
58088	0.019888
16763	0.019906
40733	0.019914
15454	0.019915
7946	0.019916
40222	0.019916
51445	0.019919
59132	0.019922
13596	0.019926
53089	0.019926
15218	0.019928
12869	0.019931
13609	0.019932
54847	0.019934
43142	0.019934
15398	0.019938
13589	0.019939
7589	0.019940
40053	0.019944
57114	0.019961
42099	0.019964
14837	0.019971
41658	0.019972
57161	0.019972
8443	0.019973
11181	0.019976
13730	0.019977
55944	0.019980
9434	0.019988
51057	0.019989
60413	0.019991
48075	0.020000
39578	0.020004
28190	0.020006
14118	0.020009
20907	0.020009
42909	0.020019
52542	0.020019
51643	0.020021
24507	0.020024
53944	0.020026
58295	0.020026
14922	0.020027
47759	0.020029
12183	0.020033
13262	0.020037
58401	0.020039
6945	0.020050
19029	0.020053
10106	0.020055
39779	0.020060
16965	0.020060
60815	0.020065
35528	0.020069
58409	0.020081
36186	0.020081
57003	0.020081
34074	0.020084
11499	0.020093
23002	0.020101
35145	0.020102
51590	0.020103
49418	0.020107
13490	0.020111
9570	0.020113
12521	0.020135
15402	0.020140
37683	0.020143
30438	0.020146
56888	0.020147
61293	0.020150
44656	0.020162
11831	0.020162
40746	0.020168
39252	0.020175
16814	0.020178
44659	0.020184
29051	0.020185
44286	0.020191
7892	0.020194
41435	0.020196
34042	0.020207
14469	0.020208
32125	0.020210
56684	0.020217
21441	0.020219
9257	0.020221
48228	0.020237
54280	0.020240
9248	0.020241
44292	0.020244
47833	0.020246
46527	0.020250
36457	0.020252
14085	0.020256
28995	0.020256
30103	0.020277
35516	0.020277
37699	0.020277
11213	0.020283
16212	0.020293
8250	0.020298
50378	0.020300
11470	0.020314
54029	0.020314
13692	0.020316
43235	0.020328
12691	0.020335
11469	0.020340
32142	0.020341
32727	0.020343
9581	0.020344
50840	0.020349
14975	0.020352
50285	0.020352
17107	0.020362
54947	0.020366
58393	0.020371
13467	0.020381
9107	0.020382
13452	0.020383
55379	0.020389
50257	0.020397
16213	0.020402
40758	0.020404
58589	0.020406
60262	0.020408
52857	0.020409
42810	0.020413
16124	0.020413
48858	0.020415
45791	0.020421
61546	0.020423
28890	0.020424
9925	0.020427
28077	0.020439
20074	0.020441
60117	0.020443
19677	0.020445
36089	0.020448
44443	0.020448
38702	0.020455
32562	0.020469
25723	0.020497
53427	0.020515
52521	0.020520
55408	0.020528
53206	0.020537
35220	0.020542
56669	0.020545
48387	0.020552
56403	0.020553
51792	0.020557
13419	0.020560
19804	0.020568
15352	0.020568
10235	0.020571
53446	0.020572
37492	0.020580
37228	0.020586
21795	0.020586
22081	0.020586
40727	0.020597
14809	0.020605
47565	0.020613
61588	0.020614
29732	0.020615
15600	0.020619
13721	0.020622
52751	0.020625
57036	0.020629
11483	0.020630
36370	0.020630
16335	0.020630
43545	0.020634
61605	0.020641
23474	0.020645
44295	0.020655
46663	0.020656
49765	0.020657
7915	0.020667
31050	0.020669
9000	0.020670
33003	0.020671
11406	0.020675
33038	0.020683
50459	0.020683
50582	0.020697
38383	0.020704
20313	0.020722
9909	0.020727
15740	0.020737
53078	0.020745
36267	0.020767
14059	0.020789
19668	0.020806
12994	0.020811
43565	0.020813
43104	0.020813
51824	0.020818
26098	0.020821
50607	0.020828
10229	0.020830
6989	0.020836
22830	0.020841
61628	0.020845
49355	0.020850
30857	0.020851
21413	0.020852
14794	0.020852
22540	0.020860
49429	0.020860
28100	0.020865
13316	0.020866
11962	0.020868
8447	0.020875
40749	0.020875
16858	0.020877
11080	0.020891
26826	0.020899
58131	0.020902
11571	0.020902
35154	0.020907
25105	0.020909
22576	0.020920
54710	0.020923
61152	0.020926
48710	0.020935
29427	0.020945
35801	0.020948
55928	0.020950
22841	0.020957
44282	0.020961
12757	0.020961
13614	0.020961
60218	0.020961
53105	0.020962
22606	0.020962
30189	0.020973
52592	0.020974
44545	0.020976
47123	0.020983
54330	0.020986
15882	0.020993
41233	0.020994
13743	0.020994
52007	0.020998
7543	0.021004
12002	0.021004
8346	0.021004
49066	0.021014
34091	0.021020
7872	0.021025
19036	0.021036
50185	0.021042
55525	0.021042
26392	0.021045
20630	0.021060
44689	0.021076
19600	0.021081
16485	0.021084
13437	0.021085
17085	0.021092
13515	0.021098
7996	0.021106
30624	0.021113
15394	0.021121
24976	0.021127
46755	0.021127
60785	0.021128
24497	0.021138
49500	0.021141
43615	0.021142
22174	0.021144
12995	0.021152
44784	0.021161
61658	0.021163
47889	0.021164
12513	0.021172
41625	0.021173
21624	0.021177
47964	0.021186
20641	0.021188
61261	0.021192
35173	0.021219
26552	0.021227
52626	0.021236
25829	0.021237
59779	0.021241
13073	0.021242
9857	0.021273
16054	0.021274
30055	0.021275
11393	0.021275
33171	0.021278
7631	0.021284
55600	0.021285
13766	0.021288
17172	0.021304
7953	0.021312
10373	0.021318
13382	0.021322
47416	0.021325
25962	0.021329
49029	0.021335
15465	0.021347
16084	0.021352
47270	0.021352
14225	0.021356
60852	0.021377
14334	0.021397
45195	0.021399
49674	0.021415
48823	0.021417
13249	0.021427
10392	0.021444
19110	0.021457
43117	0.021474
40552	0.021474
40751	0.021483
60515	0.021484
31372	0.021486
58218	0.021491
29851	0.021499
20816	0.021499
44250	0.021507
40728	0.021515
13296	0.021517
12003	0.021520
25103	0.021527
61439	0.021530
9872	0.021530
11536	0.021531
13893	0.021535
7760	0.021539
10743	0.021559
61559	0.021563
58111	0.021566
8377	0.021570
15438	0.021573
40938	0.021576
23065	0.021577
60715	0.021580
40739	0.021580
28251	0.021584
58094	0.021588
15887	0.021595
39962	0.021616
7367	0.021617
20496	0.021628
26108	0.021630
12751	0.021631
25568	0.021635
60145	0.021635
23357	0.021639
20868	0.021650
56074	0.021652
44240	0.021654
7477	0.021657
53315	0.021660
35189	0.021660
10818	0.021660
61301	0.021667
55700	0.021686
14668	0.021694
50031	0.021700
60134	0.021701
36046	0.021706
9806	0.021717
43656	0.021726
44433	0.021726
29286	0.021727
9004	0.021730
26962	0.021743
33663	0.021746
61082	0.021765
14748	0.021767
21529	0.021768
13336	0.021772
39169	0.021775
14113	0.021779
56708	0.021792
7688	0.021805
24066	0.021810
60988	0.021814
41591	0.021825
36462	0.021825
34440	0.021840
11769	0.021841
41615	0.021849
29758	0.021858
39984	0.021861
9493	0.021867
30491	0.021880
44129	0.021880
39947	0.021883
16211	0.021890
44696	0.021896
60796	0.021897
32686	0.021903
40755	0.021907
19812	0.021913
13278	0.021950
7009	0.021959
31586	0.021960
9862	0.021970
57797	0.021983
51344	0.021985
35216	0.021988
22369	0.021990
24397	0.021996
17683	0.021999
25525	0.022006
7684	0.022012
51807	0.022015
45105	0.022019
10974	0.022023
50018	0.022027
11180	0.022029
24843	0.022045
11323	0.022051
8863	0.022051
7370	0.022057
12468	0.022058
11617	0.022071
15372	0.022073
12371	0.022075
8420	0.022076
43481	0.022092
15287	0.022098
13165	0.022100
15888	0.022109
6996	0.022118
8054	0.022119
23084	0.022128
53524	0.022131
12771	0.022131
55584	0.022132
50157	0.022134
6931	0.022136
13823	0.022146
8879	0.022146
8613	0.022156
32476	0.022162
15187	0.022165
39876	0.022168
19499	0.022173
53283	0.022176
25960	0.022182
14834	0.022187
10262	0.022190
8792	0.022193
49915	0.022196
20360	0.022210
7007	0.022211
50356	0.022215
47874	0.022232
28369	0.022240
12901	0.022248
34112	0.022251
45969	0.022258
7189	0.022259
13085	0.022265
9270	0.022274
7303	0.022274
55586	0.022275
31180	0.022276
31873	0.022277
48486	0.022283
40031	0.022284
53182	0.022285
19348	0.022286
17102	0.022289
13556	0.022295
61015	0.022299
13523	0.022307
51288	0.022310
35013	0.022320
36048	0.022323
11830	0.022327
22932	0.022328
60817	0.022345
45006	0.022355
14765	0.022359
26244	0.022364
8897	0.022366
44067	0.022371
47976	0.022385
7225	0.022386
45022	0.022388
61260	0.022401
52554	0.022402
10313	0.022412
49448	0.022420
37209	0.022428
16270	0.022434
20590	0.022438
24289	0.022443
13639	0.022445
46998	0.022462
30204	0.022464
58090	0.022467
14108	0.022468
9892	0.022469
10572	0.022470
19749	0.022471
42589	0.022471
7272	0.022473
16975	0.022475
8326	0.022481
26665	0.022518
15698	0.022525
28382	0.022527
7823	0.022548
13985	0.022556
38046	0.022561
28139	0.022563
61180	0.022565
8319	0.022574
44874	0.022580
11670	0.022580
28332	0.022586
21254	0.022586
28103	0.022589
60606	0.022596
23346	0.022596
13651	0.022602
13722	0.022604
14111	0.022605
47161	0.022609
43113	0.022611
14437	0.022628
46058	0.022633
12285	0.022636
45822	0.022636
57032	0.022647
21546	0.022648
49711	0.022651
11986	0.022652
39309	0.022659
14254	0.022663
28016	0.022664
54396	0.022671
29225	0.022671
49690	0.022682
12900	0.022683
49937	0.022688
7000	0.022689
34425	0.022701
14479	0.022705
19369	0.022709
24156	0.022718
32589	0.022720
50753	0.022725
13999	0.022727
14300	0.022728
38582	0.022730
9339	0.022731
38873	0.022735
10249	0.022743
10110	0.022743
16299	0.022763
37489	0.022780
8692	0.022786
22756	0.022786
25599	0.022797
9525	0.022806
35134	0.022811
27441	0.022815
53329	0.022818
20043	0.022819
15758	0.022828
6974	0.022841
41714	0.022843
25795	0.022844
25742	0.022844
42725	0.022847
14944	0.022866
49075	0.022869
15406	0.022881
21932	0.022888
7028	0.022890
39700	0.022892
24915	0.022895
7037	0.022902
30706	0.022903
15682	0.022905
31081	0.022908
33501	0.022912
47027	0.022913
48044	0.022922
21499	0.022941
11635	0.022948
41682	0.022976
42830	0.022976
48315	0.022980
12760	0.022992
37903	0.023001
15899	0.023025
51652	0.023037
15411	0.023043
13052	0.023049
22511	0.023050
13712	0.023053
38264	0.023063
15299	0.023063
17125	0.023074
9826	0.023077
15998	0.023091
25361	0.023096
26755	0.023111
44219	0.023118
42364	0.023127
48129	0.023131
16160	0.023136
41904	0.023142
30559	0.023154
42833	0.023166
40441	0.023168
12943	0.023169
11833	0.023183
51737	0.023187
57052	0.023192
13224	0.023205
46380	0.023214
56840	0.023217
13876	0.023220
21509	0.023231
33599	0.023235
33525	0.023250
16034	0.023254
49762	0.023262
22537	0.023269
47815	0.023284
15561	0.023294
11404	0.023296
6975	0.023298
52867	0.023302
47452	0.023312
12007	0.023313
35312	0.023327
7114	0.023331
39283	0.023337
34545	0.023342
28237	0.023343
11589	0.023348
21247	0.023350
60299	0.023350
43763	0.023354
56607	0.023354
12133	0.023359
13048	0.023363
43503	0.023365
40388	0.023367
49624	0.023368
52706	0.023370
27433	0.023372
53327	0.023386
43069	0.023395
29012	0.023399
45549	0.023406
17148	0.023415
7004	0.023421
32665	0.023435
15696	0.023437
10569	0.023472
9441	0.023474
12001	0.023490
26569	0.023493
11819	0.023497
15444	0.023498
57076	0.023500
43989	0.023501
8656	0.023507
48740	0.023510
53923	0.023528
32680	0.023532
55681	0.023534
21239	0.023534
13874	0.023540
43765	0.023543
28952	0.023545
30520	0.023568
14434	0.023573
55903	0.023581
49118	0.023582
61392	0.023583
13225	0.023597
47252	0.023605
14786	0.023622
26082	0.023628
42820	0.023652
53582	0.023663
9804	0.023692
52452	0.023693
11744	0.023694
6981	0.023704
35320	0.023724
19058	0.023762
11205	0.023766
15821	0.023767
9046	0.023778
7019	0.023784
36741	0.023785
52099	0.023791
27560	0.023792
26557	0.023800
15593	0.023812
23231	0.023812
26458	0.023821
61443	0.023828
10332	0.023837
17445	0.023837
61024	0.023837
9959	0.023846
31868	0.023848
21408	0.023853
8395	0.023854
40359	0.023874
38997	0.023874
14255	0.023897
53911	0.023915
12092	0.023915
21912	0.023920
8997	0.023928
7913	0.023933
33058	0.023955
50402	0.023958
12008	0.023960
8156	0.023968
13030	0.023972
8378	0.023989
10872	0.023991
44065	0.023999
9800	0.024000
6987	0.024003
10130	0.024004
23167	0.024016
56594	0.024037
45744	0.024037
12893	0.024045
41524	0.024059
24513	0.024085
53632	0.024099
36685	0.024104
6985	0.024105
49920	0.024111
7837	0.024117
40737	0.024117
29396	0.024134
37155	0.024139
35203	0.024149
52371	0.024149
32860	0.024154
11999	0.024164
48864	0.024191
42134	0.024196
14775	0.024204
20798	0.024204
31006	0.024207
15085	0.024213
36738	0.024223
40768	0.024226
25124	0.024226
7030	0.024231
42075	0.024232
12013	0.024248
28072	0.024249
38478	0.024257
49789	0.024274
15288	0.024278
12015	0.024278
25157	0.024280
38244	0.024283
7033	0.024286
38620	0.024302
31616	0.024303
27624	0.024305
34107	0.024306
27100	0.024313
42786	0.024316
6999	0.024317
14970	0.024318
14134	0.024323
52799	0.024336
19950	0.024340
7994	0.024341
55900	0.024344
12902	0.024351
19977	0.024352
44125	0.024364
9244	0.024402
57234	0.024405
6977	0.024416
20802	0.024417
25713	0.024421
33882	0.024425
16049	0.024433
10658	0.024436
49047	0.024441
15405	0.024442
56781	0.024449
10092	0.024475
14596	0.024477
44238	0.024477
6972	0.024479
43335	0.024492
30893	0.024496
58073	0.024500
24988	0.024505
14186	0.024518
24991	0.024529
7003	0.024539
10290	0.024558
13098	0.024558
7677	0.024558
9929	0.024560
61347	0.024561
14972	0.024565
17207	0.024567
44445	0.024571
21916	0.024576
15807	0.024585
8614	0.024586
10410	0.024615
13873	0.024618
7018	0.024619
7945	0.024624
6993	0.024629
9924	0.024630
61127	0.024634
50657	0.024636
31176	0.024637
7934	0.024640
25127	0.024656
21999	0.024660
7025	0.024664
30839	0.024667
24516	0.024669
37088	0.024673
31468	0.024674
19556	0.024684
42942	0.024699
44942	0.024705
16180	0.024707
26042	0.024714
20821	0.024717
8617	0.024720
9802	0.024721
16741	0.024722
42770	0.024723
58210	0.024725
30982	0.024734
21093	0.024743
41951	0.024748
42014	0.024750
47383	0.024755
9969	0.024755
16822	0.024760
57404	0.024778
12915	0.024789
11089	0.024811
44322	0.024814
7967	0.024826
46188	0.024827
13352	0.024833
13597	0.024835
41598	0.024838
11832	0.024845
13361	0.024863
14997	0.024864
27755	0.024878
61080	0.024878
14256	0.024879
12457	0.024888
9936	0.024932
13488	0.024936
12016	0.024938
39099	0.024948
12591	0.024974
25621	0.024978
57158	0.024993
60238	0.024998
39670	0.025013
16137	0.025016
58229	0.025050
26185	0.025054
32069	0.025083
51172	0.025103
12213	0.025127
15197	0.025131
6994	0.025168
46712	0.025176
47646	0.025186
32258	0.025187
48496	0.025191
26941	0.025196
7927	0.025203
10026	0.025205
21024	0.025212
16305	0.025226
56435	0.025230
28848	0.025235
58189	0.025243
35002	0.025247
36923	0.025252
8507	0.025259
15016	0.025263
38139	0.025266
40358	0.025277
41649	0.025302
10677	0.025306
29762	0.025321
23306	0.025323
24930	0.025324
20474	0.025361
35714	0.025392
44241	0.025402
15397	0.025412
9407	0.025424
58626	0.025428
8252	0.025431
14126	0.025450
39654	0.025462
8600	0.025472
30789	0.025476
11987	0.025485
49610	0.025501
33768	0.025506
46567	0.025546
7568	0.025559
7008	0.025559
52203	0.025560
54743	0.025560
36443	0.025578
10932	0.025591
6992	0.025592
12011	0.025597
50367	0.025599
12610	0.025609
50712	0.025631
27426	0.025635
7214	0.025643
6983	0.025645
7213	0.025645
14394	0.025652
19054	0.025655
57012	0.025660
31156	0.025666
18411	0.025673
15307	0.025677
7191	0.025679
25588	0.025689
41663	0.025704
24942	0.025718
25905	0.025726
10625	0.025731
44064	0.025732
55344	0.025746
22572	0.025750
11971	0.025751
41845	0.025752
53266	0.025764
24615	0.025789
15714	0.025792
7962	0.025833
36145	0.025840
33558	0.025859
34119	0.025859
36210	0.025864
17182	0.025878
40310	0.025882
14229	0.025885
53990	0.025886
27428	0.025895
36957	0.025901
13987	0.025910
46434	0.025920
45583	0.025920
30808	0.025936
54729	0.025939
20119	0.025942
27541	0.025946
12409	0.025958
8449	0.025983
49415	0.025991
50369	0.026004
15504	0.026006
11015	0.026008
14052	0.026012
9492	0.026040
54320	0.026045
54034	0.026046
15442	0.026054
12205	0.026059
53909	0.026059
24149	0.026061
14398	0.026061
12963	0.026064
9805	0.026065
30921	0.026071
54826	0.026073
53799	0.026074
60449	0.026087
15935	0.026089
8335	0.026092
54399	0.026097
9337	0.026097
42598	0.026098
41605	0.026107
8994	0.026109
16068	0.026114
55829	0.026125
14029	0.026127
7721	0.026141
28217	0.026146
14810	0.026184
35718	0.026186
39070	0.026199
30717	0.026203
40520	0.026208
11413	0.026212
37117	0.026243
30479	0.026254
8182	0.026259
47820	0.026261
6995	0.026292
13027	0.026293
57231	0.026298
10088	0.026301
28990	0.026305
40429	0.026307
11315	0.026325
12903	0.026330
44265	0.026330
40752	0.026331
16733	0.026332
54768	0.026332
15731	0.026339
15143	0.026342
11988	0.026347
9159	0.026348
13231	0.026351
53863	0.026352
49098	0.026356
16086	0.026357
13626	0.026361
16978	0.026363
28676	0.026367
9142	0.026375
13203	0.026376
15295	0.026381
42107	0.026391
33161	0.026395
26833	0.026401
30797	0.026403
7031	0.026406
46724	0.026410
9166	0.026411
8891	0.026415
42828	0.026438
7036	0.026451
12391	0.026458
31892	0.026460
14395	0.026474
9898	0.026476
32569	0.026478
14838	0.026488
25834	0.026489
15070	0.026489
23638	0.026507
50844	0.026521
7220	0.026523
47653	0.026545
12004	0.026553
32192	0.026559
15309	0.026566
39989	0.026567
13195	0.026571
48993	0.026579
37208	0.026598
40347	0.026600
13546	0.026606
37111	0.026620
10774	0.026627
47788	0.026627
58595	0.026653
13877	0.026656
43499	0.026661
12669	0.026670
10565	0.026672
8793	0.026674
48354	0.026678
8106	0.026679
8982	0.026683
22185	0.026701
7671	0.026715
58093	0.026721
41575	0.026724
8473	0.026742
10347	0.026751
50697	0.026752
12679	0.026759
31862	0.026763
50101	0.026769
9293	0.026770
11989	0.026778
27519	0.026779
14196	0.026780
48648	0.026786
14430	0.026793
33612	0.026795
8206	0.026808
30749	0.026834
14117	0.026845
7006	0.026849
51398	0.026879
11990	0.026902
28159	0.026918
44950	0.026923
43524	0.026923
14741	0.026924
9930	0.026936
50109	0.026940
10119	0.026945
52676	0.026961
25888	0.026967
21865	0.026972
7546	0.026978
51509	0.026978
48769	0.026978
13643	0.026983
30548	0.026991
17027	0.027007
7022	0.027007
35757	0.027014
16088	0.027015
7032	0.027034
14791	0.027046
24584	0.027075
40689	0.027080
13468	0.027093
35673	0.027101
9176	0.027103
55287	0.027104
15310	0.027113
26025	0.027127
9153	0.027136
21004	0.027140
28879	0.027143
16550	0.027145
40730	0.027153
24535	0.027159
12006	0.027171
34345	0.027181
7017	0.027188
55588	0.027190
52794	0.027194
12730	0.027195
10096	0.027212
11214	0.027217
15920	0.027218
14431	0.027231
26761	0.027232
15632	0.027233
7690	0.027249
55557	0.027262
10053	0.027281
51313	0.027288
14219	0.027302
39061	0.027305
55834	0.027309
50120	0.027312
6984	0.027327
26675	0.027342
13210	0.027359
24619	0.027365
9111	0.027365
30476	0.027388
21047	0.027396
10272	0.027410
12641	0.027417
36162	0.027418
9334	0.027419
14607	0.027420
8893	0.027427
7907	0.027430
23964	0.027433
13993	0.027445
12175	0.027448
23309	0.027450
6991	0.027456
12012	0.027477
15552	0.027480
26917	0.027486
51394	0.027492
51996	0.027502
22554	0.027511
31365	0.027540
26030	0.027555
23974	0.027583
50189	0.027593
41588	0.027608
28911	0.027619
6970	0.027636
56439	0.027636
46296	0.027638
6982	0.027639
40525	0.027649
57947	0.027674
26928	0.027686
57029	0.027690
38999	0.027703
14027	0.027714
15388	0.027739
15855	0.027749
12769	0.027751
7576	0.027779
40565	0.027790
14131	0.027811
8889	0.027819
48344	0.027827
7027	0.027833
41652	0.027834
28015	0.027855
10760	0.027869
10299	0.027875
54096	0.027880
16641	0.027887
7039	0.027889
32531	0.027898
12899	0.027905
24521	0.027922
30976	0.027927
11464	0.027931
43206	0.027937
15881	0.027941
31906	0.027942
16455	0.027944
11809	0.027955
32935	0.027983
8787	0.027985
15951	0.027994
7325	0.027997
15390	0.028003
38036	0.028006
11558	0.028009
15104	0.028009
58403	0.028016
15592	0.028026
23351	0.028044
12733	0.028049
57609	0.028049
6979	0.028054
43144	0.028064
21497	0.028064
43633	0.028067
14682	0.028091
55774	0.028092
60676	0.028118
15695	0.028118
7861	0.028119
46137	0.028128
7158	0.028137
15675	0.028155
10792	0.028187
53027	0.028189
8869	0.028193
15289	0.028194
7023	0.028198
52326	0.028208
6986	0.028208
12712	0.028220
45489	0.028230
7014	0.028252
8722	0.028253
7034	0.028258
7600	0.028263
7079	0.028266
26811	0.028291
46668	0.028293
57635	0.028294
15602	0.028307
10398	0.028314
12214	0.028314
46507	0.028335
12731	0.028338
28151	0.028340
33303	0.028366
12141	0.028373
58456	0.028379
34551	0.028396
14614	0.028408
12609	0.028416
14277	0.028421
23042	0.028427
10682	0.028428
23326	0.028429
16579	0.028438
15907	0.028444
15511	0.028471
26000	0.028473
25141	0.028475
14639	0.028490
8790	0.028502
7012	0.028509
39195	0.028518
30991	0.028528
48349	0.028547
35791	0.028565
51897	0.028588
32847	0.028590
6965	0.028600
26020	0.028609
8336	0.028623
7010	0.028624
47051	0.028626
15843	0.028643
55089	0.028650
51810	0.028652
15658	0.028658
15437	0.028664
39365	0.028670
12746	0.028673
12825	0.028674
16321	0.028674
60818	0.028674
46101	0.028677
7020	0.028678
9556	0.028687
53793	0.028689
12974	0.028693
30299	0.028700
16705	0.028717
52455	0.028725
6967	0.028742
48319	0.028744
8864	0.028751
57017	0.028751
12651	0.028773
13350	0.028786
46792	0.028789
16790	0.028819
9938	0.028824
42345	0.028828
9799	0.028839
49101	0.028847
54541	0.028851
8851	0.028864
54777	0.028881
51815	0.028886
23322	0.028896
44854	0.028908
42465	0.028911
8896	0.028913
15631	0.028925
23336	0.028936
20773	0.028944
7551	0.028953
12852	0.028964
24831	0.028968
41644	0.028974
11991	0.028977
9094	0.028996
7514	0.029005
55302	0.029013
39175	0.029022
60994	0.029037
12747	0.029044
43466	0.029046
44294	0.029052
22232	0.029093
15594	0.029105
8520	0.029106
10764	0.029114
12165	0.029122
28738	0.029122
47386	0.029134
10750	0.029183
13543	0.029185
13259	0.029186
6971	0.029196
9338	0.029198
30810	0.029207
9189	0.029214
15364	0.029217
11825	0.029244
58398	0.029244
13435	0.029251
10121	0.029265
41519	0.029284
12745	0.029298
25550	0.029309
34380	0.029310
55980	0.029317
9844	0.029319
6997	0.029320
48360	0.029328
56760	0.029328
54870	0.029339
7077	0.029358
58369	0.029364
54590	0.029373
7240	0.029384
26794	0.029404
12136	0.029414
12009	0.029416
22466	0.029436
28982	0.029439
8332	0.029459
11957	0.029515
23248	0.029536
14048	0.029544
30820	0.029573
16341	0.029574
30757	0.029617
13229	0.029622
6978	0.029625
7590	0.029658
9155	0.029658
32613	0.029661
7831	0.029666
7026	0.029668
36905	0.029672
12444	0.029674
23148	0.029677
9113	0.029680
16326	0.029708
12823	0.029709
57857	0.029716
11993	0.029732
15151	0.029778
44299	0.029781
13475	0.029806
40215	0.029825
45174	0.029826
14150	0.029841
43171	0.029860
11094	0.029888
54265	0.029905
15700	0.029917
57854	0.029919
7243	0.029919
30227	0.029935
13396	0.029936
15407	0.029942
12612	0.029965
6980	0.029967
40522	0.029977
10948	0.029978
56174	0.030018
9726	0.030025
16807	0.030037
33564	0.030039
28979	0.030048
8017	0.030055
35759	0.030086
6939	0.030096
16100	0.030101
15435	0.030127
42912	0.030143
12748	0.030146
7141	0.030148
14514	0.030150
11566	0.030157
14653	0.030169
33658	0.030173
24642	0.030223
11963	0.030227
12017	0.030263
14239	0.030266
23710	0.030268
10980	0.030270
8575	0.030278
6998	0.030286
54752	0.030319
10059	0.030319
13600	0.030323
10162	0.030323
10560	0.030332
25802	0.030333
10555	0.030344
13295	0.030356
10128	0.030379
57142	0.030380
60609	0.030380
48906	0.030383
10066	0.030384
31901	0.030386
13056	0.030386
15094	0.030429
25995	0.030429
44376	0.030429
53753	0.030429
60485	0.030429
33944	0.030469
9160	0.030470
9352	0.030473
15672	0.030491
11108	0.030547
12210	0.030568
6990	0.030578
13598	0.030609
11965	0.030636
15423	0.030651
43546	0.030651
60474	0.030706
58107	0.030717
14818	0.030720
7824	0.030736
14152	0.030779
19885	0.030788
8895	0.030817
50160	0.030819
48366	0.030837
42130	0.030837
53881	0.030849
23281	0.030852
12363	0.030866
14643	0.030870
41228	0.030879
24270	0.030891
7021	0.030894
9327	0.030905
45989	0.030910
9901	0.030917
51392	0.030925
40486	0.030954
12128	0.030956
7997	0.030964
24510	0.030980
40719	0.030989
16529	0.030994
25516	0.031002
52195	0.031010
51829	0.031014
33300	0.031025
20751	0.031038
10561	0.031094
44539	0.031111
35478	0.031129
22891	0.031131
14619	0.031146
14852	0.031163
16983	0.031222
38172	0.031227
8570	0.031253
29430	0.031268
6976	0.031269
13228	0.031272
29218	0.031279
39464	0.031284
33157	0.031296
29323	0.031305
14855	0.031320
15933	0.031323
11549	0.031324
24542	0.031344
15441	0.031363
53253	0.031365
56075	0.031370
20108	0.031389
40699	0.031394
14127	0.031413
31860	0.031423
12920	0.031438
15761	0.031442
54013	0.031463
13924	0.031466
24884	0.031472
24563	0.031484
10578	0.031488
51734	0.031492
30641	0.031508
8338	0.031510
10655	0.031511
14622	0.031528
51062	0.031545
10598	0.031598
13962	0.031635
29407	0.031640
29290	0.031643
12074	0.031674
30529	0.031680
15436	0.031698
37751	0.031716
16721	0.031716
10808	0.031773
30618	0.031778
10525	0.031795
11998	0.031848
33686	0.031856
15760	0.031862
15282	0.031878
10772	0.031883
33385	0.031888
45245	0.031888
56942	0.031888
43552	0.031933
25174	0.031941
28336	0.031941
26690	0.031946
15810	0.031989
12789	0.031992
15053	0.032003
12494	0.032028
19941	0.032070
35247	0.032083
27691	0.032084
21090	0.032099
50001	0.032106
6934	0.032117
11278	0.032132
58550	0.032140
29073	0.032145
9074	0.032164
9199	0.032223
12604	0.032225
51290	0.032228
9465	0.032234
42461	0.032243
43123	0.032256
9157	0.032262
11298	0.032271
52208	0.032282
34479	0.032283
14934	0.032287
10367	0.032332
47291	0.032348
14105	0.032357
28263	0.032358
7766	0.032379
29273	0.032429
29856	0.032432
58086	0.032444
13875	0.032458
50095	0.032471
16078	0.032487
23353	0.032504
15509	0.032514
37948	0.032552
7724	0.032593
9279	0.032628
52915	0.032665
47105	0.032670
45321	0.032689
13603	0.032703
46769	0.032727
33876	0.032782
52610	0.032791
25988	0.032805
43372	0.032869
44229	0.032899
55582	0.032900
9311	0.032916
45219	0.032971
21434	0.032979
15440	0.032983
10545	0.032994
15192	0.033007
16928	0.033017
28254	0.033060
40506	0.033088
38592	0.033089
8866	0.033089
58343	0.033090
31886	0.033112
11316	0.033121
56157	0.033129
13557	0.033164
27290	0.033174
12116	0.033210
40757	0.033238
50056	0.033243
38062	0.033247
20596	0.033252
15290	0.033255
56987	0.033314
11838	0.033335
47010	0.033339
22988	0.033347
12629	0.033374
7125	0.033413
21630	0.033416
12069	0.033495
50532	0.033510
10020	0.033521
11345	0.033535
41447	0.033535
35249	0.033537
12625	0.033565
56703	0.033567
21692	0.033569
31948	0.033584
28302	0.033590
44320	0.033591
23341	0.033639
19112	0.033672
60475	0.033695
15354	0.033700
14476	0.033704
21995	0.033752
10910	0.033766
44313	0.033772
15391	0.033779
19807	0.033800
25786	0.033803
13362	0.033806
39237	0.033822
8566	0.033837
43352	0.033847
37129	0.033851
8255	0.033872
29232	0.033914
6944	0.033936
6910	0.033941
35861	0.033956
46520	0.033987
16271	0.034002
13804	0.034002
37441	0.034013
41021	0.034025
53046	0.034039
33165	0.034052
13436	0.034081
11972	0.034137
13480	0.034152
8462	0.034230
40754	0.034267
23057	0.034267
36152	0.034288
15854	0.034290
13770	0.034313
12394	0.034339
30907	0.034371
61226	0.034373
31532	0.034376
36472	0.034390
58648	0.034392
28284	0.034422
15292	0.034440
13206	0.034456
27474	0.034464
39957	0.034493
48052	0.034512
26302	0.034538
13011	0.034539
49240	0.034551
45110	0.034552
48757	0.034567
31044	0.034571
16713	0.034616
34158	0.034645
24552	0.034682
25538	0.034726
7912	0.034749
23391	0.034760
10642	0.034776
23278	0.034786
9072	0.034814
34937	0.034814
30832	0.034819
13627	0.034884
54969	0.034947
14332	0.034965
24286	0.035000
8502	0.035034
11380	0.035040
39992	0.035075
36596	0.035076
21406	0.035105
50489	0.035126
36731	0.035128
51224	0.035145
25788	0.035183
7076	0.035192
7618	0.035209
13136	0.035214
10681	0.035217
11570	0.035228
15395	0.035266
21937	0.035267
12270	0.035267
11008	0.035288
43167	0.035293
44095	0.035294
44317	0.035309
33496	0.035310
33085	0.035315
7210	0.035316
47430	0.035333
43036	0.035342
22510	0.035427
47147	0.035451
61456	0.035465
40973	0.035492
30971	0.035557
12104	0.035585
41381	0.035618
14309	0.035637
42366	0.035641
11969	0.035643
53172	0.035656
44310	0.035663
15399	0.035679
56063	0.035697
22172	0.035763
14137	0.035808
22683	0.035810
39986	0.035812
15656	0.035859
10765	0.035887
27431	0.035943
23052	0.035964
47350	0.035986
43534	0.035993
11074	0.036028
32263	0.036037
27582	0.036057
39912	0.036178
33940	0.036205
24752	0.036231
14197	0.036235
41988	0.036259
16953	0.036314
27429	0.036318
15452	0.036337
56772	0.036357
29346	0.036400
49176	0.036435
14920	0.036454
21061	0.036471
27338	0.036507
38282	0.036557
53094	0.036560
47223	0.036604
61370	0.036648
37302	0.036653
7906	0.036694
29147	0.036714
8791	0.036719
30233	0.036726
31012	0.036736
10087	0.036744
37093	0.036755
29095	0.036790
25666	0.036792
60973	0.036829
20956	0.036872
35194	0.036922
35431	0.036926
50074	0.036962
24750	0.036970
45777	0.036991
44205	0.037040
20246	0.037040
9316	0.037045
21524	0.037048
44719	0.037056
14801	0.037062
14028	0.037088
10704	0.037091
30868	0.037100
39461	0.037158
23652	0.037178
25518	0.037220
8001	0.037308
8856	0.037313
16995	0.037341
55341	0.037423
20100	0.037429
11802	0.037451
12990	0.037461
10779	0.037463
10571	0.037495
40753	0.037503
28043	0.037527
51975	0.037537
13815	0.037554
37816	0.037576
16087	0.037600
15124	0.037602
8469	0.037615
16150	0.037619
56353	0.037633
34605	0.037654
10434	0.037711
24763	0.037715
44962	0.037727
7850	0.037745
42330	0.037750
15744	0.037757
17127	0.037764
42137	0.037765
53477	0.037784
28244	0.037793
12579	0.037795
9662	0.037814
28322	0.037823
19281	0.037829
44217	0.037857
10657	0.037869
26678	0.037891
41705	0.037914
47108	0.037940
25955	0.037978
31478	0.038010
25494	0.038011
9694	0.038036
53102	0.038057
12384	0.038057
42824	0.038078
47244	0.038146
50351	0.038153
50756	0.038159
49410	0.038165
12951	0.038203
9309	0.038296
15570	0.038309
7905	0.038349
32363	0.038385
47373	0.038477
9524	0.038480
19629	0.038505
30537	0.038530
57308	0.038575
57074	0.038579
16746	0.038595
11968	0.038625
28239	0.038632
8246	0.038658
23240	0.038664
56044	0.038677
57582	0.038740
48901	0.038780
46833	0.038786
10717	0.038853
41612	0.038923
11154	0.038954
26683	0.039018
7005	0.039027
20092	0.039030
14195	0.039099
28275	0.039103
46372	0.039108
9668	0.039109
8567	0.039137
34417	0.039178
51273	0.039181
8797	0.039189
34298	0.039189
8809	0.039324
16379	0.039371
16902	0.039376
9919	0.039390
19117	0.039409
29300	0.039477
13254	0.039493
33173	0.039526
13438	0.039587
36248	0.039595
44077	0.039723
16235	0.039770
30160	0.039794
12936	0.039800
57591	0.039882
22713	0.040022
43330	0.040048
42874	0.040076
17379	0.040092
16429	0.040108
54355	0.040132
56996	0.040175
41163	0.040253
41620	0.040277
21954	0.040304
43543	0.040349
7302	0.040362
45622	0.040456
39569	0.040459
17063	0.040478
44208	0.040511
19938	0.040595
39014	0.040697
14094	0.040711
16221	0.040818
8015	0.040907
14056	0.040947
55572	0.040994
41686	0.041007
45448	0.041055
9305	0.041070
7143	0.041071
7672	0.041112
44953	0.041285
15305	0.041375
15043	0.041389
28901	0.041405
15297	0.041408
53498	0.041412
35392	0.041431
27097	0.041512
57774	0.041619
13791	0.041660
12108	0.041674
14792	0.041713
13088	0.041780
38547	0.041799
16079	0.041838
53285	0.041839
23408	0.041848
11795	0.041938
48167	0.041975
27408	0.041986
22566	0.042023
11805	0.042100
37035	0.042115
56336	0.042212
13087	0.042344
33153	0.042440
47853	0.042453
50322	0.042469
40745	0.042547
11084	0.042622
14964	0.042679
14513	0.042776
14624	0.042801
7853	0.042806
21628	0.042815
15627	0.042840
12822	0.042863
40659	0.042874
15718	0.042907
15098	0.043060
10919	0.043066
8317	0.043067
40882	0.043083
11477	0.043092
49452	0.043116
12608	0.043135
19501	0.043187
11787	0.043267
44945	0.043342
35314	0.043372
37672	0.043398
16555	0.043437
43129	0.043492
7928	0.043497
44305	0.043587
10912	0.043694
35179	0.043775
7016	0.043813
6973	0.043872
33393	0.044027
47025	0.044030
35695	0.044047
9976	0.044113
43798	0.044226
56778	0.044239
42084	0.044473
53984	0.044502
41534	0.044520
30866	0.044578
15895	0.044589
61569	0.044616
50264	0.044658
8958	0.044764
27200	0.044795
24727	0.044816
61614	0.044836
60915	0.044936
12370	0.044997
28258	0.045056
42556	0.045073
26010	0.045119
9219	0.045250
21118	0.045299
45460	0.045309
14477	0.045315
14917	0.045315
15569	0.045315
60583	0.045315
25197	0.045460
53611	0.045565
16781	0.045673
37002	0.045727
30569	0.045744
38867	0.045752
61283	0.045807
41716	0.045975
33970	0.046070
56715	0.046112
12174	0.046203
21478	0.046208
14954	0.046249
10399	0.046264
15601	0.046372
15293	0.046413
7107	0.046582
26062	0.046671
29092	0.046918
14564	0.047024
38902	0.047153
53695	0.047158
14017	0.047219
55972	0.047278
13693	0.047444
58333	0.047452
9335	0.047637
7757	0.047757
9864	0.047806
43531	0.047819
12112	0.047895
34802	0.048223
15506	0.048227
34956	0.048369
23895	0.048411
53898	0.048437
44242	0.048463
10204	0.048503
40469	0.048569
44965	0.048707
44108	0.048708
15114	0.048724
52819	0.048746
36615	0.048805
11737	0.048834
13623	0.048872
14463	0.048930
9852	0.049190
8468	0.049287
13431	0.049336
12254	0.049371
10816	0.049485
30620	0.049608
39049	0.049944
53140	0.050052
38234	0.050113
37621	0.050119
14976	0.050340
15334	0.050424
41010	0.050513
7498	0.050522
16264	0.050531
40979	0.050550
45626	0.050552
54005	0.050586
10707	0.050711
40319	0.050765
60160	0.050814
32110	0.050871
14662	0.051052
10016	0.051097
55335	0.051109
35159	0.051162
7300	0.051167
21236	0.051216
10093	0.051269
26044	0.051612
15806	0.051750
22434	0.051810
17327	0.051826
8466	0.051934
13960	0.052033
8620	0.052063
11462	0.052154
44979	0.052241
26662	0.052363
50012	0.052416
20476	0.052712
8666	0.052772
39959	0.052877
14699	0.053053
34948	0.053102
11992	0.053444
44259	0.053636
36753	0.053983
8807	0.054093
31379	0.054102
40655	0.054133
23102	0.054139
41641	0.054243
15791	0.054274
13620	0.054395
23113	0.054410
51179	0.054412
32382	0.054468
15298	0.054481
37063	0.054598
30759	0.054740
14907	0.054843
12487	0.054920
25241	0.054984
21462	0.055085
14623	0.055175
11220	0.055336
55579	0.055362
7130	0.055370
25866	0.055792
12130	0.055990
16795	0.055997
13595	0.056336
21475	0.056389
50523	0.056538
40213	0.056545
10927	0.056728
44914	0.056779
44216	0.056801
10388	0.057005
52261	0.057363
55759	0.057366
46375	0.057450
55509	0.057909
29192	0.058311
55778	0.058654
37650	0.058663
40744	0.058800
24539	0.058824
37717	0.059036
47124	0.059600
52780	0.059817
43138	0.060147
34984	0.060162
14644	0.060270
19237	0.060326
44244	0.060577
42957	0.060637
8500	0.060658
58276	0.060707
11446	0.061164
45781	0.061210
25243	0.061257
25100	0.061370
44725	0.061440
14604	0.061537
25768	0.061704
40729	0.061804
36200	0.061893
46665	0.062206
15152	0.062443
23125	0.062772
12122	0.062779
20655	0.062908
55573	0.063084
7859	0.063085
56307	0.063090
17407	0.063632
16059	0.063735
14018	0.063797
16909	0.063960
48296	0.063988
42704	0.064032
42083	0.064195
21195	0.064211
41379	0.064538
48876	0.064718
16997	0.064721
53319	0.064858
9866	0.064876
22906	0.065040
19657	0.065169
29132	0.065208
52918	0.065420
19546	0.065611
14835	0.065738
22769	0.065863
13621	0.065892
25188	0.066444
22106	0.066513
49145	0.066750
55963	0.066812
45927	0.066915
33623	0.066964
15369	0.067290
32183	0.067597
21454	0.067665
61105	0.067879
11301	0.068194
49551	0.068235
16289	0.068303
13665	0.068411
7939	0.068426
9682	0.068514
23146	0.069390
13489	0.069436
47096	0.069528
51601	0.069539
23192	0.069569
39587	0.069677
56275	0.069954
14735	0.070161
40961	0.070212
37943	0.070273
10394	0.070728
20479	0.071024
40929	0.071163
48259	0.071194
41563	0.071972
50726	0.071986
29792	0.072148
27008	0.072204
37026	0.072504
13138	0.072776
43819	0.072798
15789	0.072949
12749	0.072990
25215	0.073606
26540	0.073614
25489	0.073625
14539	0.075752
40218	0.075757
8284	0.075802
57690	0.076065
55071	0.076747
19407	0.076977
23189	0.077102
61236	0.077129
39945	0.077316
15936	0.078644
22101	0.079106
15819	0.079262
7002	0.079415
60123	0.079422
61617	0.083959
10220	0.084345
30631	0.085084
38614	0.085588
12395	0.086610
46359	0.086719
32899	0.086815
8505	0.086941
23544	0.087174
21532	0.089146
15893	0.089400
32798	0.090073
42500	0.093048
61209	0.093078
31986	0.095320
19165	0.095764
9708	0.101344
10469	0.102864
14613	0.103016
48112	0.104390
30207	0.107002
30211	0.111272
11875	0.114863
9584	0.118297
13812	0.123376
46924	0.126655
39601	0.130302
13024	0.134381
22929	0.162103
13416	0.173232
37750	0.173962
37748	0.385895
14665	1.000000
