17316	0.000000
25260	0.000000
61147	0.003360
16850	0.007119
12511	0.007354
42545	0.007354
54103	0.007995
54106	0.007995
8529	0.008115
13536	0.008143
27953	0.008928
49616	0.009165
21226	0.009220
46182	0.009220
21576	0.009446
61063	0.009683
14990	0.009798
43171	0.009862
54100	0.010130
38438	0.010306
10290	0.010322
13098	0.010322
7677	0.010322
20388	0.010331
61578	0.010485
50669	0.010615
26768	0.011045
49529	0.011045
60602	0.011062
42690	0.011115
55659	0.011175
14760	0.011254
11128	0.011394
8204	0.011442
9245	0.011442
7890	0.011525
8411	0.011606
15799	0.011703
52001	0.011878
27758	0.011898
60726	0.011905
9025	0.011916
36821	0.012103
35889	0.012164
60975	0.012507
28951	0.012659
10158	0.012670
12212	0.012685
57358	0.012685
60898	0.012685
15885	0.012754
33451	0.012847
8004	0.012861
60121	0.012930
14335	0.012986
61289	0.012986
61422	0.013038
43144	0.013105
44934	0.013112
61624	0.013157
61402	0.013164
42600	0.013200
61401	0.013265
11236	0.013429
52449	0.013432
52511	0.013469
7703	0.013513
7706	0.013513
12749	0.013620
60976	0.013631
13457	0.013655
27782	0.013655
36912	0.013655
16242	0.013720
54408	0.013826
9749	0.013882
12576	0.013904
13736	0.014013
19176	0.014333
7685	0.014334
11586	0.014378
60724	0.014378
61038	0.014378
15850	0.014423
61580	0.014447
46712	0.014462
125393	0.014474
31934	0.014516
47727	0.014540
14215	0.014578
16238	0.014763
13376	0.014767
14479	0.014774
60630	0.014835
49289	0.014917
11872	0.014931
48424	0.014990
43111	0.015030
16189	0.015038
16484	0.015130
57818	0.015168
61488	0.015171
35997	0.015206
44630	0.015246
43106	0.015430
29110	0.015475
44519	0.015487
43135	0.015554
61498	0.015592
55744	0.015609
42652	0.015639
12912	0.015640
17093	0.015644
60123	0.015649
38467	0.015686
60791	0.015689
49140	0.015693
60481	0.015785
61052	0.015793
61397	0.015796
42876	0.015828
10244	0.015861
60250	0.015868
52893	0.015880
61150	0.015998
54271	0.016025
39521	0.016036
61394	0.016055
48020	0.016069
16348	0.016070
8758	0.016077
8532	0.016149
22048	0.016175
52898	0.016204
60636	0.016209
16719	0.016226
32709	0.016236
30348	0.016256
61462	0.016417
23148	0.016421
60938	0.016446
53043	0.016447
60132	0.016461
61111	0.016462
7499	0.016462
16816	0.016481
61185	0.016481
16135	0.016521
42094	0.016525
44449	0.016538
14716	0.016561
24420	0.016622
35980	0.016705
13906	0.016708
31809	0.016712
11270	0.016725
15683	0.016725
15421	0.016736
39968	0.016752
55362	0.016759
43008	0.016773
53259	0.016791
54314	0.016802
16441	0.016819
12478	0.016890
24347	0.016904
35978	0.016909
21166	0.016945
46494	0.017022
13269	0.017037
37560	0.017042
138102	0.017070
60761	0.017070
84649	0.017123
9528	0.017142
37700	0.017152
137382	0.017167
48520	0.017172
60146	0.017184
60875	0.017184
7871	0.017209
36637	0.017230
40454	0.017233
7152	0.017239
59199	0.017243
50330	0.017271
57708	0.017274
21345	0.017288
30084	0.017288
16987	0.017288
15898	0.017328
27853	0.017333
19840	0.017345
52882	0.017364
22335	0.017369
47258	0.017372
56969	0.017377
10820	0.017398
36833	0.017436
50373	0.017436
12096	0.017452
16682	0.017460
60837	0.017464
16319	0.017481
36306	0.017500
38493	0.017537
33916	0.017542
60659	0.017566
14386	0.017595
85307	0.017610
60332	0.017617
11209	0.017618
41962	0.017660
31195	0.017662
54026	0.017667
53672	0.017715
61033	0.017733
61106	0.017733
61161	0.017740
60246	0.017770
61273	0.017778
54098	0.017794
35501	0.017811
19081	0.017812
45292	0.017825
32392	0.017832
60498	0.017844
52394	0.017848
15864	0.017873
46852	0.017892
31226	0.017894
61064	0.017899
15853	0.017899
61388	0.017907
39651	0.017923
43001	0.017952
9389	0.017964
22444	0.017973
23717	0.017973
6913	0.017973
60534	0.017977
49547	0.017983
54833	0.017985
61320	0.017996
11585	0.018030
27960	0.018037
59021	0.018037
27257	0.018038
10721	0.018047
8767	0.018071
8817	0.018088
52405	0.018092
22646	0.018103
26337	0.018104
36516	0.018105
60878	0.018116
60179	0.018140
27436	0.018150
16986	0.018159
34769	0.018159
53930	0.018160
42359	0.018163
61058	0.018178
27678	0.018193
20112	0.018197
31653	0.018197
34573	0.018201
10496	0.018209
46362	0.018231
60365	0.018250
43200	0.018253
23371	0.018298
14957	0.018299
22504	0.018303
11291	0.018309
36183	0.018319
22140	0.018327
19794	0.018340
61434	0.018342
17477	0.018346
17339	0.018375
42505	0.018409
21988	0.018423
51728	0.018433
15107	0.018449
40955	0.018454
40579	0.018467
16604	0.018478
52584	0.018481
19986	0.018486
16553	0.018487
60594	0.018487
57291	0.018512
12798	0.018530
9536	0.018530
22406	0.018538
44789	0.018542
8897	0.018567
54865	0.018582
11317	0.018609
55538	0.018615
43057	0.018625
61379	0.018646
10261	0.018657
22655	0.018657
60399	0.018657
9750	0.018657
10583	0.018657
12570	0.018662
7841	0.018665
68235	0.018667
15859	0.018688
43982	0.018696
58267	0.018708
41796	0.018715
34807	0.018732
33217	0.018748
33616	0.018748
60744	0.018766
23492	0.018791
52704	0.018802
58851	0.018824
8125	0.018842
15115	0.018842
60331	0.018844
10125	0.018854
61132	0.018860
60559	0.018863
8390	0.018863
14396	0.018865
61555	0.018869
9692	0.018876
19096	0.018892
53726	0.018905
55978	0.018905
61610	0.018907
61257	0.018907
15502	0.018911
26242	0.018923
60800	0.018926
46845	0.018931
8712	0.018933
46700	0.018936
52424	0.018938
19127	0.018969
60616	0.018969
20546	0.018971
56272	0.018973
27023	0.018979
12861	0.019010
14371	0.019010
28453	0.019019
8275	0.019026
40192	0.019027
11247	0.019031
16791	0.019031
50926	0.019032
71563	0.019032
31997	0.019038
20950	0.019046
47473	0.019051
60320	0.019066
61009	0.019066
61263	0.019066
26177	0.019068
15559	0.019103
9664	0.019105
12785	0.019106
9220	0.019106
26343	0.019108
61426	0.019108
12698	0.019113
54029	0.019129
19268	0.019137
24644	0.019137
26742	0.019140
23935	0.019143
14039	0.019149
61136	0.019155
9294	0.019155
19323	0.019158
16407	0.019166
7301	0.019182
54146	0.019207
13937	0.019217
27719	0.019241
26723	0.019248
20849	0.019252
8361	0.019254
50364	0.019259
13942	0.019263
7700	0.019286
13209	0.019287
36849	0.019310
57819	0.019316
14071	0.019330
19170	0.019330
23719	0.019330
26465	0.019330
61074	0.019330
7311	0.019330
11394	0.019342
16834	0.019358
33116	0.019358
59264	0.019365
9531	0.019367
14779	0.019381
33124	0.019395
28722	0.019397
56161	0.019400
9005	0.019406
8739	0.019409
37506	0.019409
12886	0.019415
16903	0.019416
8645	0.019418
13402	0.019420
9150	0.019421
49576	0.019442
9713	0.019452
61227	0.019457
12022	0.019482
53010	0.019497
26354	0.019503
60596	0.019505
29973	0.019508
38102	0.019510
60741	0.019513
12186	0.019513
7694	0.019514
16656	0.019516
7691	0.019518
34889	0.019519
60315	0.019521
60944	0.019528
52342	0.019530
27764	0.019533
27776	0.019533
56403	0.019541
17529	0.019543
33726	0.019550
56312	0.019551
57730	0.019561
22308	0.019563
39963	0.019564
16216	0.019568
20170	0.019568
20065	0.019573
60296	0.019576
45775	0.019589
56204	0.019618
58979	0.019618
60738	0.019618
9517	0.019618
53941	0.019626
46409	0.019628
27420	0.019631
51297	0.019633
61534	0.019642
22583	0.019644
8515	0.019645
22165	0.019660
10471	0.019662
16427	0.019663
13628	0.019673
55794	0.019686
60230	0.019686
53257	0.019687
55237	0.019696
25336	0.019697
52332	0.019703
50225	0.019713
104603	0.019718
8150	0.019720
30127	0.019727
16592	0.019735
46882	0.019738
43700	0.019741
7695	0.019743
61418	0.019746
60409	0.019752
60202	0.019755
6963	0.019755
36741	0.019763
13769	0.019772
106696	0.019772
26537	0.019776
37453	0.019787
27873	0.019789
52484	0.019795
51175	0.019806
15092	0.019813
60136	0.019816
48935	0.019834
51114	0.019834
26739	0.019836
44615	0.019851
33128	0.019852
9983	0.019853
53041	0.019858
24822	0.019863
50506	0.019872
61645	0.019873
27800	0.019873
9794	0.019882
14455	0.019889
24448	0.019889
34035	0.019889
89938	0.019889
34651	0.019895
60709	0.019899
51335	0.019900
60826	0.019912
22182	0.019924
12624	0.019927
21124	0.019932
25522	0.019937
16757	0.019939
38472	0.019940
11358	0.019944
32208	0.019946
16336	0.019952
72562	0.019967
52170	0.019971
33790	0.019972
24670	0.019973
58920	0.019973
56193	0.019975
46407	0.019985
22732	0.020005
53595	0.020019
53256	0.020020
51236	0.020027
8028	0.020027
44398	0.020029
22692	0.020030
37884	0.020049
9737	0.020051
38555	0.020054
60416	0.020071
52338	0.020083
22749	0.020085
56229	0.020092
36879	0.020096
39107	0.020098
50525	0.020098
41123	0.020105
29156	0.020115
58097	0.020118
11624	0.020118
35845	0.020120
19758	0.020127
49505	0.020151
8981	0.020166
13220	0.020167
53514	0.020168
40050	0.020171
24260	0.020177
29989	0.020177
15471	0.020183
38445	0.020185
52285	0.020190
11488	0.020195
34616	0.020198
61013	0.020198
57069	0.020200
26749	0.020206
10964	0.020234
30711	0.020253
14488	0.020253
47341	0.020256
61547	0.020256
34015	0.020262
61536	0.020271
51238	0.020271
58509	0.020271
50998	0.020279
21183	0.020284
59176	0.020284
13009	0.020286
33435	0.020286
50841	0.020286
61665	0.020287
60397	0.020290
60711	0.020296
15860	0.020297
9967	0.020298
10542	0.020305
41025	0.020307
45773	0.020313
49524	0.020322
16312	0.020333
47062	0.020340
39970	0.020340
50703	0.020345
39685	0.020348
39884	0.020351
23273	0.020352
19158	0.020353
16432	0.020359
50685	0.020363
14642	0.020367
39977	0.020367
56478	0.020368
51874	0.020374
31268	0.020374
10631	0.020391
16627	0.020396
16887	0.020399
7331	0.020400
36039	0.020402
9191	0.020402
54844	0.020402
11091	0.020408
30957	0.020414
45908	0.020415
53323	0.020420
30584	0.020423
9576	0.020429
44194	0.020430
39547	0.020437
42484	0.020438
60760	0.020439
29862	0.020439
27869	0.020440
41431	0.020442
10722	0.020460
27500	0.020460
9956	0.020464
51794	0.020464
54521	0.020464
38495	0.020465
9231	0.020470
16642	0.020472
11984	0.020472
13219	0.020475
12727	0.020479
46593	0.020480
17158	0.020481
8376	0.020484
56200	0.020487
42194	0.020492
31967	0.020496
40517	0.020499
45427	0.020499
12777	0.020501
45315	0.020502
48075	0.020503
51514	0.020513
53723	0.020513
57098	0.020524
74651	0.020527
27983	0.020531
43438	0.020535
16302	0.020541
7211	0.020544
14198	0.020548
29187	0.020552
61372	0.020557
19851	0.020561
34348	0.020562
50655	0.020568
25821	0.020569
40268	0.020570
14531	0.020576
61345	0.020578
43029	0.020582
16637	0.020583
27011	0.020584
14405	0.020588
39850	0.020589
17078	0.020600
16283	0.020608
47114	0.020611
43220	0.020613
60328	0.020614
11539	0.020615
10245	0.020615
45952	0.020615
61405	0.020615
26512	0.020622
9188	0.020626
61099	0.020627
25640	0.020628
7226	0.020628
40063	0.020631
40065	0.020631
40066	0.020631
37518	0.020634
16871	0.020648
60261	0.020648
37882	0.020649
35534	0.020650
26262	0.020650
30360	0.020654
17156	0.020660
60980	0.020671
27231	0.020674
10354	0.020676
60814	0.020678
39414	0.020683
31095	0.020687
42668	0.020690
58526	0.020691
60415	0.020697
60460	0.020697
20243	0.020699
61335	0.020700
26482	0.020708
27805	0.020708
7187	0.020709
53770	0.020710
18099	0.020713
28174	0.020719
46292	0.020719
36037	0.020719
60769	0.020719
12107	0.020723
8245	0.020726
30168	0.020729
53125	0.020732
10228	0.020737
26628	0.020741
21236	0.020744
35938	0.020749
61552	0.020750
35372	0.020756
38549	0.020762
7778	0.020764
60239	0.020766
45893	0.020773
29060	0.020773
23850	0.020777
10103	0.020790
27930	0.020790
40067	0.020790
43639	0.020790
60385	0.020790
15149	0.020790
16474	0.020799
36562	0.020801
54911	0.020801
61472	0.020801
89438	0.020801
46597	0.020805
38330	0.020807
8590	0.020813
8484	0.020816
43785	0.020822
29224	0.020823
61165	0.020823
48564	0.020829
52241	0.020829
60468	0.020844
60704	0.020845
23269	0.020846
14981	0.020846
8665	0.020849
21579	0.020849
7385	0.020850
50372	0.020854
10841	0.020856
61419	0.020856
40743	0.020857
7321	0.020859
7202	0.020863
46177	0.020863
12305	0.020865
14266	0.020866
60248	0.020866
12592	0.020868
23100	0.020868
25280	0.020868
32174	0.020868
45280	0.020868
52697	0.020868
57312	0.020868
14869	0.020868
17012	0.020869
36855	0.020872
9006	0.020879
58051	0.020879
50196	0.020884
40062	0.020886
53575	0.020890
46486	0.020896
10497	0.020902
26409	0.020905
42008	0.020906
27851	0.020908
50758	0.020910
61430	0.020910
15157	0.020912
34532	0.020916
11436	0.020920
22258	0.020925
43651	0.020925
38864	0.020930
8075	0.020932
11396	0.020933
53557	0.020939
9453	0.020940
17013	0.020941
58443	0.020941
60158	0.020942
12264	0.020943
42626	0.020943
45954	0.020944
16446	0.020944
16601	0.020944
16920	0.020944
17022	0.020944
60118	0.020954
43948	0.020960
13840	0.020962
60961	0.020967
16255	0.020968
51608	0.020978
12534	0.020979
13110	0.020987
7397	0.020988
45563	0.020989
54008	0.020989
61561	0.020992
16650	0.020995
10116	0.021001
15825	0.021006
23304	0.021011
44696	0.021011
61078	0.021012
30224	0.021020
45313	0.021025
8147	0.021026
56684	0.021028
54672	0.021028
43944	0.021029
19183	0.021041
16713	0.021063
60257	0.021070
34662	0.021071
38007	0.021072
25623	0.021072
25572	0.021076
36282	0.021078
24746	0.021078
54371	0.021079
60319	0.021080
60554	0.021085
8044	0.021086
7071	0.021094
21952	0.021095
48926	0.021096
60834	0.021104
8304	0.021107
60737	0.021108
55960	0.021112
61642	0.021113
31928	0.021114
27839	0.021114
53186	0.021115
36035	0.021117
23302	0.021118
61477	0.021126
16898	0.021130
61355	0.021131
7707	0.021131
17457	0.021135
24075	0.021136
32155	0.021136
54875	0.021136
61389	0.021136
61459	0.021136
16054	0.021136
60809	0.021136
43184	0.021139
43910	0.021141
33749	0.021144
43153	0.021144
60706	0.021148
54480	0.021157
35608	0.021160
8157	0.021163
17145	0.021172
58859	0.021175
60243	0.021176
38075	0.021191
17493	0.021196
41377	0.021198
13111	0.021201
12645	0.021205
61317	0.021205
70286	0.021205
49620	0.021206
11799	0.021210
14527	0.021211
61102	0.021213
58096	0.021213
95884	0.021213
17001	0.021217
26077	0.021219
52976	0.021226
13826	0.021241
25301	0.021243
61652	0.021243
52509	0.021243
50284	0.021244
14086	0.021249
22438	0.021251
50834	0.021253
42746	0.021258
19156	0.021258
19404	0.021265
58601	0.021268
60608	0.021271
24959	0.021275
16927	0.021277
17447	0.021280
29238	0.021282
16569	0.021283
31255	0.021283
32788	0.021283
36564	0.021283
55563	0.021284
61252	0.021285
61231	0.021290
25273	0.021291
33460	0.021292
38264	0.021295
11640	0.021295
57375	0.021298
32385	0.021301
46032	0.021303
51152	0.021305
125828	0.021313
46210	0.021313
22138	0.021323
35941	0.021323
16825	0.021324
43018	0.021326
24639	0.021329
9468	0.021330
35812	0.021335
8045	0.021337
16996	0.021343
43189	0.021343
44549	0.021343
61566	0.021343
52676	0.021343
41871	0.021347
14087	0.021349
60198	0.021353
14448	0.021354
42795	0.021364
15858	0.021364
55648	0.021366
55797	0.021366
14973	0.021369
32864	0.021369
7069	0.021370
54522	0.021376
55315	0.021376
13517	0.021381
61480	0.021384
9183	0.021389
61575	0.021393
9645	0.021393
12304	0.021397
54178	0.021397
56309	0.021398
33553	0.021400
16836	0.021403
41965	0.021404
58956	0.021409
40732	0.021410
40173	0.021411
16320	0.021412
49694	0.021416
60527	0.021417
51945	0.021419
28212	0.021420
28364	0.021421
15862	0.021423
43010	0.021423
15746	0.021424
33680	0.021425
51017	0.021427
37512	0.021428
10386	0.021429
31570	0.021429
61329	0.021430
34504	0.021431
61027	0.021432
27701	0.021435
48522	0.021435
16232	0.021437
47093	0.021443
16890	0.021444
19464	0.021448
54424	0.021450
14468	0.021452
50650	0.021456
58210	0.021457
19779	0.021462
20990	0.021463
50903	0.021466
30313	0.021467
42906	0.021469
17304	0.021475
15874	0.021479
60232	0.021498
32323	0.021498
39056	0.021500
26038	0.021501
41428	0.021503
54891	0.021504
33652	0.021505
61358	0.021507
56266	0.021508
21976	0.021509
32841	0.021509
50480	0.021509
45613	0.021512
9899	0.021513
49986	0.021516
16910	0.021518
30723	0.021518
26345	0.021524
33074	0.021525
47418	0.021527
27908	0.021536
41375	0.021544
53199	0.021551
34167	0.021552
11137	0.021553
49539	0.021557
25407	0.021558
61061	0.021558
61482	0.021558
17187	0.021561
35971	0.021563
61192	0.021565
16842	0.021572
42651	0.021575
7337	0.021576
61189	0.021577
26339	0.021580
60288	0.021584
40160	0.021586
32997	0.021588
53034	0.021588
53294	0.021588
52573	0.021589
13432	0.021590
26197	0.021590
50511	0.021590
51998	0.021590
52494	0.021590
53779	0.021590
60116	0.021590
60448	0.021590
60535	0.021590
61349	0.021590
8417	0.021590
9905	0.021590
7316	0.021597
60342	0.021598
27457	0.021598
16711	0.021598
61589	0.021599
35126	0.021600
27669	0.021600
7697	0.021600
52536	0.021602
53307	0.021602
55803	0.021603
17271	0.021609
27878	0.021613
25977	0.021618
57156	0.021618
27360	0.021624
137900	0.021628
137901	0.021628
51346	0.021630
13849	0.021633
58856	0.021638
31225	0.021639
11385	0.021640
50817	0.021642
9887	0.021643
38957	0.021646
11452	0.021657
60486	0.021662
41318	0.021662
27019	0.021663
27722	0.021664
32158	0.021664
32395	0.021664
36577	0.021664
60369	0.021666
37703	0.021667
16969	0.021669
8128	0.021669
46359	0.021670
16052	0.021678
39289	0.021679
8621	0.021679
37602	0.021682
29908	0.021695
41877	0.021696
47352	0.021701
8210	0.021701
61331	0.021706
43878	0.021706
19099	0.021709
39979	0.021710
28005	0.021711
40983	0.021716
23376	0.021719
61299	0.021722
29969	0.021726
60745	0.021728
60894	0.021731
8146	0.021733
11863	0.021733
46844	0.021737
26360	0.021741
34791	0.021742
17043	0.021745
39538	0.021746
61538	0.021749
9756	0.021750
60117	0.021759
16647	0.021760
56079	0.021761
61265	0.021762
51150	0.021762
21192	0.021762
12217	0.021763
7205	0.021764
45377	0.021765
49496	0.021767
58269	0.021775
61079	0.021775
60196	0.021780
60897	0.021781
50019	0.021783
16602	0.021785
9939	0.021790
61368	0.021792
7972	0.021795
51611	0.021799
16666	0.021800
10923	0.021802
10433	0.021802
23578	0.021809
30746	0.021809
61053	0.021811
54636	0.021811
33523	0.021814
46317	0.021817
16673	0.021819
60857	0.021821
60811	0.021824
29986	0.021828
21035	0.021828
38161	0.021830
61455	0.021830
60480	0.021836
13864	0.021844
21144	0.021844
22246	0.021844
28357	0.021845
8212	0.021847
11751	0.021849
61514	0.021850
14099	0.021851
51220	0.021852
45156	0.021861
42075	0.021863
14689	0.021864
33863	0.021866
31958	0.021870
50338	0.021873
14383	0.021874
16872	0.021878
39783	0.021883
43062	0.021886
47979	0.021890
19357	0.021890
31097	0.021902
56393	0.021905
10503	0.021922
60816	0.021924
9541	0.021924
30844	0.021925
25039	0.021926
7054	0.021926
30315	0.021927
22587	0.021930
30384	0.021931
14489	0.021931
42634	0.021931
74152	0.021935
40285	0.021935
60740	0.021935
57125	0.021936
16593	0.021937
16676	0.021937
17510	0.021937
24266	0.021937
32025	0.021937
41667	0.021937
57749	0.021937
60672	0.021937
60735	0.021937
61524	0.021937
60832	0.021938
16698	0.021939
7702	0.021941
9907	0.021941
21049	0.021942
56591	0.021942
16809	0.021952
32777	0.021956
8657	0.021958
61413	0.021963
24361	0.021965
13132	0.021967
56334	0.021968
60303	0.021970
50672	0.021972
7479	0.021972
24113	0.021973
8495	0.021974
33997	0.021975
53593	0.021977
33089	0.021983
9838	0.021984
60356	0.021985
10148	0.021986
53854	0.021988
52701	0.021990
39278	0.021993
46321	0.021997
60977	0.021999
56211	0.022003
16263	0.022006
60159	0.022007
60531	0.022009
24592	0.022012
13754	0.022013
51799	0.022020
8232	0.022023
54107	0.022025
44151	0.022025
56831	0.022025
43391	0.022030
10491	0.022030
23386	0.022030
61554	0.022030
8632	0.022030
54313	0.022033
42450	0.022034
22473	0.022034
19080	0.022034
58432	0.022034
60872	0.022034
61026	0.022034
9323	0.022034
12726	0.022039
42004	0.022039
8559	0.022043
61199	0.022047
34233	0.022047
43223	0.022048
51981	0.022049
35564	0.022050
60862	0.022050
46695	0.022051
61613	0.022052
16820	0.022055
56450	0.022059
60589	0.022063
53305	0.022063
14524	0.022064
51354	0.022065
44879	0.022068
49544	0.022070
21470	0.022071
58766	0.022072
33455	0.022073
61037	0.022074
42572	0.022076
22835	0.022077
16322	0.022079
22298	0.022084
10191	0.022086
60845	0.022087
61031	0.022090
10753	0.022092
21607	0.022092
21993	0.022092
27478	0.022092
60889	0.022092
57073	0.022097
60461	0.022100
72711	0.022100
53602	0.022102
35958	0.022104
45195	0.022109
17496	0.022111
47736	0.022111
32988	0.022111
16948	0.022113
25415	0.022113
37926	0.022119
53521	0.022126
50018	0.022127
16060	0.022132
54517	0.022136
46717	0.022144
41750	0.022146
40334	0.022150
41426	0.022152
42612	0.022154
60858	0.022155
17004	0.022156
8037	0.022157
32067	0.022157
26136	0.022158
60864	0.022158
13850	0.022160
47594	0.022160
46761	0.022160
61390	0.022161
8216	0.022161
100337	0.022162
51372	0.022164
17051	0.022164
55439	0.022165
12036	0.022165
54861	0.022171
9882	0.022171
38552	0.022171
19163	0.022172
54570	0.022173
14175	0.022174
31674	0.022176
29954	0.022178
137847	0.022179
33284	0.022179
58222	0.022179
22057	0.022182
16138	0.022185
25685	0.022185
56141	0.022185
52162	0.022189
9324	0.022190
14464	0.022192
8691	0.022192
57236	0.022193
31188	0.022198
29169	0.022198
60363	0.022199
57138	0.022202
20215	0.022207
10617	0.022208
10786	0.022208
13094	0.022208
13277	0.022208
13389	0.022208
16766	0.022208
21819	0.022208
35117	0.022208
39762	0.022208
46979	0.022208
47729	0.022208
50491	0.022208
60472	0.022208
60847	0.022208
61465	0.022208
61526	0.022208
8826	0.022208
60957	0.022208
26835	0.022210
61164	0.022211
60677	0.022215
13859	0.022215
48257	0.022216
61593	0.022216
37907	0.022217
57407	0.022218
59161	0.022224
53760	0.022228
21658	0.022229
13031	0.022230
25683	0.022232
118557	0.022235
22090	0.022238
23605	0.022241
61363	0.022241
56255	0.022242
25037	0.022244
16051	0.022250
9951	0.022251
23914	0.022252
12573	0.022261
19258	0.022265
50853	0.022267
40847	0.022272
30099	0.022273
41887	0.022273
24909	0.022276
41382	0.022283
8475	0.022283
26476	0.022283
43098	0.022284
57175	0.022287
9953	0.022289
45804	0.022291
61183	0.022293
52440	0.022293
61205	0.022295
22901	0.022296
9943	0.022298
13456	0.022302
34745	0.022306
137899	0.022308
37165	0.022309
38475	0.022311
22502	0.022311
119477	0.022312
47588	0.022313
39103	0.022314
25279	0.022315
49123	0.022315
61239	0.022318
37268	0.022319
20090	0.022323
47387	0.022323
61616	0.022324
9226	0.022332
49965	0.022334
17160	0.022339
45525	0.022339
57380	0.022342
30594	0.022345
22455	0.022349
33207	0.022351
7989	0.022351
32157	0.022351
56187	0.022351
22162	0.022351
14497	0.022353
57419	0.022365
14130	0.022367
47339	0.022370
41739	0.022375
35029	0.022376
11511	0.022377
61255	0.022379
42090	0.022381
55824	0.022384
46927	0.022392
49493	0.022396
41524	0.022397
23808	0.022398
23513	0.022399
7195	0.022400
16777	0.022400
60952	0.022402
27040	0.022402
22396	0.022405
33390	0.022411
39293	0.022413
23887	0.022415
27971	0.022416
15046	0.022417
22137	0.022419
41451	0.022420
21203	0.022421
54873	0.022421
23574	0.022422
33312	0.022423
60145	0.022426
16144	0.022431
11099	0.022434
43624	0.022434
16246	0.022434
40987	0.022438
17031	0.022438
51374	0.022439
42671	0.022442
137895	0.022443
16469	0.022443
34133	0.022445
21180	0.022446
17248	0.022449
29860	0.022450
11054	0.022450
45059	0.022450
12532	0.022452
11641	0.022453
51129	0.022453
60876	0.022454
55669	0.022458
48771	0.022458
51790	0.022459
27308	0.022463
36003	0.022463
22198	0.022467
51162	0.022469
16618	0.022470
45861	0.022471
16350	0.022472
9667	0.022473
55964	0.022475
32418	0.022477
16217	0.022478
55932	0.022479
43046	0.022481
53296	0.022488
52594	0.022490
9278	0.022490
40555	0.022491
16218	0.022493
60586	0.022493
28400	0.022496
41693	0.022497
14000	0.022500
46471	0.022500
10754	0.022505
53407	0.022507
14297	0.022508
36181	0.022512
13631	0.022515
72958	0.022515
8861	0.022515
52487	0.022515
35993	0.022516
26433	0.022519
26415	0.022520
53635	0.022521
16829	0.022522
22342	0.022522
35006	0.022522
16929	0.022523
24126	0.022524
43718	0.022526
8305	0.022528
33020	0.022528
16605	0.022531
40463	0.022532
15693	0.022533
16123	0.022535
53967	0.022537
60895	0.022538
52774	0.022541
12729	0.022542
36349	0.022547
33308	0.022548
23005	0.022550
43119	0.022550
52610	0.022551
49234	0.022552
30253	0.022554
60236	0.022558
25193	0.022561
49495	0.022564
41972	0.022564
29702	0.022564
16598	0.022570
61025	0.022572
49472	0.022572
32818	0.022573
57584	0.022575
51210	0.022577
21340	0.022580
52987	0.022580
36288	0.022581
26738	0.022582
13381	0.022583
10464	0.022585
24605	0.022589
43104	0.022589
16420	0.022592
61506	0.022593
37476	0.022594
61134	0.022595
54850	0.022596
8782	0.022608
52422	0.022609
39637	0.022611
12597	0.022611
37370	0.022611
60151	0.022615
50688	0.022620
60203	0.022623
17020	0.022623
7098	0.022627
11124	0.022627
44769	0.022637
46766	0.022638
40919	0.022638
54726	0.022639
47118	0.022639
23013	0.022640
31794	0.022640
33453	0.022644
61433	0.022649
46213	0.022651
60666	0.022653
16103	0.022654
125422	0.022657
48928	0.022659
14020	0.022663
60134	0.022663
14446	0.022667
52337	0.022668
45075	0.022669
12568	0.022674
31310	0.022677
61278	0.022680
32570	0.022683
9709	0.022684
9359	0.022685
7342	0.022686
22116	0.022687
46162	0.022688
10332	0.022689
17445	0.022689
61024	0.022689
46831	0.022692
23122	0.022699
38223	0.022703
53169	0.022704
28957	0.022705
47958	0.022706
39122	0.022707
20201	0.022707
38977	0.022708
26528	0.022711
8593	0.022712
27967	0.022717
20122	0.022720
41080	0.022720
47807	0.022720
16665	0.022720
20135	0.022722
60854	0.022722
49507	0.022724
47437	0.022725
40911	0.022727
15567	0.022729
16823	0.022729
16937	0.022729
19246	0.022729
22498	0.022729
25481	0.022729
26257	0.022729
30140	0.022729
31589	0.022729
35375	0.022729
41260	0.022729
46953	0.022729
48107	0.022729
48848	0.022729
53775	0.022729
54487	0.022729
55151	0.022729
60459	0.022729
60783	0.022729
60935	0.022729
61527	0.022729
8031	0.022729
8038	0.022729
8491	0.022729
20270	0.022732
16716	0.022737
48240	0.022737
52993	0.022737
60351	0.022737
60493	0.022737
9063	0.022737
9178	0.022737
22997	0.022737
60931	0.022738
60843	0.022740
12841	0.022743
37641	0.022746
30064	0.022748
53875	0.022753
61044	0.022755
61581	0.022759
16435	0.022760
17021	0.022760
26847	0.022762
60808	0.022763
10329	0.022765
43940	0.022766
12656	0.022766
27798	0.022767
37516	0.022767
43721	0.022768
36362	0.022770
60546	0.022770
7951	0.022774
60924	0.022776
57843	0.022777
13740	0.022779
33387	0.022779
37576	0.022779
60300	0.022779
60698	0.022779
61017	0.022779
51349	0.022782
41031	0.022786
12037	0.022787
42516	0.022788
11125	0.022794
14652	0.022795
35952	0.022795
57377	0.022795
61116	0.022795
46066	0.022797
60819	0.022798
47601	0.022801
24771	0.022805
13956	0.022805
29207	0.022807
25625	0.022816
32517	0.022816
60654	0.022816
60963	0.022816
16129	0.022816
15094	0.022818
25995	0.022818
44376	0.022818
53753	0.022818
60485	0.022818
10724	0.022819
9856	0.022819
60970	0.022820
31775	0.022820
13860	0.022822
54679	0.022823
43361	0.022827
16727	0.022828
53038	0.022832
11126	0.022832
61375	0.022832
8060	0.022832
51369	0.022840
14477	0.022840
14917	0.022840
15569	0.022840
60583	0.022840
14178	0.022841
25548	0.022842
39715	0.022843
61312	0.022846
61360	0.022846
58002	0.022848
25635	0.022849
61408	0.022851
48185	0.022852
10933	0.022855
17034	0.022856
14785	0.022856
9729	0.022856
21790	0.022860
56113	0.022861
37777	0.022862
34786	0.022869
34244	0.022871
9037	0.022872
20921	0.022874
53975	0.022875
13733	0.022875
22232	0.022879
41035	0.022880
53048	0.022880
39526	0.022881
25668	0.022882
56855	0.022882
7056	0.022882
60522	0.022883
54547	0.022885
41281	0.022885
55201	0.022885
16133	0.022888
57611	0.022891
16782	0.022892
38417	0.022897
31999	0.022898
24817	0.022899
45950	0.022899
17515	0.022900
16694	0.022900
39869	0.022901
54349	0.022904
36322	0.022905
45003	0.022906
40235	0.022906
8207	0.022908
36930	0.022908
55698	0.022909
61551	0.022909
55530	0.022910
59997	0.022919
11810	0.022920
11645	0.022923
56801	0.022923
46906	0.022923
25814	0.022924
30497	0.022925
13283	0.022925
16626	0.022925
55254	0.022926
53965	0.022929
46835	0.022929
40948	0.022937
14442	0.022940
54840	0.022942
61163	0.022942
37180	0.022943
15542	0.022945
17220	0.022946
57883	0.022946
49500	0.022947
29150	0.022950
32020	0.022952
22753	0.022958
40923	0.022958
55358	0.022959
34824	0.022959
15479	0.022962
13121	0.022962
34349	0.022962
17070	0.022964
42191	0.022965
16679	0.022965
36688	0.022966
53627	0.022966
60926	0.022966
55532	0.022969
16112	0.022971
10684	0.022974
74649	0.022975
20860	0.022976
15810	0.022979
37606	0.022983
40862	0.022985
54499	0.022985
42946	0.022986
9119	0.022986
10182	0.022987
16724	0.022989
26361	0.022993
32956	0.022994
52263	0.022995
9070	0.022997
32819	0.022997
21016	0.023002
38442	0.023006
8303	0.023007
53810	0.023007
54527	0.023009
61371	0.023009
15599	0.023013
12799	0.023014
30449	0.023014
32857	0.023015
12171	0.023018
23977	0.023021
9291	0.023023
10708	0.023026
24081	0.023030
49045	0.023030
16541	0.023031
16660	0.023036
16174	0.023037
11400	0.023040
21087	0.023041
40211	0.023043
38470	0.023043
55452	0.023043
61600	0.023045
50375	0.023047
19477	0.023048
55125	0.023051
19256	0.023052
44665	0.023052
17356	0.023054
26404	0.023054
44327	0.023054
15093	0.023054
27715	0.023055
19788	0.023058
60768	0.023059
56124	0.023060
44434	0.023065
10238	0.023065
20969	0.023065
42321	0.023066
52679	0.023068
7788	0.023068
25991	0.023071
61356	0.023073
53757	0.023075
137660	0.023076
34391	0.023076
34369	0.023078
31852	0.023080
33142	0.023084
44871	0.023084
50310	0.023088
27952	0.023091
35128	0.023092
14139	0.023092
36303	0.023097
27061	0.023098
11292	0.023100
60861	0.023100
61190	0.023103
22489	0.023108
41246	0.023109
15688	0.023109
49375	0.023110
21711	0.023110
16457	0.023115
30067	0.023116
35998	0.023116
46136	0.023116
21159	0.023117
7317	0.023121
19074	0.023129
55645	0.023130
17334	0.023131
22072	0.023131
137975	0.023132
50069	0.023135
53411	0.023137
50900	0.023138
45032	0.023138
36843	0.023139
60728	0.023140
12647	0.023146
115085	0.023147
56411	0.023149
42148	0.023149
29198	0.023153
58365	0.023154
13106	0.023156
10528	0.023158
17310	0.023158
37622	0.023163
60678	0.023164
8840	0.023169
9659	0.023170
60584	0.023171
31840	0.023172
41439	0.023174
52089	0.023176
15151	0.023182
8126	0.023185
42615	0.023186
41320	0.023187
27704	0.023189
46622	0.023189
16565	0.023190
61296	0.023191
50510	0.023194
23628	0.023194
53738	0.023198
54565	0.023198
32973	0.023198
60555	0.023199
17396	0.023200
10207	0.023201
36815	0.023201
37444	0.023203
61489	0.023204
48155	0.023205
20501	0.023206
47980	0.023208
26536	0.023211
54638	0.023212
41911	0.023212
14951	0.023214
42532	0.023216
27664	0.023216
56762	0.023223
61310	0.023226
30247	0.023226
57845	0.023228
8999	0.023228
7535	0.023231
49716	0.023233
14815	0.023235
12462	0.023237
11792	0.023238
8192	0.023238
61562	0.023243
51943	0.023244
26746	0.023244
36817	0.023245
59642	0.023245
33240	0.023249
30846	0.023251
40239	0.023252
12988	0.023253
46226	0.023257
17089	0.023258
27836	0.023260
51367	0.023263
34477	0.023266
7272	0.023267
7935	0.023268
36836	0.023268
15081	0.023270
8588	0.023273
9204	0.023274
46452	0.023277
50518	0.023281
37460	0.023283
60211	0.023284
49237	0.023289
37753	0.023290
8568	0.023293
13447	0.023293
11279	0.023293
35129	0.023294
7922	0.023294
17481	0.023299
23482	0.023302
60782	0.023303
16240	0.023303
31971	0.023304
9897	0.023306
50679	0.023311
22544	0.023311
14192	0.023319
10350	0.023320
32514	0.023321
12620	0.023324
60336	0.023326
60947	0.023326
19278	0.023328
44611	0.023328
51606	0.023331
60658	0.023335
10726	0.023341
40133	0.023342
19717	0.023345
56687	0.023345
54893	0.023346
51028	0.023347
61584	0.023347
14567	0.023352
28935	0.023352
51429	0.023355
48894	0.023355
39683	0.023356
49549	0.023356
49374	0.023356
56821	0.023356
27444	0.023361
15824	0.023366
56598	0.023368
46959	0.023368
52435	0.023369
16004	0.023369
50025	0.023373
39349	0.023373
15533	0.023374
23459	0.023374
40722	0.023375
56828	0.023379
60281	0.023380
8360	0.023383
37880	0.023385
44503	0.023387
11983	0.023387
8002	0.023390
33450	0.023390
16564	0.023390
35692	0.023392
47651	0.023392
57851	0.023396
48971	0.023397
15401	0.023399
17047	0.023399
17507	0.023400
23119	0.023401
12259	0.023402
35961	0.023402
21211	0.023404
23217	0.023404
46380	0.023406
17048	0.023409
53215	0.023419
14720	0.023419
16629	0.023422
10800	0.023426
28035	0.023429
41669	0.023430
40251	0.023430
60127	0.023432
61612	0.023434
8563	0.023434
35359	0.023435
50374	0.023435
21571	0.023436
60815	0.023437
52843	0.023438
61328	0.023439
17067	0.023441
53007	0.023441
60991	0.023443
30319	0.023443
52600	0.023443
60932	0.023446
14061	0.023446
47606	0.023451
10817	0.023452
60753	0.023452
116820	0.023453
125366	0.023453
125720	0.023453
21446	0.023453
33999	0.023453
34000	0.023453
34003	0.023453
34004	0.023453
45146	0.023453
60298	0.023453
60500	0.023453
60544	0.023453
61011	0.023453
89461	0.023453
7327	0.023453
15877	0.023456
37407	0.023457
35499	0.023458
9906	0.023471
113199	0.023473
77486	0.023473
17363	0.023473
7099	0.023475
10928	0.023476
60752	0.023476
56326	0.023478
60683	0.023487
53332	0.023488
33994	0.023493
36743	0.023498
52606	0.023501
23942	0.023504
57572	0.023504
43816	0.023506
21154	0.023506
55195	0.023507
20788	0.023512
10327	0.023512
55934	0.023512
32800	0.023520
26431	0.023523
8879	0.023531
12719	0.023532
16625	0.023532
55665	0.023537
61620	0.023542
15483	0.023545
15193	0.023545
60495	0.023546
51352	0.023549
25998	0.023553
29893	0.023557
24392	0.023559
50381	0.023559
13066	0.023560
19320	0.023560
46097	0.023563
41879	0.023567
60810	0.023567
52512	0.023568
7538	0.023568
56903	0.023569
23047	0.023570
9785	0.023571
17290	0.023571
13797	0.023571
14122	0.023572
9911	0.023573
60825	0.023574
46988	0.023578
40868	0.023578
33328	0.023581
45814	0.023581
15857	0.023583
8205	0.023584
10005	0.023584
46687	0.023586
47412	0.023586
16824	0.023589
7802	0.023592
34820	0.023598
16219	0.023601
39789	0.023602
22776	0.023604
61250	0.023607
9822	0.023608
42567	0.023616
29183	0.023617
34563	0.023617
39155	0.023617
60757	0.023618
36160	0.023618
39734	0.023619
60743	0.023619
51211	0.023620
20882	0.023626
43412	0.023637
30761	0.023642
42870	0.023647
9959	0.023647
30410	0.023651
51902	0.023654
28197	0.023655
31650	0.023655
50923	0.023658
16767	0.023659
8276	0.023665
52766	0.023667
60631	0.023674
14962	0.023674
43246	0.023675
6893	0.023681
8096	0.023684
9017	0.023684
31679	0.023685
61282	0.023686
46751	0.023687
58513	0.023691
8725	0.023695
45391	0.023701
21485	0.023702
25593	0.023703
26449	0.023705
11327	0.023706
43575	0.023706
20551	0.023707
25028	0.023710
47688	0.023713
40965	0.023715
60181	0.023715
35269	0.023715
11794	0.023715
13474	0.023716
13270	0.023717
46886	0.023717
8964	0.023717
55127	0.023720
11946	0.023722
28417	0.023725
14074	0.023726
61174	0.023727
7388	0.023727
60386	0.023728
32508	0.023728
34351	0.023736
20197	0.023737
11254	0.023738
26712	0.023738
60370	0.023739
46736	0.023741
10866	0.023744
15110	0.023744
17369	0.023746
20954	0.023747
52709	0.023748
9848	0.023750
17057	0.023750
49700	0.023750
13486	0.023752
27812	0.023753
16365	0.023754
8098	0.023754
61339	0.023754
54870	0.023757
16545	0.023758
27327	0.023767
19190	0.023768
60427	0.023768
50761	0.023769
8592	0.023771
46224	0.023771
16015	0.023772
44640	0.023773
58387	0.023773
8908	0.023775
7561	0.023780
23464	0.023780
22430	0.023782
25536	0.023784
26652	0.023785
51993	0.023785
59818	0.023785
61528	0.023785
20960	0.023788
22146	0.023794
25475	0.023799
41916	0.023802
12805	0.023804
32977	0.023806
58909	0.023809
23416	0.023821
9826	0.023827
61659	0.023831
28773	0.023832
11659	0.023834
10925	0.023834
16643	0.023834
9504	0.023836
11602	0.023836
49978	0.023849
11778	0.023849
29785	0.023853
24897	0.023862
14938	0.023865
58969	0.023867
32478	0.023867
12613	0.023868
39302	0.023869
61160	0.023869
61623	0.023871
60733	0.023871
42289	0.023872
24608	0.023878
27852	0.023881
14541	0.023886
61249	0.023888
11344	0.023893
50964	0.023902
54754	0.023905
16939	0.023908
32282	0.023909
39916	0.023910
55292	0.023913
10998	0.023915
30474	0.023916
39731	0.023917
11131	0.023917
21018	0.023919
49244	0.023921
30370	0.023923
46561	0.023924
42594	0.023926
60591	0.023927
16396	0.023927
58528	0.023928
17086	0.023931
52513	0.023931
26341	0.023932
60171	0.023933
38898	0.023934
51947	0.023935
20828	0.023935
13463	0.023937
24847	0.023937
43906	0.023940
33356	0.023946
51649	0.023948
22966	0.023952
52438	0.023953
54514	0.023953
16862	0.023953
40601	0.023953
60560	0.023953
51529	0.023954
14009	0.023954
51306	0.023957
36633	0.023958
56753	0.023958
28389	0.023959
44092	0.023960
61229	0.023963
47440	0.023971
45976	0.023973
16800	0.023975
44623	0.023975
20982	0.023979
60852	0.023980
9530	0.023981
34013	0.023985
44825	0.023986
41709	0.023988
41708	0.023990
42367	0.023992
39926	0.023992
9002	0.023993
25730	0.023993
19989	0.023995
55667	0.023996
42167	0.023997
39512	0.023997
41714	0.023998
7222	0.023999
34977	0.023999
14963	0.024003
17512	0.024005
21852	0.024005
23405	0.024005
50309	0.024005
12512	0.024006
58279	0.024008
37152	0.024009
32153	0.024009
56837	0.024010
27698	0.024010
10867	0.024011
22431	0.024012
47597	0.024013
21056	0.024013
60191	0.024014
44829	0.024015
61029	0.024016
25252	0.024017
36829	0.024018
55701	0.024019
55171	0.024023
19479	0.024026
38432	0.024026
33998	0.024028
60247	0.024029
60774	0.024029
43100	0.024029
40273	0.024032
41790	0.024034
39681	0.024035
38926	0.024036
28187	0.024038
42000	0.024040
17128	0.024040
60295	0.024045
50206	0.024045
52698	0.024052
16877	0.024053
27939	0.024054
17055	0.024055
9585	0.024056
7087	0.024057
48957	0.024059
60304	0.024059
38299	0.024060
21116	0.024062
36860	0.024062
40934	0.024065
48818	0.024068
47273	0.024069
32802	0.024073
13916	0.024073
39307	0.024074
25465	0.024077
61012	0.024078
17061	0.024079
22425	0.024080
61047	0.024081
60338	0.024085
61214	0.024087
28165	0.024088
36980	0.024089
24070	0.024093
21829	0.024102
32017	0.024102
44567	0.024103
14523	0.024106
12720	0.024106
47294	0.024107
50542	0.024107
16853	0.024108
25469	0.024108
34755	0.024108
40764	0.024108
8757	0.024108
13872	0.024109
43695	0.024110
17325	0.024110
39319	0.024114
26179	0.024115
8237	0.024119
10233	0.024120
22110	0.024120
23642	0.024120
8172	0.024120
35836	0.024123
34350	0.024125
40990	0.024125
61166	0.024126
60420	0.024129
13388	0.024130
7971	0.024130
61256	0.024134
49953	0.024134
8090	0.024136
27580	0.024141
54016	0.024141
13465	0.024143
49982	0.024144
17348	0.024147
47615	0.024151
61204	0.024151
52402	0.024154
14993	0.024157
17472	0.024159
37934	0.024160
21114	0.024161
44137	0.024161
20702	0.024161
12913	0.024166
8966	0.024166
61550	0.024173
61101	0.024174
52223	0.024175
43963	0.024176
9459	0.024176
37289	0.024177
57602	0.024177
52387	0.024177
32161	0.024183
60948	0.024183
39158	0.024184
27017	0.024185
38499	0.024187
23388	0.024190
42156	0.024192
48619	0.024193
39770	0.024196
27898	0.024196
56263	0.024198
53969	0.024198
25734	0.024199
60606	0.024201
51177	0.024205
54252	0.024206
42581	0.024207
12364	0.024208
16542	0.024210
13649	0.024210
54603	0.024214
23316	0.024215
35985	0.024215
53607	0.024215
34460	0.024222
15635	0.024223
29123	0.024225
9118	0.024227
14928	0.024243
42740	0.024243
26295	0.024243
38261	0.024245
21157	0.024247
22135	0.024250
20009	0.024251
11064	0.024253
37754	0.024254
49993	0.024255
60896	0.024260
28858	0.024263
51358	0.024265
39910	0.024265
42200	0.024266
40718	0.024269
53325	0.024269
43553	0.024275
60241	0.024275
9982	0.024275
9482	0.024277
38643	0.024280
13264	0.024281
9669	0.024282
17225	0.024291
34574	0.024295
7070	0.024295
50021	0.024298
40047	0.024300
48574	0.024302
56397	0.024302
16120	0.024305
35893	0.024306
43044	0.024308
54301	0.024309
11865	0.024310
41939	0.024311
57260	0.024312
9237	0.024313
32867	0.024313
42152	0.024314
7332	0.024316
10706	0.024317
14781	0.024318
47329	0.024319
8424	0.024319
49328	0.024320
16596	0.024321
48997	0.024321
49385	0.024321
12989	0.024322
17028	0.024322
13551	0.024322
29797	0.024325
41353	0.024330
43868	0.024333
33113	0.024335
22450	0.024336
45816	0.024338
60695	0.024344
21120	0.024345
47031	0.024345
15750	0.024352
40435	0.024356
29142	0.024358
31898	0.024359
29852	0.024360
23851	0.024363
60592	0.024364
61540	0.024364
44968	0.024365
23547	0.024368
17469	0.024373
25231	0.024373
29874	0.024376
24042	0.024380
8551	0.024381
50931	0.024382
30531	0.024387
12261	0.024388
31219	0.024388
53613	0.024390
16936	0.024392
57437	0.024397
9315	0.024401
16743	0.024401
29172	0.024402
10970	0.024405
16186	0.024408
43899	0.024410
61403	0.024410
14733	0.024413
40866	0.024414
7769	0.024418
26206	0.024434
13979	0.024434
17491	0.024438
36055	0.024438
43305	0.024439
45818	0.024446
52042	0.024447
11429	0.024447
60157	0.024449
33028	0.024449
50501	0.024451
38065	0.024454
16775	0.024458
53189	0.024458
10955	0.024458
45705	0.024459
7147	0.024464
8883	0.024471
26068	0.024472
10626	0.024473
42377	0.024474
44416	0.024474
35548	0.024478
38661	0.024482
60454	0.024484
39403	0.024484
43002	0.024484
14773	0.024485
33109	0.024488
15686	0.024490
55657	0.024490
60355	0.024492
17042	0.024493
27742	0.024495
35542	0.024498
19276	0.024502
6899	0.024503
16578	0.024504
13315	0.024505
16730	0.024509
12153	0.024512
11595	0.024513
55360	0.024519
8364	0.024519
21177	0.024519
45194	0.024520
9442	0.024524
38067	0.024527
29222	0.024529
61326	0.024531
14543	0.024532
12574	0.024533
33922	0.024534
56185	0.024537
35561	0.024538
54616	0.024538
46073	0.024540
12915	0.024543
24263	0.024545
46492	0.024546
43138	0.024547
58128	0.024547
19103	0.024550
20973	0.024551
42954	0.024551
58375	0.024551
9173	0.024552
60615	0.024554
51019	0.024562
125365	0.024563
61123	0.024564
54529	0.024565
23853	0.024566
24691	0.024566
39294	0.024566
7933	0.024568
32640	0.024577
38485	0.024577
53410	0.024577
60256	0.024577
61068	0.024577
53203	0.024578
15545	0.024581
10558	0.024582
16992	0.024587
60928	0.024588
35070	0.024594
50292	0.024597
55333	0.024598
34016	0.024598
8633	0.024598
26259	0.024602
22253	0.024603
45025	0.024606
33007	0.024607
61470	0.024607
24617	0.024610
37022	0.024611
26189	0.024613
19799	0.024613
9175	0.024614
12452	0.024614
13285	0.024614
33481	0.024614
34071	0.024614
60407	0.024614
60986	0.024614
34647	0.024614
39767	0.024614
74517	0.024614
37288	0.024616
55499	0.024619
50618	0.024620
39086	0.024622
34753	0.024626
20517	0.024633
12121	0.024637
46843	0.024641
34002	0.024642
49553	0.024643
40717	0.024644
26484	0.024647
61468	0.024649
24388	0.024649
37729	0.024650
31656	0.024650
21122	0.024651
61332	0.024652
39328	0.024652
21701	0.024653
58240	0.024653
61380	0.024653
31273	0.024656
8521	0.024656
28108	0.024659
52012	0.024660
38666	0.024662
30103	0.024663
35516	0.024663
37699	0.024663
50716	0.024668
14961	0.024670
61290	0.024670
22108	0.024672
49269	0.024672
14712	0.024673
7305	0.024674
15724	0.024679
33663	0.024679
60625	0.024680
48445	0.024680
56930	0.024680
54706	0.024681
59673	0.024684
10873	0.024684
46289	0.024684
11656	0.024685
33777	0.024691
12768	0.024691
32061	0.024692
28054	0.024693
61354	0.024694
33023	0.024695
54456	0.024695
61535	0.024695
9710	0.024695
26644	0.024696
31204	0.024705
22352	0.024708
24142	0.024711
12446	0.024713
30048	0.024714
25939	0.024716
35388	0.024717
7988	0.024717
35514	0.024718
52003	0.024724
61211	0.024733
7921	0.024734
61039	0.024734
60780	0.024735
9908	0.024735
37966	0.024737
57280	0.024744
48667	0.024745
30430	0.024746
61086	0.024748
32164	0.024751
39736	0.024753
13555	0.024754
13586	0.024755
15402	0.024765
49255	0.024768
48018	0.024769
51140	0.024770
17319	0.024772
9487	0.024773
35602	0.024773
7673	0.024776
21687	0.024778
39649	0.024779
8492	0.024779
61281	0.024780
61442	0.024780
57637	0.024780
8580	0.024782
35724	0.024784
49573	0.024784
15336	0.024785
13720	0.024788
22087	0.024789
12110	0.024789
30608	0.024790
35032	0.024791
80826	0.024798
26571	0.024801
22659	0.024802
46257	0.024803
60650	0.024803
29998	0.024809
60374	0.024814
52389	0.024815
16893	0.024816
31379	0.024816
57579	0.024817
7617	0.024817
11609	0.024818
35693	0.024820
8059	0.024821
54606	0.024826
41831	0.024826
30364	0.024827
61454	0.024830
15961	0.024832
49055	0.024833
7888	0.024834
46901	0.024844
61128	0.024844
9656	0.024844
21977	0.024846
61162	0.024849
36975	0.024851
25608	0.024852
29790	0.024854
22142	0.024856
36067	0.024857
51096	0.024857
29189	0.024857
32545	0.024865
46739	0.024866
15997	0.024869
39527	0.024872
60519	0.024872
60855	0.024872
45636	0.024877
47256	0.024878
13537	0.024879
60352	0.024879
57895	0.024880
51950	0.024881
57254	0.024882
17014	0.024883
61604	0.024887
49560	0.024889
7358	0.024895
56882	0.024896
48090	0.024896
29959	0.024897
24891	0.024900
9300	0.024900
60807	0.024900
49930	0.024902
60137	0.024902
34259	0.024903
60691	0.024904
14992	0.024904
27933	0.024905
53298	0.024907
60453	0.024909
61087	0.024910
47057	0.024910
16546	0.024913
48751	0.024914
52491	0.024914
60150	0.024914
26321	0.024916
60918	0.024918
19243	0.024919
16880	0.024922
32830	0.024925
14058	0.024928
13450	0.024929
40298	0.024930
45191	0.024935
60306	0.024935
53822	0.024935
49137	0.024936
27829	0.024937
8442	0.024937
11332	0.024942
61306	0.024948
48387	0.024952
36763	0.024953
45827	0.024954
37120	0.024955
53018	0.024956
21652	0.024960
10446	0.024961
53495	0.024963
15742	0.024964
33904	0.024965
20928	0.024966
57314	0.024968
20227	0.024970
52250	0.024974
40756	0.024974
21317	0.024977
56357	0.024978
26402	0.024979
9644	0.024979
43125	0.024983
34637	0.024986
8420	0.024987
48888	0.024990
27766	0.024991
17015	0.024994
57207	0.024996
60169	0.024997
30714	0.024999
13805	0.025003
42209	0.025005
9077	0.025011
10174	0.025012
14091	0.025013
60280	0.025014
57613	0.025015
41279	0.025015
17069	0.025020
15091	0.025020
54216	0.025021
13539	0.025021
16181	0.025023
21249	0.025023
27586	0.025023
32194	0.025023
32553	0.025023
42309	0.025023
60790	0.025023
16583	0.025023
38726	0.025023
24163	0.025024
57725	0.025025
55890	0.025032
60477	0.025032
14671	0.025037
33669	0.025044
35670	0.025045
52336	0.025045
47236	0.025048
26843	0.025051
47904	0.025051
40502	0.025053
12272	0.025056
58200	0.025058
23179	0.025058
47590	0.025060
16783	0.025063
52523	0.025063
61530	0.025067
6921	0.025073
52763	0.025073
53248	0.025074
60817	0.025075
55179	0.025076
30725	0.025076
16976	0.025078
8985	0.025081
12488	0.025084
54723	0.025084
20436	0.025091
54141	0.025091
45098	0.025095
60382	0.025095
61338	0.025095
50484	0.025097
41134	0.025098
53847	0.025099
7923	0.025101
8594	0.025103
16870	0.025107
35524	0.025107
24820	0.025112
32761	0.025121
32056	0.025121
41517	0.025122
45913	0.025123
29924	0.025123
14404	0.025127
15499	0.025127
12975	0.025127
14285	0.025129
7855	0.025132
22365	0.025135
7318	0.025137
51843	0.025138
29800	0.025141
49768	0.025141
27710	0.025141
58818	0.025143
60426	0.025143
29100	0.025147
17240	0.025149
56532	0.025153
31259	0.025154
8877	0.025154
44379	0.025158
19708	0.025158
61325	0.025160
47970	0.025161
19790	0.025163
36336	0.025170
55949	0.025173
24490	0.025175
9319	0.025175
56106	0.025186
60730	0.025186
60842	0.025186
61542	0.025186
7781	0.025186
60621	0.025188
21562	0.025188
58933	0.025189
41685	0.025193
60624	0.025194
7835	0.025195
9091	0.025196
40975	0.025197
13034	0.025197
42583	0.025198
58429	0.025200
13531	0.025203
30633	0.025205
23417	0.025207
14972	0.025207
138018	0.025209
61241	0.025209
12218	0.025209
14901	0.025212
9090	0.025215
33359	0.025220
15200	0.025222
46029	0.025223
59332	0.025224
30333	0.025224
61187	0.025224
57118	0.025226
31860	0.025227
11871	0.025229
16047	0.025229
13599	0.025234
9964	0.025236
56182	0.025237
60863	0.025241
27785	0.025242
24358	0.025242
25255	0.025247
24589	0.025247
8441	0.025249
12873	0.025250
13071	0.025250
49526	0.025250
34397	0.025252
14953	0.025253
16737	0.025255
8850	0.025259
16215	0.025260
15900	0.025261
28190	0.025264
47455	0.025264
42679	0.025265
54534	0.025266
6943	0.025266
16720	0.025267
25473	0.025268
44175	0.025269
23790	0.025270
59397	0.025270
60293	0.025270
61424	0.025270
8654	0.025270
35102	0.025272
11855	0.025273
35109	0.025273
29250	0.025274
58446	0.025277
10317	0.025279
50829	0.025279
7329	0.025280
49932	0.025282
54704	0.025283
9248	0.025284
59011	0.025288
48073	0.025288
45332	0.025289
41786	0.025290
48290	0.025291
39396	0.025295
19906	0.025299
53351	0.025299
7743	0.025306
36915	0.025308
27589	0.025308
57867	0.025309
27164	0.025310
22935	0.025311
25963	0.025312
10157	0.025315
31249	0.025317
27533	0.025318
58393	0.025319
7292	0.025321
41801	0.025322
49382	0.025322
11272	0.025324
16712	0.025325
33688	0.025333
57257	0.025333
59092	0.025333
60192	0.025333
25804	0.025333
60208	0.025333
54352	0.025335
16069	0.025336
16905	0.025340
12131	0.025342
27904	0.025343
15924	0.025343
52582	0.025344
9819	0.025345
24386	0.025345
39532	0.025346
50293	0.025348
37401	0.025350
21480	0.025353
8687	0.025353
8165	0.025359
45589	0.025361
57435	0.025363
49063	0.025364
14775	0.025364
42563	0.025365
13120	0.025366
57213	0.025369
50401	0.025370
46169	0.025370
48850	0.025370
10534	0.025370
27657	0.025371
27755	0.025372
61080	0.025372
57522	0.025376
23378	0.025378
36778	0.025383
16234	0.025385
16359	0.025385
27654	0.025385
8058	0.025387
32677	0.025391
8007	0.025391
21603	0.025392
37513	0.025393
17437	0.025393
60682	0.025397
22255	0.025399
9903	0.025400
24166	0.025400
54276	0.025401
41544	0.025402
57768	0.025406
27380	0.025407
11803	0.025408
124981	0.025409
27532	0.025410
37893	0.025413
26997	0.025414
11493	0.025414
125253	0.025414
19461	0.025414
23265	0.025414
27821	0.025414
30440	0.025414
31261	0.025414
40108	0.025414
50844	0.025415
16329	0.025420
61532	0.025420
22726	0.025421
14597	0.025421
11734	0.025423
11463	0.025424
60853	0.025426
50045	0.025429
51473	0.025429
17400	0.025429
25323	0.025432
41326	0.025434
36853	0.025435
37593	0.025436
8907	0.025436
56639	0.025438
11421	0.025438
40011	0.025439
34406	0.025440
42985	0.025441
32611	0.025444
23036	0.025445
54572	0.025445
43866	0.025448
56927	0.025453
39663	0.025453
61485	0.025457
16768	0.025458
39324	0.025460
26782	0.025460
58004	0.025463
43830	0.025465
55370	0.025466
17453	0.025466
11329	0.025467
26246	0.025467
49636	0.025470
38513	0.025471
19010	0.025473
35926	0.025473
42252	0.025476
53214	0.025481
26666	0.025481
34235	0.025483
37619	0.025485
54242	0.025487
32407	0.025488
9437	0.025489
32402	0.025491
40821	0.025493
33920	0.025495
35625	0.025498
60228	0.025498
9112	0.025500
39997	0.025501
10982	0.025501
60585	0.025501
54018	0.025503
13756	0.025504
12084	0.025505
14104	0.025506
60135	0.025508
14344	0.025514
47459	0.025514
57570	0.025515
7536	0.025520
61219	0.025522
15174	0.025526
25596	0.025526
16259	0.025537
42702	0.025538
47704	0.025540
26510	0.025543
14054	0.025543
46525	0.025548
125308	0.025549
44371	0.025549
51079	0.025549
60312	0.025551
34852	0.025553
13481	0.025554
47631	0.025556
50452	0.025561
52329	0.025568
22230	0.025572
16387	0.025573
30006	0.025573
27880	0.025577
31931	0.025580
7777	0.025582
14545	0.025584
23062	0.025588
27976	0.025589
6902	0.025591
21460	0.025594
9711	0.025596
43067	0.025596
16916	0.025598
31087	0.025599
35005	0.025602
51135	0.025602
60525	0.025603
16749	0.025605
61640	0.025607
6938	0.025608
52051	0.025611
58902	0.025611
10981	0.025614
53516	0.025615
19351	0.025616
34080	0.025617
14147	0.025618
58369	0.025621
23857	0.025625
38012	0.025625
8152	0.025626
7549	0.025628
57696	0.025628
15536	0.025628
54125	0.025631
16756	0.025631
38845	0.025636
54879	0.025636
51332	0.025636
16792	0.025638
53689	0.025639
48568	0.025640
16926	0.025642
28181	0.025644
24385	0.025644
38826	0.025649
16623	0.025649
33286	0.025653
15017	0.025654
32172	0.025654
25972	0.025655
38596	0.025656
31652	0.025665
27894	0.025665
51015	0.025665
31495	0.025666
11821	0.025668
23414	0.025670
55447	0.025670
17263	0.025675
23457	0.025675
33976	0.025681
51318	0.025684
13267	0.025685
35659	0.025685
42633	0.025685
40013	0.025687
10505	0.025688
61334	0.025688
61361	0.025688
61505	0.025688
55187	0.025689
28117	0.025691
53900	0.025695
16520	0.025698
38076	0.025698
61502	0.025698
38256	0.025699
39357	0.025699
12237	0.025699
10035	0.025716
9151	0.025718
49963	0.025724
17229	0.025725
36847	0.025727
60717	0.025727
30017	0.025728
8302	0.025728
15909	0.025729
53950	0.025729
9923	0.025731
23909	0.025731
8565	0.025733
36155	0.025735
60619	0.025739
56819	0.025740
11997	0.025740
38305	0.025743
60550	0.025744
15302	0.025744
11140	0.025744
15028	0.025745
10068	0.025746
8716	0.025747
45731	0.025748
52991	0.025748
8544	0.025751
24907	0.025751
46652	0.025752
46654	0.025752
57854	0.025756
7243	0.025756
42486	0.025758
13197	0.025758
58006	0.025759
31977	0.025762
29016	0.025764
23251	0.025764
22521	0.025764
55476	0.025766
15435	0.025767
61181	0.025768
11780	0.025776
46733	0.025776
26587	0.025778
17395	0.025778
48769	0.025780
51509	0.025780
14910	0.025788
14299	0.025788
30183	0.025790
21155	0.025791
24815	0.025798
10893	0.025801
43163	0.025804
25502	0.025805
39447	0.025814
16447	0.025816
27659	0.025816
27672	0.025821
43769	0.025821
59692	0.025821
53026	0.025822
26231	0.025823
13159	0.025826
14090	0.025826
21859	0.025826
52334	0.025831
20459	0.025831
22947	0.025833
24806	0.025835
8524	0.025835
61439	0.025835
15184	0.025836
50979	0.025837
61429	0.025839
50017	0.025840
10789	0.025840
32979	0.025842
17236	0.025846
38010	0.025847
11338	0.025852
44773	0.025855
31491	0.025856
10859	0.025857
9896	0.025858
11065	0.025859
49718	0.025862
16207	0.025865
61466	0.025870
13180	0.025872
23118	0.025872
17037	0.025874
16513	0.025877
15337	0.025882
17148	0.025883
13265	0.025883
9648	0.025883
8347	0.025883
20396	0.025884
56396	0.025884
12146	0.025884
31535	0.025886
36840	0.025887
15387	0.025888
46395	0.025891
37240	0.025892
32987	0.025892
39311	0.025893
13801	0.025897
39534	0.025897
20010	0.025901
49129	0.025904
32790	0.025905
47901	0.025907
9853	0.025910
19228	0.025913
45346	0.025914
32391	0.025916
16511	0.025920
37895	0.025921
39030	0.025921
26698	0.025923
40984	0.025923
21187	0.025925
28362	0.025926
49436	0.025927
26412	0.025928
57123	0.025932
21426	0.025935
11551	0.025936
9215	0.025937
30540	0.025939
60541	0.025942
35355	0.025943
19255	0.025945
15403	0.025950
16517	0.025953
44168	0.025954
14610	0.025956
60422	0.025957
9950	0.025957
23403	0.025957
52074	0.025958
43254	0.025958
47353	0.025961
30270	0.025965
15685	0.025966
46809	0.025966
43155	0.025967
11611	0.025971
12976	0.025971
19161	0.025971
21466	0.025971
29951	0.025971
40241	0.025971
8729	0.025971
16764	0.025971
46857	0.025972
42021	0.025973
44524	0.025976
39719	0.025977
9891	0.025978
44613	0.025981
10237	0.025982
19924	0.025983
60610	0.025984
15796	0.025984
84674	0.025985
11073	0.025986
39084	0.025986
42098	0.025987
8263	0.025990
50523	0.025991
30095	0.025992
22657	0.025992
10054	0.025993
12019	0.025995
44945	0.025996
37278	0.025997
11398	0.025998
39146	0.025999
14777	0.026000
47945	0.026003
53187	0.026004
11854	0.026006
14926	0.026007
27955	0.026007
22324	0.026009
37971	0.026014
41909	0.026015
44969	0.026015
60063	0.026015
60346	0.026015
43192	0.026019
45222	0.026022
30034	0.026024
58306	0.026027
14767	0.026029
27286	0.026029
40201	0.026030
15463	0.026031
13996	0.026032
15493	0.026034
39738	0.026035
60362	0.026037
23174	0.026039
16333	0.026039
31817	0.026043
10094	0.026043
61193	0.026044
50893	0.026046
7477	0.026046
60579	0.026047
9754	0.026047
17120	0.026048
9000	0.026049
34034	0.026051
94375	0.026051
29926	0.026051
31651	0.026052
23439	0.026053
40900	0.026056
15484	0.026060
24487	0.026060
60841	0.026060
60914	0.026060
61304	0.026060
20924	0.026063
54140	0.026066
28835	0.026073
28366	0.026073
37250	0.026075
17414	0.026079
46342	0.026080
35849	0.026080
48245	0.026080
13317	0.026082
15927	0.026083
16058	0.026084
52399	0.026085
9082	0.026087
53029	0.026089
16993	0.026092
45030	0.026092
34010	0.026098
43915	0.026099
8920	0.026100
36292	0.026103
43965	0.026109
13739	0.026115
10495	0.026117
15861	0.026118
33541	0.026119
61460	0.026120
46054	0.026121
39178	0.026121
56341	0.026124
43864	0.026124
9538	0.026128
41792	0.026131
25306	0.026131
29195	0.026133
42508	0.026133
45379	0.026133
19104	0.026147
56405	0.026148
27236	0.026149
29906	0.026151
35673	0.026153
48718	0.026157
9166	0.026160
46064	0.026163
51110	0.026163
43148	0.026166
22331	0.026170
13811	0.026175
58435	0.026175
52920	0.026178
28950	0.026181
52097	0.026181
16600	0.026181
60505	0.026183
52104	0.026183
69022	0.026183
51294	0.026186
42602	0.026186
45409	0.026188
34352	0.026188
37389	0.026189
60692	0.026196
47001	0.026200
60998	0.026200
41100	0.026200
39645	0.026202
14422	0.026202
52968	0.026203
33295	0.026203
60956	0.026205
14439	0.026208
60622	0.026210
34197	0.026213
22304	0.026213
9931	0.026214
57864	0.026214
13625	0.026215
27738	0.026216
30122	0.026226
16875	0.026230
24886	0.026231
8465	0.026231
34999	0.026232
54208	0.026233
47717	0.026235
32179	0.026235
43887	0.026236
15749	0.026238
20988	0.026242
6937	0.026246
60959	0.026247
15899	0.026250
30118	0.026250
11512	0.026254
9527	0.026256
26090	0.026256
49326	0.026259
26745	0.026259
53530	0.026262
61114	0.026262
9535	0.026264
25733	0.026266
13748	0.026267
7523	0.026270
41071	0.026271
29902	0.026272
25528	0.026272
60703	0.026272
15568	0.026273
12986	0.026275
35648	0.026278
19036	0.026279
45139	0.026279
42554	0.026280
22337	0.026283
35976	0.026287
52281	0.026288
19796	0.026288
10251	0.026288
31010	0.026290
49339	0.026293
55521	0.026294
15466	0.026299
14655	0.026302
14256	0.026303
16258	0.026303
54210	0.026304
13852	0.026306
51968	0.026307
44927	0.026311
11197	0.026315
40931	0.026316
55512	0.026317
34400	0.026317
56322	0.026319
37705	0.026320
28061	0.026321
33942	0.026322
49832	0.026322
52732	0.026322
15554	0.026325
33589	0.026326
33927	0.026328
50133	0.026328
50402	0.026332
61188	0.026333
7670	0.026333
7936	0.026333
38477	0.026333
16619	0.026334
56339	0.026337
52430	0.026337
46970	0.026338
14482	0.026340
39542	0.026343
16543	0.026348
49589	0.026350
19088	0.026355
116978	0.026356
54278	0.026356
16634	0.026356
47468	0.026359
44699	0.026361
44383	0.026361
47068	0.026361
61376	0.026361
8175	0.026361
38110	0.026364
17010	0.026366
10653	0.026372
41378	0.026373
9114	0.026374
8822	0.026375
9928	0.026376
42482	0.026377
37405	0.026381
60160	0.026381
19391	0.026384
11269	0.026385
48656	0.026387
48615	0.026387
52482	0.026388
34072	0.026390
16175	0.026391
56108	0.026392
24599	0.026392
60958	0.026396
11669	0.026401
15608	0.026402
39934	0.026404
25883	0.026410
32815	0.026410
9868	0.026415
60754	0.026415
24740	0.026416
39636	0.026416
29888	0.026420
7088	0.026421
7718	0.026424
14847	0.026424
36973	0.026428
10173	0.026429
39716	0.026435
42259	0.026437
34954	0.026438
32638	0.026438
16894	0.026439
34231	0.026443
35025	0.026443
53511	0.026446
56647	0.026449
112515	0.026453
9712	0.026461
32941	0.026461
26615	0.026465
26787	0.026465
13663	0.026466
42695	0.026466
28059	0.026467
15063	0.026469
37871	0.026469
44621	0.026471
19213	0.026471
9205	0.026474
61446	0.026474
10946	0.026476
37183	0.026476
42931	0.026478
16847	0.026481
47407	0.026483
43169	0.026483
19334	0.026484
17520	0.026486
14924	0.026488
61436	0.026489
42347	0.026491
50044	0.026492
42149	0.026493
53065	0.026493
20624	0.026493
44013	0.026494
26992	0.026495
14892	0.026496
23158	0.026499
56293	0.026502
10240	0.026504
8341	0.026509
9947	0.026511
60873	0.026512
37750	0.026515
30731	0.026517
40778	0.026517
9922	0.026518
53776	0.026518
44443	0.026518
14289	0.026523
12387	0.026523
41510	0.026525
61473	0.026528
49948	0.026528
20098	0.026529
47686	0.026530
13377	0.026531
50117	0.026533
21077	0.026533
13667	0.026534
11407	0.026534
12884	0.026537
46651	0.026538
55050	0.026538
21311	0.026540
7246	0.026540
33823	0.026542
42586	0.026543
34341	0.026544
10564	0.026546
16683	0.026550
17489	0.026550
40657	0.026550
13199	0.026559
24390	0.026559
61428	0.026559
57399	0.026561
33446	0.026564
55514	0.026568
10171	0.026568
48634	0.026569
45451	0.026569
11267	0.026571
8887	0.026573
60723	0.026574
37272	0.026574
47133	0.026574
52608	0.026575
57310	0.026576
14098	0.026579
26195	0.026581
60497	0.026582
30014	0.026582
15704	0.026582
31235	0.026582
58264	0.026582
52662	0.026584
33378	0.026585
48840	0.026586
52982	0.026586
12779	0.026592
12888	0.026593
15944	0.026594
37515	0.026595
10643	0.026606
24744	0.026607
38659	0.026609
30090	0.026613
7255	0.026614
13542	0.026616
10057	0.026619
14752	0.026619
25760	0.026622
13439	0.026624
137745	0.026625
30065	0.026628
56385	0.026629
16533	0.026638
16974	0.026641
30322	0.026644
47254	0.026644
54385	0.026645
9163	0.026646
12991	0.026647
53818	0.026648
15355	0.026648
12891	0.026649
61347	0.026650
9941	0.026652
13266	0.026652
23922	0.026653
43152	0.026654
46999	0.026655
51009	0.026655
27141	0.026656
16376	0.026659
40510	0.026660
16153	0.026662
10921	0.026662
9780	0.026667
57108	0.026670
20240	0.026671
17681	0.026674
61415	0.026675
23220	0.026675
58658	0.026675
49696	0.026676
45148	0.026678
60391	0.026678
22751	0.026678
43020	0.026680
40936	0.026681
14974	0.026681
17685	0.026682
61203	0.026684
52324	0.026684
55695	0.026686
49014	0.026687
13799	0.026688
26656	0.026689
55281	0.026694
49148	0.026697
56471	0.026697
45294	0.026699
55991	0.026702
23222	0.026703
53550	0.026705
17212	0.026709
16675	0.026710
34042	0.026711
61171	0.026712
37690	0.026714
19223	0.026718
45758	0.026719
16878	0.026727
40097	0.026729
16658	0.026731
15001	0.026732
15439	0.026733
46050	0.026735
39929	0.026735
53572	0.026736
61155	0.026738
13179	0.026739
17361	0.026741
12811	0.026741
10498	0.026742
46627	0.026743
13005	0.026744
51893	0.026747
16157	0.026748
14776	0.026748
28204	0.026749
12816	0.026752
8482	0.026753
10180	0.026758
34980	0.026762
13635	0.026763
45424	0.026764
26959	0.026767
45278	0.026769
17079	0.026773
15875	0.026777
9009	0.026777
61207	0.026780
14206	0.026782
11970	0.026783
46194	0.026784
58892	0.026784
51138	0.026789
61443	0.026789
42848	0.026790
20383	0.026792
42226	0.026798
14548	0.026799
37496	0.026799
16231	0.026806
48566	0.026809
43568	0.026809
16769	0.026809
14729	0.026811
60712	0.026812
9653	0.026812
15813	0.026813
47179	0.026814
42211	0.026814
26132	0.026820
25564	0.026820
16821	0.026821
16323	0.026821
38308	0.026823
41181	0.026823
10160	0.026827
46284	0.026828
25974	0.026829
50982	0.026832
54361	0.026833
7610	0.026834
14389	0.026835
45061	0.026836
42524	0.026836
51840	0.026836
30486	0.026838
28656	0.026839
47783	0.026842
14068	0.026843
34599	0.026843
41974	0.026843
61126	0.026843
61245	0.026843
8211	0.026843
14906	0.026844
13386	0.026844
35722	0.026844
16708	0.026847
10813	0.026848
10184	0.026849
37412	0.026849
34088	0.026851
46061	0.026854
41290	0.026855
13847	0.026856
27712	0.026857
31518	0.026857
20962	0.026858
42362	0.026858
60194	0.026859
44530	0.026862
13069	0.026865
45254	0.026865
69075	0.026870
54156	0.026873
9001	0.026874
14153	0.026874
7786	0.026875
41365	0.026875
33950	0.026875
44573	0.026877
40565	0.026878
44014	0.026882
46914	0.026884
47087	0.026888
29078	0.026889
56769	0.026891
8653	0.026891
53782	0.026893
15624	0.026895
34577	0.026897
13054	0.026900
48820	0.026903
34050	0.026905
7597	0.026907
60475	0.026908
30687	0.026911
61342	0.026913
43131	0.026914
15206	0.026917
45153	0.026919
7737	0.026920
7955	0.026921
7227	0.026929
45496	0.026931
27584	0.026934
37080	0.026934
44781	0.026934
13140	0.026936
40626	0.026938
58272	0.026939
12693	0.026941
57142	0.026943
60609	0.026943
46294	0.026946
14089	0.026949
36976	0.026950
56909	0.026951
10364	0.026952
13674	0.026953
22039	0.026954
22447	0.026954
16672	0.026956
60614	0.026956
20515	0.026957
55071	0.026961
14376	0.026963
48056	0.026965
32954	0.026968
46595	0.026969
41241	0.026972
20836	0.026976
17526	0.026978
53961	0.026979
54181	0.026980
53154	0.026984
53642	0.026989
19013	0.026990
20842	0.026992
9689	0.026993
45651	0.026994
57539	0.026995
35526	0.026995
27845	0.026999
16108	0.026999
45970	0.027001
6915	0.027002
26254	0.027004
37784	0.027004
50578	0.027005
53471	0.027006
28188	0.027007
54266	0.027010
27831	0.027014
41323	0.027014
55709	0.027021
59196	0.027023
21213	0.027023
22295	0.027023
8033	0.027025
60906	0.027026
16973	0.027028
23442	0.027029
52943	0.027029
13268	0.027029
38501	0.027031
42934	0.027031
26993	0.027035
36329	0.027040
54718	0.027041
14590	0.027042
16758	0.027048
11500	0.027048
16571	0.027049
7038	0.027050
36460	0.027053
27578	0.027053
8076	0.027055
11341	0.027056
20832	0.027059
13941	0.027060
45865	0.027061
45575	0.027061
47845	0.027063
60222	0.027065
61658	0.027065
42628	0.027070
15051	0.027070
12115	0.027072
61636	0.027074
58303	0.027074
35518	0.027075
12784	0.027075
26983	0.027076
58053	0.027078
21021	0.027080
29779	0.027080
57211	0.027082
22461	0.027082
13835	0.027083
46365	0.027083
55679	0.027084
52227	0.027085
60844	0.027085
8796	0.027087
52168	0.027087
29326	0.027092
16113	0.027094
53599	0.027100
21982	0.027100
15344	0.027101
45538	0.027101
11009	0.027103
37551	0.027108
16989	0.027110
33097	0.027110
43588	0.027115
11403	0.027116
58461	0.027120
39880	0.027122
15674	0.027127
25387	0.027129
16430	0.027130
27390	0.027132
24254	0.027135
19505	0.027136
7218	0.027138
8451	0.027140
33991	0.027143
35484	0.027143
29140	0.027144
60742	0.027145
20734	0.027146
10847	0.027146
37810	0.027147
10821	0.027147
30347	0.027149
16567	0.027151
60462	0.027153
25331	0.027153
58384	0.027153
49369	0.027154
16975	0.027154
53873	0.027154
54739	0.027154
42032	0.027155
41356	0.027157
56964	0.027159
43946	0.027161
12456	0.027164
14697	0.027165
22344	0.027165
56505	0.027165
47389	0.027166
16630	0.027169
25195	0.027169
8636	0.027169
14306	0.027171
15976	0.027171
16607	0.027171
16794	0.027171
25943	0.027171
32334	0.027171
34744	0.027171
34783	0.027171
43364	0.027171
43903	0.027171
46764	0.027171
47268	0.027171
51452	0.027171
20819	0.027174
40970	0.027174
39418	0.027175
7917	0.027176
9699	0.027176
36811	0.027177
49464	0.027178
49826	0.027180
13839	0.027182
10915	0.027182
10065	0.027184
10073	0.027185
60404	0.027185
37283	0.027185
45283	0.027186
41719	0.027186
26789	0.027188
8344	0.027189
32755	0.027190
25400	0.027191
11955	0.027191
41689	0.027191
9047	0.027196
22759	0.027197
27864	0.027198
54433	0.027200
39617	0.027201
20527	0.027206
54536	0.027209
57152	0.027212
9003	0.027214
8103	0.027215
11211	0.027216
12972	0.027219
15524	0.027219
32276	0.027221
32014	0.027223
12145	0.027226
15219	0.027229
24773	0.027229
50258	0.027231
8427	0.027232
35095	0.027234
14078	0.027234
34096	0.027236
23462	0.027236
36739	0.027239
30433	0.027239
33178	0.027239
43986	0.027239
44703	0.027239
60174	0.027240
13695	0.027241
46792	0.027241
17492	0.027244
30861	0.027245
53115	0.027245
8024	0.027248
37748	0.027250
8742	0.027255
11674	0.027255
60263	0.027255
8108	0.027257
61483	0.027258
13344	0.027261
34033	0.027263
30022	0.027264
24244	0.027265
8961	0.027265
28807	0.027267
56643	0.027271
21703	0.027272
26540	0.027273
58037	0.027274
16940	0.027275
49808	0.027276
8631	0.027284
48781	0.027285
12682	0.027287
58863	0.027288
16046	0.027289
24767	0.027289
46889	0.027290
46974	0.027290
60244	0.027290
29023	0.027291
30379	0.027293
11355	0.027295
16865	0.027296
22569	0.027298
53856	0.027298
10566	0.027301
33005	0.027301
11195	0.027301
26849	0.027307
29941	0.027307
36780	0.027309
53824	0.027310
35088	0.027312
14378	0.027314
58390	0.027314
61364	0.027316
22315	0.027318
43173	0.027318
28050	0.027319
20276	0.027319
7644	0.027320
26362	0.027321
26795	0.027322
45400	0.027326
51952	0.027327
41968	0.027329
7112	0.027330
12650	0.027332
35628	0.027332
37119	0.027334
16653	0.027336
13862	0.027342
27970	0.027342
20380	0.027342
40449	0.027345
49279	0.027347
42267	0.027347
33734	0.027348
34178	0.027350
10003	0.027350
19034	0.027353
61327	0.027354
34306	0.027355
25349	0.027355
38676	0.027357
38564	0.027359
26213	0.027360
17136	0.027361
55491	0.027362
24610	0.027363
21205	0.027365
7330	0.027365
37271	0.027366
54492	0.027367
48518	0.027367
20441	0.027369
26324	0.027370
45729	0.027373
12911	0.027374
50098	0.027374
36567	0.027375
31521	0.027376
11816	0.027379
60795	0.027379
60633	0.027382
26585	0.027383
36884	0.027384
22511	0.027390
25220	0.027398
35910	0.027398
59821	0.027398
40926	0.027398
8940	0.027402
61393	0.027402
42044	0.027402
49804	0.027403
7521	0.027403
41461	0.027404
39487	0.027405
44528	0.027409
30101	0.027409
42203	0.027411
34067	0.027415
51249	0.027415
39862	0.027416
37246	0.027417
10323	0.027418
21484	0.027419
48489	0.027420
14393	0.027420
10574	0.027421
48299	0.027422
45124	0.027425
36926	0.027426
50027	0.027428
8583	0.027429
15543	0.027433
8732	0.027434
30069	0.027437
9328	0.027444
45619	0.027444
60308	0.027444
41955	0.027447
35751	0.027447
52718	0.027450
7097	0.027451
21772	0.027452
40276	0.027453
48979	0.027457
46302	0.027458
18096	0.027460
49434	0.027460
34374	0.027460
17007	0.027461
39369	0.027463
17466	0.027463
19693	0.027466
26007	0.027469
25937	0.027469
61091	0.027471
19140	0.027471
17266	0.027473
16812	0.027475
54167	0.027476
35097	0.027476
48392	0.027480
58941	0.027481
46758	0.027483
52213	0.027483
10725	0.027486
23776	0.027488
22176	0.027489
39773	0.027492
47261	0.027492
21054	0.027493
41250	0.027494
9018	0.027494
36982	0.027496
30068	0.027496
16220	0.027497
38040	0.027498
45328	0.027499
52397	0.027500
44654	0.027500
19929	0.027506
56789	0.027506
10942	0.027507
54576	0.027509
61073	0.027509
11613	0.027512
61085	0.027512
7096	0.027512
10076	0.027514
55662	0.027515
16077	0.027515
11179	0.027519
13800	0.027522
57764	0.027522
8991	0.027523
14472	0.027524
14486	0.027525
48390	0.027526
19252	0.027534
7852	0.027535
17265	0.027537
9743	0.027537
57305	0.027538
14936	0.027539
46356	0.027542
10638	0.027543
51996	0.027548
11806	0.027553
25664	0.027555
15823	0.027557
39228	0.027560
54888	0.027565
27021	0.027569
32124	0.027570
16416	0.027570
85203	0.027570
12400	0.027571
17040	0.027576
17130	0.027577
43444	0.027577
11142	0.027578
39620	0.027580
9529	0.027580
48512	0.027580
10015	0.027581
44652	0.027583
12297	0.027587
36773	0.027590
14249	0.027590
14188	0.027592
8734	0.027593
25304	0.027593
46068	0.027596
32875	0.027599
30412	0.027599
32388	0.027599
41691	0.027601
25229	0.027604
9271	0.027605
61359	0.027606
38515	0.027607
60129	0.027607
7345	0.027612
42847	0.027613
17186	0.027614
8690	0.027616
22271	0.027616
14346	0.027617
11359	0.027618
39227	0.027618
15526	0.027622
56202	0.027624
58583	0.027625
16570	0.027627
12113	0.027627
42117	0.027629
14883	0.027629
44166	0.027629
20068	0.027629
17179	0.027630
8582	0.027630
61028	0.027631
49686	0.027634
55106	0.027635
7177	0.027636
36069	0.027639
35742	0.027641
46201	0.027642
43451	0.027642
8562	0.027646
61036	0.027647
24257	0.027648
25276	0.027649
13821	0.027649
53935	0.027650
10432	0.027650
49537	0.027654
36999	0.027659
58309	0.027659
25611	0.027659
13879	0.027660
40913	0.027661
25580	0.027662
7983	0.027663
60482	0.027663
25486	0.027664
16340	0.027667
14836	0.027669
25223	0.027674
55074	0.027674
32091	0.027674
53420	0.027676
9707	0.027678
52975	0.027682
26662	0.027682
41528	0.027682
19785	0.027683
46950	0.027684
56738	0.027684
38285	0.027686
57026	0.027687
13755	0.027688
12536	0.027688
50951	0.027689
46724	0.027690
46684	0.027695
52005	0.027696
19373	0.027696
22371	0.027698
12928	0.027699
53060	0.027700
6916	0.027701
8064	0.027704
6904	0.027705
35067	0.027707
33011	0.027711
47223	0.027711
10014	0.027711
34138	0.027711
41433	0.027712
15129	0.027713
37928	0.027713
58444	0.027715
36864	0.027716
57420	0.027717
17442	0.027718
34534	0.027718
10439	0.027719
14313	0.027720
24936	0.027721
27208	0.027722
53122	0.027723
46174	0.027724
57928	0.027727
38427	0.027728
27683	0.027729
22248	0.027730
22936	0.027730
14608	0.027731
29435	0.027733
55625	0.027734
38923	0.027735
14730	0.027735
61654	0.027735
58323	0.027735
40262	0.027735
48884	0.027736
22754	0.027737
26182	0.027738
35699	0.027740
10936	0.027741
27304	0.027741
43610	0.027742
11740	0.027752
61176	0.027752
41882	0.027755
15333	0.027756
17464	0.027756
36429	0.027757
50312	0.027760
42867	0.027761
10200	0.027762
46682	0.027763
28630	0.027763
17354	0.027765
9657	0.027766
9674	0.027766
14954	0.027766
25575	0.027767
25719	0.027767
55154	0.027771
42853	0.027772
54183	0.027773
16633	0.027773
24132	0.027775
39480	0.027776
47343	0.027776
14465	0.027777
52083	0.027779
28711	0.027780
33146	0.027780
34024	0.027781
60929	0.027781
61051	0.027781
61129	0.027781
14987	0.027785
9665	0.027786
61235	0.027786
47022	0.027787
21551	0.027788
50966	0.027790
49845	0.027794
23367	0.027795
16603	0.027795
27332	0.027799
26701	0.027800
22234	0.027800
60570	0.027803
14392	0.027805
10274	0.027806
58953	0.027807
61352	0.027808
9746	0.027808
43121	0.027809
55027	0.027811
16048	0.027812
61115	0.027814
40880	0.027814
13076	0.027815
8161	0.027816
50448	0.027818
61337	0.027821
48272	0.027822
54598	0.027823
23134	0.027827
52470	0.027827
125765	0.027829
137908	0.027829
63349	0.027829
61070	0.027831
15960	0.027832
28394	0.027833
21610	0.027834
14771	0.027835
53683	0.027837
54574	0.027839
51262	0.027839
13973	0.027841
10554	0.027845
56945	0.027846
42608	0.027850
53927	0.027851
16941	0.027853
23855	0.027858
17260	0.027859
7683	0.027859
60960	0.027859
14490	0.027859
16830	0.027859
14475	0.027859
53939	0.027860
17023	0.027861
48041	0.027862
23453	0.027863
46006	0.027865
60442	0.027865
61503	0.027866
36345	0.027868
18409	0.027869
26210	0.027871
50057	0.027873
26900	0.027873
38258	0.027874
22347	0.027878
28887	0.027879
20283	0.027883
9298	0.027884
46936	0.027886
125158	0.027890
26193	0.027890
21457	0.027895
51195	0.027895
60890	0.027895
61042	0.027895
61646	0.027895
16544	0.027895
52244	0.027895
49980	0.027897
48062	0.027899
17422	0.027899
41668	0.027900
11861	0.027901
33907	0.027904
37317	0.027905
27730	0.027906
32924	0.027907
17412	0.027910
39918	0.027913
38112	0.027914
51588	0.027915
9860	0.027915
14151	0.027917
29890	0.027917
29084	0.027923
28680	0.027925
46965	0.027925
27889	0.027925
16864	0.027928
16913	0.027928
15489	0.027928
42099	0.027929
16237	0.027929
35137	0.027929
34093	0.027931
53861	0.027932
28100	0.027932
23575	0.027932
24788	0.027933
53423	0.027933
22927	0.027933
30107	0.027934
49946	0.027935
21889	0.027935
16760	0.027935
56091	0.027936
13890	0.027937
9921	0.027939
10897	0.027940
23169	0.027941
19841	0.027942
46957	0.027948
42073	0.027948
47719	0.027949
55673	0.027950
60130	0.027950
45085	0.027951
37168	0.027952
57870	0.027953
10672	0.027954
15002	0.027954
16014	0.027954
29155	0.027954
7123	0.027954
13974	0.027957
21855	0.027957
54975	0.027958
51127	0.027959
55495	0.027960
53569	0.027960
61094	0.027961
24094	0.027966
16070	0.027967
27041	0.027968
10331	0.027968
11257	0.027969
41107	0.027970
15180	0.027971
16442	0.027971
41137	0.027974
35447	0.027974
16690	0.027975
112655	0.027978
45971	0.027981
29980	0.027982
14587	0.027983
47039	0.027983
37644	0.027983
11461	0.027984
34880	0.027987
8339	0.027988
29178	0.027989
16802	0.027992
10379	0.027993
40552	0.027994
60984	0.027994
125362	0.027995
14920	0.027997
38907	0.027998
50143	0.027999
81075	0.028001
16892	0.028002
14589	0.028003
16606	0.028005
13306	0.028005
61291	0.028005
22196	0.028006
56459	0.028011
23384	0.028011
16811	0.028013
52597	0.028013
56563	0.028019
7400	0.028019
8597	0.028019
57715	0.028020
32456	0.028021
19706	0.028022
42992	0.028023
15519	0.028026
49595	0.028027
33978	0.028028
45229	0.028031
27196	0.028031
51310	0.028034
58635	0.028034
33458	0.028035
54906	0.028035
44597	0.028036
23380	0.028036
7399	0.028039
54595	0.028040
40894	0.028041
9170	0.028043
29104	0.028044
30407	0.028044
45925	0.028046
6988	0.028047
15614	0.028048
55575	0.028050
16328	0.028052
15013	0.028053
16588	0.028053
11632	0.028056
48658	0.028058
35053	0.028058
45995	0.028059
16759	0.028060
46910	0.028060
34515	0.028061
31408	0.028063
13256	0.028064
24568	0.028065
42093	0.028065
51420	0.028066
47248	0.028066
39843	0.028067
61571	0.028070
32811	0.028071
39615	0.028073
36446	0.028075
28413	0.028076
27762	0.028080
34267	0.028081
40719	0.028082
27728	0.028085
40070	0.028085
39518	0.028088
10804	0.028088
46276	0.028090
54644	0.028092
60294	0.028093
24814	0.028094
57159	0.028097
26398	0.028100
56953	0.028100
36277	0.028101
32964	0.028102
14520	0.028103
57177	0.028106
16183	0.028109
50653	0.028110
48963	0.028110
11522	0.028111
43488	0.028111
50080	0.028112
17424	0.028112
11491	0.028113
16701	0.028114
60465	0.028115
13673	0.028115
49342	0.028115
44564	0.028119
21534	0.028120
29992	0.028120
55750	0.028125
11597	0.028125
51228	0.028127
36946	0.028128
22806	0.028128
14218	0.028129
7814	0.028129
15876	0.028129
11543	0.028129
61638	0.028132
12575	0.028134
52489	0.028134
46981	0.028134
12557	0.028135
48088	0.028136
41029	0.028140
46650	0.028140
25026	0.028140
47238	0.028141
13068	0.028143
36259	0.028144
33897	0.028147
41190	0.028147
36960	0.028150
7663	0.028152
29832	0.028153
13109	0.028153
53898	0.028155
11524	0.028159
54367	0.028160
33399	0.028160
26487	0.028163
23632	0.028163
32187	0.028165
22645	0.028169
60749	0.028170
42140	0.028172
46305	0.028173
29722	0.028174
39739	0.028180
30772	0.028182
7596	0.028185
17292	0.028187
61456	0.028188
22799	0.028189
32177	0.028189
34924	0.028191
10131	0.028195
8110	0.028198
14817	0.028198
41441	0.028199
54525	0.028199
16776	0.028199
9551	0.028201
119426	0.028203
46354	0.028203
16612	0.028204
21198	0.028205
57171	0.028205
50908	0.028206
42030	0.028210
54612	0.028210
16529	0.028210
61556	0.028210
48032	0.028210
14989	0.028210
47812	0.028211
33112	0.028211
39604	0.028212
10236	0.028213
36594	0.028213
13729	0.028215
40945	0.028216
58282	0.028217
16945	0.028218
53355	0.028218
45889	0.028218
16715	0.028219
22483	0.028224
7383	0.028225
8546	0.028227
10470	0.028228
35487	0.028230
61158	0.028234
45722	0.028234
13448	0.028237
53198	0.028239
49984	0.028240
36309	0.028242
41665	0.028247
17066	0.028251
53885	0.028251
20161	0.028253
27779	0.028254
28717	0.028255
11982	0.028255
53928	0.028257
16951	0.028259
16959	0.028259
52693	0.028260
29176	0.028263
60533	0.028264
19215	0.028266
28908	0.028267
13936	0.028269
55228	0.028271
38503	0.028274
25449	0.028275
52915	0.028276
17092	0.028277
15332	0.028281
11141	0.028282
23947	0.028283
46078	0.028284
25985	0.028286
39265	0.028287
19287	0.028289
19835	0.028292
26552	0.028292
15098	0.028293
16202	0.028293
14380	0.028297
21495	0.028297
39777	0.028299
49872	0.028300
31918	0.028300
51321	0.028300
40872	0.028303
40886	0.028304
37524	0.028305
36206	0.028305
16731	0.028306
10102	0.028306
8786	0.028308
9081	0.028311
25254	0.028311
54630	0.028315
11884	0.028315
16904	0.028317
47257	0.028317
7501	0.028317
19120	0.028319
46931	0.028321
46278	0.028321
8567	0.028324
30864	0.028324
29835	0.028325
27391	0.028326
43960	0.028328
49317	0.028329
28768	0.028330
58547	0.028330
61588	0.028331
42539	0.028332
21219	0.028333
47266	0.028336
52980	0.028337
26419	0.028337
42092	0.028339
31116	0.028342
51143	0.028343
45812	0.028343
43395	0.028344
47234	0.028347
14631	0.028350
60154	0.028350
20604	0.028353
9430	0.028353
9833	0.028355
16684	0.028355
45119	0.028356
48109	0.028356
16869	0.028360
24048	0.028360
31078	0.028360
50114	0.028360
13831	0.028363
60224	0.028365
55798	0.028365
7604	0.028366
41151	0.028369
15058	0.028369
60444	0.028374
7809	0.028375
27374	0.028381
61452	0.028382
44480	0.028385
16856	0.028385
28712	0.028386
137953	0.028387
60311	0.028388
13838	0.028388
8855	0.028389
38600	0.028389
54698	0.028390
14942	0.028391
42569	0.028393
55569	0.028394
45807	0.028395
25591	0.028395
33404	0.028396
14927	0.028396
56195	0.028397
51184	0.028398
44392	0.028398
54708	0.028402
30743	0.028403
15043	0.028403
44858	0.028405
31497	0.028406
14268	0.028406
33462	0.028406
24169	0.028408
54257	0.028410
32108	0.028413
55463	0.028413
25320	0.028414
58438	0.028415
33996	0.028417
60284	0.028417
31150	0.028419
47709	0.028419
61218	0.028419
60469	0.028421
31600	0.028422
9842	0.028424
14193	0.028424
11024	0.028425
34666	0.028425
61541	0.028426
8997	0.028428
39325	0.028429
14966	0.028430
60428	0.028430
20498	0.028431
16589	0.028431
15541	0.028434
11466	0.028434
36009	0.028434
57766	0.028435
60272	0.028435
47285	0.028436
40215	0.028437
9152	0.028438
10123	0.028438
32793	0.028438
36395	0.028440
60167	0.028440
9241	0.028440
16833	0.028442
8724	0.028442
16879	0.028444
10798	0.028446
42774	0.028447
49943	0.028449
55807	0.028449
34605	0.028449
30173	0.028449
54867	0.028450
22145	0.028451
44899	0.028451
40033	0.028452
55671	0.028454
60599	0.028454
51031	0.028455
7271	0.028455
27342	0.028459
27459	0.028465
26093	0.028467
41143	0.028468
15728	0.028472
33443	0.028473
49276	0.028474
60999	0.028474
61122	0.028474
12386	0.028475
38364	0.028477
17480	0.028478
23428	0.028482
31080	0.028482
36754	0.028484
7015	0.028485
49205	0.028486
35688	0.028486
23450	0.028487
15154	0.028488
60710	0.028489
57629	0.028494
11373	0.028496
60756	0.028499
43988	0.028499
53135	0.028500
29705	0.028502
32305	0.028502
13975	0.028504
10004	0.028506
34911	0.028506
39218	0.028506
7784	0.028507
35223	0.028508
29200	0.028508
40390	0.028509
57163	0.028509
31844	0.028510
14452	0.028510
29830	0.028511
23960	0.028512
7638	0.028513
14185	0.028515
25566	0.028515
54497	0.028515
46640	0.028516
22609	0.028521
15918	0.028524
41818	0.028528
37216	0.028528
8713	0.028529
37276	0.028529
48261	0.028531
17103	0.028532
60491	0.028533
31489	0.028537
26949	0.028537
58047	0.028537
55000	0.028538
54756	0.028538
60457	0.028539
16107	0.028546
43746	0.028547
8718	0.028549
29174	0.028550
22284	0.028550
22244	0.028551
11868	0.028556
9167	0.028556
61287	0.028558
30137	0.028559
9312	0.028560
17083	0.028560
16732	0.028561
24686	0.028563
8680	0.028564
60488	0.028565
9818	0.028565
43647	0.028567
8762	0.028567
56634	0.028569
16881	0.028571
17218	0.028573
23560	0.028573
14591	0.028574
56190	0.028575
55676	0.028580
50316	0.028581
47323	0.028583
24468	0.028583
10757	0.028584
39853	0.028584
44989	0.028585
30079	0.028585
7239	0.028585
35522	0.028586
52404	0.028588
22612	0.028589
57945	0.028592
55555	0.028592
61353	0.028594
37129	0.028595
10219	0.028595
17524	0.028595
29876	0.028595
52547	0.028596
14021	0.028597
29121	0.028597
30703	0.028598
10655	0.028599
13530	0.028602
15487	0.028602
33351	0.028603
23754	0.028604
57243	0.028604
11031	0.028605
23967	0.028605
15893	0.028606
26244	0.028607
50477	0.028608
36343	0.028609
34986	0.028609
7132	0.028611
39082	0.028611
30523	0.028612
40998	0.028613
38672	0.028615
15375	0.028615
36360	0.028617
52989	0.028618
37977	0.028618
33000	0.028619
43850	0.028619
40038	0.028620
35645	0.028622
21954	0.028622
56520	0.028624
34903	0.028624
30167	0.028625
36392	0.028627
39455	0.028627
48995	0.028627
52409	0.028628
20284	0.028628
48302	0.028629
16557	0.028630
54339	0.028631
53303	0.028632
12204	0.028632
7381	0.028633
46962	0.028635
46968	0.028637
21399	0.028637
48270	0.028639
45388	0.028640
15540	0.028641
17243	0.028641
56154	0.028642
56758	0.028645
16597	0.028646
61569	0.028646
35461	0.028646
8909	0.028647
8550	0.028648
14013	0.028651
20095	0.028655
21801	0.028659
34001	0.028659
59559	0.028659
35093	0.028660
9087	0.028660
9681	0.028663
38904	0.028665
40920	0.028669
25426	0.028670
19760	0.028670
17025	0.028671
57737	0.028672
57228	0.028673
12031	0.028674
23849	0.028674
15732	0.028676
34446	0.028679
26842	0.028680
39363	0.028684
49990	0.028685
9814	0.028685
45227	0.028686
20978	0.028687
39623	0.028691
26878	0.028691
11313	0.028692
20359	0.028692
36992	0.028693
45415	0.028696
16968	0.028700
48877	0.028702
37060	0.028702
54887	0.028703
56729	0.028704
16277	0.028706
58412	0.028706
23667	0.028706
58292	0.028709
56315	0.028710
12882	0.028711
33323	0.028711
61283	0.028712
46043	0.028712
35122	0.028712
29241	0.028713
23834	0.028714
54720	0.028716
55559	0.028716
47876	0.028716
45853	0.028716
35458	0.028717
30985	0.028721
31102	0.028721
22330	0.028723
22157	0.028728
19052	0.028730
61275	0.028730
30986	0.028730
14110	0.028732
28106	0.028732
39105	0.028733
39290	0.028735
20586	0.028737
13568	0.028738
56355	0.028738
47999	0.028738
16923	0.028741
14035	0.028742
10474	0.028742
13793	0.028743
40959	0.028744
8048	0.028745
51241	0.028746
10129	0.028746
17088	0.028746
53425	0.028750
30154	0.028751
12987	0.028756
10210	0.028756
50267	0.028758
37857	0.028760
34229	0.028761
14859	0.028763
45580	0.028763
44081	0.028765
25766	0.028767
50215	0.028768
29922	0.028769
41635	0.028770
17024	0.028772
6898	0.028773
58338	0.028774
8933	0.028774
16000	0.028775
54170	0.028776
47264	0.028778
15217	0.028778
41540	0.028779
51181	0.028779
54853	0.028781
58778	0.028781
60396	0.028781
13314	0.028782
29896	0.028782
23527	0.028785
7639	0.028787
21173	0.028787
49334	0.028788
56429	0.028792
52080	0.028793
10601	0.028794
52022	0.028796
61071	0.028796
14941	0.028796
22313	0.028796
22240	0.028796
34428	0.028798
47370	0.028800
10090	0.028800
31221	0.028801
9417	0.028803
51034	0.028803
55810	0.028804
44722	0.028805
15975	0.028807
17118	0.028807
24344	0.028808
47983	0.028809
43780	0.028809
42119	0.028810
21410	0.028810
25472	0.028811
10539	0.028812
11212	0.028813
11498	0.028813
48645	0.028813
12916	0.028815
40026	0.028815
44582	0.028815
15445	0.028816
20584	0.028817
47306	0.028818
8160	0.028820
6922	0.028822
12879	0.028823
12824	0.028823
12754	0.028824
58431	0.028826
54655	0.028827
24393	0.028829
51338	0.028831
47801	0.028834
44877	0.028835
10600	0.028836
48977	0.028836
60766	0.028840
54609	0.028841
57209	0.028844
14504	0.028845
39944	0.028846
53736	0.028848
42623	0.028850
59142	0.028851
27842	0.028854
47103	0.028855
43852	0.028856
15032	0.028857
33035	0.028858
57103	0.028860
33864	0.028861
14700	0.028862
29522	0.028863
43140	0.028863
54770	0.028864
43654	0.028865
36574	0.028866
7128	0.028867
7719	0.028869
42294	0.028870
16007	0.028872
16313	0.028875
57417	0.028875
36324	0.028876
23693	0.028876
53729	0.028877
49087	0.028878
42040	0.028878
23181	0.028880
44078	0.028880
22999	0.028881
40878	0.028881
14686	0.028882
25994	0.028885
39775	0.028885
16381	0.028885
37306	0.028887
75382	0.028888
7555	0.028889
43150	0.028892
56455	0.028893
49875	0.028894
8820	0.028895
29739	0.028896
47347	0.028899
10204	0.028899
16860	0.028900
46330	0.028900
7359	0.028902
22662	0.028902
20628	0.028907
55693	0.028910
48431	0.028910
61313	0.028911
53622	0.028911
36693	0.028912
12114	0.028913
40378	0.028916
12519	0.028917
61109	0.028918
48883	0.028918
40599	0.028919
38979	0.028919
50927	0.028919
34246	0.028921
15804	0.028921
47796	0.028922
29933	0.028922
9171	0.028926
12887	0.028928
47660	0.028929
9021	0.028930
8902	0.028933
36793	0.028935
42214	0.028937
60883	0.028937
40110	0.028938
13883	0.028942
32128	0.028944
30120	0.028944
29080	0.028945
39981	0.028948
20239	0.028948
42963	0.028950
49332	0.028950
52515	0.028952
26524	0.028953
52629	0.028953
8088	0.028954
46818	0.028955
37514	0.028956
20241	0.028957
9847	0.028959
17059	0.028960
56180	0.028960
52845	0.028960
30055	0.028961
12680	0.028961
34006	0.028961
58928	0.028961
60173	0.028961
9439	0.028961
48641	0.028962
42206	0.028963
21590	0.028963
21634	0.028963
15038	0.028964
15480	0.028966
9846	0.028966
60153	0.028967
12778	0.028969
50333	0.028971
38181	0.028972
7656	0.028972
54129	0.028973
24445	0.028974
20835	0.028975
56528	0.028976
47409	0.028976
54713	0.028977
11219	0.028977
8894	0.028979
14409	0.028979
23747	0.028980
53336	0.028981
25008	0.028982
51330	0.028982
25342	0.028983
47110	0.028985
13495	0.028986
40490	0.028986
49752	0.028989
51437	0.028990
22917	0.028991
36331	0.028992
54213	0.028999
30029	0.028999
23811	0.029000
35468	0.029003
38301	0.029007
12366	0.029007
33385	0.029008
16443	0.029009
61234	0.029011
8848	0.029011
31190	0.029011
9168	0.029012
55822	0.029013
23363	0.029013
29726	0.029013
56694	0.029013
47484	0.029014
61594	0.029016
61242	0.029017
25170	0.029017
56512	0.029019
27056	0.029021
36677	0.029023
27424	0.029024
27809	0.029025
51313	0.029026
56151	0.029026
46274	0.029026
41971	0.029029
27750	0.029029
37201	0.029030
16353	0.029031
30308	0.029032
33872	0.029033
37378	0.029034
39026	0.029034
45788	0.029035
30551	0.029035
11349	0.029036
61628	0.029037
14722	0.029037
24129	0.029041
20594	0.029041
23971	0.029045
25496	0.029047
44940	0.029050
14995	0.029051
39572	0.029051
48116	0.029051
60413	0.029052
27404	0.029053
45286	0.029053
8829	0.029053
8951	0.029054
14075	0.029054
32899	0.029057
10502	0.029059
32773	0.029061
54205	0.029062
30231	0.029065
34691	0.029067
55535	0.029069
14055	0.029070
25806	0.029071
14043	0.029071
17077	0.029071
16622	0.029073
27244	0.029073
61500	0.029073
41774	0.029077
51439	0.029078
16681	0.029080
28791	0.029081
11826	0.029081
15886	0.029082
9577	0.029085
50269	0.029085
43108	0.029086
12765	0.029086
22730	0.029090
20433	0.029090
24612	0.029090
48309	0.029090
32990	0.029091
15892	0.029093
19857	0.029094
19862	0.029097
60273	0.029098
52603	0.029098
22803	0.029100
8188	0.029100
53814	0.029101
28027	0.029105
56130	0.029105
42190	0.029106
14887	0.029106
14814	0.029106
60530	0.029107
27049	0.029107
9378	0.029108
53663	0.029108
7645	0.029109
32949	0.029109
8589	0.029110
44148	0.029111
53871	0.029111
35443	0.029113
113803	0.029115
50363	0.029116
55181	0.029117
38331	0.029119
30242	0.029120
58632	0.029122
11034	0.029124
9225	0.029124
40808	0.029125
47476	0.029125
41676	0.029127
17058	0.029128
56071	0.029128
8036	0.029129
11081	0.029131
22076	0.029131
30432	0.029132
8340	0.029133
17497	0.029133
38823	0.029139
23183	0.029140
45217	0.029142
27747	0.029142
51187	0.029147
16087	0.029148
61383	0.029149
47230	0.029150
34834	0.029151
14272	0.029153
57794	0.029154
17341	0.029154
22250	0.029155
15462	0.029156
10214	0.029156
41933	0.029156
61233	0.029157
46222	0.029157
8595	0.029158
47075	0.029159
46323	0.029160
13856	0.029163
7183	0.029163
7537	0.029164
32311	0.029164
20889	0.029165
31139	0.029167
39312	0.029170
27849	0.029170
25011	0.029170
55467	0.029172
34288	0.029173
53632	0.029174
25112	0.029175
47599	0.029175
28154	0.029177
52057	0.029179
43165	0.029185
10406	0.029186
24247	0.029187
34548	0.029187
42024	0.029188
17313	0.029188
39817	0.029189
11607	0.029189
16696	0.029191
9455	0.029191
8069	0.029194
37150	0.029196
61491	0.029196
51605	0.029198
8543	0.029201
16265	0.029202
17530	0.029203
11023	0.029203
49782	0.029203
54914	0.029205
46489	0.029205
25384	0.029207
24336	0.029209
48880	0.029214
12628	0.029215
11366	0.029215
52065	0.029216
32930	0.029217
16229	0.029218
17190	0.029219
57645	0.029220
15089	0.029221
19347	0.029222
20520	0.029223
61365	0.029223
7693	0.029224
57604	0.029225
60501	0.029225
30053	0.029225
28687	0.029228
60886	0.029229
55605	0.029229
10869	0.029229
12365	0.029230
38509	0.029233
32660	0.029234
54477	0.029235
17452	0.029235
57745	0.029236
49470	0.029236
55687	0.029236
13768	0.029237
61004	0.029237
52587	0.029240
54747	0.029243
25588	0.029244
11454	0.029246
30132	0.029247
52159	0.029248
48924	0.029249
10356	0.029249
44061	0.029251
25988	0.029252
44045	0.029252
26770	0.029252
39400	0.029253
23626	0.029253
10400	0.029255
49330	0.029255
7530	0.029256
38082	0.029257
60275	0.029258
61664	0.029258
25364	0.029258
50071	0.029258
49371	0.029259
9126	0.029259
29442	0.029261
46755	0.029263
58041	0.029265
9494	0.029267
31648	0.029269
11563	0.029270
30145	0.029271
33902	0.029271
24913	0.029272
43968	0.029277
46753	0.029279
22908	0.029279
29854	0.029281
27026	0.029281
48164	0.029281
23159	0.029281
46313	0.029285
50470	0.029287
27606	0.029288
27252	0.029288
15210	0.029288
16839	0.029289
33474	0.029289
7108	0.029292
54614	0.029293
25915	0.029293
16746	0.029298
47169	0.029298
58538	0.029299
15773	0.029299
22223	0.029301
35024	0.029301
12653	0.029301
11494	0.029303
7968	0.029303
10286	0.029304
25896	0.029305
11801	0.029306
22532	0.029307
45043	0.029308
8410	0.029309
47244	0.029310
17336	0.029311
34248	0.029312
19016	0.029316
26785	0.029318
14572	0.029320
17123	0.029320
35586	0.029322
52760	0.029323
17080	0.029324
57335	0.029325
17165	0.029327
53878	0.029327
11271	0.029329
37275	0.029333
50970	0.029333
39562	0.029336
10151	0.029338
45691	0.029339
39407	0.029339
41866	0.029340
43739	0.029340
32181	0.029342
19818	0.029342
27249	0.029344
45586	0.029344
45493	0.029345
45694	0.029346
14988	0.029346
57234	0.029349
38544	0.029350
15185	0.029351
50414	0.029351
45624	0.029352
15419	0.029354
47311	0.029355
13297	0.029356
13060	0.029358
40043	0.029359
32001	0.029361
61195	0.029361
11977	0.029366
42710	0.029366
52054	0.029367
52349	0.029367
29209	0.029369
43492	0.029371
47609	0.029371
20813	0.029372
11555	0.029372
56111	0.029374
54201	0.029374
39181	0.029375
16251	0.029375
14295	0.029377
60941	0.029377
56207	0.029377
52531	0.029379
20446	0.029381
14062	0.029382
10929	0.029383
21252	0.029384
10536	0.029385
27162	0.029385
41132	0.029391
22155	0.029392
33111	0.029392
40312	0.029393
11867	0.029395
48890	0.029397
25389	0.029397
9061	0.029398
50487	0.029399
60279	0.029399
49971	0.029399
46798	0.029400
41894	0.029401
28725	0.029404
9869	0.029405
29086	0.029406
9942	0.029406
53832	0.029407
43484	0.029407
30286	0.029409
42937	0.029411
41858	0.029412
9086	0.029414
27406	0.029416
16741	0.029417
41404	0.029418
50643	0.029418
57144	0.029418
12863	0.029419
13719	0.029421
16006	0.029421
34958	0.029424
9048	0.029424
36082	0.029425
20331	0.029425
46298	0.029426
23660	0.029426
60360	0.029427
16206	0.029432
27138	0.029433
13997	0.029434
52377	0.029434
13385	0.029435
54813	0.029435
57897	0.029436
29068	0.029436
17368	0.029438
36290	0.029439
12014	0.029440
51201	0.029441
17033	0.029442
20949	0.029443
26087	0.029443
51994	0.029445
33714	0.029445
10547	0.029446
27936	0.029449
34452	0.029451
8737	0.029452
27726	0.029452
12977	0.029452
16707	0.029454
21043	0.029454
40085	0.029454
46352	0.029454
61617	0.029455
48757	0.029455
32798	0.029456
40021	0.029457
52617	0.029457
22307	0.029458
28221	0.029459
30416	0.029459
32766	0.029459
42042	0.029461
17215	0.029461
119356	0.029462
21515	0.029462
13994	0.029462
49171	0.029463
32951	0.029464
28782	0.029465
14606	0.029467
19469	0.029470
31583	0.029471
26654	0.029475
22132	0.029476
20901	0.029476
7686	0.029478
32601	0.029479
14998	0.029479
9859	0.029481
58176	0.029482
49889	0.029482
13772	0.029486
17133	0.029487
44930	0.029489
16740	0.029490
20139	0.029491
39864	0.029491
34595	0.029492
34501	0.029492
32217	0.029492
36774	0.029493
40823	0.029493
55055	0.029495
58314	0.029498
12670	0.029499
39038	0.029499
55147	0.029500
61598	0.029501
21389	0.029501
9470	0.029503
41456	0.029504
26191	0.029504
22034	0.029505
55415	0.029506
21059	0.029508
50517	0.029508
32694	0.029511
47340	0.029512
8520	0.029514
13133	0.029515
10570	0.029515
15795	0.029515
13191	0.029516
19122	0.029517
52538	0.029517
36744	0.029519
50936	0.029519
20537	0.029522
21618	0.029522
11198	0.029524
16765	0.029526
16885	0.029527
56289	0.029528
29782	0.029530
7868	0.029530
55460	0.029531
49265	0.029533
29030	0.029534
53013	0.029535
43023	0.029535
19056	0.029536
21424	0.029537
47283	0.029538
31278	0.029540
47649	0.029542
49109	0.029542
10475	0.029542
50565	0.029546
28354	0.029546
28022	0.029547
15392	0.029547
15106	0.029548
56630	0.029549
10907	0.029550
55634	0.029550
56550	0.029550
52428	0.029553
48509	0.029553
51601	0.029554
11274	0.029556
16559	0.029557
43053	0.029558
10976	0.029558
53156	0.029559
31667	0.029559
52864	0.029561
10546	0.029563
34109	0.029563
9919	0.029564
8957	0.029566
45271	0.029567
27394	0.029568
37214	0.029569
25823	0.029570
25981	0.029571
29915	0.029571
41243	0.029572
38559	0.029573
23979	0.029576
46983	0.029576
21140	0.029576
25917	0.029577
26350	0.029577
49900	0.029577
47798	0.029577
44860	0.029577
29082	0.029578
14875	0.029578
21558	0.029578
30040	0.029578
39247	0.029578
40704	0.029578
52476	0.029578
56144	0.029578
58434	0.029578
60138	0.029578
61034	0.029578
30062	0.029581
19206	0.029582
10952	0.029582
56605	0.029586
54962	0.029587
55388	0.029588
44843	0.029588
42047	0.029588
57473	0.029589
25344	0.029590
58325	0.029591
15805	0.029591
16347	0.029591
19491	0.029591
34638	0.029591
52049	0.029591
60172	0.029591
14718	0.029592
26906	0.029594
7698	0.029598
39331	0.029599
7140	0.029600
33196	0.029601
46625	0.029601
15428	0.029602
58351	0.029602
12005	0.029604
31814	0.029604
16912	0.029605
43102	0.029607
59461	0.029608
8403	0.029609
14248	0.029610
48730	0.029614
8018	0.029614
17062	0.029616
61378	0.029616
56463	0.029616
25070	0.029620
27547	0.029620
37102	0.029620
10302	0.029620
11410	0.029622
22916	0.029622
56974	0.029624
14569	0.029625
25305	0.029627
45741	0.029627
32655	0.029628
11006	0.029630
16537	0.029632
51665	0.029634
19993	0.029635
30763	0.029636
8872	0.029636
53781	0.029637
8548	0.029637
22199	0.029638
28804	0.029638
44730	0.029639
13440	0.029639
23945	0.029639
53405	0.029640
38436	0.029640
54822	0.029640
25225	0.029642
16176	0.029644
23982	0.029644
19298	0.029647
7625	0.029647
10986	0.029649
50726	0.029650
29898	0.029651
47054	0.029652
13544	0.029652
38673	0.029653
49551	0.029654
16965	0.029654
60325	0.029655
10665	0.029657
41531	0.029657
14611	0.029657
24057	0.029658
36988	0.029658
56834	0.029659
10438	0.029661
10127	0.029662
27615	0.029663
56829	0.029664
46590	0.029664
13291	0.029665
49010	0.029665
23699	0.029667
41055	0.029668
58559	0.029668
25950	0.029668
25818	0.029669
31040	0.029669
39846	0.029671
53767	0.029671
39449	0.029671
26514	0.029672
60679	0.029673
43113	0.029673
19336	0.029675
40747	0.029677
61238	0.029678
9301	0.029679
16997	0.029680
35298	0.029680
8171	0.029682
23680	0.029682
34205	0.029683
53887	0.029684
42777	0.029685
32085	0.029685
11196	0.029686
24338	0.029686
34104	0.029687
32701	0.029689
53179	0.029690
46218	0.029690
32780	0.029691
17081	0.029696
45544	0.029696
9318	0.029699
34836	0.029700
34008	0.029700
57805	0.029701
9377	0.029701
50217	0.029701
15055	0.029702
50516	0.029702
60430	0.029704
61297	0.029704
56534	0.029706
28872	0.029707
32190	0.029707
40138	0.029707
27467	0.029708
39797	0.029709
13392	0.029709
42475	0.029710
41768	0.029712
10595	0.029713
61619	0.029713
52010	0.029714
34869	0.029720
44146	0.029721
15963	0.029722
43729	0.029722
8870	0.029723
10064	0.029723
22327	0.029724
34706	0.029725
46703	0.029728
16214	0.029728
44134	0.029729
45118	0.029729
48147	0.029730
23696	0.029733
49967	0.029734
31851	0.029736
10248	0.029736
61302	0.029737
55061	0.029738
16575	0.029739
37581	0.029739
36970	0.029740
19217	0.029741
60686	0.029741
55393	0.029743
43055	0.029745
47314	0.029746
41359	0.029747
61386	0.029747
46871	0.029747
41058	0.029750
39033	0.029751
34217	0.029752
51082	0.029752
36001	0.029752
19271	0.029753
11093	0.029753
26072	0.029753
31070	0.029753
49997	0.029754
48643	0.029755
21343	0.029755
38545	0.029756
34304	0.029756
9374	0.029757
35399	0.029762
54327	0.029762
50939	0.029762
36954	0.029763
58216	0.029764
6912	0.029765
24278	0.029765
12533	0.029767
16515	0.029768
39353	0.029768
14900	0.029770
53046	0.029770
53641	0.029771
14825	0.029772
49357	0.029772
16444	0.029773
10179	0.029774
16964	0.029775
7341	0.029776
32366	0.029778
16536	0.029778
20904	0.029780
10328	0.029781
34062	0.029782
32932	0.029786
52631	0.029788
57455	0.029792
34210	0.029796
14744	0.029796
19313	0.029796
57833	0.029798
60915	0.029798
14008	0.029798
34538	0.029799
60126	0.029799
51022	0.029800
36326	0.029800
57810	0.029803
48180	0.029803
14683	0.029804
10597	0.029806
26734	0.029808
15048	0.029809
14812	0.029810
27025	0.029811
113939	0.029813
10844	0.029817
12383	0.029818
11745	0.029818
42697	0.029819
27814	0.029821
9238	0.029822
41607	0.029825
56127	0.029826
53288	0.029826
22029	0.029826
48253	0.029827
42232	0.029828
26611	0.029829
54465	0.029829
43048	0.029830
25810	0.029831
51325	0.029834
27575	0.029835
17041	0.029835
12530	0.029837
9172	0.029837
7810	0.029837
9864	0.029841
12442	0.029841
22530	0.029841
8329	0.029847
49366	0.029849
56139	0.029849
25197	0.029851
57582	0.029851
37144	0.029853
8689	0.029854
26957	0.029856
11564	0.029858
53652	0.029861
9309	0.029861
40905	0.029864
9177	0.029864
61119	0.029864
31837	0.029864
56924	0.029864
15689	0.029866
57862	0.029867
47131	0.029869
43812	0.029870
26617	0.029870
13041	0.029870
55473	0.029870
13302	0.029871
20736	0.029871
37151	0.029872
30936	0.029873
53978	0.029873
15999	0.029873
13668	0.029874
46986	0.029874
43366	0.029875
53998	0.029876
38658	0.029880
22514	0.029883
12943	0.029883
11462	0.029886
26560	0.029887
35662	0.029888
10112	0.029888
19733	0.029889
44346	0.029891
17476	0.029894
25505	0.029894
30070	0.029895
55309	0.029895
21084	0.029900
22105	0.029900
14245	0.029904
52782	0.029904
19019	0.029904
10061	0.029904
35557	0.029905
61305	0.029908
23799	0.029908
7047	0.029909
32287	0.029909
16343	0.029911
12173	0.029912
24493	0.029913
53618	0.029914
44817	0.029915
34382	0.029916
21788	0.029916
55655	0.029918
17267	0.029919
9565	0.029923
32222	0.029924
57490	0.029925
60746	0.029925
32543	0.029925
30829	0.029925
6923	0.029926
47471	0.029926
57594	0.029926
36202	0.029930
27325	0.029931
18381	0.029931
30689	0.029932
33046	0.029933
7946	0.029933
60410	0.029933
44499	0.029933
41255	0.029933
55631	0.029934
13250	0.029937
10543	0.029938
60674	0.029938
56414	0.029939
11497	0.029939
27886	0.029940
23420	0.029940
58448	0.029941
13129	0.029942
52715	0.029943
56920	0.029944
52231	0.029944
48377	0.029945
15838	0.029945
7115	0.029945
29038	0.029945
25187	0.029945
10533	0.029948
22650	0.029949
48066	0.029949
53951	0.029950
53535	0.029951
22160	0.029951
14260	0.029953
14382	0.029955
8939	0.029956
19364	0.029959
14485	0.029960
28801	0.029962
61279	0.029964
41521	0.029965
13097	0.029965
26857	0.029966
15596	0.029968
41349	0.029970
10071	0.029971
29745	0.029971
12137	0.029974
30142	0.029975
37197	0.029976
28895	0.029977
35664	0.029978
13522	0.029978
30791	0.029980
14858	0.029983
52331	0.029983
17417	0.029984
30667	0.029984
45480	0.029987
32433	0.029987
56391	0.029988
14370	0.029993
57256	0.029993
50497	0.029996
31922	0.029996
35580	0.029996
48099	0.029997
23904	0.029997
47480	0.029997
20599	0.029998
9240	0.029999
24777	0.029999
34377	0.030002
51581	0.030004
27421	0.030004
39142	0.030006
25744	0.030006
16342	0.030007
16106	0.030008
9287	0.030014
8182	0.030018
17111	0.030025
8926	0.030026
47960	0.030027
8243	0.030027
55749	0.030028
37804	0.030029
33121	0.030029
43110	0.030030
13790	0.030031
25109	0.030032
55801	0.030033
39091	0.030034
8587	0.030034
39807	0.030035
10848	0.030035
109539	0.030035
11548	0.030035
125658	0.030035
13202	0.030035
13496	0.030035
137880	0.030035
27915	0.030035
32034	0.030035
47394	0.030035
49044	0.030035
50329	0.030035
56170	0.030035
60719	0.030035
60787	0.030035
61369	0.030035
61585	0.030035
67539	0.030035
8768	0.030035
21553	0.030036
12839	0.030036
34905	0.030036
7678	0.030036
47799	0.030037
32992	0.030039
41680	0.030040
33321	0.030042
17045	0.030044
54131	0.030044
32657	0.030045
54409	0.030046
17504	0.030046
33362	0.030047
36721	0.030047
10679	0.030048
9684	0.030052
30082	0.030053
51131	0.030054
28973	0.030054
17502	0.030054
55643	0.030055
32927	0.030055
8800	0.030056
56641	0.030059
46465	0.030060
28781	0.030060
11255	0.030061
47349	0.030061
31835	0.030062
42197	0.030065
22772	0.030066
12127	0.030066
61400	0.030067
14717	0.030069
51279	0.030072
57690	0.030073
14721	0.030074
49093	0.030076
11508	0.030077
52322	0.030077
58057	0.030080
15199	0.030081
54902	0.030081
52153	0.030082
16817	0.030083
22286	0.030083
33122	0.030084
53137	0.030084
32826	0.030084
47020	0.030084
19637	0.030086
45064	0.030087
47368	0.030088
44975	0.030089
61373	0.030090
44517	0.030091
17439	0.030092
11207	0.030093
32653	0.030094
41729	0.030094
39793	0.030098
52378	0.030101
9043	0.030101
17053	0.030101
49756	0.030102
30500	0.030102
21556	0.030102
12010	0.030103
21100	0.030103
9688	0.030104
25110	0.030108
13763	0.030109
55356	0.030111
8804	0.030112
17329	0.030112
51732	0.030112
47962	0.030113
14010	0.030115
13380	0.030115
14444	0.030117
19407	0.030120
43388	0.030121
31991	0.030121
52307	0.030122
54663	0.030123
8331	0.030125
8416	0.030125
16308	0.030125
27371	0.030127
10283	0.030127
35818	0.030128
25215	0.030130
25145	0.030130
47857	0.030131
51080	0.030132
31285	0.030132
33332	0.030132
48822	0.030133
36678	0.030136
22563	0.030137
15958	0.030137
13520	0.030138
39707	0.030145
22591	0.030146
15446	0.030146
30786	0.030147
21541	0.030147
50264	0.030148
54782	0.030148
49359	0.030149
36374	0.030152
27335	0.030154
12818	0.030154
31452	0.030156
21862	0.030157
13934	0.030160
43917	0.030162
31470	0.030162
23561	0.030163
37131	0.030164
37030	0.030164
20209	0.030166
10744	0.030170
37056	0.030170
23764	0.030172
29132	0.030174
25555	0.030176
60011	0.030179
38176	0.030179
15671	0.030183
9508	0.030183
13757	0.030184
7587	0.030185
11439	0.030186
44305	0.030187
12859	0.030189
16085	0.030191
21683	0.030193
58453	0.030194
29203	0.030194
8547	0.030197
44526	0.030197
16728	0.030198
12825	0.030199
16321	0.030199
60818	0.030199
12652	0.030199
30691	0.030199
17253	0.030200
46280	0.030201
28411	0.030202
29794	0.030203
45486	0.030204
61226	0.030205
44006	0.030205
14695	0.030206
17038	0.030207
17393	0.030207
20318	0.030208
45658	0.030209
10552	0.030210
7544	0.030210
19377	0.030210
23515	0.030212
10330	0.030212
10618	0.030212
44833	0.030212
12529	0.030213
7207	0.030213
27200	0.030213
42220	0.030215
23568	0.030217
47025	0.030217
10654	0.030220
35695	0.030221
44691	0.030223
37667	0.030223
28098	0.030224
50953	0.030224
14177	0.030225
12725	0.030225
55993	0.030228
22841	0.030228
17296	0.030229
29809	0.030229
42610	0.030230
61630	0.030232
9148	0.030234
9054	0.030235
52936	0.030236
20016	0.030238
23274	0.030238
33130	0.030238
35357	0.030238
61563	0.030238
37037	0.030238
61513	0.030239
55956	0.030242
55347	0.030243
21038	0.030244
12155	0.030244
17091	0.030248
34507	0.030248
11827	0.030249
52525	0.030251
45946	0.030251
16686	0.030253
56654	0.030254
47681	0.030255
9192	0.030256
34653	0.030256
19197	0.030256
19249	0.030258
12157	0.030259
40892	0.030259
9236	0.030260
14133	0.030261
41345	0.030262
29098	0.030264
16431	0.030265
20885	0.030265
40316	0.030265
29943	0.030266
20700	0.030267
22897	0.030269
60421	0.030269
9387	0.030270
12284	0.030271
30979	0.030273
61169	0.030273
60381	0.030274
8158	0.030274
29137	0.030276
20825	0.030277
32704	0.030277
52973	0.030279
9696	0.030282
47923	0.030283
61611	0.030283
39887	0.030285
27149	0.030285
23088	0.030285
36690	0.030285
36227	0.030290
43882	0.030293
15514	0.030293
53947	0.030293
45348	0.030293
22428	0.030294
10265	0.030295
27769	0.030295
21573	0.030296
30135	0.030296
56115	0.030298
29792	0.030300
28703	0.030300
10253	0.030300
43848	0.030300
27760	0.030302
39451	0.030305
12559	0.030307
60739	0.030309
21104	0.030309
20621	0.030312
43723	0.030313
11587	0.030313
7072	0.030314
9666	0.030314
36286	0.030315
40162	0.030316
37082	0.030316
51401	0.030317
45535	0.030317
58620	0.030318
50446	0.030319
53993	0.030319
57145	0.030321
40876	0.030324
12770	0.030326
48969	0.030327
26227	0.030328
41381	0.030329
41761	0.030334
32632	0.030334
17456	0.030334
24413	0.030334
44776	0.030335
10544	0.030337
50471	0.030338
14738	0.030340
35493	0.030343
8602	0.030344
46158	0.030345
41102	0.030345
34361	0.030345
31773	0.030346
21799	0.030347
53150	0.030348
12718	0.030348
11013	0.030350
14390	0.030352
10045	0.030353
31275	0.030353
61062	0.030353
47252	0.030354
47865	0.030355
13970	0.030356
16552	0.030362
61236	0.030363
42115	0.030363
61512	0.030365
18971	0.030367
54600	0.030368
27418	0.030369
40444	0.030370
39815	0.030370
49057	0.030372
51900	0.030374
32027	0.030374
30769	0.030376
55471	0.030379
16436	0.030381
13878	0.030382
10031	0.030387
35060	0.030387
34536	0.030388
36785	0.030389
60502	0.030392
25758	0.030392
42749	0.030394
16187	0.030395
55174	0.030395
51722	0.030396
35643	0.030399
49444	0.030399
32254	0.030400
37669	0.030400
37585	0.030402
14496	0.030406
48125	0.030407
7407	0.030408
16662	0.030409
47408	0.030409
47973	0.030409
24947	0.030410
27450	0.030410
9097	0.030411
16664	0.030412
36571	0.030412
47773	0.030413
10055	0.030415
38454	0.030416
47281	0.030417
50174	0.030417
49361	0.030417
29158	0.030417
36295	0.030418
8226	0.030418
20748	0.030418
51093	0.030418
49780	0.030420
25618	0.030421
53936	0.030423
57577	0.030423
13223	0.030423
16554	0.030424
42699	0.030425
12125	0.030427
27870	0.030428
21233	0.030429
16944	0.030429
56691	0.030430
13033	0.030432
60836	0.030434
34660	0.030434
23203	0.030437
50627	0.030438
39833	0.030438
25532	0.030438
50532	0.030438
19684	0.030440
47886	0.030440
37194	0.030442
19173	0.030442
24875	0.030443
33859	0.030446
52289	0.030446
27536	0.030447
35199	0.030448
7556	0.030448
19641	0.030449
42229	0.030453
57786	0.030455
15057	0.030455
20763	0.030457
12154	0.030458
29046	0.030458
56044	0.030459
36603	0.030460
19507	0.030460
43883	0.030460
46337	0.030461
35704	0.030462
53850	0.030465
9285	0.030466
39470	0.030468
26055	0.030471
38982	0.030472
22983	0.030473
25075	0.030475
42311	0.030475
13889	0.030476
11570	0.030476
23562	0.030476
10885	0.030476
11766	0.030478
25058	0.030481
10355	0.030481
32981	0.030482
15131	0.030483
52483	0.030483
44727	0.030483
10662	0.030484
46876	0.030486
21130	0.030488
17094	0.030490
25756	0.030491
11815	0.030492
44712	0.030493
39345	0.030493
37207	0.030494
45127	0.030494
30494	0.030495
34482	0.030497
32908	0.030498
53685	0.030498
33534	0.030500
56484	0.030501
57350	0.030503
39866	0.030505
26424	0.030506
48636	0.030508
9813	0.030510
21106	0.030510
43802	0.030510
33932	0.030510
30066	0.030513
32443	0.030513
53852	0.030514
9873	0.030514
22599	0.030514
61529	0.030515
47883	0.030519
9124	0.030526
19021	0.030527
32326	0.030527
60973	0.030528
11619	0.030528
17528	0.030529
8244	0.030529
44424	0.030532
16121	0.030534
53925	0.030534
25453	0.030535
15520	0.030536
25378	0.030536
38681	0.030540
8005	0.030542
27567	0.030542
53904	0.030544
41373	0.030547
11335	0.030547
12840	0.030550
7676	0.030550
38457	0.030552
35744	0.030552
57289	0.030554
29788	0.030556
56382	0.030556
48158	0.030556
54977	0.030557
27826	0.030558
9030	0.030558
32946	0.030558
33204	0.030560
31103	0.030561
51038	0.030563
23858	0.030564
34339	0.030564
43198	0.030564
28195	0.030565
14002	0.030568
43923	0.030569
30394	0.030570
48784	0.030574
30638	0.030574
23650	0.030576
60802	0.030576
16781	0.030577
10360	0.030577
54607	0.030578
38678	0.030578
21075	0.030579
47066	0.030579
45318	0.030581
14381	0.030582
13400	0.030583
7510	0.030583
8736	0.030584
14849	0.030584
54670	0.030586
46308	0.030587
31510	0.030588
52769	0.030589
20887	0.030590
53866	0.030591
44649	0.030591
17432	0.030591
7543	0.030591
27377	0.030593
9683	0.030595
36605	0.030596
11322	0.030597
35358	0.030598
30616	0.030598
36205	0.030598
7267	0.030599
16861	0.030600
9412	0.030600
35709	0.030600
46071	0.030601
51435	0.030603
35035	0.030603
53313	0.030605
48889	0.030606
50575	0.030607
7692	0.030607
13664	0.030608
49669	0.030610
60705	0.030610
47018	0.030610
17030	0.030612
53636	0.030613
39341	0.030614
27087	0.030614
47308	0.030615
37386	0.030616
40643	0.030619
12567	0.030622
39804	0.030622
14053	0.030622
23929	0.030623
50142	0.030624
37011	0.030624
39747	0.030624
9984	0.030625
43230	0.030626
21010	0.030629
39335	0.030629
8808	0.030630
27959	0.030630
50034	0.030630
22215	0.030633
9386	0.030634
25166	0.030634
42223	0.030635
41146	0.030636
48879	0.030637
51966	0.030637
9295	0.030637
22361	0.030638
58349	0.030638
49785	0.030639
12484	0.030640
47319	0.030640
35438	0.030643
137609	0.030644
36229	0.030646
33298	0.030647
35794	0.030647
21502	0.030648
13776	0.030649
20739	0.030650
45501	0.030651
20807	0.030652
41799	0.030654
59779	0.030654
9831	0.030654
52963	0.030656
32822	0.030658
34658	0.030660
35808	0.030664
12993	0.030665
46300	0.030667
8960	0.030669
30939	0.030670
11876	0.030672
32648	0.030672
9895	0.030673
35935	0.030674
17344	0.030675
29073	0.030675
45411	0.030676
57441	0.030676
14519	0.030678
15373	0.030680
57694	0.030680
8585	0.030681
11964	0.030682
42016	0.030687
61661	0.030688
16233	0.030689
20766	0.030690
19966	0.030690
25957	0.030691
14034	0.030691
20472	0.030693
54389	0.030695
29953	0.030695
26096	0.030697
56864	0.030698
36186	0.030699
53971	0.030699
21479	0.030700
39008	0.030700
33471	0.030700
11100	0.030703
8708	0.030705
13637	0.030705
56878	0.030707
55622	0.030707
39724	0.030707
14783	0.030710
16136	0.030711
50012	0.030712
60892	0.030713
45532	0.030713
16142	0.030714
52853	0.030714
22900	0.030717
46657	0.030718
61647	0.030722
20070	0.030723
22549	0.030724
17377	0.030725
23054	0.030727
37943	0.030727
55614	0.030729
10865	0.030730
55052	0.030731
27044	0.030731
38334	0.030731
29945	0.030732
12389	0.030733
49312	0.030733
14379	0.030734
39443	0.030734
20918	0.030734
13274	0.030740
51941	0.030740
46921	0.030741
30543	0.030742
56359	0.030742
15453	0.030742
13444	0.030744
45717	0.030749
19296	0.030751
33774	0.030752
31804	0.030753
33705	0.030754
13387	0.030754
7964	0.030754
15208	0.030755
22468	0.030756
48962	0.030756
52225	0.030763
61143	0.030764
13137	0.030765
16011	0.030766
29264	0.030766
17227	0.030767
25118	0.030770
41812	0.030770
15644	0.030771
58153	0.030772
39660	0.030773
57199	0.030775
37236	0.030776
26686	0.030777
33318	0.030778
28933	0.030779
29773	0.030781
23518	0.030784
12709	0.030784
27973	0.030787
35678	0.030793
19836	0.030794
25020	0.030795
45689	0.030795
50314	0.030798
40121	0.030798
56318	0.030798
16614	0.030799
21111	0.030800
31114	0.030801
26152	0.030803
61105	0.030807
56666	0.030808
46335	0.030809
27260	0.030811
31886	0.030812
14761	0.030814
58015	0.030815
33336	0.030815
8501	0.030816
42236	0.030818
8576	0.030822
20077	0.030825
11424	0.030827
37002	0.030833
21769	0.030834
8082	0.030835
60423	0.030836
8362	0.030836
16092	0.030837
57618	0.030839
50466	0.030840
28031	0.030841
11853	0.030843
50602	0.030843
42084	0.030845
18974	0.030847
11293	0.030848
47047	0.030853
35197	0.030854
32913	0.030854
24441	0.030855
38226	0.030855
21448	0.030856
28004	0.030856
40363	0.030856
46203	0.030857
25205	0.030859
57804	0.030859
36753	0.030861
15832	0.030863
57778	0.030863
25715	0.030864
17082	0.030864
54323	0.030865
36850	0.030866
42217	0.030867
13521	0.030868
11330	0.030868
58482	0.030871
25543	0.030871
52872	0.030872
16531	0.030873
18291	0.030874
34509	0.030876
7291	0.030876
30510	0.030879
11301	0.030879
24423	0.030879
37167	0.030881
60466	0.030881
39609	0.030884
14105	0.030885
45354	0.030886
35793	0.030886
9296	0.030886
14980	0.030888
24351	0.030891
39575	0.030893
10919	0.030893
24839	0.030895
54684	0.030896
16584	0.030896
56794	0.030896
16190	0.030897
28367	0.030899
44435	0.030901
41788	0.030901
45523	0.030901
31270	0.030901
23557	0.030903
15916	0.030904
41094	0.030904
42333	0.030911
42841	0.030914
26987	0.030919
41816	0.030920
46214	0.030921
7238	0.030923
23039	0.030925
22535	0.030925
31421	0.030926
41896	0.030926
27114	0.030927
41919	0.030929
58487	0.030929
7581	0.030930
44269	0.030930
10295	0.030932
27453	0.030932
8552	0.030933
26935	0.030937
10687	0.030938
30868	0.030940
54185	0.030942
43985	0.030944
43069	0.030944
47435	0.030945
16349	0.030947
47626	0.030947
60542	0.030948
46469	0.030948
42122	0.030949
50468	0.030950
33305	0.030950
37394	0.030951
48988	0.030952
30729	0.030954
43891	0.030955
29090	0.030955
61545	0.030957
49316	0.030958
35396	0.030959
23911	0.030960
26999	0.030961
39306	0.030962
53263	0.030962
41245	0.030962
28002	0.030967
44643	0.030967
30236	0.030968
29102	0.030969
58489	0.030970
12401	0.030971
54262	0.030971
7902	0.030972
36220	0.030972
16494	0.030972
40102	0.030973
35141	0.030976
47232	0.030978
50737	0.030978
61385	0.030979
27645	0.030979
57466	0.030980
16967	0.030980
34669	0.030981
25538	0.030985
38876	0.030985
26012	0.030985
9341	0.030988
12255	0.030988
23925	0.030989
11144	0.030989
60285	0.030989
23533	0.030990
32706	0.030991
53016	0.030991
48437	0.030994
25529	0.030997
60777	0.030997
11119	0.030998
14424	0.030999
23408	0.030999
60868	0.031002
51404	0.031005
53017	0.031006
15128	0.031006
41268	0.031008
35051	0.031008
43320	0.031009
55279	0.031010
37621	0.031010
60206	0.031010
27529	0.031011
31089	0.031011
27877	0.031012
10843	0.031016
14040	0.031017
32487	0.031018
37724	0.031018
9071	0.031019
46611	0.031020
10953	0.031023
26103	0.031025
19208	0.031025
14036	0.031026
53196	0.031026
47096	0.031026
36256	0.031029
54767	0.031029
60238	0.031030
22733	0.031030
50390	0.031031
50354	0.031031
28122	0.031034
33353	0.031035
50947	0.031037
54143	0.031038
15908	0.031038
56587	0.031039
21869	0.031040
52271	0.031043
9828	0.031043
26620	0.031045
13505	0.031045
20171	0.031045
26235	0.031047
13251	0.031047
42693	0.031047
14846	0.031048
10501	0.031049
46933	0.031050
14275	0.031051
45198	0.031053
60344	0.031054
48097	0.031054
41370	0.031054
54965	0.031055
11435	0.031055
21507	0.031056
14116	0.031057
36433	0.031057
49513	0.031058
8561	0.031060
9977	0.031060
6964	0.031061
49491	0.031062
31304	0.031062
61224	0.031065
31823	0.031067
8454	0.031067
53926	0.031068
9976	0.031069
54414	0.031070
27190	0.031071
23049	0.031071
36968	0.031075
14878	0.031077
57780	0.031079
39151	0.031079
9945	0.031080
48652	0.031081
37465	0.031081
9108	0.031081
51244	0.031083
37911	0.031083
9715	0.031083
10594	0.031085
14835	0.031085
48404	0.031087
7310	0.031087
14309	0.031089
52186	0.031090
51854	0.031092
7906	0.031093
17307	0.031095
15296	0.031097
56056	0.031099
31842	0.031099
25063	0.031099
10629	0.031100
34500	0.031102
40564	0.031103
17116	0.031105
34091	0.031106
28770	0.031107
38236	0.031107
25201	0.031109
28610	0.031110
10712	0.031111
21014	0.031111
60318	0.031113
20410	0.031116
16832	0.031116
46888	0.031116
60951	0.031116
10156	0.031119
39799	0.031119
34417	0.031119
16814	0.031120
29708	0.031123
21612	0.031124
16938	0.031124
7963	0.031129
41033	0.031130
23962	0.031131
34380	0.031134
15168	0.031136
19153	0.031137
16805	0.031138
57355	0.031139
34719	0.031139
49251	0.031139
45016	0.031142
22485	0.031143
39161	0.031144
52446	0.031145
52293	0.031147
54310	0.031148
14688	0.031149
43970	0.031149
47422	0.031149
33530	0.031150
50767	0.031150
56051	0.031151
45993	0.031152
56898	0.031152
45662	0.031155
39771	0.031155
54240	0.031156
15039	0.031156
15176	0.031156
47240	0.031156
57308	0.031158
42999	0.031159
32901	0.031159
27246	0.031159
56861	0.031159
36909	0.031161
11746	0.031164
29444	0.031169
10577	0.031169
45934	0.031171
21066	0.031173
20100	0.031174
41454	0.031174
17018	0.031178
20033	0.031179
58456	0.031182
13418	0.031184
48189	0.031184
20126	0.031185
11360	0.031187
48571	0.031187
29445	0.031188
29546	0.031189
60509	0.031191
12192	0.031192
61625	0.031193
52261	0.031194
39061	0.031197
31676	0.031197
14841	0.031197
38303	0.031198
7237	0.031199
14155	0.031202
14060	0.031202
27694	0.031203
45397	0.031203
13449	0.031204
42330	0.031207
53858	0.031208
48891	0.031209
7840	0.031209
52164	0.031210
60380	0.031210
55759	0.031210
32114	0.031211
49450	0.031216
52792	0.031219
37909	0.031220
60623	0.031220
25013	0.031220
40938	0.031221
21685	0.031223
34250	0.031225
14233	0.031228
24570	0.031228
29145	0.031230
8323	0.031231
50839	0.031231
58652	0.031233
49974	0.031233
10685	0.031233
14882	0.031234
10056	0.031234
21455	0.031237
24682	0.031239
48296	0.031240
26480	0.031243
29935	0.031243
48940	0.031244
12129	0.031244
10689	0.031245
37222	0.031245
17459	0.031248
17054	0.031249
26052	0.031250
54677	0.031250
48892	0.031250
19879	0.031250
51656	0.031251
60565	0.031252
22476	0.031254
45054	0.031255
28861	0.031256
46745	0.031256
46075	0.031257
14224	0.031260
39298	0.031260
37743	0.031261
32966	0.031262
11381	0.031262
30614	0.031263
13438	0.031264
26084	0.031266
51433	0.031267
8596	0.031267
20049	0.031267
48814	0.031268
26802	0.031273
57379	0.031273
18378	0.031273
17256	0.031276
12071	0.031277
48945	0.031277
29135	0.031279
10910	0.031279
41513	0.031279
45350	0.031283
23415	0.031283
12773	0.031283
33981	0.031284
7912	0.031285
22403	0.031286
11086	0.031288
55104	0.031290
13524	0.031291
56366	0.031292
12169	0.031292
45839	0.031293
44058	0.031297
44120	0.031298
15135	0.031300
40879	0.031302
36649	0.031302
49287	0.031304
37383	0.031306
11779	0.031308
9981	0.031312
36760	0.031312
45629	0.031313
23011	0.031315
19444	0.031315
12797	0.031316
28928	0.031316
21494	0.031316
37430	0.031317
28844	0.031317
10488	0.031317
57535	0.031319
15087	0.031320
31916	0.031320
7045	0.031321
12968	0.031324
40772	0.031324
26580	0.031324
47228	0.031324
27635	0.031325
56522	0.031325
27306	0.031326
22394	0.031328
34040	0.031329
28101	0.031331
15828	0.031332
60607	0.031336
7190	0.031336
35481	0.031337
61650	0.031339
12027	0.031342
39301	0.031343
51959	0.031344
31576	0.031345
37392	0.031349
16721	0.031350
13492	0.031350
58319	0.031351
53027	0.031353
24651	0.031354
54135	0.031355
9524	0.031355
8542	0.031358
19277	0.031364
7180	0.031365
43798	0.031366
14420	0.031368
50359	0.031370
15132	0.031371
44893	0.031371
55019	0.031372
16478	0.031373
19501	0.031373
20081	0.031375
15803	0.031375
37315	0.031377
16649	0.031380
61445	0.031380
49645	0.031381
43880	0.031381
7517	0.031384
11123	0.031385
22617	0.031385
23472	0.031387
27167	0.031387
30193	0.031388
33015	0.031389
56416	0.031389
32847	0.031391
19512	0.031391
34845	0.031393
14556	0.031393
12677	0.031394
48721	0.031395
14918	0.031396
51273	0.031396
12787	0.031396
31283	0.031398
43251	0.031398
31363	0.031399
58276	0.031400
8584	0.031400
17172	0.031401
52637	0.031402
46929	0.031403
14996	0.031404
49522	0.031405
57599	0.031407
55033	0.031407
25764	0.031407
22913	0.031408
27724	0.031408
33579	0.031408
11537	0.031409
12089	0.031411
57140	0.031411
17193	0.031411
58135	0.031413
8394	0.031417
26881	0.031417
10145	0.031421
13166	0.031423
37816	0.031423
60353	0.031426
37114	0.031428
7668	0.031429
37843	0.031430
40588	0.031432
46296	0.031434
44792	0.031434
13535	0.031435
24224	0.031435
50870	0.031437
21821	0.031438
56047	0.031441
15153	0.031442
16991	0.031442
57191	0.031442
16434	0.031444
15777	0.031446
9578	0.031446
43800	0.031448
26757	0.031450
42469	0.031450
14540	0.031450
7874	0.031450
13594	0.031451
40218	0.031453
19273	0.031454
7928	0.031454
27303	0.031455
19503	0.031460
52761	0.031461
34672	0.031461
37372	0.031462
60187	0.031463
21707	0.031463
32636	0.031465
14735	0.031467
49583	0.031467
14109	0.031467
15957	0.031468
41820	0.031468
10277	0.031469
21616	0.031471
14641	0.031473
24486	0.031473
25328	0.031473
37527	0.031474
24629	0.031474
28972	0.031475
48194	0.031477
32699	0.031479
29801	0.031480
8334	0.031480
30072	0.031480
8586	0.031482
29153	0.031485
25152	0.031487
29212	0.031489
31055	0.031489
23007	0.031489
14302	0.031490
18384	0.031490
26913	0.031491
32140	0.031491
36397	0.031494
9867	0.031495
32922	0.031496
61653	0.031500
56172	0.031500
27608	0.031501
10089	0.031505
50682	0.031507
39245	0.031507
10526	0.031507
21102	0.031507
9705	0.031508
13021	0.031508
9123	0.031509
14852	0.031509
16422	0.031509
51364	0.031510
9798	0.031510
31041	0.031510
46990	0.031511
48071	0.031512
31100	0.031513
26583	0.031514
41705	0.031517
58016	0.031517
56846	0.031517
11423	0.031520
52426	0.031520
47194	0.031520
15610	0.031521
20612	0.031521
28359	0.031523
30754	0.031523
17259	0.031525
55966	0.031526
23779	0.031526
36910	0.031527
7783	0.031528
15374	0.031530
47004	0.031530
39058	0.031530
29054	0.031536
12184	0.031538
57451	0.031539
34407	0.031540
47215	0.031541
36767	0.031542
50917	0.031543
23455	0.031544
30949	0.031544
42034	0.031550
37215	0.031551
7223	0.031551
54022	0.031551
16503	0.031551
13304	0.031552
27912	0.031552
9282	0.031552
42751	0.031554
10320	0.031554
17127	0.031557
48274	0.031559
51804	0.031560
40383	0.031561
12974	0.031562
14551	0.031563
52190	0.031563
54618	0.031565
13162	0.031565
8701	0.031565
39945	0.031567
44594	0.031567
35418	0.031568
31418	0.031568
31106	0.031569
39288	0.031569
23582	0.031571
13857	0.031572
11818	0.031575
23653	0.031578
30693	0.031580
22885	0.031580
22737	0.031581
33316	0.031581
22095	0.031581
11068	0.031582
47428	0.031582
30994	0.031583
23867	0.031583
42676	0.031584
52071	0.031584
11399	0.031585
7675	0.031586
11277	0.031589
11621	0.031590
55888	0.031591
47986	0.031592
56245	0.031593
6968	0.031595
29125	0.031595
25774	0.031597
28817	0.031599
39898	0.031599
43872	0.031603
57702	0.031603
24009	0.031604
27649	0.031606
30003	0.031607
13721	0.031607
53679	0.031609
14471	0.031609
39838	0.031610
12403	0.031610
43697	0.031610
15890	0.031611
35167	0.031611
50388	0.031611
57808	0.031612
7991	0.031612
14605	0.031613
13863	0.031614
13851	0.031614
40128	0.031616
12381	0.031617
57120	0.031618
37354	0.031618
12997	0.031620
48429	0.031620
7078	0.031620
8979	0.031621
10371	0.031621
44028	0.031622
21669	0.031623
16981	0.031623
9505	0.031623
53160	0.031624
30197	0.031624
15124	0.031624
29618	0.031625
53817	0.031626
7288	0.031626
43456	0.031627
16813	0.031629
53984	0.031632
54890	0.031632
21544	0.031632
60887	0.031633
19165	0.031634
15315	0.031635
49078	0.031635
30604	0.031636
48050	0.031637
7761	0.031638
8251	0.031639
22379	0.031640
50049	0.031640
28019	0.031641
56637	0.031644
23197	0.031644
10553	0.031645
20926	0.031647
7634	0.031648
34384	0.031648
10114	0.031648
12605	0.031649
60424	0.031649
49958	0.031651
33419	0.031651
14135	0.031652
22630	0.031653
56103	0.031653
16925	0.031653
45603	0.031656
10467	0.031656
19325	0.031658
22302	0.031658
8013	0.031659
8903	0.031662
55610	0.031662
25418	0.031664
42944	0.031666
39912	0.031666
53084	0.031667
17076	0.031668
54732	0.031669
45941	0.031670
51380	0.031670
50809	0.031673
13912	0.031674
16841	0.031675
28926	0.031679
11958	0.031680
36877	0.031682
12996	0.031684
57127	0.031685
15409	0.031685
47805	0.031687
55469	0.031690
27998	0.031691
7376	0.031691
9222	0.031693
34333	0.031693
54121	0.031694
8365	0.031694
14819	0.031698
51217	0.031699
26533	0.031699
47603	0.031700
44809	0.031702
25678	0.031703
25599	0.031703
53676	0.031705
58535	0.031706
37065	0.031706
20301	0.031706
13379	0.031708
49820	0.031709
39101	0.031709
7001	0.031711
43607	0.031712
28067	0.031715
48733	0.031716
52855	0.031717
7939	0.031719
32080	0.031720
13487	0.031720
16104	0.031721
7891	0.031721
27347	0.031722
20040	0.031725
32804	0.031727
32219	0.031727
21292	0.031729
30636	0.031732
15566	0.031737
40695	0.031742
10500	0.031743
25851	0.031743
21487	0.031744
35701	0.031746
51857	0.031747
15551	0.031748
22552	0.031748
47346	0.031749
8756	0.031750
45727	0.031753
31437	0.031753
8693	0.031753
30851	0.031754
21833	0.031754
60902	0.031760
16999	0.031761
28809	0.031764
52918	0.031764
9503	0.031765
34315	0.031766
31387	0.031767
31023	0.031770
24763	0.031774
14270	0.031776
48507	0.031778
52788	0.031779
55455	0.031779
34941	0.031779
24495	0.031780
12392	0.031781
17404	0.031782
8807	0.031783
41166	0.031784
9207	0.031784
9390	0.031784
17606	0.031784
42384	0.031785
11445	0.031785
16141	0.031786
46056	0.031786
49489	0.031787
43323	0.031788
47568	0.031789
35882	0.031789
12120	0.031792
54346	0.031792
48217	0.031793
26101	0.031795
37053	0.031796
43036	0.031797
51323	0.031798
12526	0.031799
15114	0.031802
30288	0.031806
45896	0.031810
57868	0.031810
21804	0.031813
12772	0.031813
16822	0.031814
57372	0.031815
50040	0.031816
43228	0.031816
42707	0.031820
11294	0.031822
26659	0.031824
15281	0.031825
11401	0.031825
36985	0.031826
48873	0.031829
12703	0.031831
9978	0.031831
48293	0.031832
17016	0.031833
40882	0.031833
23186	0.031833
55930	0.031837
30564	0.031837
44200	0.031837
31394	0.031837
47430	0.031837
39830	0.031839
23566	0.031841
29088	0.031841
27064	0.031842
45082	0.031843
53485	0.031843
21354	0.031843
56981	0.031844
23312	0.031846
50091	0.031847
21333	0.031847
12660	0.031847
17063	0.031848
54486	0.031849
33806	0.031850
25097	0.031850
9469	0.031851
34313	0.031852
33438	0.031855
10221	0.031855
24761	0.031855
14667	0.031855
25161	0.031856
56261	0.031856
21991	0.031858
26841	0.031859
43146	0.031859
61420	0.031859
43603	0.031859
55959	0.031860
30377	0.031860
48959	0.031864
8186	0.031865
55690	0.031866
15018	0.031866
57620	0.031867
7285	0.031869
37646	0.031870
52246	0.031871
19106	0.031873
11552	0.031876
11877	0.031876
26406	0.031877
37364	0.031879
57195	0.031881
41885	0.031882
48306	0.031883
10126	0.031884
57061	0.031885
43886	0.031887
55091	0.031887
44973	0.031890
58312	0.031890
52737	0.031891
16638	0.031892
19700	0.031893
46372	0.031893
10370	0.031895
7471	0.031895
42961	0.031898
39810	0.031898
23897	0.031898
42286	0.031898
29258	0.031900
25568	0.031900
9158	0.031901
11774	0.031903
17065	0.031903
57306	0.031913
61548	0.031915
16953	0.031917
10239	0.031923
8268	0.031923
54741	0.031924
44441	0.031925
8912	0.031925
28869	0.031925
9671	0.031927
46891	0.031927
50454	0.031928
14886	0.031928
28812	0.031928
32920	0.031929
52358	0.031931
23164	0.031931
60333	0.031931
57939	0.031932
45606	0.031935
28774	0.031935
15105	0.031936
29911	0.031937
34664	0.031939
10513	0.031939
44841	0.031940
6917	0.031941
56977	0.031943
38321	0.031944
13313	0.031945
60343	0.031947
49337	0.031947
9272	0.031948
53956	0.031950
24709	0.031950
42080	0.031952
17557	0.031952
30874	0.031952
34982	0.031952
14012	0.031953
13969	0.031953
54483	0.031956
36950	0.031957
12994	0.031957
57692	0.031958
33076	0.031959
56850	0.031962
13039	0.031965
56243	0.031965
10381	0.031966
10822	0.031966
11634	0.031966
12156	0.031966
12362	0.031966
13532	0.031966
15794	0.031966
22046	0.031966
22098	0.031966
22459	0.031966
24078	0.031966
27029	0.031966
27054	0.031966
32452	0.031966
32622	0.031966
33092	0.031966
33466	0.031966
37032	0.031966
39217	0.031966
39758	0.031966
40492	0.031966
41970	0.031966
43842	0.031966
46166	0.031966
46545	0.031966
46549	0.031966
47996	0.031966
50499	0.031966
52052	0.031966
52712	0.031966
52729	0.031966
52735	0.031966
52932	0.031966
55144	0.031966
55637	0.031966
55640	0.031966
55651	0.031966
58985	0.031966
60408	0.031966
60526	0.031966
60566	0.031966
60903	0.031966
61100	0.031966
61395	0.031966
61404	0.031966
7221	0.031966
7603	0.031966
9229	0.031966
9267	0.031966
9734	0.031966
9832	0.031966
15159	0.031966
57908	0.031967
48225	0.031967
16778	0.031968
8847	0.031969
39187	0.031969
48324	0.031973
23523	0.031975
15304	0.031976
7722	0.031977
53988	0.031978
21415	0.031979
25717	0.031981
43978	0.031981
32169	0.031984
40473	0.031986
10395	0.031987
47097	0.031988
19301	0.031992
24765	0.031992
48885	0.031993
28690	0.031994
25725	0.031996
34295	0.031997
31301	0.031998
36894	0.031998
14634	0.031999
48589	0.032003
39795	0.032003
16379	0.032007
17443	0.032008
48161	0.032008
19362	0.032008
17478	0.032009
24051	0.032010
13788	0.032012
29252	0.032012
69035	0.032015
16947	0.032015
39041	0.032016
20958	0.032016
23564	0.032017
45829	0.032017
21491	0.032018
15774	0.032018
29026	0.032021
35868	0.032021
45923	0.032022
38374	0.032023
58357	0.032023
23846	0.032025
37376	0.032025
33940	0.032027
12475	0.032029
58333	0.032029
25507	0.032031
32429	0.032031
45819	0.032031
55283	0.032031
57803	0.032031
15947	0.032032
29841	0.032032
11014	0.032033
7171	0.032034
19220	0.032034
55184	0.032035
47327	0.032035
36388	0.032035
56786	0.032037
28606	0.032037
35071	0.032038
28832	0.032038
10716	0.032038
56672	0.032038
31384	0.032039
33280	0.032041
14809	0.032041
48692	0.032047
56928	0.032047
16753	0.032048
46795	0.032049
35820	0.032050
8267	0.032051
7607	0.032052
60520	0.032053
21231	0.032053
48505	0.032054
13002	0.032054
10176	0.032056
29232	0.032056
51918	0.032057
24725	0.032058
32938	0.032059
29869	0.032060
53432	0.032061
56645	0.032061
57838	0.032063
56015	0.032063
32910	0.032063
35100	0.032065
46326	0.032066
53096	0.032068
52157	0.032068
8667	0.032069
29070	0.032069
23740	0.032071
50885	0.032071
53242	0.032073
56184	0.032075
22355	0.032076
38230	0.032079
8683	0.032080
44358	0.032081
53829	0.032082
50741	0.032082
16437	0.032083
46113	0.032084
15713	0.032085
32884	0.032086
19359	0.032087
47584	0.032087
14419	0.032087
16780	0.032087
13777	0.032090
35294	0.032090
39163	0.032093
14549	0.032096
56353	0.032097
16651	0.032099
32933	0.032101
36477	0.032102
16956	0.032105
36297	0.032109
36838	0.032109
30129	0.032112
60988	0.032112
11438	0.032113
60524	0.032113
42618	0.032114
25395	0.032114
14586	0.032115
23870	0.032119
16021	0.032119
39166	0.032120
13767	0.032120
40270	0.032121
52998	0.032122
38340	0.032123
48382	0.032124
9020	0.032128
8681	0.032128
57975	0.032132
51849	0.032135
36967	0.032136
14542	0.032139
7832	0.032139
15702	0.032142
41534	0.032143
27803	0.032144
13130	0.032144
39230	0.032147
54435	0.032151
24735	0.032151
38911	0.032152
28776	0.032156
15712	0.032158
58039	0.032158
13816	0.032159
28936	0.032159
13723	0.032161
34112	0.032166
17534	0.032169
14112	0.032170
19892	0.032173
50473	0.032173
14421	0.032173
46172	0.032173
43952	0.032177
15600	0.032177
42850	0.032178
12053	0.032178
9250	0.032179
46332	0.032181
31323	0.032181
22949	0.032185
14525	0.032185
22826	0.032187
9221	0.032188
40884	0.032190
33278	0.032190
15607	0.032192
29689	0.032192
11509	0.032193
50700	0.032194
8505	0.032194
42101	0.032196
53270	0.032197
33671	0.032197
29917	0.032197
11333	0.032197
55367	0.032197
52739	0.032199
57112	0.032200
9583	0.032202
15751	0.032203
26886	0.032204
30465	0.032205
25403	0.032206
48577	0.032207
32650	0.032210
49487	0.032212
7863	0.032213
59062	0.032213
33100	0.032214
47623	0.032214
58603	0.032214
32249	0.032215
34729	0.032216
11154	0.032219
22954	0.032220
34689	0.032221
16995	0.032223
15082	0.032224
28493	0.032225
22413	0.032227
14571	0.032228
11449	0.032230
30454	0.032231
30175	0.032231
25174	0.032232
41459	0.032232
12428	0.032235
25670	0.032236
13236	0.032236
43823	0.032238
44438	0.032241
15917	0.032241
58316	0.032243
34301	0.032247
10823	0.032248
44661	0.032249
26815	0.032251
54248	0.032254
39801	0.032255
15379	0.032256
14506	0.032262
25310	0.032263
60209	0.032271
42038	0.032272
49176	0.032273
22801	0.032273
13837	0.032274
40357	0.032274
45632	0.032276
10351	0.032277
47733	0.032277
57218	0.032278
53002	0.032280
13547	0.032280
28683	0.032281
24857	0.032281
48901	0.032282
19039	0.032283
12447	0.032286
44539	0.032287
57169	0.032290
8913	0.032291
36403	0.032291
41238	0.032292
20094	0.032293
10985	0.032293
25411	0.032293
14628	0.032294
55138	0.032294
51878	0.032294
60290	0.032295
16789	0.032297
35824	0.032298
16961	0.032300
10778	0.032300
10375	0.032300
42738	0.032301
39745	0.032305
61140	0.032306
27073	0.032307
39760	0.032307
20184	0.032307
24306	0.032307
56231	0.032310
7918	0.032310
52318	0.032310
52800	0.032311
48371	0.032313
8880	0.032315
25442	0.032316
21599	0.032317
9431	0.032317
54895	0.032317
14958	0.032317
53251	0.032319
13253	0.032320
14879	0.032320
44106	0.032321
22540	0.032321
27773	0.032324
40514	0.032324
13666	0.032324
23276	0.032325
28189	0.032325
47778	0.032327
11116	0.032327
34677	0.032330
13318	0.032330
17177	0.032335
56651	0.032336
16500	0.032336
47586	0.032337
37040	0.032337
22818	0.032337
24159	0.032338
43509	0.032338
48103	0.032339
8658	0.032343
55812	0.032345
7198	0.032346
24595	0.032347
53177	0.032348
53943	0.032348
40304	0.032350
36356	0.032352
60812	0.032353
58202	0.032355
55747	0.032355
19395	0.032356
14526	0.032358
42846	0.032359
57204	0.032359
16081	0.032362
52498	0.032367
31826	0.032367
43129	0.032368
19290	0.032369
9209	0.032370
27134	0.032371
49272	0.032375
35803	0.032375
26890	0.032376
38144	0.032377
36406	0.032377
50489	0.032378
20174	0.032378
50531	0.032379
56918	0.032381
51329	0.032382
7194	0.032383
11481	0.032383
45837	0.032387
38884	0.032389
12885	0.032390
12753	0.032390
23194	0.032391
60178	0.032392
42390	0.032392
15134	0.032397
7392	0.032397
52077	0.032398
33707	0.032403
14986	0.032406
12463	0.032407
58638	0.032409
11662	0.032410
50540	0.032413
33381	0.032414
15743	0.032414
36942	0.032415
21543	0.032416
13058	0.032418
12558	0.032418
24147	0.032419
45987	0.032419
26436	0.032420
57476	0.032421
26438	0.032422
20742	0.032424
36300	0.032424
9523	0.032426
30527	0.032429
36455	0.032430
43159	0.032432
52248	0.032432
41248	0.032432
46481	0.032434
38602	0.032438
25101	0.032439
24919	0.032440
21126	0.032440
12735	0.032443
12295	0.032443
43754	0.032445
30563	0.032446
25902	0.032446
48419	0.032447
33683	0.032451
30276	0.032451
20323	0.032452
49976	0.032453
23570	0.032456
50985	0.032456
16555	0.032460
12472	0.032463
57364	0.032464
39490	0.032465
20414	0.032469
53750	0.032469
45647	0.032473
22604	0.032473
50442	0.032474
20633	0.032475
35545	0.032479
32808	0.032481
17168	0.032481
37522	0.032483
42433	0.032484
48764	0.032485
52110	0.032487
47272	0.032487
8556	0.032488
14246	0.032488
8001	0.032489
60628	0.032489
19577	0.032491
24759	0.032491
60701	0.032494
15137	0.032494
138008	0.032495
53414	0.032495
20059	0.032495
30227	0.032496
17427	0.032499
32279	0.032500
40651	0.032504
9986	0.032506
15801	0.032511
11763	0.032512
57821	0.032512
9184	0.032512
40320	0.032513
31930	0.032513
54369	0.032516
44279	0.032516
21520	0.032517
45077	0.032518
12281	0.032518
37368	0.032519
42431	0.032520
11960	0.032522
11415	0.032524
54884	0.032528
17498	0.032529
58076	0.032532
11523	0.032532
11428	0.032533
15097	0.032538
21728	0.032542
39073	0.032543
52315	0.032543
15011	0.032548
23313	0.032548
36089	0.032548
37058	0.032549
28127	0.032550
32059	0.032550
44172	0.032551
39466	0.032556
56118	0.032558
58194	0.032559
12469	0.032560
15005	0.032560
31317	0.032560
35780	0.032560
61559	0.032561
37813	0.032564
7188	0.032564
12781	0.032565
19399	0.032568
40815	0.032568
34389	0.032568
30092	0.032569
9233	0.032569
14620	0.032570
13901	0.032575
10128	0.032577
45374	0.032577
34873	0.032578
56553	0.032579
24144	0.032580
33326	0.032580
16799	0.032580
25855	0.032581
8778	0.032581
26945	0.032582
19609	0.032586
52366	0.032587
54238	0.032590
13019	0.032591
12843	0.032591
12090	0.032591
8747	0.032591
29034	0.032591
31847	0.032592
22888	0.032592
22358	0.032592
42357	0.032593
23094	0.032593
37554	0.032596
7925	0.032596
28397	0.032597
16524	0.032598
25188	0.032599
45446	0.032601
20730	0.032602
26105	0.032603
13174	0.032604
16785	0.032607
9863	0.032607
49659	0.032609
17350	0.032610
39754	0.032612
51146	0.032614
16140	0.032614
10948	0.032614
45448	0.032614
44039	0.032619
48448	0.032619
36014	0.032620
27910	0.032620
7281	0.032622
20898	0.032622
53839	0.032622
32915	0.032623
31829	0.032626
50638	0.032626
47803	0.032626
25736	0.032626
55048	0.032627
43411	0.032628
21118	0.032628
32459	0.032629
7414	0.032630
23862	0.032632
48012	0.032635
17332	0.032636
49647	0.032637
11016	0.032637
15548	0.032639
16496	0.032642
41804	0.032643
9454	0.032644
52506	0.032645
17233	0.032646
15216	0.032646
11738	0.032647
42909	0.032649
12741	0.032649
57129	0.032654
25721	0.032654
30587	0.032655
17372	0.032656
7738	0.032656
11430	0.032659
7710	0.032661
49173	0.032661
46220	0.032665
48259	0.032666
30509	0.032667
46375	0.032669
34393	0.032676
13010	0.032677
28827	0.032681
32958	0.032682
61622	0.032682
41236	0.032685
35988	0.032686
11967	0.032687
56663	0.032689
58406	0.032689
30598	0.032690
16287	0.032690
47377	0.032691
26597	0.032692
10177	0.032694
59447	0.032695
53052	0.032697
42243	0.032697
30752	0.032701
44302	0.032701
23435	0.032702
39390	0.032702
50645	0.032704
27919	0.032705
43972	0.032708
51341	0.032708
47611	0.032708
15389	0.032710
19389	0.032710
52176	0.032710
41021	0.032712
36080	0.032713
11556	0.032714
23773	0.032714
47183	0.032716
16425	0.032717
43012	0.032724
20443	0.032725
27188	0.032725
41869	0.032726
53086	0.032727
32295	0.032727
14358	0.032731
58035	0.032732
36938	0.032733
10100	0.032733
47443	0.032734
37136	0.032735
19341	0.032735
29812	0.032736
16902	0.032736
56947	0.032737
31015	0.032738
11856	0.032742
61307	0.032744
20793	0.032744
10358	0.032746
19616	0.032747
23531	0.032749
15709	0.032749
41060	0.032750
10858	0.032751
52742	0.032752
47361	0.032754
60314	0.032755
21713	0.032756
38993	0.032758
26428	0.032759
57173	0.032762
10192	0.032762
43993	0.032762
14470	0.032762
9026	0.032763
11657	0.032764
23065	0.032764
14408	0.032764
43385	0.032766
31035	0.032767
7547	0.032767
14457	0.032768
31006	0.032775
44001	0.032776
24904	0.032777
31864	0.032780
15220	0.032783
11980	0.032783
39283	0.032784
15111	0.032785
35120	0.032785
25983	0.032785
47907	0.032786
39275	0.032790
42500	0.032791
33583	0.032794
17126	0.032796
28350	0.032798
36831	0.032799
23630	0.032804
32245	0.032805
28820	0.032806
13809	0.032807
44556	0.032807
19660	0.032809
7393	0.032812
25800	0.032814
16155	0.032816
10122	0.032818
50513	0.032820
21810	0.032821
34436	0.032822
23375	0.032823
25746	0.032823
21185	0.032823
22203	0.032825
16886	0.032828
37422	0.032829
37070	0.032830
37448	0.032833
48549	0.032834
35982	0.032834
23425	0.032836
31207	0.032836
32064	0.032837
10449	0.032837
53933	0.032837
60879	0.032838
9834	0.032838
10664	0.032838
21364	0.032839
12780	0.032839
51268	0.032840
19485	0.032841
15637	0.032842
38391	0.032843
22477	0.032847
26909	0.032849
13998	0.032850
8452	0.032851
16560	0.032851
34916	0.032852
40398	0.032857
36719	0.032858
22992	0.032858
49643	0.032858
12572	0.032859
19379	0.032861
19402	0.032861
10632	0.032871
32230	0.032872
32675	0.032873
55924	0.032874
55068	0.032875
27986	0.032877
19138	0.032878
15906	0.032878
16412	0.032878
21464	0.032880
43617	0.032880
11608	0.032882
36242	0.032883
22418	0.032886
44235	0.032887
33041	0.032887
51480	0.032888
29528	0.032890
39848	0.032890
14651	0.032891
39269	0.032891
61223	0.032891
14321	0.032891
32363	0.032892
9016	0.032893
10551	0.032894
17096	0.032896
47172	0.032901
29856	0.032901
17358	0.032902
21425	0.032904
49702	0.032905
15508	0.032906
29107	0.032907
11155	0.032908
10175	0.032912
10711	0.032914
21164	0.032914
57742	0.032915
42648	0.032916
56516	0.032916
30324	0.032917
7554	0.032917
32500	0.032919
33665	0.032919
50132	0.032920
55449	0.032921
60403	0.032922
16966	0.032922
9391	0.032923
20956	0.032923
45442	0.032924
53173	0.032926
11210	0.032929
54752	0.032933
17223	0.032936
58284	0.032936
45224	0.032936
38670	0.032937
11476	0.032937
34847	0.032938
32576	0.032938
8607	0.032940
60891	0.032941
27224	0.032945
43257	0.032946
49351	0.032946
56858	0.032952
11646	0.032955
36683	0.032957
33712	0.032957
12149	0.032960
26049	0.032960
16041	0.032960
22194	0.032960
30102	0.032960
45845	0.032961
39700	0.032964
12593	0.032966
8774	0.032968
38282	0.032969
38637	0.032970
52890	0.032970
53849	0.032971
49308	0.032971
8706	0.032971
8015	0.032972
52929	0.032972
7550	0.032972
46659	0.032975
30915	0.032975
50063	0.032976
20103	0.032976
22580	0.032978
55272	0.032981
57503	0.032982
12158	0.032985
33168	0.032985
49829	0.032985
44991	0.032986
33623	0.032986
13819	0.032987
40319	0.032988
46879	0.032991
25898	0.032991
10082	0.032995
45144	0.032996
9747	0.032997
26647	0.032997
14999	0.032997
21254	0.032998
56324	0.032999
119450	0.033001
30281	0.033002
9038	0.033002
53245	0.033004
42336	0.033006
48242	0.033007
10535	0.033008
46536	0.033010
30362	0.033015
41560	0.033015
20006	0.033017
48408	0.033018
38247	0.033018
16897	0.033021
23733	0.033021
21472	0.033032
23832	0.033033
26546	0.033034
54877	0.033035
53466	0.033035
17381	0.033035
12148	0.033038
40178	0.033038
17410	0.033039
48528	0.033040
12649	0.033041
31257	0.033041
46635	0.033042
31018	0.033042
42103	0.033043
29181	0.033045
47673	0.033047
14517	0.033047
35148	0.033051
33051	0.033052
49150	0.033052
60518	0.033054
48169	0.033054
37441	0.033055
15889	0.033056
35424	0.033056
50944	0.033058
46025	0.033059
28720	0.033060
22101	0.033061
9120	0.033062
12936	0.033064
16797	0.033064
35806	0.033065
17098	0.033066
53692	0.033067
19651	0.033069
24572	0.033069
40078	0.033071
10187	0.033073
12942	0.033076
21179	0.033076
46814	0.033078
48852	0.033078
19565	0.033079
26938	0.033079
14919	0.033081
57772	0.033081
50807	0.033082
7672	0.033085
14136	0.033086
35815	0.033087
36386	0.033087
57135	0.033089
53907	0.033089
43606	0.033090
25708	0.033090
54110	0.033092
41038	0.033093
13029	0.033093
32984	0.033094
16621	0.033095
12030	0.033096
29008	0.033096
44381	0.033096
61280	0.033096
61549	0.033096
21189	0.033098
8624	0.033098
28685	0.033100
9122	0.033101
38995	0.033104
13541	0.033105
13519	0.033107
13873	0.033108
39896	0.033109
13299	0.033111
15775	0.033111
23584	0.033115
16522	0.033119
19674	0.033120
56602	0.033120
17298	0.033120
14660	0.033121
7669	0.033123
61209	0.033124
36897	0.033124
12758	0.033125
34031	0.033126
58617	0.033129
19376	0.033130
50720	0.033131
15522	0.033132
13383	0.033133
16506	0.033135
42785	0.033135
8476	0.033137
47402	0.033139
14132	0.033139
7160	0.033141
16178	0.033142
7320	0.033143
16017	0.033143
52298	0.033143
27744	0.033145
37259	0.033146
28882	0.033146
32233	0.033146
14407	0.033148
7931	0.033151
49070	0.033154
9858	0.033154
37763	0.033155
8860	0.033156
32438	0.033158
50158	0.033159
33176	0.033159
47505	0.033162
39213	0.033163
39204	0.033164
7250	0.033164
16074	0.033165
56275	0.033166
13397	0.033167
24458	0.033168
10968	0.033169
38491	0.033171
13540	0.033171
27818	0.033172
52504	0.033172
53799	0.033173
10540	0.033173
45884	0.033174
30818	0.033174
11864	0.033175
48244	0.033175
13198	0.033175
27988	0.033176
25241	0.033178
47363	0.033179
38311	0.033182
34723	0.033184
61309	0.033186
55097	0.033190
42736	0.033192
47414	0.033193
9384	0.033195
10183	0.033195
40692	0.033195
38239	0.033197
47935	0.033197
20350	0.033198
46644	0.033198
47358	0.033198
26980	0.033199
55913	0.033200
56349	0.033201
22471	0.033204
17050	0.033204
43123	0.033208
28028	0.033209
34252	0.033210
22262	0.033210
51441	0.033218
14042	0.033220
56307	0.033220
13865	0.033221
57933	0.033222
58396	0.033224
52188	0.033225
35775	0.033226
39607	0.033226
12893	0.033227
14638	0.033228
9925	0.033228
40040	0.033230
54855	0.033231
14723	0.033233
54657	0.033234
22688	0.033235
20212	0.033235
16361	0.033235
12043	0.033235
28392	0.033235
29919	0.033235
41977	0.033235
44016	0.033235
60347	0.033235
60512	0.033235
60990	0.033235
47290	0.033237
13728	0.033238
35973	0.033238
19413	0.033239
37304	0.033241
46190	0.033241
40028	0.033243
46996	0.033245
39080	0.033245
7679	0.033246
25700	0.033247
17036	0.033248
33214	0.033248
26690	0.033249
13905	0.033251
48952	0.033252
35258	0.033253
13458	0.033253
26474	0.033253
41526	0.033253
23683	0.033253
7762	0.033253
13096	0.033253
21811	0.033254
16228	0.033262
13765	0.033263
7304	0.033264
10396	0.033264
46859	0.033265
20658	0.033265
47220	0.033267
57739	0.033267
9279	0.033270
21786	0.033270
41836	0.033271
13818	0.033273
30326	0.033273
45719	0.033274
15505	0.033274
42393	0.033275
23281	0.033276
46919	0.033278
7716	0.033281
37018	0.033283
13665	0.033283
21925	0.033284
44160	0.033285
20861	0.033285
34274	0.033285
45959	0.033286
16498	0.033287
12216	0.033289
10975	0.033290
47078	0.033292
7714	0.033295
14119	0.033297
48036	0.033297
30273	0.033298
11858	0.033300
20986	0.033300
23787	0.033300
21808	0.033301
23826	0.033307
51407	0.033307
12097	0.033309
15897	0.033311
52352	0.033314
56421	0.033314
37910	0.033314
31832	0.033315
10719	0.033317
29731	0.033318
31771	0.033322
21793	0.033322
50306	0.033323
40457	0.033323
48078	0.033323
51859	0.033324
10917	0.033324
21030	0.033325
37016	0.033326
49662	0.033326
35798	0.033326
14316	0.033330
51957	0.033330
55058	0.033331
37757	0.033331
15014	0.033332
57283	0.033332
8574	0.033334
16909	0.033336
11831	0.033337
47954	0.033339
14850	0.033341
11235	0.033345
12675	0.033345
9218	0.033345
21663	0.033346
19145	0.033347
24577	0.033352
32330	0.033352
30766	0.033354
27856	0.033355
14603	0.033356
11055	0.033357
53004	0.033360
11979	0.033363
17379	0.033365
24816	0.033368
19087	0.033368
31924	0.033368
12042	0.033369
14412	0.033371
34122	0.033373
32096	0.033374
52797	0.033374
40213	0.033379
57074	0.033380
54972	0.033381
23209	0.033382
9041	0.033382
22179	0.033383
47100	0.033384
7674	0.033386
8307	0.033386
23537	0.033387
16318	0.033390
26390	0.033392
54886	0.033392
38220	0.033396
45269	0.033397
16640	0.033397
56524	0.033398
40365	0.033399
26933	0.033400
23189	0.033401
24713	0.033403
31909	0.033403
14454	0.033404
53131	0.033405
37985	0.033407
9902	0.033409
36280	0.033410
52756	0.033412
25413	0.033415
25516	0.033416
46769	0.033421
46854	0.033422
35618	0.033424
52835	0.033426
21632	0.033427
21451	0.033430
8070	0.033435
34693	0.033436
60840	0.033436
30641	0.033436
10254	0.033436
39017	0.033439
13817	0.033440
40036	0.033441
12625	0.033441
21867	0.033441
26728	0.033444
14979	0.033447
30026	0.033447
20840	0.033448
50219	0.033448
19551	0.033449
26670	0.033449
55608	0.033450
50116	0.033453
25050	0.033456
11652	0.033457
49777	0.033458
24425	0.033459
13446	0.033462
21831	0.033466
34499	0.033468
31058	0.033468
7782	0.033468
49113	0.033469
23577	0.033470
19689	0.033471
45555	0.033471
7715	0.033472
14115	0.033472
57048	0.033474
26456	0.033474
26930	0.033479
25307	0.033488
45013	0.033488
54296	0.033488
60144	0.033491
12241	0.033492
13089	0.033493
11625	0.033495
40476	0.033496
14236	0.033498
12078	0.033499
54013	0.033500
30774	0.033500
21489	0.033502
39938	0.033503
52347	0.033503
30964	0.033504
17455	0.033504
22032	0.033506
16367	0.033506
28132	0.033507
8535	0.033512
53217	0.033514
43774	0.033514
24500	0.033516
15150	0.033516
23725	0.033520
45092	0.033521
9154	0.033521
25585	0.033521
34443	0.033521
10335	0.033522
55742	0.033522
37310	0.033523
47498	0.033525
19386	0.033525
41699	0.033528
8503	0.033529
16547	0.033530
22906	0.033533
16899	0.033534
50148	0.033535
54694	0.033541
34056	0.033544
12190	0.033544
32646	0.033546
52534	0.033547
15335	0.033547
21132	0.033549
52785	0.033550
53258	0.033551
56481	0.033551
12601	0.033552
60643	0.033553
10209	0.033557
38878	0.033558
11565	0.033558
30075	0.033559
50599	0.033559
41443	0.033560
45095	0.033561
54020	0.033562
26894	0.033563
28185	0.033567
57410	0.033568
32371	0.033568
53654	0.033570
30423	0.033572
15474	0.033573
25698	0.033575
49440	0.033578
57789	0.033582
41158	0.033582
18083	0.033583
21335	0.033585
57369	0.033589
35431	0.033593
27502	0.033600
15715	0.033602
22434	0.033602
10039	0.033603
48486	0.033604
11820	0.033605
29976	0.033605
43460	0.033606
50287	0.033609
14023	0.033609
32483	0.033611
16562	0.033611
36006	0.033612
49726	0.033612
61631	0.033612
58259	0.033613
57201	0.033613
17035	0.033618
23051	0.033618
50278	0.033619
10324	0.033621
24962	0.033624
16722	0.033624
13503	0.033625
9491	0.033625
19427	0.033626
14915	0.033628
30679	0.033632
43565	0.033635
31008	0.033635
30991	0.033636
9480	0.033637
15175	0.033637
36271	0.033639
37834	0.033639
37170	0.033639
36755	0.033640
55004	0.033642
61453	0.033642
56053	0.033644
32159	0.033644
11387	0.033647
49728	0.033647
49475	0.033648
15891	0.033648
39515	0.033648
30512	0.033648
23365	0.033650
20025	0.033650
33667	0.033652
35254	0.033656
27427	0.033660
31983	0.033661
27318	0.033662
55183	0.033665
61196	0.033666
9940	0.033667
60994	0.033667
27053	0.033669
51862	0.033669
39982	0.033671
26327	0.033671
29165	0.033671
25447	0.033673
21698	0.033673
47871	0.033673
39822	0.033674
45289	0.033674
85687	0.033674
8187	0.033674
22385	0.033675
8379	0.033676
13735	0.033677
39676	0.033678
13691	0.033679
12382	0.033681
39709	0.033683
27369	0.033684
23535	0.033685
8014	0.033689
16429	0.033689
43554	0.033689
35675	0.033692
24125	0.033692
31751	0.033693
13279	0.033693
25728	0.033693
60813	0.033694
22226	0.033694
14046	0.033694
30997	0.033695
49442	0.033697
33069	0.033698
12095	0.033701
40143	0.033702
55263	0.033704
39315	0.033707
13814	0.033707
38894	0.033709
31549	0.033710
16509	0.033711
20117	0.033712
55551	0.033717
26550	0.033718
21195	0.033719
50083	0.033719
27003	0.033723
21948	0.033727
43744	0.033728
60912	0.033729
14795	0.033732
61240	0.033741
19283	0.033742
60513	0.033742
15431	0.033744
21527	0.033746
10868	0.033752
22218	0.033754
57876	0.033754
12562	0.033755
39014	0.033755
7029	0.033755
29484	0.033757
55617	0.033757
54674	0.033760
8604	0.033764
10688	0.033765
36285	0.033766
34181	0.033767
32599	0.033767
61437	0.033768
10315	0.033772
14588	0.033773
34116	0.033774
11284	0.033775
44003	0.033777
22415	0.033779
16895	0.033781
48881	0.033781
22963	0.033783
33893	0.033784
12404	0.033785
40556	0.033791
55063	0.033791
52996	0.033792
15984	0.033795
8144	0.033796
9486	0.033796
37773	0.033796
55046	0.033798
15781	0.033799
28866	0.033804
56336	0.033805
14293	0.033807
11074	0.033811
16852	0.033812
57133	0.033812
52802	0.033813
33105	0.033813
15116	0.033815
51206	0.033816
19522	0.033820
41163	0.033820
44102	0.033821
14555	0.033824
15215	0.033825
16540	0.033825
15367	0.033826
11457	0.033826
57937	0.033828
49740	0.033829
25927	0.033835
9045	0.033836
33658	0.033843
25147	0.033844
40429	0.033849
39022	0.033852
50297	0.033853
43038	0.033856
22524	0.033857
51224	0.033858
37099	0.033858
33413	0.033860
21626	0.033861
15350	0.033861
21147	0.033863
42142	0.033866
52546	0.033871
61384	0.033873
52668	0.033874
54440	0.033874
52941	0.033875
49822	0.033875
60645	0.033876
11275	0.033877
44714	0.033878
61121	0.033880
13529	0.033881
52640	0.033882
13616	0.033883
30812	0.033885
27638	0.033886
11107	0.033886
29871	0.033887
7601	0.033887
35718	0.033890
48546	0.033890
49145	0.033893
52860	0.033894
8270	0.033896
16290	0.033898
27384	0.033898
40257	0.033898
23489	0.033899
17046	0.033902
49681	0.033905
8740	0.033907
11800	0.033907
39149	0.033908
24012	0.033910
8783	0.033911
30051	0.033911
50545	0.033911
10819	0.033912
28795	0.033912
54632	0.033919
33731	0.033921
56198	0.033922
9880	0.033927
9516	0.033928
15748	0.033928
22542	0.033929
36224	0.033931
20053	0.033931
42240	0.033932
14492	0.033934
46865	0.033935
35748	0.033935
36652	0.033936
9843	0.033941
28351	0.033943
61614	0.033943
10849	0.033944
56880	0.033945
54882	0.033945
36608	0.033946
19712	0.033950
60503	0.033951
25571	0.033951
60267	0.033953
56034	0.033954
28761	0.033958
38401	0.033960
50519	0.033960
11008	0.033960
24545	0.033964
32320	0.033966
12744	0.033967
11053	0.033969
30741	0.033969
37111	0.033971
37068	0.033971
16611	0.033971
36580	0.033974
47373	0.033977
7051	0.033978
34335	0.033979
36900	0.033986
11007	0.033988
32644	0.033989
7586	0.033989
20732	0.033994
58415	0.033997
53921	0.034003
54259	0.034004
49602	0.034006
16281	0.034007
9467	0.034010
35830	0.034011
36776	0.034011
25489	0.034013
30291	0.034013
13566	0.034019
51697	0.034021
19657	0.034022
56302	0.034022
9582	0.034023
22318	0.034024
51475	0.034024
17321	0.034026
38385	0.034031
7862	0.034033
8612	0.034034
15547	0.034036
39689	0.034037
8421	0.034039
21835	0.034039
56778	0.034045
36032	0.034046
8814	0.034048
50136	0.034049
47930	0.034051
53650	0.034051
17366	0.034053
30488	0.034054
57681	0.034055
24204	0.034057
50016	0.034057
23278	0.034060
50140	0.034063
24819	0.034064
11321	0.034066
49704	0.034067
43788	0.034067
17488	0.034067
33348	0.034068
60269	0.034069
57389	0.034069
45182	0.034070
35796	0.034073
51308	0.034074
57327	0.034074
39066	0.034077
14314	0.034077
14539	0.034077
53567	0.034078
32928	0.034079
12869	0.034079
53896	0.034079
46415	0.034082
50177	0.034084
23539	0.034088
13898	0.034088
8685	0.034091
15158	0.034095
25459	0.034098
9961	0.034098
34418	0.034099
52557	0.034101
25234	0.034102
47105	0.034102
58125	0.034107
56063	0.034111
20296	0.034114
45360	0.034116
58579	0.034116
56956	0.034117
46916	0.034117
41407	0.034120
8854	0.034121
39189	0.034124
10153	0.034125
48515	0.034131
29066	0.034136
34871	0.034139
15348	0.034141
36319	0.034141
22288	0.034141
55975	0.034142
37981	0.034145
46904	0.034146
34960	0.034147
29192	0.034148
11525	0.034149
28125	0.034150
19308	0.034152
50570	0.034152
19588	0.034152
11496	0.034153
12094	0.034154
12402	0.034154
21771	0.034154
53505	0.034154
61663	0.034157
13028	0.034157
11973	0.034157
15714	0.034161
20466	0.034161
35472	0.034162
10584	0.034163
21379	0.034164
16774	0.034165
43742	0.034166
42126	0.034168
58493	0.034168
14745	0.034169
15306	0.034170
18372	0.034170
39756	0.034175
38062	0.034180
54031	0.034181
26306	0.034182
24404	0.034182
8519	0.034186
28167	0.034188
35162	0.034192
11122	0.034193
40448	0.034197
25024	0.034197
38036	0.034198
60617	0.034198
8577	0.034200
31546	0.034203
11071	0.034204
30160	0.034204
20726	0.034206
61678	0.034208
56320	0.034208
10891	0.034208
16970	0.034209
56330	0.034212
11771	0.034212
50079	0.034214
34207	0.034215
27666	0.034216
13360	0.034217
20935	0.034217
54307	0.034223
40118	0.034234
58646	0.034235
30736	0.034236
40115	0.034237
58662	0.034238
49770	0.034239
25848	0.034239
25182	0.034242
46630	0.034242
39742	0.034244
19655	0.034246
32630	0.034247
43724	0.034248
52772	0.034250
53076	0.034255
15278	0.034256
13778	0.034258
24871	0.034258
30171	0.034261
34043	0.034263
51156	0.034264
11426	0.034266
26489	0.034266
60217	0.034267
12111	0.034269
38429	0.034269
14978	0.034270
49906	0.034271
15314	0.034273
16439	0.034273
30250	0.034277
29844	0.034278
45110	0.034278
17391	0.034279
19294	0.034280
16744	0.034280
51888	0.034281
37380	0.034285
44596	0.034289
20252	0.034290
29205	0.034291
53963	0.034293
56543	0.034294
40845	0.034294
19546	0.034299
24230	0.034300
9988	0.034302
45738	0.034302
25673	0.034303
60665	0.034304
47582	0.034304
53073	0.034304
29748	0.034308
28038	0.034310
47112	0.034311
20533	0.034312
15720	0.034314
37009	0.034317
44070	0.034317
56409	0.034319
48788	0.034324
44663	0.034324
10973	0.034326
47090	0.034330
34671	0.034331
20222	0.034331
14719	0.034332
43249	0.034336
11857	0.034337
38377	0.034338
53883	0.034338
55013	0.034339
39388	0.034339
30912	0.034339
31391	0.034340
55582	0.034342
30618	0.034342
46393	0.034345
13693	0.034347
33505	0.034347
30834	0.034347
23494	0.034349
57241	0.034349
29202	0.034349
48790	0.034353
32225	0.034354
30727	0.034360
16362	0.034360
39172	0.034362
55484	0.034364
16616	0.034366
49969	0.034370
46690	0.034373
23111	0.034375
38663	0.034376
51276	0.034385
16530	0.034386
30125	0.034392
49096	0.034394
19686	0.034401
12479	0.034402
56548	0.034404
9857	0.034405
30837	0.034405
43609	0.034406
10767	0.034406
11384	0.034407
23707	0.034407
17275	0.034410
24626	0.034410
61049	0.034411
55954	0.034415
39902	0.034418
32076	0.034418
58398	0.034419
35566	0.034419
40659	0.034421
20786	0.034422
9027	0.034423
26608	0.034424
20707	0.034424
14877	0.034425
9871	0.034428
7224	0.034429
21082	0.034430
30386	0.034430
30648	0.034431
51025	0.034431
39303	0.034432
16177	0.034433
60600	0.034433
57290	0.034433
53503	0.034435
12786	0.034435
56937	0.034436
15345	0.034436
41671	0.034436
52850	0.034438
12738	0.034439
21823	0.034439
51458	0.034440
49774	0.034445
19066	0.034445
14235	0.034446
11773	0.034447
45477	0.034451
14281	0.034453
9228	0.034454
11590	0.034455
22059	0.034455
10389	0.034456
23117	0.034457
38279	0.034457
57367	0.034457
56306	0.034460
54710	0.034461
35275	0.034463
58101	0.034463
46070	0.034468
49926	0.034469
14627	0.034469
32263	0.034472
45795	0.034476
24542	0.034478
26500	0.034480
58249	0.034481
49111	0.034481
10266	0.034481
12821	0.034482
41379	0.034483
11300	0.034483
38164	0.034484
47364	0.034487
20313	0.034487
25784	0.034488
44157	0.034488
16125	0.034492
9373	0.034492
10686	0.034493
13822	0.034493
24316	0.034494
60699	0.034494
46972	0.034494
55886	0.034496
21795	0.034497
29218	0.034501
7199	0.034501
31031	0.034509
17056	0.034511
52540	0.034511
27278	0.034511
25119	0.034513
11770	0.034517
8873	0.034519
17199	0.034519
47714	0.034522
48248	0.034530
42687	0.034531
14288	0.034533
30644	0.034533
35811	0.034533
26220	0.034534
13813	0.034534
7801	0.034535
8254	0.034535
23079	0.034536
7839	0.034536
40438	0.034538
50822	0.034543
13204	0.034547
42995	0.034549
60218	0.034551
48716	0.034553
37048	0.034555
56706	0.034556
60799	0.034560
39314	0.034561
10106	0.034561
48625	0.034564
44274	0.034565
30506	0.034567
24915	0.034570
15145	0.034571
47166	0.034573
48990	0.034575
35283	0.034576
9920	0.034578
39458	0.034583
58654	0.034583
20355	0.034584
18876	0.034586
14977	0.034589
55458	0.034592
23102	0.034592
21714	0.034594
57759	0.034599
43238	0.034600
13669	0.034605
10455	0.034605
29872	0.034607
16883	0.034608
31288	0.034610
36264	0.034611
25491	0.034614
24033	0.034614
15595	0.034614
40100	0.034619
57216	0.034620
27516	0.034621
42301	0.034622
55299	0.034622
8173	0.034625
25209	0.034634
29160	0.034638
53344	0.034639
19649	0.034641
43641	0.034641
31762	0.034645
8702	0.034645
10472	0.034646
61260	0.034650
9484	0.034653
10482	0.034654
56596	0.034654
19529	0.034655
60322	0.034655
11288	0.034656
36704	0.034657
11295	0.034659
23076	0.034664
8560	0.034668
44822	0.034669
7548	0.034670
31383	0.034678
42951	0.034679
48122	0.034680
36852	0.034683
9912	0.034686
32273	0.034688
36207	0.034692
39589	0.034694
25788	0.034695
47426	0.034695
23172	0.034700
13601	0.034700
20341	0.034700
27495	0.034701
7739	0.034701
47920	0.034704
26315	0.034704
56933	0.034707
47571	0.034708
54014	0.034709
47508	0.034709
27497	0.034710
20874	0.034716
22151	0.034720
17384	0.034721
14552	0.034722
22822	0.034723
8682	0.034723
50060	0.034725
31659	0.034728
9029	0.034732
40009	0.034732
58504	0.034733
43370	0.034733
40499	0.034736
22623	0.034736
39200	0.034739
33558	0.034741
57713	0.034741
13564	0.034746
55168	0.034747
9332	0.034754
40393	0.034758
30832	0.034760
53113	0.034760
23353	0.034765
30784	0.034768
11503	0.034771
53836	0.034771
47417	0.034775
21386	0.034775
19393	0.034778
15152	0.034783
39308	0.034790
15370	0.034792
11534	0.034793
51173	0.034794
13909	0.034801
11192	0.034806
13493	0.034807
15400	0.034809
23879	0.034809
12701	0.034811
58479	0.034814
57087	0.034814
8258	0.034815
48660	0.034815
45010	0.034816
57683	0.034817
25456	0.034818
45301	0.034820
55968	0.034821
42957	0.034821
17373	0.034822
27008	0.034826
39241	0.034830
9333	0.034830
8634	0.034831
44937	0.034832
55628	0.034833
54024	0.034833
21549	0.034841
45698	0.034841
55882	0.034846
45178	0.034847
60626	0.034848
47334	0.034851
35763	0.034854
39299	0.034861
14332	0.034866
14044	0.034868
19292	0.034868
15716	0.034869
23737	0.034870
35992	0.034870
55338	0.034872
37176	0.034877
25355	0.034877
12378	0.034878
10898	0.034882
12672	0.034882
35551	0.034884
19339	0.034884
10369	0.034888
41932	0.034890
53611	0.034892
29978	0.034895
12079	0.034897
15982	0.034897
27491	0.034898
50976	0.034900
12683	0.034903
30124	0.034903
8890	0.034903
20448	0.034905
58540	0.034906
45797	0.034908
15757	0.034908
50863	0.034909
17244	0.034909
37463	0.034911
51046	0.034911
10058	0.034912
49819	0.034914
61479	0.034914
41982	0.034914
47494	0.034916
23382	0.034916
41203	0.034917
14307	0.034919
26792	0.034919
54918	0.034921
8611	0.034921
48543	0.034924
35615	0.034926
12970	0.034929
57154	0.034930
21229	0.034931
13065	0.034931
12122	0.034932
9481	0.034934
45542	0.034936
39192	0.034938
14558	0.034938
52145	0.034940
14965	0.034941
19679	0.034941
34308	0.034942
11559	0.034944
55684	0.034948
9224	0.034949
61090	0.034951
26725	0.034952
34640	0.034954
10105	0.034954
43206	0.034955
52827	0.034959
44256	0.034960
31423	0.034961
50282	0.034962
11411	0.034963
17301	0.034963
8884	0.034964
44995	0.034964
11350	0.034965
14813	0.034965
7280	0.034966
36400	0.034967
22786	0.034967
44237	0.034967
52220	0.034969
53427	0.034970
7944	0.034972
16082	0.034972
42942	0.034972
28962	0.034977
38639	0.034977
44100	0.034978
15544	0.034979
10625	0.034981
45831	0.034981
8608	0.034988
8581	0.034990
10599	0.034995
47613	0.034995
31216	0.034997
50622	0.034999
44234	0.035002
46671	0.035003
38578	0.035004
47404	0.035007
60612	0.035008
7876	0.035008
29168	0.035009
32943	0.035010
30233	0.035014
33269	0.035017
57150	0.035017
36252	0.035018
48281	0.035020
30757	0.035024
12838	0.035028
49446	0.035030
16751	0.035030
58623	0.035031
11560	0.035036
27059	0.035038
37026	0.035038
12774	0.035039
27735	0.035040
24717	0.035041
22627	0.035043
13404	0.035043
30697	0.035049
9870	0.035050
46287	0.035052
14217	0.035053
26730	0.035055
38183	0.035063
25040	0.035067
13464	0.035068
46675	0.035069
17039	0.035069
46422	0.035073
30058	0.035080
9796	0.035081
46116	0.035083
26773	0.035083
35415	0.035086
43854	0.035088
25121	0.035088
60974	0.035089
52434	0.035089
37097	0.035089
12052	0.035091
8788	0.035091
22276	0.035092
46897	0.035094
13233	0.035094
53347	0.035095
15349	0.035096
14469	0.035097
17285	0.035104
46425	0.035105
15521	0.035105
37538	0.035107
21673	0.035117
50968	0.035118
30655	0.035121
7858	0.035122
35510	0.035122
32422	0.035123
13656	0.035124
14661	0.035124
46677	0.035125
40902	0.035126
33780	0.035126
13662	0.035131
23491	0.035135
23882	0.035136
115446	0.035138
54880	0.035140
44839	0.035140
40940	0.035142
37800	0.035142
43555	0.035147
33948	0.035148
15677	0.035152
11331	0.035153
52561	0.035154
25053	0.035154
21429	0.035158
25790	0.035164
23073	0.035166
44532	0.035167
61567	0.035167
10487	0.035169
57040	0.035172
14787	0.035173
50667	0.035173
11176	0.035176
16345	0.035176
42380	0.035177
12385	0.035178
56614	0.035178
10043	0.035179
42263	0.035179
10836	0.035179
48442	0.035181
39273	0.035181
26237	0.035182
21405	0.035186
14939	0.035187
38448	0.035188
55876	0.035188
30612	0.035190
58656	0.035190
34876	0.035191
26452	0.035191
37609	0.035194
14565	0.035196
48426	0.035198
10842	0.035202
56832	0.035202
57470	0.035204
9927	0.035204
11052	0.035210
54543	0.035210
44097	0.035213
27688	0.035214
40943	0.035216
42727	0.035219
9488	0.035220
7024	0.035221
20164	0.035222
23805	0.035224
41145	0.035225
51574	0.035226
29128	0.035230
47514	0.035231
48825	0.035236
44098	0.035237
57847	0.035237
35478	0.035240
20588	0.035252
32838	0.035253
54162	0.035261
23484	0.035264
47731	0.035267
50756	0.035268
16276	0.035271
7410	0.035271
47325	0.035271
34298	0.035272
9161	0.035273
42086	0.035274
15133	0.035274
35559	0.035275
23099	0.035279
34463	0.035281
54317	0.035281
45417	0.035283
39840	0.035283
8233	0.035285
12520	0.035285
11412	0.035290
22401	0.035292
35655	0.035292
17131	0.035292
8100	0.035296
60323	0.035300
8428	0.035300
33425	0.035303
18287	0.035304
16288	0.035308
50881	0.035308
36611	0.035309
12074	0.035311
32882	0.035315
17006	0.035316
13051	0.035316
30631	0.035317
38168	0.035317
14757	0.035318
52093	0.035318
42276	0.035318
49283	0.035319
27395	0.035320
28673	0.035324
8579	0.035328
26925	0.035334
35379	0.035335
29220	0.035337
53147	0.035340
37038	0.035342
14946	0.035342
16631	0.035345
14440	0.035345
7204	0.035346
57949	0.035349
28136	0.035350
17171	0.035352
55399	0.035353
37360	0.035353
14547	0.035354
49923	0.035355
10216	0.035359
9292	0.035362
14848	0.035366
47029	0.035367
20463	0.035368
10916	0.035370
25006	0.035372
22539	0.035374
44551	0.035375
32904	0.035377
43217	0.035378
27014	0.035379
40591	0.035380
11808	0.035380
55767	0.035381
23550	0.035381
40176	0.035381
23002	0.035383
34878	0.035388
45341	0.035389
32183	0.035391
30304	0.035392
10269	0.035407
9326	0.035410
50275	0.035414
31067	0.035415
55085	0.035415
30575	0.035415
48278	0.035420
20891	0.035426
54074	0.035428
8366	0.035429
52217	0.035430
50261	0.035431
15366	0.035432
31606	0.035432
61605	0.035435
52130	0.035435
11459	0.035435
28708	0.035435
22457	0.035436
45305	0.035438
25953	0.035442
21995	0.035443
13263	0.035444
51122	0.035445
14223	0.035445
12836	0.035445
52978	0.035447
42338	0.035448
30630	0.035451
7660	0.035453
57550	0.035454
32125	0.035454
22861	0.035457
25143	0.035458
25739	0.035459
21505	0.035459
12256	0.035461
56612	0.035463
8012	0.035465
48263	0.035466
22961	0.035467
44633	0.035468
6927	0.035472
10713	0.035473
7831	0.035474
14114	0.035475
23125	0.035477
41447	0.035480
36465	0.035481
28032	0.035482
23132	0.035483
32368	0.035483
39371	0.035486
37199	0.035488
12270	0.035495
47859	0.035495
57557	0.035500
40953	0.035501
50873	0.035501
30046	0.035503
8745	0.035504
9502	0.035513
34271	0.035513
10437	0.035514
7684	0.035517
54379	0.035518
27484	0.035518
44104	0.035519
23477	0.035520
26897	0.035521
44224	0.035521
15676	0.035522
49618	0.035522
28714	0.035524
19629	0.035525
14566	0.035525
12470	0.035525
31281	0.035526
40497	0.035532
50104	0.035533
34591	0.035535
26167	0.035535
30310	0.035540
15652	0.035540
47150	0.035542
37795	0.035543
23224	0.035543
16465	0.035544
30581	0.035544
49684	0.035545
14329	0.035545
51411	0.035546
53091	0.035549
37997	0.035550
44725	0.035553
17499	0.035554
55755	0.035555
7914	0.035557
43115	0.035557
10578	0.035559
10110	0.035559
54231	0.035560
21483	0.035560
39641	0.035565
34479	0.035566
24889	0.035568
45420	0.035571
60166	0.035571
14030	0.035574
53144	0.035574
52664	0.035574
48379	0.035576
28764	0.035577
8278	0.035578
60763	0.035579
27218	0.035580
9879	0.035584
48844	0.035586
7516	0.035588
21302	0.035595
30309	0.035595
27078	0.035596
22188	0.035596
20615	0.035600
9110	0.035600
11184	0.035603
51954	0.035603
28177	0.035604
32493	0.035607
47874	0.035608
9970	0.035610
52141	0.035612
10729	0.035614
50299	0.035617
51745	0.035622
37281	0.035623
9343	0.035623
57054	0.035624
13000	0.035626
7532	0.035626
32574	0.035626
16317	0.035627
9829	0.035628
50371	0.035631
45667	0.035632
27691	0.035634
21644	0.035636
32252	0.035636
49036	0.035637
11351	0.035640
15169	0.035643
14557	0.035643
32084	0.035644
46572	0.035645
36044	0.035649
14559	0.035650
50088	0.035656
56364	0.035660
49951	0.035662
31074	0.035663
34710	0.035665
51149	0.035666
57066	0.035670
22078	0.035672
9050	0.035679
48622	0.035686
9069	0.035687
10365	0.035693
55479	0.035696
22423	0.035697
9320	0.035697
32316	0.035697
28824	0.035703
33964	0.035704
36200	0.035704
56539	0.035704
40431	0.035708
24733	0.035713
37085	0.035714
9946	0.035716
46777	0.035716
56281	0.035719
55269	0.035722
23355	0.035724
49432	0.035725
22491	0.035726
7035	0.035730
7860	0.035733
57485	0.035735
35435	0.035737
19812	0.035742
10117	0.035744
11664	0.035751
30759	0.035751
25445	0.035754
16339	0.035756
16332	0.035756
47242	0.035757
38739	0.035758
29946	0.035764
10326	0.035769
10972	0.035770
13641	0.035774
38808	0.035774
46397	0.035775
52823	0.035777
38266	0.035778
8265	0.035779
46228	0.035780
35271	0.035781
10476	0.035781
34243	0.035782
15285	0.035789
41959	0.035789
61674	0.035790
9128	0.035795
16428	0.035798
10905	0.035801
24580	0.035801
14994	0.035805
44011	0.035806
50712	0.035807
41112	0.035811
46912	0.035814
17064	0.035816
55335	0.035819
15393	0.035821
11025	0.035828
21752	0.035830
9181	0.035832
24547	0.035833
45927	0.035837
16585	0.035838
27130	0.035839
54376	0.035840
50162	0.035840
56603	0.035845
57482	0.035848
50987	0.035852
16116	0.035853
28207	0.035857
7387	0.035857
40005	0.035858
13513	0.035865
13382	0.035866
55879	0.035867
44293	0.035868
47124	0.035872
36619	0.035872
52197	0.035876
14276	0.035876
7149	0.035881
11340	0.035883
9194	0.035884
49733	0.035885
38988	0.035887
50963	0.035891
14347	0.035892
44286	0.035893
9776	0.035895
21997	0.035897
13615	0.035899
15694	0.035901
30578	0.035903
15103	0.035904
11194	0.035904
31662	0.035905
35323	0.035905
30504	0.035905
33246	0.035908
16314	0.035909
22376	0.035910
24111	0.035911
24022	0.035917
55112	0.035918
28637	0.035918
46250	0.035919
45520	0.035922
54037	0.035925
19881	0.035925
19211	0.035927
22062	0.035927
46413	0.035927
47350	0.035930
54197	0.035930
22480	0.035931
16358	0.035933
56972	0.035933
39666	0.035935
52192	0.035938
8262	0.035942
57296	0.035945
19944	0.035947
50280	0.035948
42743	0.035949
52634	0.035951
40971	0.035953
38287	0.035955
31627	0.035955
12024	0.035956
51928	0.035961
14154	0.035962
37573	0.035964
36471	0.035964
30343	0.035970
20535	0.035970
56621	0.035972
35033	0.035973
20655	0.035974
23644	0.035977
28129	0.035978
11673	0.035979
44949	0.035979
12077	0.035980
51866	0.035980
16958	0.035983
16772	0.035986
14967	0.035987
11840	0.035988
45219	0.035989
48812	0.035990
7384	0.035991
27554	0.035991
20412	0.035993
47638	0.035998
57149	0.035998
42439	0.036005
12108	0.036013
53239	0.036021
24115	0.036023
24553	0.036026
28600	0.036026
40093	0.036027
55296	0.036027
14047	0.036027
56120	0.036030
9264	0.036030
40956	0.036031
25314	0.036032
46899	0.036032
20256	0.036037
57879	0.036038
24689	0.036039
29064	0.036039
51190	0.036040
36052	0.036046
10627	0.036047
12584	0.036050
25438	0.036051
13602	0.036052
45943	0.036056
53319	0.036069
14797	0.036069
26124	0.036071
26035	0.036073
15279	0.036073
49174	0.036075
51853	0.036075
15896	0.036077
50450	0.036083
33102	0.036095
22602	0.036098
21040	0.036100
23106	0.036101
43372	0.036104
44164	0.036104
14050	0.036105
7763	0.036105
38276	0.036106
36077	0.036108
13257	0.036118
55087	0.036120
27788	0.036120
60189	0.036126
39444	0.036127
28642	0.036131
46780	0.036132
53054	0.036134
45237	0.036135
19482	0.036137
54929	0.036139
21468	0.036140
39973	0.036145
44427	0.036145
44394	0.036153
46400	0.036156
9571	0.036160
30178	0.036161
31112	0.036163
14690	0.036164
8918	0.036165
38761	0.036165
49073	0.036167
28376	0.036172
54668	0.036176
50303	0.036178
43343	0.036179
20859	0.036179
30597	0.036179
25518	0.036180
22507	0.036182
22042	0.036182
44942	0.036187
33243	0.036191
48205	0.036191
7667	0.036193
17402	0.036194
51851	0.036196
51846	0.036203
16286	0.036204
53342	0.036204
44987	0.036204
15308	0.036205
15353	0.036205
9793	0.036207
20003	0.036210
22164	0.036210
14025	0.036213
14658	0.036215
11465	0.036217
39360	0.036218
45467	0.036221
12242	0.036229
47033	0.036232
36216	0.036235
7591	0.036237
22237	0.036240
27652	0.036245
14280	0.036246
16059	0.036250
24635	0.036251
50053	0.036252
8802	0.036254
51599	0.036257
23756	0.036259
19353	0.036268
35280	0.036270
47926	0.036270
14077	0.036272
14637	0.036274
56624	0.036281
22574	0.036287
7886	0.036288
26144	0.036291
19452	0.036298
42461	0.036307
45423	0.036307
9865	0.036308
55117	0.036309
38882	0.036312
75940	0.036314
25569	0.036314
7120	0.036317
52696	0.036318
38950	0.036322
24574	0.036322
53056	0.036325
34046	0.036329
19859	0.036332
52922	0.036333
58330	0.036335
55121	0.036340
47802	0.036347
13558	0.036352
37900	0.036354
26239	0.036354
58287	0.036355
13658	0.036355
22069	0.036356
9963	0.036356
38690	0.036357
12461	0.036360
7219	0.036364
30284	0.036368
16491	0.036368
15209	0.036370
33722	0.036371
26640	0.036373
38870	0.036375
16179	0.036376
10338	0.036380
23070	0.036388
20769	0.036392
25467	0.036407
27551	0.036413
36441	0.036416
31124	0.036416
16755	0.036418
56661	0.036418
31021	0.036420
31609	0.036420
33729	0.036425
35290	0.036426
56609	0.036426
19560	0.036427
12855	0.036427
14478	0.036430
26651	0.036432
27338	0.036433
28091	0.036439
53262	0.036440
53834	0.036441
29147	0.036443
35265	0.036447
56580	0.036451
27824	0.036452
39721	0.036452
13802	0.036453
51072	0.036458
56040	0.036458
42130	0.036459
45817	0.036460
46941	0.036466
15527	0.036468
56950	0.036473
11334	0.036485
30952	0.036486
50580	0.036488
27859	0.036489
29928	0.036491
9755	0.036497
56979	0.036501
32738	0.036504
37436	0.036506
13421	0.036507
57084	0.036512
37498	0.036512
38132	0.036512
7528	0.036519
36889	0.036521
14554	0.036521
26329	0.036526
49292	0.036529
47245	0.036531
15808	0.036531
41007	0.036531
61141	0.036533
36664	0.036537
25246	0.036537
13353	0.036538
17419	0.036538
15015	0.036540
38547	0.036542
54847	0.036542
37374	0.036542
52101	0.036542
27992	0.036545
61167	0.036547
16128	0.036548
15408	0.036556
17201	0.036556
28766	0.036565
37028	0.036568
11814	0.036575
42133	0.036576
12439	0.036580
46243	0.036580
12539	0.036583
50001	0.036584
19672	0.036589
17188	0.036602
33229	0.036606
14123	0.036609
10394	0.036613
56059	0.036624
23541	0.036635
42681	0.036642
10854	0.036646
31297	0.036646
52195	0.036650
14181	0.036651
27582	0.036652
56328	0.036652
13074	0.036652
23730	0.036652
55987	0.036656
33496	0.036660
21170	0.036665
27144	0.036668
30201	0.036677
26079	0.036679
14912	0.036681
20939	0.036687
24632	0.036689
29771	0.036692
12846	0.036693
49902	0.036697
16236	0.036698
26590	0.036700
25676	0.036700
10298	0.036705
40889	0.036706
30436	0.036709
14929	0.036709
20453	0.036711
35347	0.036711
43541	0.036715
19582	0.036720
19345	0.036722
24353	0.036725
13965	0.036726
11320	0.036726
9348	0.036729
24728	0.036731
7241	0.036732
55441	0.036734
22814	0.036737
10367	0.036738
23704	0.036741
38317	0.036741
23063	0.036747
60581	0.036754
11866	0.036754
25631	0.036759
8122	0.036760
26554	0.036762
20618	0.036762
41937	0.036763
14045	0.036765
23860	0.036765
11495	0.036772
58524	0.036776
13103	0.036780
60965	0.036783
57057	0.036783
44153	0.036786
49261	0.036787
24879	0.036788
13888	0.036788
21718	0.036791
55114	0.036792
43980	0.036793
15413	0.036799
14854	0.036802
20149	0.036805
15426	0.036806
20529	0.036809
44997	0.036817
34099	0.036818
25100	0.036819
55369	0.036820
11829	0.036830
15818	0.036834
10530	0.036836
34345	0.036839
22981	0.036842
20508	0.036843
16143	0.036846
44117	0.036849
54909	0.036851
54967	0.036852
14922	0.036853
40295	0.036854
13907	0.036854
15809	0.036857
60366	0.036865
15464	0.036872
12817	0.036874
57023	0.036881
15188	0.036883
55302	0.036885
46842	0.036888
40973	0.036889
11182	0.036892
20914	0.036894
34053	0.036895
10349	0.036899
23192	0.036901
26004	0.036903
12238	0.036913
14913	0.036915
47868	0.036916
36315	0.036920
8467	0.036924
12093	0.036929
7137	0.036931
54003	0.036936
25422	0.036938
41745	0.036943
31154	0.036944
14577	0.036944
17162	0.036945
21672	0.036946
13803	0.036949
54563	0.036951
19885	0.036952
14534	0.036953
31152	0.036954
38650	0.036956
39824	0.036962
28974	0.036965
37147	0.036968
11995	0.036968
33974	0.036968
25557	0.036970
21514	0.036971
34137	0.036977
16688	0.036977
45455	0.036983
14187	0.036983
15136	0.036986
19574	0.036989
57045	0.036993
61656	0.036993
9028	0.036995
31143	0.036996
42997	0.036998
46863	0.036999
56146	0.037002
10397	0.037009
39882	0.037010
9654	0.037017
50122	0.037018
25782	0.037022
10252	0.037023
6966	0.037023
33710	0.037027
12819	0.037037
11433	0.037040
50182	0.037040
56843	0.037043
45498	0.037053
44205	0.037057
15008	0.037065
52044	0.037068
57841	0.037071
23411	0.037073
24026	0.037075
28915	0.037077
55591	0.037087
38488	0.037088
6908	0.037090
21360	0.037097
17246	0.037097
34998	0.037101
23394	0.037102
41064	0.037103
45725	0.037104
14983	0.037105
40496	0.037108
27545	0.037108
12752	0.037108
19682	0.037109
10559	0.037110
40699	0.037115
16303	0.037118
60713	0.037123
11663	0.037128
12144	0.037130
13968	0.037134
8145	0.037143
26058	0.037144
52780	0.037150
22213	0.037152
18369	0.037154
16330	0.037156
8856	0.037156
53268	0.037156
16983	0.037159
15770	0.037160
36681	0.037162
48080	0.037163
20971	0.037163
15291	0.037166
35330	0.037169
19424	0.037185
47541	0.037190
23919	0.037190
33288	0.037190
35955	0.037194
47006	0.037196
57325	0.037199
24937	0.037204
49586	0.037208
24539	0.037208
32241	0.037213
39530	0.037215
8333	0.037219
56556	0.037220
16934	0.037223
29765	0.037224
52837	0.037226
46680	0.037231
33765	0.037232
9866	0.037232
57710	0.037232
56536	0.037236
34485	0.037238
22788	0.037246
41147	0.037246
41748	0.037247
29938	0.037252
52258	0.037254
52211	0.037255
36253	0.037257
9458	0.037257
38997	0.037260
7966	0.037262
36333	0.037264
56703	0.037264
28145	0.037267
43512	0.037267
12820	0.037268
35711	0.037269
10070	0.037269
9762	0.037271
38421	0.037274
8735	0.037275
17100	0.037275
40729	0.037276
9444	0.037280
35213	0.037282
11561	0.037282
41012	0.037286
17049	0.037288
24921	0.037288
28755	0.037289
34130	0.037295
25749	0.037298
16038	0.037298
12571	0.037302
56677	0.037305
32564	0.037307
42887	0.037317
50095	0.037318
54567	0.037319
25845	0.037324
35923	0.037324
51424	0.037326
10477	0.037326
15710	0.037330
11234	0.037332
55509	0.037335
28706	0.037336
12751	0.037338
14884	0.037340
39566	0.037342
41083	0.037343
44784	0.037344
44920	0.037346
17073	0.037347
35404	0.037349
32572	0.037356
37487	0.037361
12782	0.037365
16352	0.037370
55486	0.037374
50887	0.037389
27175	0.037394
37983	0.037398
7594	0.037400
26831	0.037401
35854	0.037409
50005	0.037412
33989	0.037414
14535	0.037416
15052	0.037416
22784	0.037421
52180	0.037423
42912	0.037424
23875	0.037425
20626	0.037426
47781	0.037427
61601	0.037434
19450	0.037443
30907	0.037443
44288	0.037445
37820	0.037446
31911	0.037446
7013	0.037447
10983	0.037447
19050	0.037451
11615	0.037455
12946	0.037456
10971	0.037457
12375	0.037475
43679	0.037481
13391	0.037482
19866	0.037482
14829	0.037484
50327	0.037490
49671	0.037493
13491	0.037494
7398	0.037498
20637	0.037519
23127	0.037522
7647	0.037523
50965	0.037526
30572	0.037528
53309	0.037529
9046	0.037533
38051	0.037534
14969	0.037534
37558	0.037537
44284	0.037538
40726	0.037543
9242	0.037547
60833	0.037559
12750	0.037563
25762	0.037564
13079	0.037568
38019	0.037573
9937	0.037576
25065	0.037580
33887	0.037581
13608	0.037585
26991	0.037585
16385	0.037587
8456	0.037588
10718	0.037590
34686	0.037597
38315	0.037599
13490	0.037600
15196	0.037601
19931	0.037601
9509	0.037603
42664	0.037605
57972	0.037609
8046	0.037610
26522	0.037611
12215	0.037613
24036	0.037614
19909	0.037621
12898	0.037622
34491	0.037627
35335	0.037627
17460	0.037628
44095	0.037631
26543	0.037633
9782	0.037638
22839	0.037643
12897	0.037646
28043	0.037653
14896	0.037657
44902	0.037657
13319	0.037658
51864	0.037658
24054	0.037659
33224	0.037665
27791	0.037667
7489	0.037669
11278	0.037671
22782	0.037672
43324	0.037675
52467	0.037678
14663	0.037679
51159	0.037680
27152	0.037687
38616	0.037689
10523	0.037693
15368	0.037698
33519	0.037706
37782	0.037709
13661	0.037711
20607	0.037717
12689	0.037723
55341	0.037728
23018	0.037729
16762	0.037730
49427	0.037731
14016	0.037733
20751	0.037739
12293	0.037743
22290	0.037747
10596	0.037748
14975	0.037753
8016	0.037754
37511	0.037758
29262	0.037764
37187	0.037765
11090	0.037766
42591	0.037768
33564	0.037771
20753	0.037773
35151	0.037773
29824	0.037777
37653	0.037779
53081	0.037780
37014	0.037783
26829	0.037785
55257	0.037786
9968	0.037789
36448	0.037789
43889	0.037789
14664	0.037790
35861	0.037793
22367	0.037793
27203	0.037794
36472	0.037795
9839	0.037795
23067	0.037798
19343	0.037798
29947	0.037802
48435	0.037805
60796	0.037807
47790	0.037808
30660	0.037815
14885	0.037815
56510	0.037816
44261	0.037822
37807	0.037825
56852	0.037842
20246	0.037844
55365	0.037846
12493	0.037851
20744	0.037852
56017	0.037857
58615	0.037863
10296	0.037863
11483	0.037866
23236	0.037868
52671	0.037869
56626	0.037869
30354	0.037871
15759	0.037872
39075	0.037874
9042	0.037875
30749	0.037875
21420	0.037879
16351	0.037880
15300	0.037881
22008	0.037883
44917	0.037886
22292	0.037887
26302	0.037892
23902	0.037904
40018	0.037917
43338	0.037920
39836	0.037922
56192	0.037926
36010	0.037931
56567	0.037932
25705	0.037936
11972	0.037941
8181	0.037941
13724	0.037942
46793	0.037949
37224	0.037953
25350	0.037955
10441	0.037957
51247	0.037962
49533	0.037962
24062	0.037968
12299	0.037973
23529	0.037976
37995	0.037977
13806	0.037981
10780	0.037984
49988	0.037984
15670	0.037992
7228	0.037992
40204	0.037996
16204	0.037997
57425	0.037998
10181	0.038000
60313	0.038000
12724	0.038004
50919	0.038009
32697	0.038010
23895	0.038011
44315	0.038015
53172	0.038016
22120	0.038020
44908	0.038026
24461	0.038026
21636	0.038034
8389	0.038037
10978	0.038044
56157	0.038045
42036	0.038047
19382	0.038048
22615	0.038049
55079	0.038051
36596	0.038051
53163	0.038052
50051	0.038054
26034	0.038056
29904	0.038061
21622	0.038062
56149	0.038064
15597	0.038065
8599	0.038071
22465	0.038072
28851	0.038073
53959	0.038074
16039	0.038076
42327	0.038080
28119	0.038084
40748	0.038086
53315	0.038090
53274	0.038090
11080	0.038095
61107	0.038099
22420	0.038099
19807	0.038102
38685	0.038105
42437	0.038109
54467	0.038110
20181	0.038110
8707	0.038113
8709	0.038118
14876	0.038120
24939	0.038124
53544	0.038134
28621	0.038137
37004	0.038137
21511	0.038140
15396	0.038141
20423	0.038149
7389	0.038150
14019	0.038151
7770	0.038163
17398	0.038168
22125	0.038186
53888	0.038192
16049	0.038200
9726	0.038202
12814	0.038204
36210	0.038206
47546	0.038207
10755	0.038208
119476	0.038212
23507	0.038218
44047	0.038223
41155	0.038229
10642	0.038230
14138	0.038230
14880	0.038234
30158	0.038244
26277	0.038249
12615	0.038252
14666	0.038258
20079	0.038259
44277	0.038260
13815	0.038265
50991	0.038267
14303	0.038269
11472	0.038275
38920	0.038275
12140	0.038280
12589	0.038282
47972	0.038285
26776	0.038287
35842	0.038303
34989	0.038306
58466	0.038308
8598	0.038311
53973	0.038312
10036	0.038316
16459	0.038317
60955	0.038319
26732	0.038322
20697	0.038328
54164	0.038331
13262	0.038332
39011	0.038333
52253	0.038333
38766	0.038336
16292	0.038337
26298	0.038345
24950	0.038347
40227	0.038349
35917	0.038365
54666	0.038366
14521	0.038366
9695	0.038370
30683	0.038379
15411	0.038381
8628	0.038388
61558	0.038392
15629	0.038394
16099	0.038402
55584	0.038405
49599	0.038415
21538	0.038417
61484	0.038425
35209	0.038436
33984	0.038436
60124	0.038442
34984	0.038447
37095	0.038454
9078	0.038455
19958	0.038458
49459	0.038458
14522	0.038461
21865	0.038462
15633	0.038478
22641	0.038479
19266	0.038480
24526	0.038487
26129	0.038488
45020	0.038497
57095	0.038499
23212	0.038504
11132	0.038509
14007	0.038512
37751	0.038521
11440	0.038527
51937	0.038529
44732	0.038530
27254	0.038530
14264	0.038531
13593	0.038534
21222	0.038536
51758	0.038538
42579	0.038539
38771	0.038541
22127	0.038548
22388	0.038560
11471	0.038561
37225	0.038561
34513	0.038564
47017	0.038566
22925	0.038572
19415	0.038573
21895	0.038577
7406	0.038579
31290	0.038583
57079	0.038587
14529	0.038593
20635	0.038594
24926	0.038597
54355	0.038605
49248	0.038606
41432	0.038615
14562	0.038625
6952	0.038625
26643	0.038626
15788	0.038627
9185	0.038629
16300	0.038631
15186	0.038643
30674	0.038644
60708	0.038646
41721	0.038654
19200	0.038655
60700	0.038657
22019	0.038657
54459	0.038663
8191	0.038669
38785	0.038670
40260	0.038671
48094	0.038675
25786	0.038677
32380	0.038677
55424	0.038687
53986	0.038694
40358	0.038700
12080	0.038700
51741	0.038706
52565	0.038708
14553	0.038714
42904	0.038717
14441	0.038718
12106	0.038720
26955	0.038726
42734	0.038731
13489	0.038735
47994	0.038736
8247	0.038739
28992	0.038741
16075	0.038742
9581	0.038746
51780	0.038749
23828	0.038751
9438	0.038753
25826	0.038763
10717	0.038776
21447	0.038786
23520	0.038788
61438	0.038791
20419	0.038793
36965	0.038796
41666	0.038801
11545	0.038806
50789	0.038814
15837	0.038818
24818	0.038824
14001	0.038827
23057	0.038828
11443	0.038831
16763	0.038831
26649	0.038836
22576	0.038837
7965	0.038840
25316	0.038840
8255	0.038841
43649	0.038843
16369	0.038849
28931	0.038857
10321	0.038859
58082	0.038861
25498	0.038870
12434	0.038873
19898	0.038879
40734	0.038880
21381	0.038884
19281	0.038888
11200	0.038894
39114	0.038895
28614	0.038899
49154	0.038904
13760	0.038904
45781	0.038906
42274	0.038910
55232	0.038916
17032	0.038921
16355	0.038921
32512	0.038925
17345	0.038933
39049	0.038938
36731	0.038945
12999	0.038947
24949	0.038949
32557	0.038950
10208	0.038950
7915	0.038956
13893	0.038962
9532	0.038976
40220	0.038979
7909	0.038983
26623	0.038985
12527	0.038986
34656	0.038986
9311	0.038989
30973	0.038990
19653	0.038993
10681	0.038993
58088	0.038996
12599	0.038997
10011	0.038999
7905	0.039004
36770	0.039005
23466	0.039007
56700	0.039007
19872	0.039008
8571	0.039013
41988	0.039019
39673	0.039024
15495	0.039027
16315	0.039028
14833	0.039031
53401	0.039034
8558	0.039035
40103	0.039037
36726	0.039037
14701	0.039037
17205	0.039038
40735	0.039040
32715	0.039050
37172	0.039051
25666	0.039055
7642	0.039055
31136	0.039056
16230	0.039057
13718	0.039057
31338	0.039060
55711	0.039068
33417	0.039068
21668	0.039070
30535	0.039076
21406	0.039078
56760	0.039078
28000	0.039090
43725	0.039091
13206	0.039109
28786	0.039120
14680	0.039120
38755	0.039121
40233	0.039135
21422	0.039158
38711	0.039160
27431	0.039167
11022	0.039171
52148	0.039174
41010	0.039175
57516	0.039186
35252	0.039204
39089	0.039212
45343	0.039216
21244	0.039218
60882	0.039220
42732	0.039221
10325	0.039234
12964	0.039236
56583	0.039240
45939	0.039241
55406	0.039255
37433	0.039258
11049	0.039258
7967	0.039262
9415	0.039270
44628	0.039274
51455	0.039275
10032	0.039280
38723	0.039281
41956	0.039281
22211	0.039282
29075	0.039283
45712	0.039283
33686	0.039286
12815	0.039289
38720	0.039292
25860	0.039294
15507	0.039297
15452	0.039300
24019	0.039300
40744	0.039305
11000	0.039307
53827	0.039308
14800	0.039310
46149	0.039313
33628	0.039320
23957	0.039327
30537	0.039329
17114	0.039334
54592	0.039338
16127	0.039342
29127	0.039348
51462	0.039355
22717	0.039364
14621	0.039371
53869	0.039376
7866	0.039381
13605	0.039392
24561	0.039394
16574	0.039396
32142	0.039397
40091	0.039404
51595	0.039408
14124	0.039410
15778	0.039412
34074	0.039417
14839	0.039435
11437	0.039436
11835	0.039444
48101	0.039452
35184	0.039461
16316	0.039463
43942	0.039464
61021	0.039465
7192	0.039465
14254	0.039472
24272	0.039472
15113	0.039473
32099	0.039479
11004	0.039483
30567	0.039484
13981	0.039487
23115	0.039489
58335	0.039492
15481	0.039494
53276	0.039507
49353	0.039523
10101	0.039523
24928	0.039524
35914	0.039526
23105	0.039526
53272	0.039532
8791	0.039536
36735	0.039551
52278	0.039552
43352	0.039555
50464	0.039556
10218	0.039557
47465	0.039559
14342	0.039559
37960	0.039560
14022	0.039566
38803	0.039566
42366	0.039570
15125	0.039574
38450	0.039577
29949	0.039578
12569	0.039579
24151	0.039581
35528	0.039582
11828	0.039583
12496	0.039586
14279	0.039586
12740	0.039589
58586	0.039595
15928	0.039603
36978	0.039605
12209	0.039607
29729	0.039607
35554	0.039618
43310	0.039624
38780	0.039624
13650	0.039634
56508	0.039642
49811	0.039643
49912	0.039646
30358	0.039648
30031	0.039653
49596	0.039659
7575	0.039670
16213	0.039672
13575	0.039678
11811	0.039686
20455	0.039689
38707	0.039690
48040	0.039692
58562	0.039702
7176	0.039711
11425	0.039712
14793	0.039714
35455	0.039716
22932	0.039727
10241	0.039727
12494	0.039728
31172	0.039732
30600	0.039743
27922	0.039752
37297	0.039753
52590	0.039757
46748	0.039763
40427	0.039763
10639	0.039769
40164	0.039775
13885	0.039776
13884	0.039779
12513	0.039784
25339	0.039785
31183	0.039789
13549	0.039794
24439	0.039794
15194	0.039796
44960	0.039801
13787	0.039806
51062	0.039808
53195	0.039809
15064	0.039815
7323	0.039821
13316	0.039822
23953	0.039825
45715	0.039830
47655	0.039831
8531	0.039832
58506	0.039835
8412	0.039847
33890	0.039861
45669	0.039862
16249	0.039864
38776	0.039864
38789	0.039864
31429	0.039873
38750	0.039876
20596	0.039877
37292	0.039877
28103	0.039883
45261	0.039883
25577	0.039884
51797	0.039886
29732	0.039887
9089	0.039892
55839	0.039897
40367	0.039902
50668	0.039906
43355	0.039906
52208	0.039907
14250	0.039910
48767	0.039913
60508	0.039927
11577	0.039929
35118	0.039932
30627	0.039942
13798	0.039942
52544	0.039947
24532	0.039955
50493	0.039958
45755	0.039961
38502	0.039970
13560	0.039971
38001	0.039972
61110	0.039976
33334	0.039978
30556	0.039980
8921	0.039981
21454	0.039983
20299	0.039988
60618	0.039996
53281	0.040000
7371	0.040001
33003	0.040005
34386	0.040021
10230	0.040022
22281	0.040024
27917	0.040037
49605	0.040045
33346	0.040046
15451	0.040052
7294	0.040052
23544	0.040057
41765	0.040061
49294	0.040077
47496	0.040081
14894	0.040084
10736	0.040085
50764	0.040086
9190	0.040090
47108	0.040097
24400	0.040100
13858	0.040104
14604	0.040105
34588	0.040107
11981	0.040107
43912	0.040117
15591	0.040120
23940	0.040141
38969	0.040155
14189	0.040163
34840	0.040170
46977	0.040178
13940	0.040179
34657	0.040184
23572	0.040190
9933	0.040193
33538	0.040199
10752	0.040217
22993	0.040225
40053	0.040226
55260	0.040228
11268	0.040229
50100	0.040236
11996	0.040249
54604	0.040252
15550	0.040287
10737	0.040294
15003	0.040297
48132	0.040310
27345	0.040310
9485	0.040312
30244	0.040322
20321	0.040323
40929	0.040327
22769	0.040334
9073	0.040346
15763	0.040349
45792	0.040355
61406	0.040359
15454	0.040360
7048	0.040364
57221	0.040371
36839	0.040382
30181	0.040382
36267	0.040387
21940	0.040387
36800	0.040388
60471	0.040389
32071	0.040401
57032	0.040401
14094	0.040402
26418	0.040406
8578	0.040407
22278	0.040408
53339	0.040410
10809	0.040413
43677	0.040417
51677	0.040427
45777	0.040428
9411	0.040434
39657	0.040436
35966	0.040437
54991	0.040437
48143	0.040442
46503	0.040445
46569	0.040445
47526	0.040448
50378	0.040454
9741	0.040468
61082	0.040469
14262	0.040469
17482	0.040470
39313	0.040471
11499	0.040473
33509	0.040474
18411	0.040475
51377	0.040479
24191	0.040481
21937	0.040490
25771	0.040494
19792	0.040504
40750	0.040506
10745	0.040507
14391	0.040509
12443	0.040510
27387	0.040513
52326	0.040516
14326	0.040518
27474	0.040522
34682	0.040535
13947	0.040536
19409	0.040536
56872	0.040536
37589	0.040539
43613	0.040546
10852	0.040549
25077	0.040553
12285	0.040561
53209	0.040563
29049	0.040564
44546	0.040572
13190	0.040576
14113	0.040600
29956	0.040607
38356	0.040610
38337	0.040614
21721	0.040616
44956	0.040617
12674	0.040621
16301	0.040626
47764	0.040630
26752	0.040632
19305	0.040632
32856	0.040641
55497	0.040641
35769	0.040642
44129	0.040657
25406	0.040659
19112	0.040676
41732	0.040678
61008	0.040686
13742	0.040686
22408	0.040687
34474	0.040696
46697	0.040698
13072	0.040700
43621	0.040700
15467	0.040709
57285	0.040709
50891	0.040712
20450	0.040716
38217	0.040718
19956	0.040721
15178	0.040727
11307	0.040730
50319	0.040735
33567	0.040746
22168	0.040748
9435	0.040761
39587	0.040765
33171	0.040766
29095	0.040774
26630	0.040778
40170	0.040780
49424	0.040787
60205	0.040791
15549	0.040795
26859	0.040795
45137	0.040796
35249	0.040812
10758	0.040824
44247	0.040834
49048	0.040839
19946	0.040841
10961	0.040847
9687	0.040854
52658	0.040858
41969	0.040864
10770	0.040865
8266	0.040867
32892	0.040870
13640	0.040873
9555	0.040874
32074	0.040893
11765	0.040905
47051	0.040912
24529	0.040914
37918	0.040923
8773	0.040929
33699	0.040933
36569	0.040934
9012	0.040939
11965	0.040953
13038	0.040958
21064	0.040961
15394	0.040968
102469	0.040971
12393	0.040974
10083	0.040975
9723	0.040975
14948	0.040976
54993	0.040981
15839	0.040988
8050	0.041003
40977	0.041005
24286	0.041014
7792	0.041020
7076	0.041021
10746	0.041040
13552	0.041054
56774	0.041071
8209	0.041071
21128	0.041072
49498	0.041072
15438	0.041074
22667	0.041080
19953	0.041085
10837	0.041099
24933	0.041103
30533	0.041105
51048	0.041115
59132	0.041115
50155	0.041118
15883	0.041119
14273	0.041129
11441	0.041132
45472	0.041132
38695	0.041139
12152	0.041143
34553	0.041143
23624	0.041148
15705	0.041148
8809	0.041150
24503	0.041151
51299	0.041153
13239	0.041156
32886	0.041163
34766	0.041164
38899	0.041168
32410	0.041171
13092	0.041173
46945	0.041175
41682	0.041177
13948	0.041179
49240	0.041180
7286	0.041188
15727	0.041202
13589	0.041220
40222	0.041229
13782	0.041235
22350	0.041241
34956	0.041243
16124	0.041244
44522	0.041246
23916	0.041256
42705	0.041256
34076	0.041259
48136	0.041263
56616	0.041273
43260	0.041273
21777	0.041274
14056	0.041281
15878	0.041281
7044	0.041283
26520	0.041289
14127	0.041301
11571	0.041302
22036	0.041313
14360	0.041317
33929	0.041322
41986	0.041326
45626	0.041331
19804	0.041332
33085	0.041334
54382	0.041335
53364	0.041346
12523	0.041357
60648	0.041357
9004	0.041362
7872	0.041363
42673	0.041374
58094	0.041376
11480	0.041380
30942	0.041394
7854	0.041396
47448	0.041429
48553	0.041436
47434	0.041439
49995	0.041439
53430	0.041461
9966	0.041474
11444	0.041479
60547	0.041481
41117	0.041481
47400	0.041482
53960	0.041489
47550	0.041497
36378	0.041516
12143	0.041516
23721	0.041524
14991	0.041527
14544	0.041531
46339	0.041532
58297	0.041543
13354	0.041552
31026	0.041554
25525	0.041555
11458	0.041556
17505	0.041557
33165	0.041565
11201	0.041567
30153	0.041573
60299	0.041574
35666	0.041583
25922	0.041591
40870	0.041593
61634	0.041597
24911	0.041599
38732	0.041601
58213	0.041604
50160	0.041608
45245	0.041609
48793	0.041610
7929	0.041622
10834	0.041629
46564	0.041629
23997	0.041645
22904	0.041656
37162	0.041658
30170	0.041665
11633	0.041681
52879	0.041683
43998	0.041685
15776	0.041685
31229	0.041692
38465	0.041695
60750	0.041717
39705	0.041718
40414	0.041723
49082	0.041725
40745	0.041729
13894	0.041729
10217	0.041739
26098	0.041741
8789	0.041750
43346	0.041762
42683	0.041767
53579	0.041780
55700	0.041784
31481	0.041784
34715	0.041786
25127	0.041798
23113	0.041799
8466	0.041822
19895	0.041823
31327	0.041826
24024	0.041826
21051	0.041828
48389	0.041828
12000	0.041830
14759	0.041832
40416	0.041839
54969	0.041842
10769	0.041843
57276	0.041851
7961	0.041854
52321	0.041856
20522	0.041868
57021	0.041883
49773	0.041883
34078	0.041884
22369	0.041886
61217	0.041888
36629	0.041893
48119	0.041894
24750	0.041901
9740	0.041901
40742	0.041909
25934	0.041916
39305	0.041922
51692	0.041932
11206	0.041945
19597	0.041946
25703	0.041981
11199	0.041983
27462	0.041990
23297	0.041995
13972	0.041996
47833	0.041998
37189	0.042004
14964	0.042010
37228	0.042013
49650	0.042014
11405	0.042022
40417	0.042027
52046	0.042037
16184	0.042039
32476	0.042040
37948	0.042046
34969	0.042051
14323	0.042054
10272	0.042058
13085	0.042092
37365	0.042098
11515	0.042102
49653	0.042107
49667	0.042113
30553	0.042119
30810	0.042141
48858	0.042142
8917	0.042148
12723	0.042156
48708	0.042156
61553	0.042167
13466	0.042196
37905	0.042207
53279	0.042207
12426	0.042215
40446	0.042217
58104	0.042224
16311	0.042225
50509	0.042229
12432	0.042231
52956	0.042247
19622	0.042256
48228	0.042260
12757	0.042263
40413	0.042263
47580	0.042266
33995	0.042280
33970	0.042281
49373	0.042287
19114	0.042299
38174	0.042301
12581	0.042307
8554	0.042322
21880	0.042329
13545	0.042358
24507	0.042367
40412	0.042373
40961	0.042376
56582	0.042384
40585	0.042389
60233	0.042390
19961	0.042396
15218	0.042396
20074	0.042429
54403	0.042430
47420	0.042437
61407	0.042445
8977	0.042454
19570	0.042455
34158	0.042460
52795	0.042461
23690	0.042463
52311	0.042474
21642	0.042477
57567	0.042488
26109	0.042490
27640	0.042493
34785	0.042493
22828	0.042500
14749	0.042502
11213	0.042505
8021	0.042505
61018	0.042510
53078	0.042521
57272	0.042530
60212	0.042533
36027	0.042538
47500	0.042540
24118	0.042542
60487	0.042543
27266	0.042550
32094	0.042560
38383	0.042565
44689	0.042595
45583	0.042595
40485	0.042609
12423	0.042616
30438	0.042617
26633	0.042628
34049	0.042633
59533	0.042636
17102	0.042639
52660	0.042646
55036	0.042656
47511	0.042668
36615	0.042675
20876	0.042679
12104	0.042688
60168	0.042690
8618	0.042694
10735	0.042695
58148	0.042704
9015	0.042704
34162	0.042711
40639	0.042717
39063	0.042722
8830	0.042744
26626	0.042747
15147	0.042748
27975	0.042750
29820	0.042751
12783	0.042760
14670	0.042781
32411	0.042782
10169	0.042789
36063	0.042791
23261	0.042792
25366	0.042846
21312	0.042851
15904	0.042855
36086	0.042874
38715	0.042874
28841	0.042884
46124	0.042896
21150	0.042909
15820	0.042909
53275	0.042913
22363	0.042916
9694	0.042924
15679	0.042925
18218	0.042948
21905	0.042952
12990	0.042955
15062	0.042955
10714	0.042957
16635	0.042960
11035	0.042967
40415	0.042982
19024	0.042988
10914	0.042988
26688	0.042994
16280	0.042995
8446	0.042999
12467	0.042999
46833	0.043006
34438	0.043011
12376	0.043022
33393	0.043023
49016	0.043027
13807	0.043033
33173	0.043049
50959	0.043060
43448	0.043062
24835	0.043079
47122	0.043097
9365	0.043101
16253	0.043108
57913	0.043114
56486	0.043117
13417	0.043121
50942	0.043124
46035	0.043128
30962	0.043141
8613	0.043143
14982	0.043145
52416	0.043145
9219	0.043163
13808	0.043170
15338	0.043177
26010	0.043198
15086	0.043202
11518	0.043203
40751	0.043207
13550	0.043209
47531	0.043210
7103	0.043227
40737	0.043229
45337	0.043235
12862	0.043237
13692	0.043244
31507	0.043255
11450	0.043263
53540	0.043272
31099	0.043298
27281	0.043303
17283	0.043308
19664	0.043313
43501	0.043315
24563	0.043322
38134	0.043325
8727	0.043326
26392	0.043334
50367	0.043335
11442	0.043350
26819	0.043367
52986	0.043368
9909	0.043387
20029	0.043402
15297	0.043413
15334	0.043414
14194	0.043422
22698	0.043429
36592	0.043429
7709	0.043439
57404	0.043473
27321	0.043477
8785	0.043494
19117	0.043501
44365	0.043535
43497	0.043550
51770	0.043560
13296	0.043580
22676	0.043588
33703	0.043602
14222	0.043604
51776	0.043615
15009	0.043622
49066	0.043630
11582	0.043647
11825	0.043667
14317	0.043677
58346	0.043678
13961	0.043682
61412	0.043685
21775	0.043686
36020	0.043691
27429	0.043698
41253	0.043711
47951	0.043718
39392	0.043730
14085	0.043732
14028	0.043738
26497	0.043752
12961	0.043754
32865	0.043774
15745	0.043792
28701	0.043795
21877	0.043796
56576	0.043797
7799	0.043815
57591	0.043816
48140	0.043822
16211	0.043831
27313	0.043831
47380	0.043860
27505	0.043863
14251	0.043884
51344	0.043885
14152	0.043886
12657	0.043886
11969	0.043893
39779	0.043913
25463	0.043917
32406	0.043922
8440	0.043923
39703	0.043924
20704	0.043925
58114	0.043927
51833	0.043943
29994	0.043959
21696	0.043964
55568	0.043977
13343	0.043984
8867	0.043993
32302	0.044001
58274	0.044001
13048	0.044002
21921	0.044008
15443	0.044012
30420	0.044023
32683	0.044025
10034	0.044051
26503	0.044056
9753	0.044059
35179	0.044063
8287	0.044068
13627	0.044069
52135	0.044076
20496	0.044099
53140	0.044108
16284	0.044111
39493	0.044121
58581	0.044121
60662	0.044121
60989	0.044121
61644	0.044121
9647	0.044121
31476	0.044126
14801	0.044126
51627	0.044128
12789	0.044133
22537	0.044142
35189	0.044144
28008	0.044161
52392	0.044162
40411	0.044162
59555	0.044186
16274	0.044187
14731	0.044195
9370	0.044195
21782	0.044195
50772	0.044200
49748	0.044201
20400	0.044205
52748	0.044224
13046	0.044241
31166	0.044249
30011	0.044251
54531	0.044256
40951	0.044260
54561	0.044295
31064	0.044301
14905	0.044304
50066	0.044318
52474	0.044327
29004	0.044329
49410	0.044330
60849	0.044335
9404	0.044336
32672	0.044342
60149	0.044344
17107	0.044348
30624	0.044350
14308	0.044352
39224	0.044365
51614	0.044371
9537	0.044403
25494	0.044412
46955	0.044416
53902	0.044432
7850	0.044433
11205	0.044447
31003	0.044461
13437	0.044497
24323	0.044517
15718	0.044528
53290	0.044530
42843	0.044538
32053	0.044538
31849	0.044554
22673	0.044558
11290	0.044572
60940	0.044574
15806	0.044578
38208	0.044578
31117	0.044583
15737	0.044591
7217	0.044599
21970	0.044612
52354	0.044623
15622	0.044643
26636	0.044653
36858	0.044656
10761	0.044701
11880	0.044707
12160	0.044707
29596	0.044715
31397	0.044716
58597	0.044722
29966	0.044733
9304	0.044738
9249	0.044748
13254	0.044751
36084	0.044751
16150	0.044758
24742	0.044769
21968	0.044772
9936	0.044774
15783	0.044775
37468	0.044781
32502	0.044785
28995	0.044802
14903	0.044816
19133	0.044818
39510	0.044822
57525	0.044826
48250	0.044827
26965	0.044835
20755	0.044836
15109	0.044850
50157	0.044853
13364	0.044864
27097	0.044866
31501	0.044882
24432	0.044887
19029	0.044892
10292	0.044903
14518	0.044910
40433	0.044913
15395	0.044921
25960	0.044927
42978	0.044932
16212	0.044947
21901	0.044956
51979	0.044957
58090	0.044989
54299	0.044998
25962	0.045008
13899	0.045021
37438	0.045027
26094	0.045033
38798	0.045033
14669	0.045043
15004	0.045044
50504	0.045047
34920	0.045048
10818	0.045052
13419	0.045060
23744	0.045066
6919	0.045073
13123	0.045115
21779	0.045150
28905	0.045158
41758	0.045172
24752	0.045180
7865	0.045193
20306	0.045194
8818	0.045201
8616	0.045214
8572	0.045218
13770	0.045218
12832	0.045228
13044	0.045236
10999	0.045237
39440	0.045266
60515	0.045289
13966	0.045294
29768	0.045315
23503	0.045328
40418	0.045335
35154	0.045337
9892	0.045353
15895	0.045402
14484	0.045403
9022	0.045409
14476	0.045414
61096	0.045416
14247	0.045432
39309	0.045434
19938	0.045443
15398	0.045450
36152	0.045455
12895	0.045464
12591	0.045465
33082	0.045475
7131	0.045492
43996	0.045509
15925	0.045538
51460	0.045554
39252	0.045569
22606	0.045575
15364	0.045593
25812	0.045596
31044	0.045599
31061	0.045600
57114	0.045603
44433	0.045603
33771	0.045614
10556	0.045616
47116	0.045619
55906	0.045622
15305	0.045631
16088	0.045636
51990	0.045643
15352	0.045654
40746	0.045720
41001	0.045736
12521	0.045740
12525	0.045766
39169	0.045776
50351	0.045808
30461	0.045813
8591	0.045839
56749	0.045846
15939	0.045873
51590	0.045895
19668	0.045896
13810	0.045918
50607	0.045919
47157	0.045923
45610	0.045982
7938	0.045991
50994	0.045993
50180	0.046013
14118	0.046019
14191	0.046023
50056	0.046027
9024	0.046031
58181	0.046062
53477	0.046068
50582	0.046070
47375	0.046078
38234	0.046083
27523	0.046091
35010	0.046098
12367	0.046106
32399	0.046124
7011	0.046135
47517	0.046135
28369	0.046147
13548	0.046151
55845	0.046157
52542	0.046172
48332	0.046180
9179	0.046184
52412	0.046187
50746	0.046203
51984	0.046204
19369	0.046212
56238	0.046242
8363	0.046248
11181	0.046251
20821	0.046271
19977	0.046289
17389	0.046323
51617	0.046336
25605	0.046359
36048	0.046378
61180	0.046407
40224	0.046435
38914	0.046441
49421	0.046441
52266	0.046469
46820	0.046495
27621	0.046498
21509	0.046511
47277	0.046517
15420	0.046517
22747	0.046529
51172	0.046531
16906	0.046543
29227	0.046571
8527	0.046576
51443	0.046583
43626	0.046644
56558	0.046652
51987	0.046674
16907	0.046675
33760	0.046694
37988	0.046694
36685	0.046721
45552	0.046729
22220	0.046736
61591	0.046738
40388	0.046739
7658	0.046741
15571	0.046767
9561	0.046784
11348	0.046786
13227	0.046792
38214	0.046793
9305	0.046803
53446	0.046824
32720	0.046834
47889	0.046836
46041	0.046843
56176	0.046845
10524	0.046849
37007	0.046855
38592	0.046859
22518	0.046869
28632	0.046872
56772	0.046879
11994	0.046881
26683	0.046882
51687	0.046962
32382	0.046974
22122	0.046975
32680	0.046996
22856	0.047020
53127	0.047027
32861	0.047038
30502	0.047038
48311	0.047056
10768	0.047071
49817	0.047089
12917	0.047092
8250	0.047095
60572	0.047154
14947	0.047155
7302	0.047155
13553	0.047169
50718	0.047171
16076	0.047245
13196	0.047246
24001	0.047259
34409	0.047260
14563	0.047261
38350	0.047290
7386	0.047298
47037	0.047315
9023	0.047332
13534	0.047338
22852	0.047340
30680	0.047340
38372	0.047350
16285	0.047352
48200	0.047376
46623	0.047383
60155	0.047389
58033	0.047395
7996	0.047417
8319	0.047425
49934	0.047450
7598	0.047453
50710	0.047489
10738	0.047491
46998	0.047521
13609	0.047530
20474	0.047532
12277	0.047538
9434	0.047553
36475	0.047563
27222	0.047575
15382	0.047601
22201	0.047601
22172	0.047607
50723	0.047615
55855	0.047618
57042	0.047634
13420	0.047664
15707	0.047665
51628	0.047669
16210	0.047683
46058	0.047693
11258	0.047696
12691	0.047701
19645	0.047703
54396	0.047752
27382	0.047755
33525	0.047764
14786	0.047764
45132	0.047774
35340	0.047783
7229	0.047784
53287	0.047802
30296	0.047810
16307	0.047815
6969	0.047828
8054	0.047836
61293	0.047841
7261	0.047843
14674	0.047845
61137	0.047849
55572	0.047851
46253	0.047852
15887	0.047854
24242	0.047859
61641	0.047877
20373	0.047881
58943	0.047885
33300	0.047889
27291	0.047894
14416	0.047903
28648	0.047912
12252	0.047932
15998	0.047950
13730	0.047956
53734	0.047966
36738	0.047977
15561	0.047982
11469	0.047985
32985	0.047988
46943	0.047989
14367	0.048000
8728	0.048003
11772	0.048012
24673	0.048021
33794	0.048044
56004	0.048045
59693	0.048055
18012	0.048082
8326	0.048139
36233	0.048215
47502	0.048221
51300	0.048239
52007	0.048242
9806	0.048244
21932	0.048259
15623	0.048261
46617	0.048267
9965	0.048287
19927	0.048295
13804	0.048297
53524	0.048300
35134	0.048320
12411	0.048345
42889	0.048368
48415	0.048377
58476	0.048394
8557	0.048410
46665	0.048423
14564	0.048429
23474	0.048440
43954	0.048441
52857	0.048462
47489	0.048466
28952	0.048471
40180	0.048478
15123	0.048483
8142	0.048508
26557	0.048517
43615	0.048530
37877	0.048532
15669	0.048537
33861	0.048557
30458	0.048574
16391	0.048590
15632	0.048593
11744	0.048596
54159	0.048610
34119	0.048610
52819	0.048622
16360	0.048629
30602	0.048642
17683	0.048658
49664	0.048667
12646	0.048668
14453	0.048672
32727	0.048679
23899	0.048696
13556	0.048711
36262	0.048713
50989	0.048717
37683	0.048738
57978	0.048741
24156	0.048762
7688	0.048763
48792	0.048815
55784	0.048826
15477	0.048836
55557	0.048867
14750	0.048870
44282	0.048908
55542	0.048911
50257	0.048916
55379	0.048921
37204	0.048921
17203	0.048961
38887	0.048969
51631	0.048969
23357	0.048990
8878	0.048993
23655	0.048998
9795	0.049020
60255	0.049029
13866	0.049040
24171	0.049045
29255	0.049054
16327	0.049082
7050	0.049091
54002	0.049128
16080	0.049130
47161	0.049136
55312	0.049169
55525	0.049181
34101	0.049197
12379	0.049221
39553	0.049224
41477	0.049231
50641	0.049247
51824	0.049247
16485	0.049250
8447	0.049278
52368	0.049279
25742	0.049298
10715	0.049304
10839	0.049309
35203	0.049337
21093	0.049338
38327	0.049359
9327	0.049366
49631	0.049371
21061	0.049375
30609	0.049380
7370	0.049381
7593	0.049388
55600	0.049394
8453	0.049397
30374	0.049400
9586	0.049416
60237	0.049423
38139	0.049430
33422	0.049439
15299	0.049456
41014	0.049461
10751	0.049468
10046	0.049490
18898	0.049498
13596	0.049513
53182	0.049515
55586	0.049518
54416	0.049524
58409	0.049543
13523	0.049546
38646	0.049576
49674	0.049593
16235	0.049611
43783	0.049638
52099	0.049644
28901	0.049678
53285	0.049680
12112	0.049686
36046	0.049690
47452	0.049695
29851	0.049729
38324	0.049755
27593	0.049757
39153	0.049767
25829	0.049769
57461	0.049774
10235	0.049809
9542	0.049813
38702	0.049814
47123	0.049829
44950	0.049853
15504	0.049868
31855	0.049905
15311	0.049911
48710	0.049921
15791	0.049924
22763	0.049959
42927	0.049993
7133	0.050011
8976	0.050017
14834	0.050018
12734	0.050031
39876	0.050034
58152	0.050040
34863	0.050041
13660	0.050046
36370	0.050055
35216	0.050087
10763	0.050113
47820	0.050123
25124	0.050126
23146	0.050138
26458	0.050145
42824	0.050166
21546	0.050172
22321	0.050177
47225	0.050204
13459	0.050214
50074	0.050221
50459	0.050240
8231	0.050251
43235	0.050261
10531	0.050276
10734	0.050279
16697	0.050285
37875	0.050287
16652	0.050298
23950	0.050322
14137	0.050332
49692	0.050342
14748	0.050349
14640	0.050370
12069	0.050375
52452	0.050378
31315	0.050379
12183	0.050389
14513	0.050409
41549	0.050414
61565	0.050415
7298	0.050419
51639	0.050425
12837	0.050442
9107	0.050445
24972	0.050454
7947	0.050463
50120	0.050507
34425	0.050520
21408	0.050544
58111	0.050580
20998	0.050582
57537	0.050583
24219	0.050588
39375	0.050590
48993	0.050613
51635	0.050622
8156	0.050647
30606	0.050671
14269	0.050672
12542	0.050674
15643	0.050680
51671	0.050682
45744	0.050684
42879	0.050707
25117	0.050724
13515	0.050726
10016	0.050758
25900	0.050786
40727	0.050790
16867	0.050798
46908	0.050807
7892	0.050844
57797	0.050856
13639	0.050887
34202	0.050894
54947	0.050898
26377	0.050903
54804	0.050923
11819	0.050946
31478	0.050946
28890	0.050951
38046	0.050957
27884	0.050977
47027	0.050980
12458	0.050997
48411	0.051009
49029	0.051021
11470	0.051041
52137	0.051041
51807	0.051077
40979	0.051102
30491	0.051116
24045	0.051139
30866	0.051157
9493	0.051184
35801	0.051193
20641	0.051205
43545	0.051205
11635	0.051212
45549	0.051213
36245	0.051221
48129	0.051228
20336	0.051233
49075	0.051257
27284	0.051258
25723	0.051269
12927	0.051273
50322	0.051276
36997	0.051304
44962	0.051314
11406	0.051317
27311	0.051339
8289	0.051342
22686	0.051343
38347	0.051347
14186	0.051369
51730	0.051382
53283	0.051406
10748	0.051406
15682	0.051420
11323	0.051442
9492	0.051446
34972	0.051448
23231	0.051463
11535	0.051464
33449	0.051494
11769	0.051495
55893	0.051497
47759	0.051510
13336	0.051525
56560	0.051532
61200	0.051548
25795	0.051598
20868	0.051607
48004	0.051613
8863	0.051617
49170	0.051621
21522	0.051622
46607	0.051639
49448	0.051646
40740	0.051651
12091	0.051684
14794	0.051684
13743	0.051700
46467	0.051712
17503	0.051714
28343	0.051745
44295	0.051803
15406	0.051835
41810	0.051860
22441	0.051866
10974	0.051877
10773	0.051879
56888	0.051888
15497	0.051913
34440	0.051925
47822	0.051927
13169	0.051931
14732	0.051933
12900	0.051938
8346	0.051938
14108	0.051943
42137	0.051947
25103	0.051952
57036	0.051956
55780	0.051981
46772	0.051988
43481	0.052002
55817	0.052046
46527	0.052048
10120	0.052054
12001	0.052083
47766	0.052092
11805	0.052094
48834	0.052106
15843	0.052119
12924	0.052137
7303	0.052184
44914	0.052200
46938	0.052229
19600	0.052244
58626	0.052262
12002	0.052270
16304	0.052280
12771	0.052280
36452	0.052283
15016	0.052293
52361	0.052309
15881	0.052363
26062	0.052409
32665	0.052418
11795	0.052452
16826	0.052456
51683	0.052463
42400	0.052503
52869	0.052541
39962	0.052549
24087	0.052569
12468	0.052571
24516	0.052590
40758	0.052622
23032	0.052638
40031	0.052639
9441	0.052648
41904	0.052651
12901	0.052654
49413	0.052669
32566	0.052703
8317	0.052726
60676	0.052741
31945	0.052760
22707	0.052789
60262	0.052794
54057	0.052822
14196	0.052847
12251	0.052911
57997	0.052915
24397	0.052940
44250	0.052982
35013	0.053000
21377	0.053023
52303	0.053054
35220	0.053062
7994	0.053111
48786	0.053124
40731	0.053124
55408	0.053141
47964	0.053163
34909	0.053167
13533	0.053172
10113	0.053183
20145	0.053197
13791	0.053209
13876	0.053216
53206	0.053248
14662	0.053273
6996	0.053276
40768	0.053310
40733	0.053331
44240	0.053338
53119	0.053363
37760	0.053428
26962	0.053453
57076	0.053469
12963	0.053477
56589	0.053483
12457	0.053503
49762	0.053562
21529	0.053567
11281	0.053572
15187	0.053577
22756	0.053588
22466	0.053588
16222	0.053592
33867	0.053604
16978	0.053661
12003	0.053666
13623	0.053669
10548	0.053689
56715	0.053692
16086	0.053699
37294	0.053719
58589	0.053741
49915	0.053742
35002	0.053745
61522	0.053785
15143	0.053797
56708	0.053827
52867	0.053831
7907	0.053855
51445	0.053904
38366	0.053905
15287	0.053923
8378	0.053927
30706	0.053956
31586	0.053958
13712	0.053972
13987	0.053989
55737	0.053997
40359	0.054029
11833	0.054050
16270	0.054099
15758	0.054101
51057	0.054110
13224	0.054147
12995	0.054152
23974	0.054174
38582	0.054189
43543	0.054191
15919	0.054202
15951	0.054291
16291	0.054295
14668	0.054301
20036	0.054318
46567	0.054333
25713	0.054337
61056	0.054346
8443	0.054405
32906	0.054415
13985	0.054426
7631	0.054435
32860	0.054451
34107	0.054465
30857	0.054481
40755	0.054507
29235	0.054529
24406	0.054559
28016	0.054573
45622	0.054574
24135	0.054595
48864	0.054625
58252	0.054650
55829	0.054679
26082	0.054697
54330	0.054705
40728	0.054742
13722	0.054752
19348	0.054752
30651	0.054754
58451	0.054787
57052	0.054801
21912	0.054816
12363	0.054837
14434	0.054856
8692	0.054867
14290	0.054876
23052	0.054892
33768	0.054898
42830	0.054900
44445	0.054902
42786	0.054909
33038	0.054952
23346	0.054956
9339	0.054956
48338	0.054986
49452	0.054990
24513	0.054997
50031	0.055009
33545	0.055059
15440	0.055105
37043	0.055116
19950	0.055117
28077	0.055133
46045	0.055150
6931	0.055155
8395	0.055178
12487	0.055183
6945	0.055194
30982	0.055199
47976	0.055271
47147	0.055291
47815	0.055314
35312	0.055322
14394	0.055322
38459	0.055350
53253	0.055362
17327	0.055376
43133	0.055383
45733	0.055383
19677	0.055407
9257	0.055423
39654	0.055428
12008	0.055455
13001	0.055489
48740	0.055518
14219	0.055529
16335	0.055563
8377	0.055583
41845	0.055593
13845	0.055605
26042	0.055629
49633	0.055645
9142	0.055652
52910	0.055714
31538	0.055744
20590	0.055745
15744	0.055745
14433	0.055760
8393	0.055771
58073	0.055789
9929	0.055811
49849	0.055837
9270	0.055858
11832	0.055858
41615	0.055866
15465	0.055876
44219	0.055881
11599	0.055906
46026	0.055906
24416	0.055928
27483	0.055933
27433	0.055950
52829	0.056009
55287	0.056033
54399	0.056036
31133	0.056062
7377	0.056062
31551	0.056071
56607	0.056097
16180	0.056112
10229	0.056122
26826	0.056124
11402	0.056137
46668	0.056139
7191	0.056161
52554	0.056176
30921	0.056219
17068	0.056226
22713	0.056227
7005	0.056241
31868	0.056263
7945	0.056304
53582	0.056311
6989	0.056311
52371	0.056315
12826	0.056321
56781	0.056354
9111	0.056396
42833	0.056423
32110	0.056431
58401	0.056471
55900	0.056478
24991	0.056482
24497	0.056485
24942	0.056497
52592	0.056570
11999	0.056581
20360	0.056607
51288	0.056628
22554	0.056644
53598	0.056650
25768	0.056671
7007	0.056704
11558	0.056714
6987	0.056776
7590	0.056803
10130	0.056823
15696	0.056834
61399	0.056835
42014	0.056841
31468	0.056846
7589	0.056856
41663	0.056864
11393	0.056867
52683	0.056907
46893	0.056910
20802	0.056927
47142	0.056956
8790	0.056995
42134	0.057005
6999	0.057007
9800	0.057027
30622	0.057046
15740	0.057051
8600	0.057056
24149	0.057093
61392	0.057098
49937	0.057113
32589	0.057134
35320	0.057136
15085	0.057141
7757	0.057164
13052	0.057177
28096	0.057197
12128	0.057215
7934	0.057218
13626	0.057241
51290	0.057265
58595	0.057268
12903	0.057281
54096	0.057314
9360	0.057318
46663	0.057354
28139	0.057382
58403	0.057398
32023	0.057427
42345	0.057488
11989	0.057489
30204	0.057496
15288	0.057533
14810	0.057562
14029	0.057572
22185	0.057581
11404	0.057593
16068	0.057604
7003	0.057620
42112	0.057638
31365	0.057666
20798	0.057684
7025	0.057697
28298	0.057752
11089	0.057764
55289	0.057764
43506	0.057769
29762	0.057783
38620	0.057802
13195	0.057808
13295	0.057808
24028	0.057833
11957	0.057863
22242	0.057917
52203	0.057940
44719	0.057970
15442	0.057970
22572	0.057981
54320	0.057981
39957	0.058019
31372	0.058022
15070	0.058026
10347	0.058043
43765	0.058047
58093	0.058069
50657	0.058078
30189	0.058087
40738	0.058112
8102	0.058160
12641	0.058191
11988	0.058220
7017	0.058228
25157	0.058247
10766	0.058291
13361	0.058301
44067	0.058306
37117	0.058364
51897	0.058365
7023	0.058367
40739	0.058380
10313	0.058390
6903	0.058409
15888	0.058412
32691	0.058414
12011	0.058437
23306	0.058451
25802	0.058455
14699	0.058466
49655	0.058484
13877	0.058507
44874	0.058510
32069	0.058525
47788	0.058532
10569	0.058538
44241	0.058545
31244	0.058560
12004	0.058571
42828	0.058575
28382	0.058577
14334	0.058579
9802	0.058599
44422	0.058617
7028	0.058621
55573	0.058637
16935	0.058665
12174	0.058720
27892	0.058730
14255	0.058740
56439	0.058744
7473	0.058765
54011	0.058799
48315	0.058811
12015	0.058813
10747	0.058824
57158	0.058827
44125	0.058846
26941	0.058846
33303	0.058854
60545	0.058857
11809	0.058864
15282	0.058878
13203	0.058884
10009	0.058885
45022	0.058890
58189	0.058894
12409	0.058895
31616	0.058918
43989	0.058964
29982	0.058965
57609	0.059056
42820	0.059065
28217	0.059068
24930	0.059069
37238	0.059074
40520	0.059081
9898	0.059082
12610	0.059090
23326	0.059096
19054	0.059142
12899	0.059147
28911	0.059151
46429	0.059160
6975	0.059172
7018	0.059180
10872	0.059186
25621	0.059200
12175	0.059201
9244	0.059204
45948	0.059213
47748	0.059219
8106	0.059232
28848	0.059276
50369	0.059281
9407	0.059284
35314	0.059299
36443	0.059310
25105	0.059312
6992	0.059313
32613	0.059330
11536	0.059341
10434	0.059352
13278	0.059361
24988	0.059377
10816	0.059377
58131	0.059383
49610	0.059407
10345	0.059415
10677	0.059418
16624	0.059423
39237	0.059438
13651	0.059470
12013	0.059476
14437	0.059489
49429	0.059497
40649	0.059500
38999	0.059521
15295	0.059530
22148	0.059538
16932	0.059547
30620	0.059554
14111	0.059563
15593	0.059588
53917	0.059595
11617	0.059613
11802	0.059622
12205	0.059642
60556	0.059671
25834	0.059683
7671	0.059727
27519	0.059751
9217	0.059752
39195	0.059753
12733	0.059761
56435	0.059772
43763	0.059787
15390	0.059788
47653	0.059806
12902	0.059831
58754	0.059840
8662	0.059840
48167	0.059842
13855	0.059866
39070	0.059867
56594	0.059878
24843	0.059887
48648	0.059889
15388	0.059916
13614	0.059927
39670	0.059937
11413	0.059939
10249	0.059942
53909	0.059948
22192	0.059952
12679	0.059965
51737	0.060008
25905	0.060010
14027	0.060049
28669	0.060052
24097	0.060057
13431	0.060074
15800	0.060099
49415	0.060114
7008	0.060128
33599	0.060145
21462	0.060162
6977	0.060177
40730	0.060194
52626	0.060210
29092	0.060218
20043	0.060221
26917	0.060242
20816	0.060273
15675	0.060280
12092	0.060350
6971	0.060352
7016	0.060364
14117	0.060373
14300	0.060403
7690	0.060420
13231	0.060422
37672	0.060452
10026	0.060462
7019	0.060467
14976	0.060489
6974	0.060494
21475	0.060500
38891	0.060521
14997	0.060538
7032	0.060567
24584	0.060583
54826	0.060605
28159	0.060620
28072	0.060674
31156	0.060684
47853	0.060685
15372	0.060701
6982	0.060705
14607	0.060714
53911	0.060714
49789	0.060718
14059	0.060749
16160	0.060752
14596	0.060805
13597	0.060807
16815	0.060815
12371	0.060824
9337	0.060833
46207	0.060835
54280	0.060853
8896	0.060854
9556	0.060868
15807	0.060898
8252	0.060906
23986	0.060939
21024	0.060943
8507	0.060955
48354	0.060965
30299	0.060983
57029	0.061009
7551	0.061011
27428	0.061023
28879	0.061065
52132	0.061078
37679	0.061081
13766	0.061082
13620	0.061111
14431	0.061129
7721	0.061130
24200	0.061136
7009	0.061139
24615	0.061141
9153	0.061159
7020	0.061195
57012	0.061222
7037	0.061237
10398	0.061264
15444	0.061267
23234	0.061278
34545	0.061281
41435	0.061292
24831	0.061297
12745	0.061320
44656	0.061335
6981	0.061340
49711	0.061364
46137	0.061379
19058	0.061385
37345	0.061386
60846	0.061407
53089	0.061420
17207	0.061424
15658	0.061462
32247	0.061475
7325	0.061480
7143	0.061481
16271	0.061488
12007	0.061494
7036	0.061495
15552	0.061497
7034	0.061507
61546	0.061556
8958	0.061562
12746	0.061564
7004	0.061582
10682	0.061588
7220	0.061596
8656	0.061611
12213	0.061613
42770	0.061638
10093	0.061641
50109	0.061649
44077	0.061746
48344	0.061748
8864	0.061770
44786	0.061778
40469	0.061809
6985	0.061816
15627	0.061831
8893	0.061844
11108	0.061847
7000	0.061879
7884	0.061890
12133	0.061903
11446	0.061926
55774	0.061938
15307	0.061938
12391	0.061960
26025	0.061963
8994	0.061964
7927	0.061980
46417	0.061987
13027	0.062014
43340	0.062045
41716	0.062048
27901	0.062053
15855	0.062058
9872	0.062060
30789	0.062083
12006	0.062106
48349	0.062117
41951	0.062201
31862	0.062210
26030	0.062239
6944	0.062245
12730	0.062271
12016	0.062275
15755	0.062284
47824	0.062285
42397	0.062315
51398	0.062346
44065	0.062348
42083	0.062354
11971	0.062382
15511	0.062420
7031	0.062425
10598	0.062430
30476	0.062436
44317	0.062438
8793	0.062440
20092	0.062483
7158	0.062498
6984	0.062511
16264	0.062537
10121	0.062538
16845	0.062545
42798	0.062557
44967	0.062559
6939	0.062565
16203	0.062586
12214	0.062617
9525	0.062653
60492	0.062669
7600	0.062676
14398	0.062702
45105	0.062709
7010	0.062763
8982	0.062786
9334	0.062799
30479	0.062811
12822	0.062811
11963	0.062822
45174	0.062837
49098	0.062842
14970	0.062851
13993	0.062852
14838	0.062857
7853	0.062873
10792	0.062873
11315	0.062878
44953	0.062879
40522	0.062883
8891	0.062889
51394	0.062926
15631	0.062936
10658	0.062959
6972	0.062964
14126	0.062965
51815	0.062991
14639	0.062993
47565	0.063004
15104	0.063021
16919	0.063033
31038	0.063055
6979	0.063058
9094	0.063059
10096	0.063140
15602	0.063144
14665	0.063164
10572	0.063185
7724	0.063185
35791	0.063211
6994	0.063211
28307	0.063230
14430	0.063233
13546	0.063253
13557	0.063268
37024	0.063274
48319	0.063324
38880	0.063352
7014	0.063369
10162	0.063378
7837	0.063391
6991	0.063436
7027	0.063465
12136	0.063493
10565	0.063493
9176	0.063498
32531	0.063504
39175	0.063509
28990	0.063518
47121	0.063551
7077	0.063554
39947	0.063600
6995	0.063606
6973	0.063631
15197	0.063636
60474	0.063660
44238	0.063665
7514	0.063681
23351	0.063681
7026	0.063690
12678	0.063716
16289	0.063720
51431	0.063740
12769	0.063758
50093	0.063768
12651	0.063781
32258	0.063784
29062	0.063804
32562	0.063820
14296	0.063822
15731	0.063845
30797	0.063895
41780	0.063938
8722	0.063941
20119	0.063947
8336	0.063971
56840	0.063988
6970	0.064024
8869	0.064025
6983	0.064036
48360	0.064061
8449	0.064072
6997	0.064079
57017	0.064088
10980	0.064105
8332	0.064136
12141	0.064201
24521	0.064248
13366	0.064270
21393	0.064337
12852	0.064366
7824	0.064381
24510	0.064414
12669	0.064416
44064	0.064420
12012	0.064434
23815	0.064451
25550	0.064464
28094	0.064468
51829	0.064545
21004	0.064552
6967	0.064566
27541	0.064592
33882	0.064596
33501	0.064599
23084	0.064627
15594	0.064628
10560	0.064656
7240	0.064659
7498	0.064664
50285	0.064680
13468	0.064702
9938	0.064710
14791	0.064710
21247	0.064731
7039	0.064762
28982	0.064765
49503	0.064839
8787	0.064863
37325	0.064946
28015	0.064978
12920	0.065040
14131	0.065054
36757	0.065073
46586	0.065099
41228	0.065102
10561	0.065108
26928	0.065128
21047	0.065140
26000	0.065146
42810	0.065203
45692	0.065209
30820	0.065233
15397	0.065233
7030	0.065263
13259	0.065304
8335	0.065315
15354	0.065336
54729	0.065421
60507	0.065438
10707	0.065439
7022	0.065458
58107	0.065464
19736	0.065484
32242	0.065485
24275	0.065509
16579	0.065520
17085	0.065576
12165	0.065584
14907	0.065608
21999	0.065672
52848	0.065683
33944	0.065701
36957	0.065739
6990	0.065746
49639	0.065764
35247	0.065787
40486	0.065916
6980	0.065926
12609	0.066011
11589	0.066022
20773	0.066034
23309	0.066042
11991	0.066056
11987	0.066064
30739	0.066087
6986	0.066113
12009	0.066144
13621	0.066162
26678	0.066232
48906	0.066253
10299	0.066254
36178	0.066308
14653	0.066311
10525	0.066326
7997	0.066345
56526	0.066360
31000	0.066367
57231	0.066374
9799	0.066395
30717	0.066406
12612	0.066437
11566	0.066478
29271	0.066508
29402	0.066534
10580	0.066539
11990	0.066572
11992	0.066595
7861	0.066620
16849	0.066634
14277	0.066646
7033	0.066669
23423	0.066710
49658	0.066740
12747	0.066769
45989	0.066779
10555	0.066849
9076	0.066861
41991	0.066872
6978	0.066882
55762	0.066883
7012	0.066908
14644	0.066947
39099	0.066952
11094	0.066958
12017	0.066962
47139	0.067014
20071	0.067053
10373	0.067097
21367	0.067141
44313	0.067159
8338	0.067170
17196	0.067185
33314	0.067308
40752	0.067314
7006	0.067336
6965	0.067361
11220	0.067427
36905	0.067436
15290	0.067469
34357	0.067494
13543	0.067500
53498	0.067500
36590	0.067538
10808	0.067611
19429	0.067620
36511	0.067627
15592	0.067657
11345	0.067660
13228	0.067662
7021	0.067667
8575	0.067784
10059	0.067799
46101	0.067803
27426	0.067811
6993	0.067843
8017	0.067852
30545	0.067864
26833	0.067940
6998	0.068041
10053	0.068112
7472	0.068123
7125	0.068133
30483	0.068137
14623	0.068146
13480	0.068218
9352	0.068251
49007	0.068253
14818	0.068270
21441	0.068272
38405	0.068289
12444	0.068365
12579	0.068372
48366	0.068372
43633	0.068423
19941	0.068428
26020	0.068435
23336	0.068449
28151	0.068459
10388	0.068484
51392	0.068507
19453	0.068519
14052	0.068522
15509	0.068546
7081	0.068587
57161	0.068619
12394	0.068646
8570	0.068745
18375	0.068752
11998	0.068758
55376	0.068787
41686	0.068799
24066	0.068825
15423	0.068869
7962	0.068881
7245	0.068909
44310	0.068933
13136	0.068944
17125	0.068946
25371	0.069038
15289	0.069069
26794	0.069074
25141	0.069135
9252	0.069196
52984	0.069220
31986	0.069382
22837	0.069404
16608	0.069461
24153	0.069513
15933	0.069530
45089	0.069531
9338	0.069543
32668	0.069613
13603	0.069634
24781	0.069685
6934	0.069710
14643	0.069717
8450	0.069762
16209	0.069837
23652	0.069873
13030	0.069874
14514	0.069880
14622	0.069887
9783	0.070031
56999	0.070063
56990	0.070071
12712	0.070178
15787	0.070205
54585	0.070361
13488	0.070366
30529	0.070415
7186	0.070524
8741	0.070535
36701	0.070610
34256	0.070628
56073	0.070631
38902	0.070641
35227	0.070697
35871	0.070704
21614	0.070728
57857	0.070761
13362	0.070769
60715	0.070815
31076	0.070822
12301	0.070837
13812	0.070850
9668	0.070889
40897	0.070923
47675	0.070937
22081	0.070985
29336	0.070994
58086	0.071029
26164	0.071041
39505	0.071065
14368	0.071148
10220	0.071256
22899	0.071276
8500	0.071293
24619	0.071304
47536	0.071321
41233	0.071384
21432	0.071421
37903	0.071517
22383	0.071524
35907	0.071524
33233	0.071562
52641	0.071592
56720	0.071642
55928	0.071756
53845	0.071764
28230	0.071794
16561	0.071799
46520	0.071846
22391	0.071911
49742	0.071986
15298	0.071996
12116	0.072052
38793	0.072092
21692	0.072127
55276	0.072142
17435	0.072187
32952	0.072199
57239	0.072263
43656	0.072271
25218	0.072290
19237	0.072300
7206	0.072464
37035	0.072488
26780	0.072564
20249	0.072600
41673	0.072606
16053	0.072607
14725	0.072793
54373	0.072859
55778	0.072874
38149	0.072910
15821	0.073011
49891	0.073020
34520	0.073063
51284	0.073063
15822	0.073071
22174	0.073116
24884	0.073119
39569	0.073191
43117	0.073203
35145	0.073211
60214	0.073218
9316	0.073279
15351	0.073285
30589	0.073309
39295	0.073362
21499	0.073364
42364	0.073401
13229	0.073408
40812	0.073526
60449	0.073617
56996	0.073662
24550	0.073664
44217	0.073721
7189	0.073754
42556	0.073785
20479	0.073834
12629	0.073875
24489	0.073886
40749	0.073893
37209	0.073895
55963	0.073932
37420	0.073956
53891	0.074009
7002	0.074050
11573	0.074058
8462	0.074072
38268	0.074094
14195	0.074139
42589	0.074176
29329	0.074199
30931	0.074274
45791	0.074297
25361	0.074420
47416	0.074464
28163	0.074577
21734	0.074578
7576	0.074684
7210	0.074735
15762	0.074827
43534	0.074831
7859	0.074861
26108	0.074883
14362	0.074892
8111	0.074969
54149	0.074986
52521	0.075003
57626	0.075007
49890	0.075074
21518	0.075081
24236	0.075107
44854	0.075261
35857	0.075332
14510	0.075334
15854	0.075526
28977	0.075544
26791	0.075544
48500	0.075640
36654	0.075829
42729	0.075948
21624	0.075973
45297	0.076253
7058	0.076259
51067	0.076291
44208	0.076310
16795	0.076311
15570	0.076322
15884	0.076349
22106	0.076361
56500	0.076364
8566	0.076402
44659	0.076404
8959	0.076415
11968	0.076417
49563	0.076467
53022	0.076561
11224	0.076616
23993	0.076717
32764	0.076730
56697	0.076762
51213	0.076763
15882	0.076794
53439	0.076816
15399	0.076823
12614	0.076877
9143	0.076904
16840	0.076921
30822	0.076929
23750	0.076965
16858	0.076978
60806	0.077000
48896	0.077091
12760	0.077110
40757	0.077222
44263	0.077242
25003	0.077243
8246	0.077265
48551	0.077266
23200	0.077307
61261	0.077323
28278	0.077360
46924	0.077373
11084	0.077383
19432	0.077394
57082	0.077439
14968	0.077515
29051	0.077551
12384	0.077621
9072	0.077631
30520	0.077702
57006	0.077770
50185	0.077846
15926	0.077849
8827	0.077872
16221	0.077923
37091	0.077954
14310	0.078021
27100	0.078072
48823	0.078145
49127	0.078244
56992	0.078287
50697	0.078345
43630	0.078428
12759	0.078453
57649	0.078494
41523	0.078533
9797	0.078551
35786	0.078613
8206	0.078668
53790	0.078754
37342	0.078762
37126	0.078804
12951	0.078814
9547	0.078842
44242	0.078880
25500	0.078993
37492	0.079063
47270	0.079064
11879	0.079090
7146	0.079136
15819	0.079142
24282	0.079152
31361	0.079225
8797	0.079265
9901	0.079322
9827	0.079410
23167	0.079422
8370	0.079426
26309	0.079496
50840	0.079516
9924	0.079524
21418	0.079565
10271	0.079650
8777	0.079650
7213	0.079650
61671	0.079696
20476	0.079726
57792	0.079746
61152	0.079810
47635	0.079837
9570	0.079863
42598	0.079867
24976	0.079904
31012	0.080004
56658	0.080010
52048	0.080143
36923	0.080144
35877	0.080170
7913	0.080203
56669	0.080225
40754	0.080310
47042	0.080311
16137	0.080336
9347	0.080348
44418	0.080363
47457	0.080367
58419	0.080387
9211	0.080402
26332	0.080520
53923	0.080589
32116	0.080594
54951	0.080701
9280	0.080723
16641	0.080742
35839	0.080773
36317	0.080812
21497	0.080871
14837	0.080980
33220	0.080997
11737	0.080998
15698	0.081032
49355	0.081087
42874	0.081181
12896	0.081200
43142	0.081206
23555	0.081213
16115	0.081282
40571	0.081326
28309	0.081365
14724	0.081377
10262	0.081531
34470	0.081606
8352	0.081690
38744	0.081697
57348	0.081729
19995	0.081765
21966	0.081776
15492	0.081780
45822	0.081898
32569	0.081953
19749	0.082009
30677	0.082077
30893	0.082187
60122	0.082220
21337	0.082237
53919	0.082371
37093	0.082463
29279	0.082557
37088	0.082596
12933	0.082675
58354	0.082764
27408	0.082795
58218	0.082966
15528	0.082974
21239	0.083004
49047	0.083165
13467	0.083166
26755	0.083187
13024	0.083286
16201	0.083314
39578	0.083337
16299	0.083377
44292	0.083388
52568	0.083422
22797	0.083488
49566	0.083549
48704	0.083584
7766	0.083594
38478	0.083596
61015	0.083631
16733	0.083705
14017	0.083740
26675	0.083764
26665	0.083772
60249	0.083776
23391	0.083852
41579	0.083910
53648	0.083963
61301	0.083972
61130	0.083988
25866	0.084069
53165	0.084070
39593	0.084115
45529	0.084140
53944	0.084206
41660	0.084431
52364	0.084469
14790	0.084534
16084	0.084603
45460	0.084604
13452	0.084862
52215	0.084891
7953	0.084907
21445	0.084913
40680	0.084943
49690	0.085072
23248	0.085100
52751	0.085157
45006	0.085315
44979	0.085388
29393	0.085398
45169	0.085464
25243	0.085467
38244	0.085517
40753	0.085535
16807	0.085547
12388	0.085580
36248	0.085637
39464	0.085710
41569	0.085794
50753	0.085835
43503	0.086026
43499	0.086034
40441	0.086133
15309	0.086167
53881	0.086210
11631	0.086345
51792	0.086355
7823	0.086365
14134	0.086372
31050	0.086473
29333	0.086690
13604	0.086699
17027	0.086718
37686	0.086734
57003	0.086751
11380	0.086812
47910	0.086837
47445	0.087071
54743	0.087142
17407	0.087152
23240	0.087197
25955	0.087202
38410	0.087203
37208	0.087204
56074	0.087282
51975	0.087297
15673	0.087446
38172	0.087469
60971	0.087535
10392	0.087564
53863	0.087576
41647	0.087651
41611	0.087728
16705	0.087738
34643	0.087803
42006	0.087869
12835	0.087875
31906	0.087957
15061	0.088118
41630	0.088274
13475	0.088292
14018	0.088340
7760	0.088376
41161	0.088394
13846	0.088488
53329	0.088491
36145	0.088573
14944	0.088581
10912	0.088650
49765	0.088654
24471	0.088790
24270	0.088961
31892	0.088961
16873	0.089183
16790	0.089268
7526	0.089380
27560	0.089395
9164	0.089478
57596	0.089486
33161	0.089547
13352	0.089582
22830	0.089603
29225	0.089664
47383	0.089684
13999	0.089827
24478	0.089961
55972	0.090026
12202	0.090059
11670	0.090081
10231	0.090146
51643	0.090267
20152	0.090274
32686	0.090291
61127	0.090300
54541	0.090332
41566	0.090589
53327	0.090663
31873	0.090681
27275	0.090699
46188	0.090937
37398	0.091039
14026	0.091091
20907	0.091160
20630	0.091350
54768	0.091435
17182	0.091438
40347	0.091467
54265	0.091580
49118	0.091590
21630	0.091626
40310	0.091669
54005	0.091757
37155	0.092061
28289	0.092257
54034	0.092273
11986	0.092303
53099	0.092406
8468	0.092413
25108	0.092426
16455	0.092519
41622	0.092519
56227	0.092623
56987	0.092772
11484	0.092781
40504	0.092813
55944	0.092879
21090	0.092886
27624	0.092944
23964	0.093116
41655	0.093143
44559	0.093245
39120	0.093293
7225	0.093329
47291	0.093334
48052	0.093369
19499	0.093391
41601	0.093436
53105	0.093448
19556	0.093483
49909	0.093502
29361	0.093519
10033	0.093581
54777	0.093601
22881	0.093645
10810	0.093697
45489	0.093721
40683	0.093732
40687	0.093786
32192	0.093787
7367	0.093809
52706	0.093877
40685	0.093900
8916	0.093967
29283	0.094001
55903	0.094058
14792	0.094153
28302	0.094165
14463	0.094253
15920	0.094256
29427	0.094278
39986	0.094279
53094	0.094415
14395	0.094468
61370	0.094498
41572	0.094503
53102	0.094538
34929	0.094562
12201	0.094570
46475	0.094591
30559	0.094616
34551	0.094628
52799	0.094738
22510	0.094760
10453	0.094868
10030	0.094882
11546	0.094902
53266	0.094906
26569	0.095247
14550	0.095270
57947	0.095287
16928	0.095326
15312	0.095462
39975	0.095491
40682	0.095610
35262	0.095612
53201	0.095666
11830	0.095683
41584	0.095691
23369	0.095701
21096	0.095734
41594	0.095788
48044	0.096041
55681	0.096041
14229	0.096054
55344	0.096095
35873	0.096204
47386	0.096212
40655	0.096293
29286	0.096407
57635	0.096424
9862	0.096531
40678	0.096630
28237	0.096803
39461	0.096840
21434	0.096877
14129	0.096879
39984	0.096901
37489	0.096907
7130	0.096913
41586	0.097026
13874	0.097100
13210	0.097169
29300	0.097215
13165	0.097225
30569	0.097272
28332	0.097302
21532	0.097318
41571	0.097319
26318	0.097329
10092	0.097335
28251	0.097375
41576	0.097481
7142	0.097521
52794	0.097557
29396	0.097558
35714	0.097560
14765	0.097628
27290	0.097709
36457	0.097737
43335	0.097921
37427	0.097958
15506	0.097970
28239	0.097983
23215	0.098005
47136	0.098238
15130	0.098269
53629	0.098285
7573	0.098320
16305	0.098419
28666	0.098657
41638	0.098658
13416	0.098687
13924	0.098690
13435	0.098772
44050	0.099001
38568	0.099064
41595	0.099169
41585	0.099450
14741	0.099601
10764	0.099680
48876	0.099713
37788	0.099785
16550	0.099797
37424	0.099827
29012	0.099865
40608	0.099881
28275	0.099920
55588	0.100022
10779	0.100098
58424	0.100132
30222	0.100137
13225	0.100156
41633	0.100237
20895	0.100415
49624	0.100490
44216	0.100509
16097	0.100653
51725	0.100708
8792	0.100828
38867	0.100870
42107	0.100893
31332	0.100959
33757	0.101002
41603	0.101078
43167	0.101185
8978	0.101198
43330	0.101247
8469	0.101285
41652	0.101319
44229	0.101358
51810	0.101466
30808	0.101511
47646	0.101575
9805	0.101583
21289	0.101684
45321	0.101705
39989	0.101736
22566	0.101778
55860	0.101982
47145	0.102057
29273	0.102059
16326	0.102071
41627	0.102089
43524	0.102122
7107	0.102127
34975	0.102137
43466	0.102165
38873	0.102188
19458	0.102212
31081	0.102229
13943	0.102271
12732	0.102685
33153	0.102767
10087	0.102825
35757	0.102832
16488	0.102845
48557	0.102990
8614	0.103061
9159	0.103124
22683	0.103213
10771	0.103219
29001	0.103232
54590	0.103395
55328	0.103409
37727	0.103571
19419	0.103698
10756	0.103715
9251	0.104016
52455	0.104058
14304	0.104185
23322	0.104186
60785	0.104256
40689	0.104274
37063	0.104331
55896	0.104336
51362	0.104339
44265	0.104412
9969	0.104450
37302	0.104578
21413	0.104581
28258	0.104787
43531	0.104801
7214	0.104910
28244	0.104953
15293	0.104979
10710	0.105120
44244	0.105209
41842	0.105229
31176	0.105264
10932	0.105349
10777	0.105430
56942	0.105516
28322	0.105517
53108	0.105535
60644	0.105552
29387	0.105627
33058	0.105794
22988	0.105838
15747	0.105849
10739	0.105884
29311	0.105968
35159	0.105984
33796	0.106061
28284	0.106196
14855	0.106199
49101	0.106202
24289	0.106228
29367	0.106270
14614	0.106347
41515	0.106349
41625	0.106358
48664	0.106446
10742	0.106468
31180	0.106553
58229	0.106558
37712	0.106603
34526	0.106680
43771	0.106733
16341	0.106754
28254	0.106840
10066	0.106852
15310	0.106985
11298	0.107196
28336	0.107215
14048	0.107247
23820	0.107281
55325	0.107322
22703	0.107576
31532	0.107660
28341	0.107664
29419	0.107697
28233	0.107715
7300	0.107774
41591	0.107776
12823	0.107814
10774	0.107819
14509	0.107839
46507	0.107851
42815	0.107898
41519	0.108010
44322	0.108193
29407	0.108228
29319	0.108238
10741	0.108243
49796	0.108243
10571	0.108298
15101	0.108320
40288	0.108442
10399	0.108528
56134	0.108584
55856	0.108738
22891	0.108880
14102	0.108978
9074	0.109013
26185	0.109061
10749	0.109175
42918	0.109188
55089	0.109280
10776	0.109405
28312	0.109539
26811	0.109723
29323	0.109796
14225	0.109861
8202	0.109869
7079	0.109963
47898	0.109992
15760	0.110010
12604	0.110010
56075	0.110103
37708	0.110116
30839	0.110195
24268	0.110306
33157	0.110346
15437	0.110415
41598	0.110444
10788	0.110472
10743	0.110495
29430	0.110519
32547	0.110734
38628	0.110837
29339	0.110893
15695	0.110972
28676	0.111121
29355	0.111154
16331	0.111571
28263	0.111610
10733	0.111646
7141	0.111651
16354	0.111685
15672	0.111749
38561	0.111775
29306	0.111817
29299	0.111847
10740	0.111999
10760	0.112057
41641	0.112071
11015	0.112127
9199	0.112146
45760	0.112337
29370	0.112396
15761	0.112422
29302	0.112448
8077	0.112478
7114	0.112597
41649	0.112614
15369	0.112645
8617	0.112759
29422	0.112840
29290	0.112856
8889	0.113023
20108	0.113097
44412	0.113113
10088	0.113152
29390	0.113186
24642	0.113189
28979	0.113456
28293	0.113473
49418	0.113620
21916	0.113640
50356	0.113649
29373	0.113725
54470	0.113732
9160	0.113819
41605	0.113867
39365	0.113878
29268	0.113887
44259	0.113908
10314	0.113947
10759	0.113949
24004	0.113974
45768	0.114164
14682	0.114165
36520	0.114175
42725	0.114210
41644	0.114226
10775	0.114232
28241	0.114243
28268	0.114354
41588	0.114600
48496	0.114655
29314	0.114723
11993	0.115003
12748	0.115029
29293	0.115038
10119	0.115162
29412	0.115178
9293	0.115247
15405	0.115366
8851	0.115409
13595	0.115488
21628	0.115573
28247	0.115596
29275	0.115745
21648	0.115778
29288	0.115898
13249	0.115904
20154	0.115931
60721	0.115931
14073	0.116022
14239	0.116023
44299	0.116074
33746	0.116082
29379	0.116182
41177	0.116237
21478	0.116248
35232	0.116327
41620	0.116445
46434	0.116462
26044	0.116473
10372	0.116511
9157	0.116568
55402	0.116570
16310	0.116590
36239	0.116646
10410	0.116649
28282	0.116677
27441	0.116809
51652	0.116918
12211	0.116938
8473	0.117051
39507	0.117081
44360	0.117130
9804	0.117196
57269	0.117213
12731	0.117233
43552	0.117493
10194	0.117797
19110	0.117881
7568	0.117956
7546	0.118046
40525	0.118128
45764	0.118145
51764	0.118260
30548	0.118300
51179	0.118334
37451	0.118334
10765	0.118345
14934	0.118427
43546	0.118827
10704	0.118909
33640	0.118978
35286	0.118994
15789	0.119706
13823	0.119813
24535	0.119896
58295	0.120094
9844	0.120429
34948	0.120540
39959	0.120639
13396	0.121456
51734	0.121565
23710	0.121640
15436	0.121689
9113	0.121795
11180	0.121818
29383	0.121879
15935	0.122207
42465	0.122223
8866	0.122375
29346	0.122379
36162	0.122708
23042	0.122928
11214	0.123082
28286	0.123271
36462	0.123355
13011	0.123593
11549	0.123718
14619	0.123727
29343	0.123913
29350	0.124688
58648	0.124697
15053	0.125139
55834	0.125595
68213	0.125624
33876	0.125843
41612	0.126617
53695	0.126838
24552	0.127138
15907	0.127143
15700	0.127177
8620	0.127520
9155	0.127780
26761	0.127807
44965	0.127930
15601	0.128017
8502	0.128176
11962	0.128331
15391	0.128562
16100	0.128615
10750	0.128859
23638	0.128894
13350	0.128916
15407	0.129103
35759	0.129540
12210	0.129796
15656	0.130525
39992	0.130979
11787	0.131317
41582	0.131321
16034	0.131858
49005	0.132204
13600	0.132227
9682	0.132707
41658	0.132860
29758	0.132889
9930	0.132921
50101	0.133021
9189	0.133496
44320	0.133542
30928	0.133970
53981	0.135342
45969	0.135577
20893	0.135607
13056	0.135636
31901	0.136619
44294	0.136746
10772	0.136870
8895	0.137949
40506	0.139136
8373	0.139350
10900	0.139608
50189	0.140431
58341	0.141270
38243	0.141315
31948	0.141873
9708	0.141946
41575	0.142118
47523	0.142237
13598	0.142518
47520	0.142948
34060	0.143457
28738	0.143600
12370	0.144572
9465	0.145037
34542	0.145067
37717	0.145196
34802	0.145476
10545	0.145794
30976	0.146071
13436	0.146088
10020	0.146210
44108	0.146404
51624	0.146982
49920	0.147147
55066	0.147260
15292	0.147443
9584	0.147503
53990	0.148083
15192	0.148091
19435	0.148658
35173	0.148790
32935	0.149015
42704	0.149298
38869	0.149860
42254	0.151155
13643	0.151203
25034	0.151409
25888	0.152279
42246	0.152337
44545	0.152400
43819	0.152438
14624	0.153371
11316	0.153426
23341	0.153463
13138	0.153945
47010	0.154452
14150	0.154591
9662	0.155206
9852	0.155662
15950	0.155734
13875	0.156254
10927	0.156420
48112	0.156844
38614	0.156907
53793	0.157004
55579	0.157071
6976	0.157808
33612	0.158603
37650	0.158853
11464	0.158874
15441	0.161889
6910	0.162819
14197	0.163892
13073	0.164105
12395	0.164916
7618	0.165797
34937	0.166520
26995	0.167311
12254	0.172627
55208	0.175041
11838	0.175280
27140	0.179748
15936	0.179838
30971	0.180889
13088	0.181729
29736	0.182931
58343	0.183352
8666	0.184806
55980	0.185133
13087	0.186601
58550	0.187897
14613	0.189001
10657	0.191573
21524	0.198403
55218	0.200473
56174	0.201154
16079	0.203359
41563	0.207098
57774	0.207494
55223	0.213478
30207	0.217493
11477	0.219438
16078	0.220938
39601	0.221533
55211	0.222772
11875	0.225557
30211	0.230600
12608	0.230733
35392	0.231403
35194	0.234824
13962	0.245728
24727	0.269701
22929	0.304869
10469	0.309992
13960	0.323432
9335	0.328811
12130	0.340307
30944	0.369520
8284	0.374203
13104	0.823393
43424	0.824989
31187	0.825421
8464	0.833324
61010	0.842034
60446	0.846726
9297	0.849393
43422	0.850133
43420	0.850286
39483	0.859481
57008	0.864583
39596	0.867169
11748	0.871573
14088	0.872650
49019	0.880306
43417	0.889024
13207	0.908640
55204	0.924355
55215	1.000000
