17316	0.000000
25260	0.000000
61147	0.002404
21226	0.006629
46182	0.006629
8529	0.007230
21576	0.007908
20388	0.007922
9025	0.007939
16850	0.007969
35889	0.008016
61578	0.008049
55744	0.008073
42600	0.008082
43144	0.008097
13536	0.008103
60121	0.008116
16201	0.008117
7703	0.008146
7706	0.008146
61273	0.008151
24420	0.008172
28022	0.008189
27758	0.008190
52001	0.008190
15885	0.008196
16427	0.008200
61063	0.008205
14198	0.008218
44630	0.008220
15850	0.008235
15799	0.008236
10290	0.008248
13098	0.008248
7677	0.008248
54029	0.008249
7685	0.008260
31226	0.008284
60602	0.008286
7890	0.008289
8411	0.008294
28951	0.008303
13028	0.008313
23148	0.008327
56969	0.008328
52511	0.008333
11872	0.008336
14215	0.008342
16242	0.008343
61111	0.008350
7499	0.008350
14335	0.008361
61289	0.008361
54408	0.008363
60938	0.008368
11236	0.008370
17051	0.008376
38445	0.008380
47389	0.008381
27019	0.008399
42690	0.008408
11590	0.008421
22059	0.008421
8204	0.008430
9245	0.008430
31934	0.008437
55659	0.008469
60976	0.008476
8245	0.008479
125393	0.008479
38467	0.008485
14760	0.008502
53770	0.008503
27953	0.008504
9966	0.008507
15421	0.008516
37560	0.008526
13376	0.008549
14990	0.008552
27640	0.008553
34785	0.008553
15420	0.008556
50402	0.008558
30348	0.008560
52893	0.008561
17012	0.008562
61422	0.008569
35982	0.008582
61394	0.008582
46078	0.008596
61401	0.008618
61342	0.008621
59264	0.008628
52449	0.008662
23547	0.008683
50446	0.008683
9231	0.008711
7871	0.008712
34807	0.008713
40911	0.008718
42321	0.008741
50669	0.008746
32709	0.008751
37700	0.008762
29110	0.008769
16816	0.008774
61185	0.008774
9692	0.008777
57291	0.008781
43200	0.008784
36037	0.008786
60769	0.008786
32190	0.008793
27904	0.008795
26244	0.008836
21345	0.008837
30084	0.008837
31235	0.008837
58264	0.008837
36839	0.008844
26768	0.008848
49529	0.008848
54840	0.008853
40251	0.008857
12912	0.008858
10184	0.008859
12511	0.008887
42545	0.008887
35997	0.008896
46852	0.008905
54314	0.008908
46712	0.008911
54271	0.008914
11624	0.008919
10240	0.008940
14531	0.008951
46494	0.008959
9389	0.008960
42795	0.008970
54103	0.008976
54106	0.008976
60606	0.008977
11645	0.008985
56801	0.008985
43754	0.008996
36838	0.008999
8046	0.009017
19794	0.009021
60975	0.009025
16135	0.009059
35980	0.009104
40036	0.009107
11586	0.009126
60724	0.009126
61038	0.009126
12749	0.009144
49289	0.009146
58956	0.009149
48020	0.009176
9191	0.009229
30099	0.009238
41887	0.009238
33451	0.009258
14716	0.009279
16431	0.009280
20885	0.009280
11865	0.009282
30127	0.009283
11128	0.009343
43171	0.009343
52271	0.009368
8981	0.009386
47727	0.009423
60633	0.009458
32973	0.009458
54514	0.009463
34786	0.009479
39302	0.009543
49616	0.009545
58153	0.009590
68235	0.009639
17496	0.009764
47736	0.009764
61534	0.009787
50338	0.009811
7972	0.010683
22450	0.010825
26484	0.010840
16656	0.010841
46409	0.010843
60315	0.010858
17057	0.010859
49700	0.010859
51770	0.010870
12304	0.010890
59161	0.010904
16986	0.010909
34769	0.010909
27764	0.010911
27776	0.010911
14464	0.010912
8691	0.010912
57708	0.010917
138102	0.010918
60761	0.010918
46214	0.010919
12798	0.010928
9536	0.010928
60902	0.010938
37518	0.010940
60845	0.010941
61376	0.010947
54522	0.010953
55315	0.010953
29169	0.010958
16719	0.010968
35938	0.010968
43111	0.010976
19127	0.010979
60616	0.010979
38442	0.010979
24347	0.010983
12478	0.010984
49279	0.010986
60118	0.010997
60594	0.010997
39107	0.010999
50525	0.010999
23721	0.011002
10261	0.011003
22655	0.011003
60399	0.011003
9750	0.011003
45283	0.011005
60948	0.011009
51175	0.011016
28181	0.011025
45563	0.011027
54008	0.011027
7332	0.011028
61094	0.011033
60630	0.011036
43424	0.011039
14386	0.011040
56229	0.011041
10332	0.011042
17445	0.011042
61024	0.011042
60682	0.011045
32819	0.011048
61008	0.011048
19268	0.011050
24644	0.011050
43192	0.011051
35561	0.011051
27755	0.011053
61080	0.011053
48520	0.011053
16348	0.011054
41353	0.011056
22108	0.011056
21051	0.011062
48389	0.011062
13009	0.011062
33435	0.011062
50841	0.011062
60250	0.011062
8830	0.011063
40063	0.011064
40065	0.011064
40066	0.011064
85307	0.011064
34532	0.011067
55648	0.011069
55797	0.011069
16553	0.011069
23457	0.011072
45827	0.011073
55358	0.011085
13801	0.011085
39534	0.011085
44449	0.011087
41428	0.011087
41909	0.011087
44969	0.011087
60063	0.011087
60346	0.011087
16682	0.011088
13937	0.011092
14099	0.011097
56211	0.011101
22335	0.011104
25608	0.011106
25528	0.011112
60703	0.011112
8653	0.011114
51943	0.011116
12107	0.011116
16051	0.011119
31495	0.011121
19176	0.011121
14695	0.011126
43785	0.011129
58526	0.011129
13459	0.011130
49374	0.011132
56821	0.011132
47980	0.011132
60918	0.011134
61654	0.011138
33128	0.011139
33217	0.011139
33616	0.011139
60645	0.011140
61199	0.011141
15401	0.011141
17047	0.011141
12825	0.011142
16321	0.011142
60818	0.011142
19158	0.011143
14928	0.011143
42740	0.011143
19183	0.011143
25640	0.011144
59397	0.011149
60293	0.011149
61424	0.011149
8654	0.011149
58365	0.011151
60366	0.011152
12785	0.011155
9220	0.011155
11317	0.011157
17156	0.011158
61356	0.011158
104603	0.011159
16605	0.011159
47594	0.011160
61589	0.011161
60332	0.011162
20112	0.011162
31653	0.011162
52890	0.011165
9814	0.011166
61371	0.011168
54146	0.011171
35998	0.011173
41426	0.011175
54844	0.011179
41281	0.011180
17024	0.011182
16996	0.011183
43189	0.011183
44549	0.011183
61123	0.011183
53010	0.011184
56837	0.011185
30370	0.011185
11646	0.011185
61281	0.011186
61442	0.011186
56403	0.011188
61073	0.011189
17037	0.011189
45893	0.011189
10722	0.011190
33916	0.011195
51346	0.011198
13386	0.011198
35722	0.011198
61600	0.011198
26782	0.011201
48935	0.011204
31570	0.011205
61337	0.011206
17093	0.011207
38643	0.011210
16903	0.011214
26412	0.011215
34574	0.011215
8147	0.011216
27869	0.011217
60505	0.011219
34745	0.011219
17160	0.011219
43106	0.011220
30058	0.011221
46733	0.011223
42075	0.011223
137382	0.011224
45191	0.011224
60306	0.011224
12989	0.011224
27286	0.011225
8058	0.011226
16407	0.011226
11270	0.011231
15683	0.011231
14981	0.011232
42119	0.011234
7778	0.011234
40987	0.011235
38330	0.011235
23605	0.011236
14188	0.011236
37131	0.011237
60944	0.011237
60791	0.011239
39521	0.011240
61612	0.011241
8563	0.011241
13388	0.011242
50401	0.011242
57156	0.011242
40886	0.011242
23916	0.011242
42705	0.011242
42876	0.011243
34049	0.011245
61227	0.011246
47062	0.011249
61056	0.011249
9644	0.011250
61619	0.011252
44769	0.011253
7922	0.011254
14262	0.011254
26409	0.011256
10721	0.011257
60191	0.011258
9166	0.011260
51152	0.011261
61306	0.011261
14526	0.011262
34474	0.011264
124981	0.011264
61438	0.011265
12186	0.011265
43223	0.011266
25977	0.011266
60547	0.011267
9528	0.011269
60621	0.011269
60924	0.011269
40955	0.011271
9713	0.011272
61193	0.011273
60752	0.011277
61265	0.011278
27983	0.011278
56272	0.011278
15017	0.011278
32172	0.011278
61033	0.011279
61106	0.011279
74651	0.011279
61530	0.011281
55667	0.011281
19758	0.011283
19840	0.011283
14974	0.011284
16129	0.011284
12129	0.011284
7301	0.011289
60196	0.011292
45971	0.011292
20122	0.011293
137847	0.011293
33284	0.011293
58222	0.011293
22048	0.011294
49507	0.011295
61189	0.011296
42532	0.011296
52104	0.011296
69022	0.011296
13402	0.011296
9911	0.011297
21035	0.011299
54865	0.011300
58047	0.011301
42194	0.011301
48041	0.011301
25229	0.011304
49382	0.011305
36821	0.011305
10753	0.011306
16336	0.011307
39916	0.011308
9091	0.011308
60625	0.011310
9977	0.011311
16665	0.011311
36833	0.011311
50373	0.011311
17493	0.011312
61555	0.011314
13586	0.011316
16258	0.011316
51236	0.011317
8028	0.011317
42094	0.011318
25821	0.011319
61183	0.011319
41166	0.011320
9207	0.011320
9390	0.011320
60586	0.011320
12805	0.011322
11751	0.011323
15924	0.011324
69075	0.011326
60202	0.011327
6963	0.011327
11140	0.011331
51150	0.011332
14139	0.011334
137900	0.011335
137901	0.011335
17477	0.011336
11641	0.011338
51129	0.011338
12030	0.011339
29008	0.011339
44381	0.011339
61280	0.011339
61549	0.011339
13628	0.011340
21120	0.011340
16871	0.011340
60261	0.011340
11977	0.011340
16666	0.011344
16565	0.011345
27719	0.011346
57407	0.011346
26315	0.011346
16951	0.011346
18099	0.011347
32418	0.011349
8150	0.011353
7292	0.011355
8758	0.011356
15091	0.011357
10817	0.011357
16592	0.011359
17412	0.011359
8210	0.011359
29224	0.011361
61165	0.011361
25301	0.011363
61652	0.011363
55807	0.011363
60491	0.011364
72958	0.011364
33207	0.011366
7989	0.011366
14489	0.011367
42634	0.011367
53041	0.011370
60391	0.011370
44092	0.011370
38472	0.011371
19799	0.011373
60415	0.011373
60460	0.011373
50834	0.011373
7702	0.011375
9907	0.011375
10228	0.011375
27231	0.011376
61335	0.011376
61320	0.011378
61462	0.011378
58096	0.011378
95884	0.011378
15825	0.011381
51210	0.011384
23851	0.011386
14479	0.011387
61192	0.011388
11073	0.011388
39084	0.011388
58097	0.011390
53257	0.011390
52329	0.011390
32990	0.011391
46287	0.011391
58941	0.011391
13054	0.011394
22253	0.011397
57375	0.011397
46061	0.011399
22839	0.011400
50310	0.011401
61013	0.011402
26536	0.011403
49993	0.011403
11247	0.011403
16791	0.011403
9324	0.011405
14383	0.011406
15092	0.011407
19081	0.011410
7923	0.011410
52882	0.011411
16756	0.011411
10327	0.011413
55934	0.011413
16237	0.011413
35137	0.011413
9172	0.011413
16329	0.011413
61532	0.011413
84674	0.011414
21205	0.011417
31187	0.011417
7330	0.011417
12972	0.011418
24316	0.011418
60699	0.011418
9709	0.011419
49045	0.011419
32208	0.011421
53965	0.011423
13840	0.011425
6899	0.011425
41377	0.011426
61584	0.011427
12861	0.011432
14371	0.011432
44968	0.011433
60468	0.011435
13110	0.011435
21701	0.011437
58240	0.011437
61380	0.011437
8007	0.011437
9183	0.011440
61101	0.011440
9967	0.011441
53599	0.011441
60296	0.011443
22199	0.011443
29860	0.011443
35670	0.011443
52336	0.011443
55538	0.011444
37506	0.011445
10116	0.011445
11131	0.011446
60246	0.011447
35109	0.011447
16968	0.011449
24740	0.011450
39636	0.011450
60760	0.011450
61064	0.011451
33007	0.011452
57380	0.011453
53043	0.011456
53256	0.011457
14091	0.011457
60596	0.011458
10295	0.011458
56106	0.011458
60730	0.011458
60842	0.011458
61542	0.011458
7781	0.011458
43135	0.011459
125308	0.011461
44371	0.011461
51079	0.011461
44416	0.011462
51096	0.011463
60481	0.011463
60352	0.011463
12873	0.011463
13071	0.011463
49526	0.011463
17512	0.011464
21852	0.011464
23405	0.011464
50309	0.011464
53038	0.011465
61402	0.011467
40718	0.011468
53325	0.011468
17050	0.011470
42743	0.011470
16713	0.011471
60386	0.011473
14465	0.011473
8364	0.011474
25220	0.011476
35910	0.011476
59821	0.011476
27672	0.011477
43769	0.011477
59692	0.011477
10970	0.011477
14785	0.011478
47979	0.011481
36897	0.011482
16312	0.011483
52606	0.011483
16777	0.011484
61397	0.011484
10841	0.011485
61419	0.011485
16679	0.011486
45427	0.011486
16441	0.011487
22318	0.011488
72562	0.011489
34647	0.011489
39767	0.011489
74517	0.011489
38555	0.011491
22901	0.011494
54385	0.011494
40201	0.011496
11595	0.011496
46652	0.011497
46654	0.011497
13465	0.011498
35926	0.011498
53593	0.011499
61312	0.011500
61360	0.011500
27873	0.011501
54100	0.011501
16768	0.011505
61514	0.011506
52715	0.011506
17414	0.011507
44398	0.011508
16650	0.011508
60584	0.011508
21087	0.011508
31133	0.011509
7377	0.011509
11291	0.011509
60858	0.011509
43305	0.011510
22444	0.011511
23717	0.011511
6913	0.011511
19133	0.011514
9659	0.011516
60754	0.011516
28722	0.011517
13219	0.011518
61363	0.011519
27967	0.011519
60717	0.011521
16469	0.011521
61052	0.011521
9746	0.011522
11493	0.011523
125253	0.011523
19461	0.011523
23265	0.011523
27821	0.011523
30440	0.011523
31261	0.011523
40108	0.011523
34753	0.011523
23492	0.011524
60746	0.011524
61255	0.011525
36817	0.011526
59642	0.011526
38864	0.011526
16446	0.011526
16601	0.011526
16920	0.011526
17022	0.011526
17158	0.011528
56312	0.011528
19099	0.011528
47631	0.011528
137660	0.011529
11674	0.011529
60263	0.011529
30985	0.011530
16829	0.011531
22342	0.011531
35006	0.011531
30761	0.011531
61161	0.011532
60837	0.011532
47256	0.011533
60704	0.011534
48099	0.011534
8897	0.011535
7152	0.011535
13051	0.011536
8817	0.011536
16760	0.011536
22888	0.011537
43700	0.011537
28957	0.011537
53187	0.011538
8096	0.011539
22182	0.011540
49566	0.011542
10617	0.011543
10786	0.011543
13094	0.011543
13277	0.011543
13389	0.011543
16766	0.011543
21819	0.011543
35117	0.011543
39762	0.011543
46979	0.011543
47729	0.011543
50491	0.011543
60472	0.011543
60847	0.011543
61465	0.011543
61526	0.011543
8826	0.011543
61365	0.011544
25991	0.011544
10005	0.011544
50330	0.011544
61575	0.011546
9645	0.011546
60811	0.011547
42359	0.011548
33028	0.011548
21415	0.011549
61433	0.011549
25635	0.011551
35693	0.011551
48769	0.011553
51509	0.011553
31310	0.011553
60711	0.011553
14068	0.011554
34599	0.011554
41974	0.011554
61126	0.011554
61245	0.011554
8211	0.011554
60320	0.011555
61009	0.011555
61263	0.011555
15824	0.011556
69035	0.011558
14477	0.011561
14917	0.011561
15569	0.011561
60583	0.011561
49620	0.011561
60928	0.011561
60151	0.011562
20243	0.011563
27040	0.011563
28035	0.011564
38845	0.011564
61039	0.011565
36741	0.011569
21556	0.011570
14061	0.011570
13270	0.011571
46886	0.011571
8964	0.011571
30584	0.011574
58513	0.011574
11421	0.011575
44825	0.011578
12036	0.011579
14448	0.011580
51608	0.011580
15151	0.011580
16627	0.011582
34791	0.011582
11257	0.011582
10317	0.011583
61477	0.011584
28366	0.011584
6898	0.011585
40239	0.011585
52342	0.011586
39864	0.011587
61099	0.011589
13269	0.011589
40938	0.011590
40448	0.011590
60461	0.011590
72711	0.011590
60817	0.011591
12212	0.011592
57358	0.011592
60898	0.011592
48577	0.011592
61128	0.011592
49123	0.011593
16232	0.011594
33749	0.011594
46407	0.011596
33328	0.011597
56639	0.011598
60249	0.011598
58902	0.011598
12647	0.011599
61355	0.011601
7707	0.011601
41439	0.011602
9532	0.011604
11808	0.011606
7222	0.011609
42004	0.011609
14819	0.011610
34852	0.011611
61027	0.011611
46651	0.011613
55050	0.011613
9061	0.011613
52440	0.011614
52671	0.011615
60889	0.011615
25378	0.011615
16412	0.011616
60659	0.011617
16174	0.011618
61614	0.011619
55362	0.011621
16123	0.011621
36516	0.011622
7639	0.011623
34651	0.011623
34820	0.011624
57818	0.011624
45976	0.011625
55033	0.011625
17145	0.011626
74649	0.011628
57410	0.011628
19479	0.011629
27805	0.011630
15302	0.011630
61150	0.011631
61130	0.011632
46882	0.011633
27580	0.011634
56411	0.011635
7071	0.011637
46697	0.011637
16642	0.011637
16672	0.011637
60614	0.011637
53156	0.011638
35564	0.011639
60275	0.011643
61664	0.011643
28005	0.011643
23942	0.011644
30153	0.011645
32997	0.011645
52521	0.011646
11585	0.011648
57725	0.011648
38450	0.011650
51588	0.011650
20546	0.011650
39736	0.011650
34504	0.011650
45913	0.011651
12272	0.011652
56255	0.011652
15107	0.011653
14519	0.011656
17497	0.011656
47418	0.011656
27785	0.011656
8590	0.011657
7205	0.011657
16987	0.011658
37453	0.011659
30319	0.011660
37777	0.011660
26262	0.011661
50501	0.011661
47568	0.011662
60991	0.011663
45292	0.011663
38513	0.011663
37378	0.011664
53411	0.011664
36831	0.011666
42289	0.011666
46700	0.011667
11640	0.011667
53034	0.011668
23416	0.011670
7255	0.011672
54456	0.011672
61535	0.011672
9710	0.011672
60980	0.011673
41031	0.011674
11394	0.011674
25307	0.011674
27246	0.011675
30333	0.011675
58778	0.011677
60396	0.011677
9951	0.011677
8712	0.011677
56637	0.011677
23273	0.011678
58909	0.011679
16474	0.011680
38161	0.011681
61455	0.011681
38493	0.011681
16054	0.011682
13866	0.011682
15858	0.011684
28187	0.011685
7188	0.011687
58443	0.011687
61436	0.011687
10158	0.011688
21213	0.011688
22295	0.011688
22232	0.011689
20624	0.011691
10754	0.011691
21154	0.011695
58033	0.011697
40138	0.011697
48103	0.011697
49573	0.011697
57854	0.011701
7243	0.011701
16302	0.011703
75940	0.011704
9729	0.011706
22138	0.011707
53595	0.011708
48667	0.011708
12727	0.011708
37401	0.011709
16263	0.011709
60365	0.011711
39929	0.011712
37804	0.011712
48424	0.011713
33942	0.011714
49832	0.011714
14404	0.011715
16834	0.011719
46026	0.011721
11599	0.011721
61399	0.011721
43220	0.011722
57879	0.011722
46597	0.011723
21603	0.011728
46936	0.011728
14995	0.011729
42867	0.011730
61529	0.011730
60636	0.011731
12592	0.011732
23100	0.011732
25280	0.011732
32174	0.011732
45280	0.011732
52697	0.011732
57572	0.011732
21867	0.011733
19986	0.011734
38438	0.011735
14775	0.011736
11065	0.011736
55125	0.011736
49819	0.011736
61479	0.011736
8464	0.011736
15149	0.011737
61642	0.011737
60853	0.011738
47590	0.011738
47329	0.011738
22110	0.011740
23642	0.011740
58662	0.011740
35659	0.011742
8725	0.011742
38898	0.011742
30224	0.011744
22162	0.011744
38065	0.011744
16189	0.011744
33450	0.011746
38223	0.011747
13381	0.011747
57069	0.011748
61407	0.011748
34662	0.011750
14409	0.011751
23063	0.011751
58969	0.011751
60624	0.011751
58292	0.011752
61484	0.011752
10528	0.011753
53294	0.011753
12110	0.011753
11794	0.011754
10964	0.011754
25252	0.011754
60591	0.011754
26077	0.011755
40555	0.011755
54216	0.011756
46695	0.011756
56130	0.011757
39038	0.011757
44665	0.011758
61641	0.011761
21571	0.011762
10244	0.011763
54521	0.011766
42252	0.011767
53847	0.011767
60382	0.011768
13031	0.011769
12975	0.011770
23224	0.011770
27308	0.011770
19096	0.011771
47341	0.011771
26652	0.011773
51993	0.011773
59818	0.011773
61528	0.011773
33390	0.011773
13942	0.011774
38299	0.011775
47261	0.011775
58754	0.011775
8662	0.011775
17345	0.011777
31275	0.011777
61062	0.011777
15898	0.011778
14442	0.011778
56334	0.011778
35993	0.011779
7479	0.011780
54026	0.011780
25193	0.011781
16133	0.011781
22120	0.011782
12645	0.011782
61317	0.011782
70286	0.011782
11091	0.011782
22298	0.011782
60800	0.011786
27912	0.011787
20270	0.011790
13906	0.011790
16673	0.011790
60957	0.011791
55447	0.011792
100337	0.011792
51372	0.011793
34658	0.011794
61136	0.011795
33121	0.011795
22749	0.011796
10631	0.011796
58943	0.011797
40510	0.011798
7921	0.011799
17507	0.011800
61012	0.011801
27141	0.011801
57144	0.011802
16598	0.011803
47414	0.011803
8263	0.011803
46919	0.011804
21180	0.011804
48771	0.011804
50196	0.011804
8532	0.011805
10089	0.011806
16887	0.011806
30474	0.011808
37370	0.011808
32924	0.011810
16365	0.011810
8098	0.011810
52718	0.011810
54424	0.011811
45341	0.011812
13754	0.011812
56762	0.011813
8090	0.011815
8568	0.011816
61498	0.011817
10491	0.011817
55949	0.011817
9964	0.011821
43412	0.011821
41431	0.011821
60363	0.011821
50098	0.011822
49129	0.011822
12305	0.011823
27878	0.011823
9953	0.011825
40847	0.011825
60269	0.011829
16484	0.011829
8059	0.011830
26360	0.011831
47857	0.011831
19323	0.011831
60336	0.011831
49472	0.011832
8187	0.011832
44879	0.011833
61645	0.011836
52704	0.011837
44640	0.011837
58387	0.011837
60290	0.011838
15471	0.011838
47258	0.011839
33523	0.011839
52534	0.011840
16720	0.011841
39926	0.011842
59693	0.011842
34050	0.011843
12624	0.011844
61313	0.011844
58851	0.011846
35849	0.011846
12366	0.011846
32830	0.011846
45908	0.011847
17481	0.011850
61044	0.011851
57098	0.011851
13180	0.011851
13864	0.011851
21144	0.011851
22246	0.011851
33994	0.011852
31656	0.011852
7698	0.011853
9504	0.011853
60855	0.011854
138008	0.011854
53414	0.011854
60312	0.011855
58933	0.011855
47179	0.011855
61379	0.011855
125362	0.011856
53521	0.011856
21016	0.011859
17043	0.011859
36688	0.011859
53627	0.011859
60926	0.011859
12255	0.011860
14446	0.011861
51349	0.011862
10446	0.011863
35941	0.011863
16240	0.011863
53160	0.011863
27023	0.011864
43438	0.011864
50900	0.011864
46595	0.011866
38261	0.011866
52898	0.011866
33726	0.011867
36362	0.011869
48056	0.011869
15435	0.011869
54672	0.011869
8903	0.011871
51728	0.011871
24959	0.011871
37926	0.011872
16862	0.011872
40601	0.011872
60560	0.011872
30253	0.011872
7695	0.011873
56207	0.011874
31852	0.011874
55476	0.011876
15750	0.011876
15094	0.011877
25995	0.011877
44376	0.011877
53753	0.011877
60485	0.011877
15387	0.011878
41134	0.011878
118557	0.011878
8767	0.011879
8559	0.011879
17304	0.011879
60780	0.011880
61665	0.011880
38102	0.011880
56124	0.011881
60600	0.011881
23304	0.011881
33116	0.011882
36345	0.011883
10103	0.011884
27930	0.011884
40067	0.011884
43639	0.011884
60385	0.011884
14288	0.011884
8004	0.011884
32977	0.011885
39403	0.011886
16870	0.011886
47352	0.011887
61049	0.011889
52227	0.011889
60844	0.011889
14652	0.011889
35952	0.011889
57377	0.011889
61116	0.011889
11327	0.011890
49244	0.011891
60897	0.011892
37516	0.011892
60678	0.011893
17447	0.011894
51114	0.011894
53930	0.011899
28453	0.011899
32793	0.011900
16927	0.011901
10191	0.011901
16757	0.011902
61594	0.011902
50758	0.011905
61430	0.011905
61345	0.011905
47308	0.011906
8690	0.011907
38183	0.011908
61174	0.011909
7388	0.011909
57867	0.011910
43246	0.011910
12567	0.011910
29326	0.011910
45804	0.011911
16626	0.011911
42539	0.011912
10708	0.011913
13798	0.011914
47437	0.011914
26649	0.011915
38256	0.011915
29156	0.011915
53125	0.011916
51162	0.011917
39604	0.011920
35088	0.011920
7694	0.011922
60409	0.011922
61166	0.011922
50381	0.011923
16782	0.011924
23388	0.011924
38552	0.011925
55535	0.011925
52042	0.011925
16716	0.011925
48240	0.011925
52993	0.011925
60351	0.011925
60493	0.011925
9063	0.011925
9178	0.011925
7147	0.011925
35399	0.011926
14012	0.011926
38475	0.011926
60181	0.011929
15810	0.011930
61190	0.011931
22258	0.011931
31031	0.011931
24670	0.011932
43002	0.011932
30103	0.011932
35516	0.011932
37699	0.011932
27908	0.011933
60895	0.011935
14962	0.011935
61613	0.011935
44567	0.011936
7316	0.011936
45315	0.011936
11209	0.011936
49524	0.011938
60132	0.011938
47412	0.011939
43910	0.011939
16929	0.011939
55393	0.011939
43553	0.011941
60241	0.011941
9982	0.011941
22732	0.011942
56204	0.011942
58979	0.011942
60738	0.011942
9517	0.011942
60894	0.011942
16783	0.011943
52523	0.011943
27742	0.011944
23036	0.011945
54572	0.011945
44519	0.011945
52285	0.011946
37907	0.011947
14000	0.011947
60130	0.011948
34605	0.011949
57125	0.011950
58920	0.011950
60960	0.011950
13863	0.011952
46486	0.011953
9508	0.011953
21457	0.011954
51195	0.011954
60890	0.011954
61042	0.011954
61646	0.011954
28212	0.011955
16530	0.011955
22473	0.011956
19464	0.011956
30433	0.011957
33178	0.011957
43986	0.011957
44703	0.011957
46927	0.011957
15157	0.011957
60713	0.011958
50829	0.011959
13283	0.011960
29830	0.011960
11358	0.011961
30006	0.011962
10182	0.011962
48306	0.011962
11551	0.011962
50045	0.011964
51473	0.011964
8840	0.011964
42626	0.011965
60816	0.011966
13849	0.011966
16880	0.011966
11778	0.011967
20065	0.011967
60879	0.011968
13542	0.011968
10497	0.011969
46959	0.011969
58601	0.011970
38285	0.011970
7738	0.011970
53026	0.011971
31650	0.011972
14957	0.011972
13531	0.011973
60846	0.011973
22105	0.011974
36978	0.011974
58393	0.011975
24962	0.011975
31651	0.011975
60167	0.011976
9241	0.011976
49694	0.011976
14836	0.011976
39319	0.011977
29123	0.011977
57142	0.011977
60609	0.011977
11854	0.011978
45692	0.011979
46066	0.011981
60608	0.011981
16824	0.011981
14759	0.011982
20950	0.011982
17271	0.011983
39637	0.011983
52968	0.011984
61581	0.011986
12534	0.011986
9006	0.011987
54517	0.011987
31259	0.011987
11387	0.011988
35032	0.011988
42651	0.011989
9749	0.011989
58267	0.011990
42167	0.011991
61403	0.011991
45089	0.011992
60868	0.011993
49995	0.011993
11868	0.011994
49930	0.011995
60137	0.011995
119426	0.011995
16113	0.011997
44615	0.011997
14953	0.011998
60486	0.011998
14847	0.011998
12680	0.011999
34006	0.011999
58928	0.011999
60173	0.011999
9439	0.011999
31860	0.011999
33387	0.012000
37576	0.012000
60300	0.012000
60698	0.012000
61017	0.012000
41025	0.012000
11602	0.012003
12777	0.012004
34637	0.012004
60892	0.012005
61031	0.012005
19080	0.012006
58432	0.012006
60872	0.012006
61026	0.012006
9323	0.012006
15686	0.012008
48250	0.012008
13720	0.012009
53969	0.012009
15566	0.012010
49276	0.012012
60999	0.012012
61122	0.012012
40268	0.012013
57129	0.012014
125422	0.012014
12576	0.012014
12532	0.012014
14175	0.012016
60171	0.012016
9453	0.012017
11454	0.012017
61624	0.012017
16619	0.012018
39030	0.012018
10386	0.012019
27971	0.012019
115085	0.012021
58053	0.012021
39371	0.012023
52676	0.012024
11396	0.012025
20842	0.012025
14039	0.012025
37058	0.012026
60723	0.012026
25336	0.012026
16422	0.012026
43948	0.012028
12096	0.012031
50716	0.012032
40970	0.012033
80826	0.012034
35418	0.012034
28400	0.012035
60179	0.012036
60498	0.012039
51857	0.012039
42209	0.012039
46292	0.012041
41739	0.012041
12022	0.012041
20400	0.012043
49496	0.012043
29023	0.012044
39747	0.012044
60610	0.012045
43944	0.012045
36562	0.012047
54911	0.012047
61472	0.012047
89438	0.012047
60782	0.012048
10583	0.012048
7933	0.012048
16112	0.012049
22646	0.012050
24393	0.012051
36855	0.012052
37268	0.012053
41246	0.012053
61580	0.012054
26835	0.012056
8908	0.012056
39882	0.012057
43146	0.012057
61420	0.012057
54720	0.012058
55559	0.012058
42612	0.012058
57419	0.012058
55530	0.012058
39181	0.012059
23914	0.012060
15567	0.012064
16823	0.012064
16937	0.012064
19246	0.012064
22498	0.012064
25481	0.012064
26257	0.012064
30140	0.012064
31589	0.012064
35375	0.012064
41260	0.012064
46953	0.012064
48107	0.012064
48848	0.012064
53775	0.012064
54487	0.012064
55151	0.012064
60459	0.012064
60783	0.012064
60935	0.012064
61527	0.012064
8031	0.012064
8038	0.012064
8491	0.012064
61538	0.012065
16618	0.012066
11771	0.012067
30680	0.012068
11810	0.012069
7891	0.012069
52263	0.012070
9756	0.012070
60295	0.012072
48442	0.012073
12446	0.012074
16569	0.012074
31255	0.012074
32788	0.012074
36564	0.012074
27654	0.012076
42563	0.012077
37271	0.012078
57169	0.012079
19258	0.012080
25065	0.012082
26528	0.012082
44151	0.012083
7337	0.012083
13736	0.012083
15115	0.012083
36849	0.012084
60497	0.012084
46835	0.012084
60958	0.012085
60519	0.012085
61164	0.012087
49495	0.012087
41714	0.012088
49237	0.012088
52662	0.012089
50655	0.012089
10238	0.012089
20969	0.012089
55154	0.012090
8037	0.012091
61347	0.012092
39979	0.012092
36850	0.012094
17529	0.012094
41035	0.012094
13132	0.012094
46136	0.012095
54178	0.012095
10496	0.012097
51730	0.012097
47615	0.012097
61204	0.012097
116820	0.012097
125366	0.012097
125720	0.012097
21446	0.012097
33999	0.012097
34000	0.012097
34003	0.012097
34004	0.012097
45146	0.012097
60298	0.012097
60500	0.012097
60544	0.012097
61011	0.012097
89461	0.012097
11403	0.012097
52394	0.012098
60834	0.012100
21236	0.012100
29198	0.012100
45217	0.012101
46831	0.012102
13826	0.012102
9822	0.012102
7538	0.012103
12462	0.012104
13503	0.012105
9491	0.012105
23862	0.012105
36603	0.012106
125765	0.012106
137908	0.012106
63349	0.012106
58128	0.012106
47387	0.012108
35388	0.012108
31535	0.012108
17437	0.012109
44773	0.012109
61390	0.012109
8216	0.012109
61163	0.012111
37703	0.012111
41123	0.012112
60607	0.012113
7190	0.012113
16637	0.012114
11398	0.012115
31958	0.012116
22057	0.012117
22352	0.012117
23455	0.012118
61547	0.012118
60555	0.012119
9150	0.012120
40868	0.012120
24024	0.012120
45415	0.012123
35845	0.012125
27853	0.012125
60370	0.012125
50057	0.012126
14130	0.012127
24048	0.012127
8275	0.012127
60533	0.012129
10820	0.012129
13979	0.012130
7561	0.012132
51028	0.012133
8125	0.012134
60303	0.012135
34369	0.012135
52422	0.012135
48988	0.012135
23065	0.012137
52976	0.012137
13140	0.012140
17004	0.012141
31183	0.012141
53672	0.012141
53975	0.012142
6903	0.012143
14721	0.012144
31188	0.012144
10248	0.012144
84649	0.012146
46990	0.012147
46842	0.012148
55803	0.012148
40948	0.012150
35501	0.012150
25254	0.012152
10350	0.012155
60136	0.012155
30746	0.012156
36853	0.012157
16623	0.012157
16138	0.012158
25685	0.012158
56141	0.012158
11799	0.012158
56828	0.012159
22502	0.012160
26644	0.012162
13769	0.012163
14524	0.012163
16832	0.012163
46888	0.012163
15893	0.012165
58006	0.012167
51358	0.012167
36282	0.012167
55027	0.012168
19163	0.012169
17078	0.012171
17223	0.012172
16877	0.012172
26587	0.012175
13535	0.012178
15853	0.012179
52281	0.012179
26628	0.012180
13637	0.012181
61388	0.012181
60150	0.012181
10928	0.012183
23911	0.012184
37376	0.012185
50019	0.012186
41882	0.012187
61536	0.012187
34616	0.012188
61078	0.012188
41955	0.012188
39770	0.012188
60158	0.012191
35648	0.012191
40722	0.012192
13481	0.012193
46717	0.012193
25507	0.012195
32429	0.012195
45819	0.012195
55283	0.012195
57803	0.012195
45075	0.012195
16755	0.012196
23313	0.012196
125828	0.012198
46210	0.012198
61329	0.012199
13936	0.012200
40085	0.012200
9184	0.012200
37180	0.012201
30064	0.012202
8713	0.012202
21607	0.012203
21993	0.012203
27478	0.012203
52980	0.012204
27722	0.012205
32158	0.012205
32395	0.012205
36577	0.012205
55452	0.012206
16825	0.012207
54252	0.012208
52426	0.012208
36763	0.012208
23013	0.012208
31794	0.012208
20551	0.012210
46321	0.012211
22835	0.012212
16238	0.012212
36744	0.012212
14712	0.012213
21790	0.012213
10379	0.012213
39977	0.012213
61162	0.012214
60416	0.012215
39970	0.012216
25593	0.012216
16653	0.012217
61218	0.012217
29874	0.012217
40050	0.012217
7381	0.012217
20515	0.012218
36181	0.012218
43098	0.012219
40454	0.012219
29238	0.012220
49845	0.012220
61443	0.012221
25917	0.012222
23376	0.012222
55563	0.012223
44871	0.012223
30308	0.012223
47473	0.012225
29852	0.012225
9858	0.012225
60230	0.012226
38082	0.012226
57437	0.012227
41796	0.012227
113199	0.012228
77486	0.012228
60857	0.012231
60353	0.012232
20283	0.012233
20828	0.012234
61256	0.012234
9112	0.012234
12720	0.012235
55801	0.012236
106696	0.012236
46317	0.012238
55237	0.012238
32508	0.012238
52137	0.012238
49748	0.012239
60559	0.012239
8390	0.012239
39228	0.012239
10031	0.012239
8633	0.012241
16432	0.012243
46999	0.012244
7202	0.012245
57213	0.012245
17067	0.012245
12387	0.012246
60589	0.012246
11137	0.012247
40262	0.012247
12037	0.012247
22140	0.012247
55499	0.012248
47807	0.012249
9168	0.012250
61506	0.012250
54679	0.012250
33902	0.012250
61231	0.012251
28773	0.012253
20702	0.012254
35608	0.012255
60876	0.012256
44696	0.012256
15188	0.012256
20135	0.012257
8361	0.012259
61372	0.012260
60397	0.012260
7342	0.012260
14973	0.012262
16842	0.012263
30048	0.012263
37515	0.012263
52065	0.012264
55890	0.012265
17069	0.012267
46380	0.012270
11539	0.012270
7697	0.012271
38417	0.012271
34133	0.012271
39538	0.012273
21952	0.012273
8521	0.012274
31268	0.012275
60863	0.012276
21049	0.012276
27078	0.012276
42633	0.012277
58002	0.012279
48257	0.012279
50206	0.012281
32864	0.012281
58412	0.012281
42554	0.012281
12597	0.012282
33074	0.012283
43044	0.012283
60423	0.012284
56266	0.012285
60279	0.012285
42746	0.012285
15746	0.012287
51514	0.012287
39512	0.012291
8276	0.012291
60531	0.012292
10471	0.012292
38321	0.012293
61296	0.012293
55932	0.012293
12778	0.012294
53307	0.012294
43018	0.012295
32802	0.012295
31679	0.012296
40457	0.012296
36637	0.012296
52484	0.012297
61354	0.012297
15089	0.012298
31040	0.012298
54313	0.012299
27011	0.012299
34013	0.012299
44524	0.012300
16969	0.012300
61079	0.012301
51790	0.012302
34341	0.012302
31674	0.012303
42594	0.012306
37460	0.012306
28417	0.012307
53048	0.012307
37753	0.012309
52213	0.012312
16060	0.012312
60322	0.012313
11466	0.012313
31195	0.012313
23513	0.012313
43970	0.012317
22504	0.012318
27360	0.012318
50493	0.012319
56397	0.012319
50312	0.012319
28656	0.012320
37934	0.012321
42615	0.012323
21192	0.012323
61229	0.012323
7544	0.012324
41100	0.012325
46332	0.012327
25323	0.012328
40983	0.012328
9017	0.012329
27889	0.012330
39963	0.012331
7069	0.012331
54492	0.012332
46758	0.012336
27800	0.012337
19074	0.012339
36860	0.012341
51741	0.012343
45424	0.012343
13974	0.012345
15877	0.012345
34244	0.012345
47455	0.012346
31652	0.012346
13673	0.012346
21485	0.012346
8592	0.012348
9170	0.012348
26337	0.012349
19351	0.012349
29779	0.012350
41375	0.012352
26878	0.012355
40334	0.012355
16052	0.012356
39817	0.012357
16767	0.012357
35126	0.012357
35534	0.012357
48716	0.012357
40011	0.012359
58766	0.012359
50903	0.012361
50069	0.012361
46684	0.012362
56831	0.012363
9829	0.012365
14192	0.012366
56687	0.012367
43982	0.012368
15796	0.012368
60508	0.012368
60495	0.012368
38957	0.012369
7131	0.012369
46362	0.012371
25415	0.012372
54636	0.012373
30247	0.012375
17520	0.012376
41916	0.012376
56182	0.012377
36815	0.012378
46177	0.012380
50703	0.012381
9891	0.012381
30313	0.012382
60806	0.012383
26742	0.012383
61219	0.012384
17187	0.012385
30731	0.012385
26712	0.012386
51797	0.012387
25596	0.012387
45446	0.012387
36331	0.012388
8232	0.012389
46965	0.012390
56405	0.012391
45812	0.012391
60741	0.012392
7835	0.012393
42581	0.012393
22966	0.012394
46906	0.012394
9959	0.012394
55439	0.012395
16643	0.012397
51238	0.012397
30003	0.012399
60631	0.012400
61339	0.012400
11195	0.012401
16186	0.012401
36836	0.012402
53875	0.012402
13740	0.012403
36303	0.012405
8451	0.012405
32067	0.012405
50761	0.012405
57175	0.012405
61239	0.012407
29736	0.012407
43001	0.012408
27327	0.012408
13111	0.012409
52709	0.012409
61368	0.012412
20016	0.012412
23274	0.012412
33130	0.012412
35357	0.012412
61563	0.012412
58528	0.012413
10638	0.012413
12698	0.012414
60356	0.012414
7286	0.012414
50452	0.012415
49576	0.012415
27420	0.012415
49375	0.012416
10173	0.012419
29702	0.012420
11436	0.012421
31097	0.012422
51140	0.012423
57737	0.012424
60749	0.012425
16809	0.012425
16420	0.012425
60947	0.012426
56855	0.012426
48270	0.012426
12171	0.012427
16602	0.012427
60422	0.012429
9950	0.012429
9684	0.012429
30168	0.012431
56079	0.012435
16583	0.012435
30531	0.012435
16545	0.012436
35812	0.012436
60970	0.012436
60534	0.012437
15046	0.012438
53189	0.012438
43906	0.012439
53029	0.012440
15643	0.012440
60832	0.012440
42259	0.012440
51996	0.012442
60615	0.012444
23411	0.012445
33553	0.012446
23787	0.012446
32402	0.012446
27589	0.012447
42516	0.012447
61110	0.012448
10125	0.012449
60304	0.012449
40926	0.012449
51017	0.012452
40866	0.012452
34167	0.012452
32020	0.012454
17452	0.012454
54499	0.012455
16600	0.012455
61488	0.012457
61616	0.012457
11659	0.012457
38923	0.012458
56108	0.012458
51374	0.012458
41708	0.012459
52766	0.012459
9941	0.012460
19779	0.012461
37095	0.012461
14396	0.012462
61638	0.012464
7321	0.012464
36336	0.012464
61418	0.012465
11024	0.012467
57228	0.012467
60129	0.012467
60984	0.012468
23935	0.012469
28357	0.012470
53215	0.012470
38979	0.012470
16893	0.012470
58135	0.012471
12811	0.012471
53822	0.012472
60011	0.012472
54644	0.012474
21166	0.012474
40273	0.012475
39086	0.012476
27257	0.012477
17363	0.012477
52536	0.012478
60427	0.012479
25465	0.012479
22772	0.012479
54536	0.012481
13537	0.012481
49111	0.012481
38495	0.012481
26859	0.012482
27960	0.012482
59021	0.012482
19785	0.012483
11745	0.012483
9167	0.012484
45954	0.012486
15714	0.012487
33997	0.012488
24817	0.012490
29908	0.012491
29084	0.012491
58435	0.012491
23414	0.012491
49539	0.012492
60238	0.012492
46359	0.012494
12264	0.012494
60795	0.012494
37444	0.012495
6938	0.012495
26537	0.012497
51082	0.012497
19507	0.012497
43062	0.012498
14671	0.012498
27500	0.012500
52610	0.012501
53259	0.012501
60530	0.012502
21480	0.012502
34002	0.012502
48566	0.012502
61437	0.012503
24113	0.012503
31332	0.012504
25407	0.012505
61061	0.012505
61482	0.012505
55179	0.012505
48528	0.012505
49716	0.012506
57209	0.012506
46622	0.012507
21018	0.012509
22544	0.012512
17021	0.012512
27532	0.012512
40975	0.012513
30844	0.012513
10789	0.012513
24909	0.012514
14988	0.012515
56964	0.012517
58210	0.012517
42906	0.012518
32570	0.012519
50470	0.012520
44829	0.012520
60126	0.012520
29941	0.012521
32514	0.012521
33214	0.012522
33790	0.012525
61278	0.012525
38681	0.012525
16058	0.012525
30432	0.012525
42946	0.012525
26246	0.012526
27061	0.012527
41932	0.012527
15864	0.012528
12653	0.012529
10643	0.012530
29969	0.012530
20990	0.012531
54480	0.012532
10094	0.012534
16629	0.012534
9882	0.012536
36719	0.012537
32777	0.012538
26995	0.012538
28190	0.012538
46950	0.012538
10251	0.012539
60862	0.012539
14590	0.012540
33922	0.012540
60814	0.012541
50844	0.012541
22455	0.012541
43940	0.012542
34977	0.012542
52424	0.012543
8157	0.012543
25536	0.012543
22692	0.012547
57236	0.012548
53978	0.012548
31204	0.012549
34766	0.012549
60650	0.012550
21124	0.012551
16675	0.012551
47169	0.012552
34834	0.012552
16660	0.012553
60906	0.012553
23212	0.012553
57256	0.012555
60554	0.012555
16216	0.012555
20170	0.012555
51297	0.012555
34016	0.012555
22072	0.012556
13317	0.012556
58323	0.012556
9887	0.012557
34010	0.012557
40517	0.012558
11400	0.012561
10757	0.012561
40047	0.012561
15502	0.012561
7700	0.012561
43783	0.012562
47686	0.012564
37289	0.012564
52435	0.012564
17290	0.012565
13649	0.012565
17329	0.012565
35372	0.012565
36160	0.012565
14054	0.012567
58856	0.012567
22116	0.012568
35978	0.012568
58547	0.012569
46657	0.012569
14961	0.012569
54547	0.012569
60257	0.012570
17456	0.012571
49636	0.012571
13104	0.012572
29618	0.012572
9240	0.012573
22365	0.012573
33097	0.012574
57730	0.012574
46050	0.012575
15193	0.012577
10916	0.012579
32988	0.012579
16246	0.012580
61601	0.012580
60728	0.012580
33471	0.012580
17079	0.012584
34233	0.012585
46226	0.012586
57843	0.012586
9248	0.012587
39289	0.012592
39822	0.012594
45289	0.012594
85687	0.012594
43057	0.012594
22176	0.012594
24028	0.012595
34538	0.012596
7788	0.012597
33652	0.012598
61326	0.012598
9468	0.012599
37201	0.012600
12439	0.012600
44081	0.012600
9585	0.012601
28935	0.012602
12656	0.012603
16730	0.012605
60843	0.012605
37144	0.012606
47257	0.012607
27698	0.012607
15860	0.012608
60622	0.012608
43104	0.012609
26038	0.012610
16769	0.012611
57845	0.012611
26242	0.012613
60522	0.012614
8861	0.012614
14009	0.012614
37884	0.012615
29959	0.012616
61240	0.012617
22753	0.012617
53941	0.012617
8520	0.012617
25331	0.012619
47799	0.012619
13956	0.012620
30594	0.012621
60145	0.012622
60712	0.012623
55063	0.012624
16038	0.012625
19835	0.012626
29187	0.012626
22324	0.012626
21470	0.012627
37080	0.012628
46395	0.012630
45538	0.012630
47118	0.012630
52509	0.012631
34573	0.012632
60819	0.012633
53878	0.012633
13106	0.012634
51354	0.012636
30497	0.012637
13975	0.012637
41441	0.012637
13733	0.012639
35958	0.012641
27712	0.012642
37514	0.012644
74152	0.012644
22308	0.012645
39526	0.012646
39532	0.012647
10148	0.012647
28100	0.012647
61029	0.012648
43422	0.012649
53950	0.012651
40192	0.012651
44194	0.012652
49963	0.012653
39651	0.012654
53782	0.012654
11385	0.012654
60319	0.012655
51614	0.012655
53407	0.012656
26993	0.012658
125365	0.012658
9294	0.012660
19215	0.012661
35522	0.012664
23846	0.012665
60311	0.012665
9681	0.012668
51606	0.012668
51945	0.012669
8237	0.012669
16333	0.012669
22425	0.012670
43915	0.012671
53757	0.012672
50926	0.012672
71563	0.012672
53635	0.012673
44654	0.012673
49093	0.012673
9826	0.012674
8205	0.012674
44503	0.012675
17685	0.012677
43624	0.012679
52446	0.012680
32941	0.012680
10057	0.012680
9148	0.012680
16895	0.012681
53511	0.012682
30410	0.012682
45156	0.012682
15154	0.012684
36039	0.012684
60956	0.012688
41962	0.012693
27436	0.012694
20954	0.012695
36592	0.012695
41524	0.012695
49113	0.012695
53017	0.012696
22132	0.012696
40919	0.012697
11281	0.012698
39293	0.012699
32572	0.012700
60810	0.012701
13695	0.012701
60931	0.012702
137899	0.012702
40298	0.012702
37690	0.012703
50931	0.012703
57895	0.012704
52991	0.012704
16898	0.012705
31283	0.012705
16890	0.012706
49491	0.012707
23464	0.012708
9482	0.012708
45705	0.012709
12729	0.012710
51038	0.012711
10925	0.012712
7668	0.012712
56393	0.012713
9578	0.012713
46032	0.012713
53602	0.012714
44175	0.012714
22090	0.012715
37966	0.012716
17265	0.012716
55521	0.012717
9531	0.012720
40599	0.012721
27898	0.012721
13635	0.012721
60420	0.012722
60117	0.012722
16625	0.012723
42254	0.012723
7397	0.012728
57804	0.012729
17457	0.012729
46201	0.012729
26617	0.012731
29785	0.012731
53854	0.012731
55991	0.012732
32818	0.012734
16698	0.012734
23482	0.012735
25730	0.012735
46228	0.012738
17001	0.012738
35499	0.012740
46904	0.012740
29954	0.012740
16945	0.012741
49493	0.012741
14875	0.012741
21558	0.012741
30040	0.012741
39247	0.012741
40704	0.012741
52476	0.012741
56144	0.012741
58434	0.012741
60138	0.012741
61034	0.012741
30962	0.012741
23887	0.012742
30677	0.012747
8360	0.012747
16218	0.012747
41279	0.012747
42450	0.012748
13539	0.012749
35129	0.012749
30944	0.012750
10011	0.012751
58325	0.012751
53927	0.012752
30407	0.012752
16936	0.012753
17041	0.012754
46703	0.012755
55215	0.012759
53607	0.012760
53186	0.012761
39414	0.012762
11511	0.012762
50817	0.012763
15559	0.012763
10329	0.012763
37407	0.012763
9794	0.012764
11329	0.012764
19391	0.012767
16647	0.012768
42931	0.012768
29066	0.012769
42148	0.012769
56193	0.012772
39307	0.012772
35484	0.012772
15542	0.012773
46097	0.012774
47343	0.012775
26739	0.012775
57040	0.012775
7331	0.012775
30384	0.012775
41181	0.012776
12613	0.012777
60208	0.012778
30107	0.012779
29862	0.012781
30101	0.012782
48844	0.012782
13166	0.012783
22165	0.012784
31809	0.012786
43023	0.012788
10542	0.012788
60599	0.012788
29227	0.012788
17089	0.012788
61053	0.012789
49500	0.012790
46213	0.012790
31010	0.012791
29729	0.012791
26433	0.012791
33295	0.012791
13517	0.012792
112515	0.012792
16711	0.012792
6921	0.012793
38646	0.012795
16542	0.012796
52253	0.012796
53339	0.012798
32157	0.012798
60692	0.012798
60159	0.012798
45409	0.012799
33124	0.012801
16836	0.012801
37729	0.012801
17031	0.012801
16543	0.012802
15403	0.012803
57819	0.012804
45861	0.012805
21111	0.012805
61328	0.012806
14779	0.012807
12991	0.012807
51369	0.012809
8665	0.012809
46054	0.012809
55569	0.012810
10564	0.012810
45139	0.012810
57883	0.012810
61548	0.012811
54135	0.012814
56450	0.012814
16381	0.012816
61552	0.012817
26189	0.012817
59447	0.012818
13457	0.012818
27782	0.012818
36912	0.012818
48971	0.012818
52223	0.012819
8075	0.012820
15688	0.012820
54527	0.012822
24771	0.012823
8716	0.012824
17055	0.012826
24746	0.012827
8593	0.012828
34536	0.012828
34880	0.012829
60342	0.012829
31273	0.012830
32761	0.012831
31971	0.012833
9903	0.012834
61291	0.012834
9077	0.012834
47339	0.012835
19213	0.012835
23909	0.012836
16215	0.012836
10758	0.012836
51529	0.012838
17236	0.012838
7852	0.012839
53632	0.012841
34351	0.012841
36755	0.012842
8045	0.012844
25736	0.012844
17296	0.012845
22396	0.012845
30723	0.012846
31023	0.012848
61489	0.012848
8657	0.012848
20090	0.012849
24247	0.012851
42572	0.012851
46921	0.012852
45613	0.012852
60488	0.012852
30616	0.012853
58279	0.012855
46492	0.012855
25389	0.012855
9667	0.012855
16046	0.012857
26654	0.012858
26522	0.012859
27901	0.012859
54873	0.012861
58446	0.012861
12190	0.012862
32780	0.012862
61598	0.012863
31967	0.012864
45773	0.012864
15899	0.012865
53201	0.012867
16069	0.012867
16973	0.012868
49140	0.012868
56753	0.012869
34349	0.012870
52405	0.012870
40823	0.012872
20380	0.012872
7056	0.012872
60677	0.012872
57118	0.012874
11254	0.012878
43361	0.012878
13486	0.012879
60709	0.012879
52334	0.012880
16353	0.012880
26136	0.012882
17266	0.012885
13879	0.012887
21317	0.012888
25473	0.012888
35548	0.012888
51893	0.012888
41517	0.012893
24806	0.012893
9793	0.012894
60480	0.012894
7399	0.012895
47803	0.012895
14030	0.012896
35355	0.012896
47281	0.012897
14689	0.012898
41461	0.012898
119477	0.012899
9070	0.012900
32323	0.012900
45525	0.012900
9664	0.012901
36879	0.012902
56127	0.012902
43153	0.012903
33240	0.012903
24323	0.012904
26206	0.012904
20860	0.012905
60328	0.012906
57138	0.012907
7691	0.012908
40920	0.012908
31008	0.012908
54276	0.012909
16255	0.012910
9204	0.012910
52326	0.012911
34534	0.012911
21183	0.012911
59176	0.012911
47901	0.012912
28962	0.012912
61566	0.012912
43155	0.012914
10438	0.012914
10036	0.012915
33404	0.012915
41531	0.012915
12115	0.012916
61541	0.012918
7638	0.012918
26571	0.012920
46844	0.012921
75382	0.012921
60475	0.012921
9956	0.012921
60146	0.012922
60875	0.012922
17028	0.012925
50018	0.012925
54638	0.012925
50017	0.012925
44973	0.012925
12121	0.012926
17229	0.012926
8515	0.012926
41318	0.012927
32979	0.012928
61252	0.012928
12841	0.012929
50712	0.012930
56591	0.012932
16916	0.012933
56161	0.012933
60878	0.012934
10601	0.012934
61160	0.012936
50448	0.012937
9963	0.012937
21988	0.012938
47114	0.012940
16944	0.012941
38995	0.012942
15897	0.012942
37476	0.012943
23696	0.012943
48387	0.012945
43651	0.012946
45970	0.012946
51611	0.012946
14901	0.012947
8172	0.012948
20227	0.012949
8207	0.012949
30711	0.012950
16447	0.012951
54833	0.012951
58524	0.012951
14924	0.012952
26465	0.012953
61074	0.012953
7311	0.012953
14071	0.012953
19170	0.012953
23719	0.012953
43254	0.012953
41965	0.012955
14781	0.012955
7549	0.012955
17070	0.012955
31249	0.012957
26068	0.012958
39542	0.012958
22583	0.012958
11125	0.012959
45995	0.012959
34350	0.012960
43119	0.012960
52135	0.012962
15997	0.012962
61090	0.012963
48155	0.012963
57305	0.012963
9378	0.012963
22726	0.012964
34999	0.012964
16435	0.012964
8739	0.012964
19104	0.012965
9285	0.012966
14122	0.012966
52338	0.012967
54726	0.012967
52438	0.012968
59332	0.012969
16039	0.012970
11818	0.012971
11734	0.012974
21203	0.012974
54205	0.012975
29989	0.012976
20813	0.012976
8492	0.012977
25998	0.012978
36999	0.012979
16323	0.012980
39349	0.012981
14297	0.012981
60123	0.012983
46257	0.012983
13663	0.012984
13852	0.012984
46761	0.012986
20962	0.012987
56861	0.012988
27701	0.012990
60127	0.012990
10724	0.012992
39396	0.012994
17253	0.012994
9737	0.012997
41356	0.013001
57851	0.013002
52763	0.013002
30067	0.013002
41879	0.013003
23808	0.013005
37152	0.013005
47001	0.013006
9743	0.013007
61036	0.013007
45731	0.013010
17339	0.013011
19165	0.013011
22841	0.013012
20836	0.013013
42702	0.013013
37513	0.013014
11439	0.013015
61137	0.013015
32187	0.013015
51306	0.013015
11269	0.013016
19120	0.013016
57211	0.013017
16219	0.013017
23982	0.013018
38596	0.013019
25814	0.013019
12570	0.013021
31408	0.013022
48928	0.013024
31379	0.013024
12816	0.013024
41885	0.013026
50645	0.013026
55071	0.013026
25548	0.013028
20986	0.013028
33680	0.013028
27910	0.013029
61623	0.013030
10513	0.013031
37165	0.013031
39331	0.013032
10867	0.013032
37412	0.013033
60284	0.013034
25719	0.013034
36633	0.013037
9902	0.013037
13120	0.013038
52337	0.013040
43488	0.013041
60527	0.013042
54129	0.013042
12113	0.013042
15210	0.013042
45379	0.013043
60525	0.013043
30082	0.013044
54600	0.013045
45529	0.013045
47970	0.013045
37194	0.013046
44551	0.013046
47597	0.013047
39290	0.013047
20960	0.013048
51981	0.013049
26949	0.013049
48018	0.013050
13805	0.013051
8146	0.013052
15337	0.013052
24742	0.013054
15533	0.013055
57833	0.013056
28106	0.013056
55254	0.013057
19929	0.013058
45729	0.013058
7211	0.013058
39719	0.013059
21579	0.013059
32949	0.013060
41831	0.013061
53885	0.013061
61058	0.013062
48894	0.013063
16910	0.013066
20396	0.013067
56396	0.013067
27678	0.013069
31997	0.013070
9163	0.013071
11669	0.013071
54684	0.013072
53781	0.013073
8879	0.013073
22255	0.013079
8580	0.013079
32388	0.013080
20068	0.013080
50685	0.013080
54141	0.013081
33142	0.013083
13197	0.013084
31095	0.013084
20988	0.013085
50480	0.013085
32841	0.013085
29207	0.013086
41750	0.013087
13463	0.013088
60886	0.013089
15463	0.013089
9005	0.013092
19788	0.013092
10821	0.013093
39789	0.013096
30014	0.013098
26361	0.013098
61115	0.013098
30608	0.013098
42671	0.013099
7070	0.013102
9983	0.013102
26482	0.013102
53018	0.013103
39056	0.013103
16041	0.013104
22194	0.013104
30102	0.013104
26132	0.013105
51177	0.013105
38488	0.013106
30315	0.013106
25279	0.013106
10035	0.013107
42036	0.013109
22330	0.013110
44621	0.013110
55338	0.013110
11429	0.013112
15153	0.013112
24639	0.013113
27952	0.013116
22480	0.013116
10981	0.013116
25733	0.013117
8128	0.013118
47245	0.013120
58338	0.013120
11488	0.013120
46945	0.013121
16912	0.013122
61650	0.013122
34250	0.013123
33312	0.013123
17036	0.013124
53939	0.013125
17515	0.013126
61071	0.013126
40879	0.013126
61658	0.013127
9648	0.013128
51220	0.013128
9656	0.013129
47407	0.013129
51335	0.013129
11463	0.013130
24599	0.013131
57522	0.013131
34042	0.013132
54143	0.013132
53575	0.013132
43946	0.013133
46845	0.013133
28858	0.013133
19273	0.013133
16853	0.013135
25469	0.013135
34755	0.013135
40764	0.013135
8757	0.013135
35971	0.013135
52679	0.013137
15402	0.013139
47131	0.013139
36280	0.013142
50021	0.013142
15541	0.013142
55645	0.013142
7936	0.013143
14378	0.013143
50979	0.013143
27936	0.013145
56187	0.013146
58818	0.013146
60426	0.013146
30231	0.013146
53323	0.013147
22483	0.013149
39122	0.013149
40552	0.013150
45950	0.013151
14439	0.013152
16087	0.013153
34986	0.013155
12080	0.013155
51352	0.013156
10915	0.013158
8940	0.013162
47796	0.013163
20241	0.013164
52512	0.013164
7719	0.013165
36306	0.013166
28027	0.013166
61021	0.013167
10626	0.013168
17307	0.013169
29896	0.013169
53738	0.013169
32811	0.013170
34259	0.013172
36677	0.013175
43131	0.013176
22406	0.013176
30347	0.013176
41060	0.013177
46611	0.013178
81075	0.013180
23047	0.013182
17225	0.013183
8304	0.013184
13068	0.013184
32153	0.013184
58349	0.013185
15333	0.013185
48090	0.013186
24336	0.013187
54242	0.013191
12893	0.013191
53169	0.013191
56309	0.013193
43113	0.013194
43802	0.013195
16362	0.013195
20918	0.013195
52597	0.013196
10039	0.013197
57579	0.013198
7617	0.013198
36811	0.013198
56263	0.013198
12364	0.013199
45691	0.013199
58051	0.013199
40435	0.013200
25366	0.013201
16941	0.013201
38499	0.013201
48924	0.013202
11126	0.013202
61375	0.013202
8060	0.013202
45332	0.013203
21658	0.013203
53971	0.013203
7400	0.013204
54003	0.013205
13799	0.013205
23857	0.013206
60744	0.013206
48522	0.013207
36829	0.013207
30183	0.013208
40235	0.013209
53550	0.013209
61143	0.013209
10955	0.013209
54870	0.013210
53065	0.013211
43742	0.013211
25306	0.013212
16593	0.013213
16676	0.013213
17510	0.013213
24266	0.013213
32025	0.013213
41667	0.013213
57749	0.013213
60672	0.013213
60735	0.013213
61524	0.013213
55171	0.013214
46792	0.013214
37593	0.013214
24820	0.013215
39158	0.013215
56071	0.013215
28117	0.013216
38678	0.013216
40862	0.013217
47057	0.013217
49780	0.013218
13209	0.013219
50966	0.013219
43420	0.013219
39278	0.013220
60160	0.013221
26345	0.013221
10495	0.013223
7384	0.013223
22997	0.013226
22521	0.013227
24224	0.013229
35518	0.013230
137609	0.013230
22321	0.013231
61134	0.013231
14185	0.013231
23251	0.013232
14631	0.013232
25328	0.013233
61176	0.013234
12913	0.013235
46064	0.013235
25804	0.013237
7097	0.013238
51799	0.013238
7876	0.013239
55930	0.013240
7841	0.013240
61325	0.013241
16541	0.013241
34033	0.013243
21424	0.013243
54497	0.013244
52170	0.013245
25498	0.013246
20436	0.013246
16596	0.013247
48997	0.013247
49385	0.013247
49537	0.013249
17048	0.013250
42482	0.013251
19841	0.013251
40717	0.013251
10804	0.013252
25273	0.013252
55742	0.013252
9002	0.013253
7304	0.013253
10464	0.013253
32124	0.013254
11267	0.013256
24344	0.013256
51853	0.013256
36290	0.013257
10241	0.013258
12512	0.013259
7935	0.013259
29915	0.013260
24815	0.013261
39843	0.013262
45085	0.013263
14074	0.013265
33356	0.013268
16993	0.013270
6893	0.013273
8551	0.013273
13344	0.013273
13631	0.013273
43607	0.013274
16416	0.013274
85203	0.013274
7523	0.013274
47651	0.013275
43046	0.013275
16778	0.013275
61209	0.013276
31489	0.013276
24358	0.013278
16177	0.013278
29142	0.013279
14547	0.013280
26231	0.013280
60211	0.013281
28059	0.013283
56532	0.013284
53303	0.013286
9943	0.013286
52162	0.013286
10160	0.013287
16948	0.013288
54782	0.013289
10923	0.013289
29140	0.013289
33278	0.013289
17088	0.013289
37512	0.013289
60932	0.013290
9315	0.013290
8708	0.013290
28973	0.013290
13847	0.013291
16531	0.013291
22897	0.013291
54031	0.013293
35526	0.013293
50292	0.013293
52774	0.013294
54156	0.013294
46194	0.013294
58892	0.013294
27839	0.013295
16865	0.013296
29100	0.013298
46889	0.013298
46974	0.013298
60244	0.013298
16277	0.013298
61299	0.013299
55701	0.013299
9009	0.013300
57108	0.013302
41786	0.013303
26343	0.013304
13267	0.013304
43866	0.013304
42024	0.013305
40211	0.013307
12915	0.013308
29016	0.013312
60518	0.013313
19277	0.013313
37871	0.013313
9711	0.013314
138018	0.013314
61241	0.013314
10933	0.013314
13432	0.013316
26197	0.013316
50511	0.013316
51998	0.013316
52494	0.013316
53779	0.013316
60116	0.013316
60448	0.013316
60535	0.013316
61349	0.013316
8417	0.013316
9905	0.013316
52920	0.013318
8822	0.013319
15747	0.013319
10216	0.013319
9291	0.013319
14567	0.013320
33023	0.013320
119356	0.013321
61207	0.013321
60457	0.013322
17065	0.013323
48884	0.013324
56819	0.013324
43963	0.013325
27657	0.013328
61140	0.013330
10566	0.013331
9856	0.013332
8926	0.013333
24592	0.013334
55106	0.013335
36288	0.013335
11292	0.013336
60861	0.013336
32790	0.013336
13121	0.013336
58509	0.013337
16234	0.013337
16359	0.013337
55960	0.013339
13548	0.013341
61250	0.013341
46766	0.013342
9674	0.013342
42774	0.013343
25063	0.013344
25320	0.013344
29773	0.013346
38454	0.013346
44712	0.013346
38301	0.013347
15336	0.013348
39328	0.013350
7187	0.013353
12879	0.013356
17498	0.013356
57838	0.013360
25985	0.013360
31317	0.013360
23106	0.013360
49943	0.013360
42668	0.013361
13256	0.013362
19013	0.013363
44028	0.013363
10110	0.013363
47110	0.013364
53776	0.013364
8212	0.013364
39683	0.013365
49549	0.013365
30633	0.013365
35487	0.013365
44817	0.013365
35514	0.013366
38007	0.013368
20359	0.013368
32385	0.013370
8033	0.013370
59011	0.013370
17334	0.013371
38726	0.013371
17042	0.013371
50998	0.013372
12084	0.013372
11445	0.013373
42567	0.013373
42954	0.013375
53873	0.013377
8376	0.013378
53420	0.013379
53557	0.013379
51794	0.013380
137975	0.013381
36930	0.013381
33460	0.013381
10505	0.013383
61334	0.013383
61361	0.013383
61505	0.013383
7555	0.013383
61620	0.013383
40393	0.013384
56326	0.013384
39685	0.013384
29902	0.013385
53689	0.013386
23922	0.013387
10477	0.013390
55665	0.013391
16283	0.013391
13729	0.013393
16712	0.013394
16833	0.013394
26354	0.013395
41774	0.013396
42099	0.013397
33707	0.013397
56391	0.013398
15466	0.013399
16571	0.013399
27894	0.013400
51015	0.013400
54565	0.013400
137895	0.013401
16322	0.013403
61132	0.013403
60592	0.013404
61540	0.013404
11272	0.013405
48957	0.013407
29004	0.013407
61332	0.013408
45144	0.013410
25963	0.013411
20788	0.013411
60281	0.013412
13439	0.013413
25472	0.013414
35029	0.013415
56903	0.013415
60198	0.013415
36980	0.013416
50650	0.013417
42727	0.013417
10389	0.013420
9785	0.013421
16015	0.013423
8985	0.013424
50477	0.013424
26615	0.013424
38470	0.013425
58859	0.013429
41528	0.013431
51950	0.013433
37022	0.013434
43718	0.013434
14993	0.013434
44013	0.013436
44934	0.013437
40316	0.013438
16559	0.013438
54197	0.013439
28687	0.013439
23269	0.013443
9442	0.013446
15960	0.013447
25387	0.013448
60194	0.013448
27003	0.013449
20766	0.013449
25195	0.013450
55281	0.013451
15742	0.013451
61037	0.013452
39869	0.013453
39294	0.013455
16886	0.013456
48634	0.013458
38076	0.013458
61502	0.013458
47719	0.013459
54098	0.013461
26656	0.013465
16544	0.013465
33823	0.013466
61309	0.013468
21157	0.013468
39357	0.013468
55296	0.013470
23850	0.013472
31035	0.013472
52164	0.013472
60380	0.013472
10129	0.013472
17344	0.013472
50953	0.013473
39715	0.013474
30055	0.013475
57637	0.013475
7670	0.013476
44564	0.013476
52332	0.013477
41972	0.013479
54893	0.013479
40902	0.013481
35625	0.013481
37551	0.013481
34847	0.013481
55687	0.013482
16634	0.013482
45884	0.013483
55292	0.013484
60541	0.013484
19256	0.013487
47349	0.013488
60706	0.013488
49205	0.013488
11438	0.013490
26524	0.013490
22511	0.013491
15058	0.013492
14545	0.013492
23217	0.013493
32956	0.013493
7683	0.013494
41877	0.013494
20149	0.013495
38264	0.013496
15624	0.013496
26362	0.013497
60369	0.013498
52658	0.013498
49946	0.013501
61359	0.013502
31600	0.013502
60812	0.013502
57602	0.013504
41871	0.013507
53298	0.013507
16731	0.013508
9487	0.013510
12526	0.013511
7272	0.013511
13551	0.013512
31116	0.013514
22430	0.013515
23122	0.013515
38869	0.013516
53495	0.013517
8561	0.013518
31497	0.013518
27852	0.013519
39734	0.013520
60743	0.013520
16817	0.013521
22286	0.013521
25118	0.013521
24816	0.013523
16820	0.013525
14086	0.013525
60683	0.013526
43138	0.013527
16840	0.013527
37288	0.013528
46356	0.013528
47812	0.013529
12682	0.013529
14892	0.013531
23005	0.013531
41544	0.013531
56478	0.013531
22657	0.013531
61659	0.013531
30739	0.013532
16939	0.013533
14548	0.013536
40173	0.013538
28931	0.013538
10936	0.013539
24936	0.013540
27335	0.013540
56341	0.013541
25276	0.013543
14541	0.013543
8442	0.013545
58176	0.013545
53799	0.013546
12768	0.013546
33688	0.013547
57257	0.013547
59092	0.013547
60192	0.013547
13268	0.013547
125158	0.013547
7177	0.013549
43868	0.013549
30167	0.013549
36690	0.013551
24163	0.013551
54107	0.013554
52089	0.013554
48075	0.013556
17469	0.013557
27715	0.013557
56154	0.013560
55532	0.013561
14527	0.013561
55657	0.013563
30540	0.013564
16004	0.013564
17123	0.013567
11611	0.013568
12976	0.013568
19161	0.013568
21466	0.013568
29951	0.013568
40241	0.013568
8729	0.013568
8687	0.013569
16775	0.013569
7098	0.013570
44078	0.013570
14729	0.013571
61500	0.013573
39783	0.013573
54208	0.013575
15093	0.013575
17356	0.013575
26404	0.013575
44327	0.013575
53214	0.013575
43800	0.013576
45377	0.013578
60153	0.013578
26431	0.013579
52573	0.013579
11491	0.013581
8192	0.013581
34040	0.013582
11124	0.013583
61257	0.013584
58272	0.013584
20973	0.013585
40013	0.013585
30997	0.013586
58287	0.013587
29992	0.013589
36997	0.013590
44358	0.013590
60442	0.013594
20383	0.013596
25117	0.013597
42695	0.013597
14815	0.013597
17240	0.013597
14817	0.013599
20594	0.013599
20459	0.013601
24589	0.013603
9527	0.013603
17020	0.013604
25028	0.013605
60169	0.013605
51367	0.013608
45313	0.013609
55812	0.013609
46029	0.013609
54210	0.013611
42377	0.013617
7769	0.013617
53516	0.013618
53856	0.013619
13474	0.013620
26415	0.013621
14468	0.013622
38075	0.013622
60362	0.013623
46739	0.013623
41137	0.013624
46068	0.013625
19790	0.013625
15554	0.013625
16387	0.013628
41320	0.013629
61282	0.013629
61439	0.013632
43830	0.013633
42152	0.013633
13973	0.013634
8441	0.013634
50523	0.013640
37784	0.013640
45025	0.013640
10245	0.013641
45952	0.013641
61405	0.013641
25625	0.013642
32517	0.013642
60654	0.013642
60963	0.013642
27533	0.013642
22776	0.013642
54248	0.013642
19857	0.013643
15874	0.013644
20520	0.013644
46400	0.013644
17220	0.013645
8957	0.013646
50853	0.013647
7888	0.013648
8484	0.013649
26749	0.013649
56471	0.013649
47248	0.013650
35742	0.013650
9188	0.013651
40062	0.013651
10180	0.013653
15480	0.013655
26512	0.013657
54861	0.013658
22659	0.013661
54181	0.013661
8621	0.013661
51019	0.013662
53150	0.013662
37292	0.013663
61400	0.013663
47087	0.013665
14266	0.013669
60248	0.013669
32857	0.013669
37129	0.013670
10114	0.013673
38977	0.013676
19693	0.013676
14488	0.013678
24075	0.013683
32155	0.013683
54875	0.013683
61389	0.013683
61459	0.013683
40043	0.013683
61653	0.013684
26746	0.013685
16872	0.013685
14597	0.013686
40821	0.013688
57152	0.013689
41033	0.013689
50964	0.013691
16570	0.013692
14720	0.013692
42628	0.013692
27659	0.013695
29060	0.013697
45845	0.013697
54529	0.013697
15900	0.013698
12882	0.013699
24126	0.013699
57550	0.013700
30861	0.013700
39910	0.013700
15716	0.013701
52246	0.013704
10354	0.013704
40463	0.013705
8951	0.013706
9754	0.013708
51420	0.013708
7501	0.013709
44517	0.013710
54962	0.013712
17321	0.013712
13220	0.013713
32927	0.013714
50264	0.013715
35097	0.013716
11081	0.013716
60134	0.013716
60952	0.013718
35724	0.013718
39589	0.013720
49974	0.013721
56990	0.013721
21340	0.013721
52987	0.013721
46625	0.013722
51241	0.013722
55669	0.013723
44611	0.013724
11332	0.013724
12281	0.013725
8244	0.013725
46962	0.013726
56243	0.013729
17243	0.013729
30122	0.013730
13790	0.013736
55187	0.013737
61468	0.013738
35053	0.013739
38826	0.013739
46525	0.013743
50518	0.013743
7226	0.013744
45254	0.013744
53355	0.013745
33413	0.013745
34941	0.013745
25223	0.013747
25304	0.013748
56684	0.013748
14642	0.013751
42847	0.013751
16176	0.013753
14104	0.013754
11855	0.013755
61559	0.013758
61233	0.013759
43864	0.013761
47068	0.013762
39884	0.013762
31510	0.013763
58603	0.013763
36186	0.013766
40923	0.013767
49357	0.013769
51947	0.013771
37276	0.013771
60737	0.013772
52148	0.013772
24051	0.013773
23855	0.013774
49248	0.013774
15419	0.013776
50293	0.013779
11197	0.013780
35645	0.013782
46561	0.013785
47588	0.013786
13291	0.013787
20164	0.013788
35836	0.013789
52074	0.013792
42985	0.013792
16811	0.013793
116978	0.013793
16328	0.013794
57435	0.013794
61358	0.013795
44927	0.013795
42243	0.013795
16737	0.013796
11054	0.013797
15097	0.013798
60977	0.013799
23574	0.013802
54850	0.013802
54975	0.013803
11313	0.013803
58200	0.013805
8152	0.013805
39142	0.013807
12568	0.013807
8883	0.013808
23897	0.013809
12799	0.013811
45061	0.013812
39944	0.013814
33663	0.013815
21515	0.013816
49826	0.013817
26402	0.013818
16638	0.013818
42156	0.013819
7840	0.013821
47601	0.013821
25384	0.013821
61561	0.013822
53514	0.013822
14147	0.013824
11983	0.013825
7171	0.013825
37136	0.013825
14938	0.013829
10174	0.013829
45889	0.013829
20098	0.013830
51854	0.013833
60852	0.013833
11099	0.013834
54770	0.013835
46352	0.013836
19249	0.013836
32282	0.013836
7099	0.013838
44480	0.013840
39777	0.013842
16077	0.013843
34235	0.013843
38311	0.013850
29790	0.013852
23776	0.013852
14058	0.013856
37214	0.013857
52843	0.013857
16894	0.013858
37224	0.013859
52012	0.013860
16814	0.013860
8002	0.013860
60453	0.013862
43100	0.013862
30986	0.013865
27578	0.013867
16546	0.013867
58319	0.013869
54361	0.013871
10726	0.013871
19708	0.013874
19036	0.013874
12884	0.013875
49980	0.013877
17472	0.013878
11884	0.013881
38012	0.013885
61569	0.013885
39073	0.013886
8820	0.013887
51138	0.013887
27798	0.013891
61562	0.013891
51605	0.013891
56930	0.013892
41433	0.013896
27584	0.013896
46809	0.013896
57280	0.013898
28807	0.013898
25611	0.013899
8782	0.013901
14992	0.013903
6912	0.013903
9018	0.013904
53683	0.013905
26213	0.013905
12840	0.013905
54655	0.013908
10474	0.013909
53926	0.013909
31931	0.013911
19313	0.013916
29973	0.013916
36926	0.013916
22135	0.013921
16856	0.013921
48751	0.013923
14551	0.013923
22438	0.013924
55068	0.013924
45717	0.013924
14722	0.013926
14941	0.013926
56322	0.013927
27851	0.013927
61310	0.013929
37606	0.013930
40626	0.013931
11295	0.013931
9976	0.013931
60882	0.013933
60285	0.013937
35988	0.013938
8933	0.013938
46780	0.013940
16603	0.013940
46798	0.013941
35458	0.013942
30957	0.013943
33579	0.013944
31977	0.013944
47717	0.013945
36780	0.013947
32910	0.013947
15081	0.013949
9300	0.013955
29980	0.013959
38110	0.013960
44526	0.013961
23693	0.013963
16175	0.013966
50364	0.013966
56349	0.013966
10686	0.013967
43978	0.013967
50316	0.013967
13674	0.013969
43887	0.013970
61283	0.013976
61211	0.013977
28108	0.013978
8786	0.013978
52324	0.013979
16749	0.013980
54301	0.013981
19088	0.013981
22344	0.013982
13377	0.013982
20527	0.013982
26419	0.013985
26906	0.013988
9838	0.013990
57808	0.013991
7610	0.013992
45391	0.013992
15038	0.013996
37619	0.013996
10254	0.013996
15918	0.013997
46818	0.013998
60701	0.013998
43184	0.013999
23578	0.014000
33015	0.014001
57611	0.014005
47459	0.014006
10942	0.014007
11816	0.014007
61678	0.014009
11748	0.014009
11861	0.014010
36778	0.014012
60658	0.014015
25039	0.014016
8340	0.014017
38628	0.014017
14543	0.014019
60421	0.014020
53351	0.014021
54477	0.014021
17082	0.014025
14738	0.014027
50027	0.014028
13021	0.014030
55747	0.014032
23111	0.014032
35223	0.014032
30079	0.014033
51318	0.014033
16350	0.014036
41268	0.014036
11344	0.014038
41709	0.014038
53629	0.014039
15859	0.014043
53824	0.014048
13599	0.014049
52077	0.014050
30769	0.014052
26103	0.014053
57764	0.014053
21612	0.014054
50517	0.014054
11806	0.014057
61364	0.014060
68213	0.014060
10068	0.014061
49553	0.014061
43391	0.014061
36693	0.014062
39299	0.014063
15820	0.014065
12158	0.014065
61617	0.014065
24907	0.014067
40579	0.014068
14927	0.014072
24388	0.014075
35067	0.014078
10153	0.014079
21198	0.014079
13872	0.014080
16724	0.014081
54723	0.014082
34406	0.014083
54131	0.014083
23179	0.014084
17130	0.014084
51649	0.014084
37119	0.014084
52387	0.014086
53203	0.014087
46302	0.014087
21066	0.014088
13890	0.014088
27812	0.014089
12019	0.014089
31840	0.014090
9319	0.014091
61630	0.014094
10375	0.014094
51313	0.014095
43173	0.014096
46914	0.014097
31491	0.014097
53567	0.014098
42362	0.014100
13069	0.014102
16940	0.014104
42149	0.014105
14773	0.014107
20276	0.014108
44168	0.014110
42583	0.014110
29172	0.014111
52693	0.014111
32704	0.014117
8302	0.014117
40490	0.014118
29726	0.014123
42500	0.014124
50497	0.014124
17361	0.014125
13450	0.014127
13862	0.014131
46503	0.014131
51184	0.014132
13306	0.014136
16425	0.014137
60243	0.014140
33872	0.014141
58216	0.014144
24036	0.014145
7663	0.014147
10574	0.014149
30714	0.014150
60288	0.014151
53248	0.014152
16616	0.014152
30743	0.014153
20832	0.014155
34477	0.014155
16564	0.014156
54706	0.014160
27017	0.014160
16741	0.014161
30118	0.014162
55228	0.014162
8544	0.014163
34577	0.014164
30523	0.014165
6988	0.014166
43110	0.014167
22146	0.014167
11348	0.014168
55127	0.014171
37278	0.014174
13625	0.014174
61456	0.014176
11211	0.014177
46843	0.014181
32438	0.014181
31006	0.014183
38132	0.014183
27304	0.014184
48850	0.014184
137745	0.014187
38276	0.014188
43343	0.014189
16308	0.014190
60355	0.014192
41790	0.014194
34008	0.014195
23222	0.014195
43695	0.014196
42117	0.014197
47273	0.014199
32179	0.014199
7597	0.014199
12886	0.014199
12891	0.014202
60482	0.014206
49137	0.014208
61242	0.014212
40878	0.014213
25896	0.014213
49014	0.014214
7317	0.014217
9237	0.014224
40473	0.014225
9454	0.014227
26900	0.014230
8465	0.014231
30412	0.014232
39363	0.014232
37207	0.014233
31518	0.014234
24081	0.014234
46465	0.014234
57026	0.014235
48877	0.014235
23428	0.014237
50741	0.014238
23450	0.014244
22431	0.014245
61434	0.014245
20978	0.014247
28189	0.014249
32181	0.014249
53935	0.014250
15599	0.014251
25766	0.014252
50510	0.014255
15749	0.014257
60462	0.014259
14424	0.014259
17319	0.014259
40965	0.014260
48822	0.014262
34271	0.014264
58384	0.014264
23527	0.014265
53154	0.014265
33323	0.014268
22461	0.014269
51994	0.014270
16511	0.014270
25756	0.014271
54877	0.014273
15013	0.014276
28165	0.014276
7673	0.014277
31221	0.014279
16800	0.014279
42508	0.014280
22591	0.014282
10998	0.014282
29809	0.014284
45636	0.014285
32899	0.014286
47468	0.014287
47958	0.014290
48781	0.014292
37748	0.014302
15704	0.014302
16799	0.014306
40719	0.014311
43152	0.014311
35542	0.014315
60203	0.014318
31551	0.014319
37389	0.014320
45818	0.014320
30829	0.014320
34246	0.014321
48658	0.014321
47122	0.014326
55964	0.014332
21495	0.014337
53046	0.014339
27249	0.014340
37082	0.014341
59559	0.014344
26321	0.014345
36259	0.014346
31898	0.014347
10145	0.014348
16633	0.014349
44045	0.014352
33530	0.014357
48445	0.014357
20898	0.014358
36256	0.014359
16992	0.014360
35628	0.014361
49255	0.014362
29098	0.014363
45451	0.014364
31058	0.014365
23790	0.014366
57945	0.014366
44633	0.014368
23169	0.014368
11863	0.014371
10200	0.014372
17526	0.014378
25760	0.014386
60679	0.014387
32302	0.014390
29722	0.014391
41323	0.014393
51862	0.014397
23408	0.014401
45741	0.014403
7195	0.014404
11609	0.014404
15536	0.014408
24132	0.014412
57234	0.014414
19140	0.014425
7327	0.014428
39298	0.014428
41373	0.014431
14603	0.014433
47409	0.014437
31851	0.014439
60733	0.014439
14999	0.014440
53086	0.014441
16630	0.014444
36429	0.014446
56293	0.014447
28832	0.014448
52608	0.014451
17422	0.014452
56359	0.014457
31864	0.014460
16340	0.014466
39033	0.014466
9879	0.014466
23403	0.014468
23977	0.014469
42038	0.014470
32407	0.014470
37622	0.014471
27669	0.014474
26449	0.014478
55491	0.014479
33385	0.014479
7112	0.014480
10330	0.014481
40097	0.014486
61551	0.014488
30379	0.014489
16961	0.014494
34339	0.014495
9922	0.014497
15709	0.014498
8476	0.014501
53810	0.014502
24608	0.014502
11014	0.014503
28188	0.014506
54853	0.014507
23076	0.014507
15715	0.014508
48302	0.014511
16970	0.014513
15892	0.014515
11093	0.014516
36009	0.014517
49756	0.014518
43029	0.014522
61238	0.014524
26295	0.014524
51143	0.014530
25555	0.014536
45719	0.014544
13495	0.014546
14910	0.014546
33950	0.014550
37524	0.014552
60228	0.014553
19892	0.014554
7477	0.014559
20079	0.014561
47018	0.014561
26849	0.014564
15180	0.014566
38432	0.014568
12784	0.014568
46025	0.014573
19255	0.014574
16048	0.014576
15028	0.014577
32161	0.014577
17395	0.014578
61373	0.014579
45222	0.014580
17086	0.014580
46218	0.014583
22514	0.014584
30486	0.014585
29137	0.014588
10597	0.014593
13493	0.014594
46814	0.014594
13253	0.014596
32219	0.014598
26734	0.014598
14730	0.014604
14078	0.014609
30691	0.014610
45124	0.014611
30120	0.014611
8165	0.014611
58351	0.014612
58357	0.014613
41241	0.014613
7596	0.014615
31775	0.014616
56927	0.014617
31278	0.014617
49948	0.014617
22599	0.014618
9780	0.014618
56459	0.014619
15961	0.014620
11461	0.014621
49444	0.014623
40320	0.014625
52525	0.014626
15018	0.014629
7526	0.014630
10654	0.014633
10558	0.014642
6923	0.014643
27332	0.014643
55759	0.014644
36003	0.014644
58461	0.014645
23174	0.014646
47353	0.014646
41801	0.014650
12169	0.014650
16443	0.014652
54822	0.014657
57455	0.014660
45586	0.014661
35396	0.014663
34982	0.014666
25166	0.014667
37641	0.014667
12114	0.014668
13447	0.014669
50822	0.014671
8505	0.014672
17061	0.014674
9211	0.014676
14554	0.014681
60236	0.014682
24875	0.014682
13519	0.014683
25823	0.014684
41510	0.014685
48549	0.014689
61290	0.014691
53199	0.014695
14520	0.014697
7358	0.014703
29800	0.014706
20306	0.014706
39265	0.014710
9047	0.014710
14783	0.014715
17179	0.014716
28032	0.014718
31773	0.014719
42367	0.014720
46857	0.014723
14344	0.014724
54018	0.014725
16330	0.014730
33777	0.014732
13299	0.014733
26510	0.014735
16547	0.014743
24026	0.014744
16743	0.014746
44623	0.014748
17092	0.014750
13133	0.014757
24142	0.014763
28895	0.014764
20161	0.014765
61195	0.014765
16758	0.014770
44137	0.014771
8410	0.014781
11522	0.014790
56834	0.014791
54718	0.014791
61338	0.014797
61331	0.014798
30129	0.014799
16183	0.014799
21534	0.014800
10502	0.014802
43852	0.014804
12153	0.014805
49373	0.014807
7925	0.014808
25449	0.014812
25591	0.014813
20201	0.014815
13850	0.014816
25818	0.014817
43878	0.014817
15168	0.014818
46690	0.014822
16259	0.014822
51846	0.014823
42042	0.014825
46276	0.014828
14178	0.014830
39353	0.014830
50506	0.014832
30068	0.014835
12887	0.014846
9430	0.014847
44643	0.014849
29250	0.014854
26235	0.014859
38230	0.014859
34088	0.014861
15862	0.014861
39418	0.014865
24351	0.014866
33534	0.014868
29832	0.014870
19512	0.014875
60619	0.014877
30868	0.014881
47876	0.014881
31080	0.014882
14552	0.014884
25800	0.014884
31225	0.014885
33589	0.014885
24260	0.014887
12964	0.014887
24744	0.014888
56858	0.014889
43140	0.014891
39490	0.014891
60331	0.014895
26329	0.014895
35602	0.014896
11821	0.014896
42311	0.014899
16802	0.014900
50133	0.014902
51878	0.014903
32164	0.014904
38364	0.014916
60691	0.014916
57260	0.014919
43148	0.014919
51732	0.014921
12988	0.014927
15685	0.014928
13941	0.014928
9480	0.014930
36605	0.014936
33020	0.014936
7120	0.014938
13768	0.014940
50012	0.014941
14422	0.014943
25764	0.014947
29998	0.014947
33455	0.014947
33453	0.014948
53984	0.014961
24891	0.014963
8807	0.014967
33474	0.014975
17310	0.014975
8403	0.014975
21788	0.014976
25344	0.014977
41939	0.014981
56758	0.014982
9120	0.014983
50578	0.014984
60232	0.014984
26909	0.014985
13492	0.014985
19906	0.014986
44070	0.014986
7971	0.014987
35102	0.014989
17186	0.014989
54140	0.014992
11452	0.014992
50688	0.014993
16107	0.014994
21801	0.014996
21821	0.014996
14042	0.014998
51968	0.015000
9437	0.015003
11955	0.015009
51217	0.015012
17259	0.015014
35976	0.015019
42569	0.015019
45195	0.015020
53829	0.015023
60739	0.015024
7786	0.015026
10653	0.015027
26580	0.015027
50363	0.015031
40913	0.015031
26324	0.015038
7902	0.015042
29946	0.015043
9899	0.015052
35985	0.015053
14942	0.015054
27955	0.015056
40892	0.015066
43654	0.015068
48392	0.015069
60174	0.015072
16765	0.015075
9359	0.015076
41290	0.015077
60189	0.015080
14986	0.015084
57350	0.015090
15479	0.015094
45098	0.015096
15520	0.015099
7038	0.015104
24886	0.015114
60344	0.015119
12824	0.015119
29888	0.015120
57159	0.015123
10324	0.015124
7814	0.015125
51110	0.015128
7329	0.015134
21976	0.015136
21211	0.015139
34178	0.015143
27545	0.015143
41665	0.015146
14370	0.015151
19760	0.015158
20849	0.015160
11212	0.015167
57535	0.015174
37283	0.015174
44379	0.015178
49078	0.015178
48429	0.015178
20197	0.015190
52584	0.015195
60973	0.015196
49589	0.015198
26438	0.015200
41326	0.015202
29078	0.015207
15439	0.015208
38144	0.015212
29745	0.015216
57692	0.015217
16554	0.015218
11958	0.015220
11871	0.015221
10214	0.015226
52973	0.015227
49684	0.015228
39082	0.015229
46938	0.015234
55091	0.015234
34352	0.015236
9272	0.015238
34210	0.015240
51439	0.015245
43993	0.015253
25734	0.015255
54339	0.015255
22917	0.015258
35093	0.015260
14346	0.015264
48589	0.015270
28908	0.015272
17354	0.015273
10665	0.015276
25848	0.015277
51966	0.015287
11338	0.015288
30090	0.015290
19660	0.015292
10629	0.015292
14587	0.015293
50258	0.015297
61491	0.015304
40502	0.015308
24605	0.015310
9864	0.015313
60294	0.015313
57768	0.015313
20586	0.015325
12529	0.015327
55055	0.015327
12725	0.015339
25011	0.015339
19989	0.015341
9377	0.015342
38503	0.015343
23811	0.015343
38436	0.015347
56315	0.015352
40905	0.015353
35704	0.015355
9045	0.015355
35493	0.015359
21889	0.015361
52005	0.015363
22029	0.015372
12718	0.015377
16722	0.015382
54732	0.015384
36292	0.015385
29030	0.015386
35438	0.015389
47962	0.015393
15124	0.015394
9225	0.015399
24897	0.015399
14393	0.015402
8997	0.015404
37750	0.015404
56654	0.015405
32644	0.015408
25739	0.015409
13251	0.015412
58333	0.015413
53960	0.015417
8847	0.015418
39850	0.015420
40276	0.015421
39324	0.015428
28061	0.015435
17016	0.015438
11587	0.015440
21451	0.015452
48253	0.015455
19407	0.015457
54014	0.015457
53685	0.015462
19252	0.015467
42736	0.015472
7672	0.015473
12911	0.015485
41190	0.015489
28809	0.015489
28711	0.015490
21464	0.015492
45496	0.015494
44649	0.015500
26802	0.015505
8373	0.015511
52003	0.015513
14452	0.015531
34031	0.015532
54598	0.015536
55360	0.015537
9906	0.015543
35461	0.015544
39645	0.015547
19190	0.015549
37011	0.015553
41365	0.015553
22645	0.015555
32920	0.015557
12986	0.015560
25937	0.015563
58276	0.015569
34229	0.015569
22786	0.015570
38672	0.015571
28835	0.015574
11179	0.015574
10929	0.015575
24392	0.015576
16989	0.015578
11826	0.015584
52823	0.015585
12261	0.015586
60469	0.015586
48995	0.015587
26983	0.015589
36992	0.015592
25575	0.015592
50618	0.015596
32847	0.015605
46912	0.015605
37977	0.015607
56463	0.015622
9541	0.015632
21126	0.015644
58284	0.015646
16964	0.015646
13767	0.015647
16560	0.015651
15332	0.015652
29082	0.015660
21102	0.015662
11009	0.015665
47606	0.015670
47283	0.015689
44613	0.015690
8344	0.015693
38340	0.015704
36960	0.015705
40894	0.015709
39447	0.015711
21030	0.015712
8334	0.015715
11815	0.015716
9467	0.015730
23363	0.015733
40121	0.015739
45788	0.015741
55379	0.015741
15348	0.015742
29708	0.015745
41982	0.015749
53852	0.015749
60135	0.015757
54240	0.015760
55975	0.015768
57379	0.015769
16442	0.015770
38559	0.015771
21487	0.015774
52855	0.015776
33897	0.015776
27459	0.015777
11154	0.015780
55750	0.015782
27064	0.015786
10034	0.015787
24919	0.015788
40504	0.015790
27683	0.015790
52428	0.015793
7078	0.015796
48977	0.015801
22304	0.015803
17013	0.015807
36035	0.015807
7810	0.015809
60809	0.015810
50471	0.015810
47327	0.015815
21895	0.015816
11803	0.015818
25522	0.015829
8742	0.015829
27976	0.015834
20889	0.015838
39649	0.015844
50354	0.015845
27391	0.015845
33976	0.015848
17148	0.015849
14105	0.015851
27377	0.015857
9175	0.015860
22906	0.015863
13555	0.015864
28804	0.015865
44893	0.015868
53535	0.015874
52587	0.015874
36938	0.015883
28761	0.015883
54534	0.015885
40772	0.015886
22916	0.015886
57399	0.015886
55309	0.015888
43010	0.015890
15818	0.015891
49932	0.015891
14606	0.015895
8103	0.015895
21252	0.015898
30630	0.015899
14989	0.015908
34361	0.015908
48764	0.015910
30693	0.015911
55147	0.015912
22569	0.015913
31219	0.015919
16007	0.015919
33920	0.015923
45082	0.015923
7693	0.015924
10277	0.015924
27175	0.015924
23853	0.015938
16640	0.015939
14991	0.015940
9842	0.015940
14858	0.015943
60695	0.015945
26980	0.015947
42586	0.015948
9238	0.015951
11876	0.015952
43008	0.015953
11746	0.015963
11500	0.015964
28204	0.015967
24094	0.015972
41112	0.015972
56972	0.015973
23925	0.015974
7223	0.015974
17118	0.015976
21954	0.015979
43048	0.015979
46075	0.015991
16879	0.015994
27933	0.015999
10171	0.016006
48571	0.016007
11210	0.016019
57154	0.016023
53425	0.016025
57702	0.016029
53135	0.016035
50516	0.016040
27380	0.016040
22087	0.016042
56231	0.016046
10716	0.016052
54183	0.016052
14878	0.016059
30233	0.016059
52582	0.016060
20240	0.016065
19706	0.016066
16589	0.016068
10076	0.016068
13889	0.016070
61604	0.016073
42944	0.016085
15087	0.016089
37392	0.016089
53131	0.016090
21059	0.016093
35839	0.016093
29181	0.016095
24819	0.016096
60959	0.016103
24818	0.016111
27306	0.016135
13739	0.016139
34060	0.016143
17116	0.016147
41566	0.016148
29073	0.016148
17424	0.016153
16860	0.016165
9097	0.016166
36155	0.016168
40363	0.016176
60206	0.016177
61302	0.016179
11503	0.016180
60873	0.016207
12735	0.016208
50809	0.016211
16662	0.016214
15493	0.016219
48656	0.016224
53654	0.016224
119450	0.016232
25026	0.016234
46335	0.016244
58540	0.016249
6964	0.016252
37236	0.016259
42274	0.016262
39793	0.016262
25664	0.016271
39572	0.016272
33712	0.016285
13888	0.016286
43798	0.016296
9298	0.016301
13380	0.016308
57847	0.016312
8161	0.016313
26072	0.016329
7291	0.016331
53598	0.016333
45318	0.016340
13934	0.016349
44573	0.016351
42777	0.016355
14177	0.016365
35818	0.016367
9124	0.016367
47368	0.016369
30874	0.016372
16847	0.016384
38676	0.016393
58016	0.016393
26210	0.016408
37014	0.016412
47166	0.016414
57604	0.016433
31835	0.016434
29876	0.016439
48036	0.016440
22371	0.016443
35060	0.016451
39449	0.016451
21343	0.016453
39700	0.016470
28861	0.016471
56047	0.016473
52389	0.016474
60545	0.016476
12977	0.016477
61121	0.016478
43411	0.016482
36847	0.016484
19220	0.016485
32815	0.016487
10112	0.016489
14920	0.016493
61327	0.016495
48518	0.016498
38798	0.016543
51984	0.016544
19993	0.016546
25205	0.016550
16797	0.016552
52083	0.016553
61473	0.016559
44930	0.016562
8586	0.016563
35481	0.016566
41370	0.016569
11982	0.016571
38176	0.016573
41255	0.016576
47408	0.016582
14485	0.016585
38715	0.016591
53951	0.016596
46593	0.016598
29812	0.016602
13060	0.016602
23699	0.016602
39480	0.016605
20433	0.016608
8303	0.016617
48883	0.016620
55463	0.016621
46298	0.016627
34984	0.016633
57594	0.016637
29232	0.016653
12787	0.016660
30614	0.016663
61109	0.016666
21468	0.016670
25197	0.016672
16683	0.016676
17489	0.016676
40657	0.016676
19296	0.016676
16907	0.016678
26341	0.016685
61485	0.016698
16878	0.016704
43102	0.016707
10893	0.016709
48564	0.016730
52241	0.016730
51380	0.016730
8158	0.016734
16434	0.016734
21410	0.016738
54367	0.016756
15453	0.016757
20949	0.016757
60585	0.016765
9312	0.016767
60961	0.016771
9869	0.016772
39312	0.016773
12095	0.016779
45523	0.016789
53313	0.016789
30754	0.016790
12242	0.016793
42044	0.016806
14285	0.016811
40118	0.016812
11405	0.016816
8756	0.016824
14381	0.016838
22248	0.016840
22936	0.016840
23371	0.016854
7385	0.016854
42679	0.016856
16552	0.016858
56789	0.016858
15838	0.016860
29705	0.016861
25883	0.016866
9469	0.016866
44434	0.016871
10439	0.016872
15484	0.016874
24487	0.016874
60841	0.016874
60914	0.016874
61304	0.016874
26630	0.016876
42486	0.016878
12461	0.016885
14559	0.016887
51460	0.016889
53347	0.016890
23367	0.016897
24254	0.016906
34954	0.016907
26785	0.016910
30510	0.016911
35269	0.016914
9000	0.016929
9848	0.016930
38878	0.016933
37880	0.016936
49768	0.016946
61171	0.016949
11279	0.016950
21673	0.016951
40285	0.016961
60740	0.016961
41248	0.016964
41080	0.016971
14306	0.016976
15976	0.016976
16607	0.016976
16794	0.016976
25943	0.016976
32334	0.016976
34744	0.016976
34783	0.016976
43364	0.016976
43903	0.016976
46764	0.016976
47268	0.016976
51452	0.016976
16690	0.016981
16974	0.016982
60428	0.016983
8574	0.016984
16792	0.016987
15489	0.016990
17455	0.016990
37782	0.016993
48568	0.016998
42220	0.016998
54663	0.017000
61480	0.017005
37120	0.017007
50936	0.017009
15813	0.017011
45738	0.017013
8597	0.017014
41359	0.017016
61386	0.017016
20446	0.017017
58623	0.017022
47294	0.017026
50542	0.017026
13860	0.017030
34001	0.017036
47845	0.017037
33541	0.017038
61249	0.017040
53967	0.017040
8877	0.017041
19357	0.017049
57135	0.017055
26177	0.017056
21652	0.017058
14248	0.017063
52487	0.017063
8501	0.017063
58581	0.017069
60662	0.017069
60989	0.017069
61644	0.017069
9647	0.017069
38214	0.017072
34034	0.017076
61010	0.017076
94375	0.017076
28364	0.017083
27917	0.017084
42090	0.017089
49923	0.017093
14767	0.017094
11464	0.017095
49560	0.017097
16688	0.017099
49875	0.017105
16764	0.017105
30500	0.017105
61169	0.017107
23062	0.017109
16830	0.017109
53760	0.017112
57420	0.017112
61611	0.017114
45059	0.017116
61460	0.017116
50944	0.017119
48718	0.017121
41635	0.017122
30343	0.017125
42098	0.017125
19243	0.017125
58953	0.017126
57306	0.017126
9707	0.017127
41378	0.017133
42652	0.017135
60325	0.017135
23754	0.017137
10207	0.017137
10055	0.017139
16285	0.017139
25447	0.017140
35415	0.017140
40998	0.017144
40931	0.017145
61141	0.017148
13097	0.017149
7160	0.017150
36864	0.017151
52244	0.017154
55495	0.017154
8999	0.017154
14869	0.017156
27814	0.017156
24691	0.017159
36322	0.017159
44435	0.017160
23423	0.017162
49986	0.017163
60222	0.017164
35359	0.017165
50374	0.017165
27664	0.017167
19197	0.017168
16578	0.017169
50643	0.017170
10599	0.017172
39934	0.017174
37724	0.017178
55104	0.017178
58306	0.017180
56534	0.017180
34015	0.017181
10004	0.017185
16606	0.017186
9853	0.017186
39997	0.017188
35005	0.017189
51135	0.017189
43647	0.017190
9192	0.017196
8562	0.017198
61415	0.017199
45043	0.017200
27704	0.017200
45032	0.017203
12488	0.017209
30029	0.017211
39527	0.017211
37496	0.017211
13994	0.017211
12779	0.017212
45030	0.017214
58444	0.017215
52879	0.017220
11116	0.017223
51617	0.017223
23799	0.017224
60546	0.017226
8036	0.017226
54389	0.017227
16658	0.017227
54433	0.017228
24278	0.017228
26847	0.017228
8552	0.017229
49544	0.017232
60768	0.017233
16812	0.017233
16604	0.017233
37310	0.017234
53726	0.017236
55978	0.017236
49726	0.017236
61631	0.017236
16728	0.017236
26254	0.017236
58863	0.017238
15545	0.017239
22337	0.017240
31103	0.017241
16904	0.017241
43610	0.017244
60883	0.017245
22563	0.017247
55622	0.017249
57312	0.017249
26179	0.017252
11255	0.017253
9001	0.017254
46682	0.017254
20819	0.017254
9530	0.017255
44699	0.017256
58583	0.017258
40204	0.017258
19156	0.017260
60503	0.017261
21155	0.017262
32263	0.017262
16732	0.017264
9576	0.017267
39731	0.017268
21663	0.017269
35815	0.017270
44424	0.017271
11462	0.017273
12094	0.017273
34391	0.017273
29797	0.017278
15507	0.017279
61446	0.017280
46640	0.017281
61452	0.017282
33316	0.017282
47252	0.017283
32564	0.017287
9455	0.017290
34873	0.017290
17033	0.017291
52701	0.017292
17111	0.017292
25572	0.017293
8588	0.017295
10054	0.017296
42505	0.017298
38040	0.017298
34380	0.017299
24822	0.017299
12573	0.017299
15822	0.017300
30360	0.017302
37405	0.017302
14980	0.017303
61503	0.017304
36324	0.017309
22799	0.017311
46941	0.017312
15958	0.017314
27053	0.017317
49547	0.017320
41792	0.017320
12993	0.017322
9412	0.017325
45348	0.017325
10848	0.017325
109539	0.017325
11548	0.017325
125658	0.017325
13202	0.017325
13496	0.017325
137880	0.017325
27915	0.017325
32034	0.017325
47394	0.017325
49044	0.017325
50329	0.017325
56170	0.017325
60719	0.017325
60787	0.017325
61369	0.017325
61585	0.017325
67539	0.017325
8768	0.017325
47347	0.017325
40449	0.017326
35095	0.017327
60224	0.017327
29922	0.017329
51581	0.017330
14034	0.017330
55279	0.017332
49953	0.017333
10221	0.017333
51437	0.017334
11341	0.017336
54414	0.017336
29183	0.017337
34563	0.017337
39155	0.017337
15110	0.017337
61188	0.017338
8594	0.017338
45814	0.017338
33998	0.017338
38545	0.017339
32640	0.017339
38485	0.017339
53410	0.017339
60256	0.017339
61068	0.017339
49505	0.017340
16826	0.017341
40934	0.017341
9224	0.017342
60941	0.017343
14972	0.017345
51364	0.017345
11007	0.017346
39739	0.017347
61636	0.017348
52470	0.017352
46871	0.017353
23420	0.017353
36743	0.017355
11770	0.017356
15220	0.017356
30017	0.017357
51211	0.017357
48889	0.017357
16575	0.017357
10672	0.017358
15002	0.017358
16014	0.017358
29155	0.017358
9205	0.017358
16000	0.017360
52377	0.017361
21219	0.017361
60864	0.017361
47660	0.017362
41107	0.017364
60826	0.017364
15823	0.017365
10600	0.017365
17396	0.017366
22737	0.017367
55824	0.017367
32478	0.017368
10045	0.017368
15032	0.017369
46471	0.017369
7305	0.017371
19818	0.017371
11792	0.017374
60745	0.017376
26992	0.017377
43150	0.017379
42008	0.017379
29209	0.017380
26487	0.017381
60998	0.017381
37317	0.017382
10543	0.017383
45346	0.017385
61096	0.017385
9653	0.017386
58269	0.017386
33907	0.017386
52698	0.017387
41526	0.017389
24413	0.017389
13458	0.017389
26474	0.017389
48004	0.017389
60974	0.017391
32987	0.017392
17023	0.017392
49965	0.017393
24568	0.017393
20882	0.017395
32691	0.017395
21799	0.017396
45532	0.017397
49696	0.017397
19469	0.017397
40565	0.017397
27457	0.017398
51228	0.017400
19931	0.017400
37602	0.017400
22530	0.017400
42484	0.017401
7521	0.017401
49686	0.017403
9328	0.017403
60951	0.017404
53423	0.017404
29102	0.017407
34104	0.017408
7535	0.017408
8685	0.017409
16181	0.017409
21249	0.017409
27586	0.017409
32194	0.017409
32553	0.017409
42309	0.017409
60790	0.017409
61287	0.017409
41668	0.017409
25668	0.017411
61454	0.017413
36069	0.017413
19924	0.017414
22947	0.017415
40021	0.017415
49170	0.017416
20010	0.017418
27025	0.017419
16708	0.017419
49718	0.017419
27710	0.017420
10921	0.017420
24361	0.017420
54708	0.017420
32932	0.017420
61279	0.017421
14040	0.017422
53305	0.017422
119476	0.017422
39311	0.017423
61393	0.017424
12452	0.017425
13285	0.017425
33481	0.017425
34071	0.017425
60407	0.017425
60986	0.017425
22963	0.017425
29906	0.017425
33446	0.017425
53861	0.017426
44975	0.017426
32159	0.017427
19862	0.017427
60854	0.017427
57570	0.017427
21311	0.017428
22192	0.017428
12043	0.017428
28392	0.017428
29919	0.017428
41977	0.017428
44016	0.017428
60347	0.017428
60512	0.017428
60990	0.017428
37197	0.017428
47236	0.017429
60674	0.017429
13265	0.017429
49234	0.017430
32177	0.017431
58431	0.017431
57584	0.017431
16103	0.017432
61408	0.017433
14849	0.017434
43882	0.017435
45589	0.017435
8589	0.017436
54016	0.017436
45127	0.017438
10131	0.017442
58259	0.017442
39407	0.017443
51156	0.017443
60579	0.017445
54266	0.017445
23417	0.017446
16614	0.017446
15635	0.017446
17212	0.017447
15805	0.017447
16347	0.017447
19491	0.017447
34638	0.017447
52049	0.017447
60172	0.017447
12131	0.017448
7345	0.017449
27728	0.017449
60247	0.017450
60774	0.017450
30772	0.017450
16217	0.017450
19851	0.017451
35664	0.017452
47422	0.017453
23378	0.017454
49464	0.017454
16913	0.017455
11632	0.017455
52168	0.017455
50484	0.017456
13446	0.017456
46876	0.017456
11373	0.017456
61102	0.017457
17381	0.017457
55968	0.017457
46988	0.017458
15174	0.017459
31999	0.017459
21683	0.017460
11564	0.017460
45003	0.017460
54352	0.017461
8740	0.017461
25758	0.017462
37438	0.017462
13564	0.017463
36183	0.017464
16513	0.017464
17480	0.017464
54525	0.017465
17203	0.017465
19373	0.017466
24445	0.017467
54483	0.017467
27726	0.017467
45580	0.017468
39716	0.017468
37099	0.017468
48489	0.017469
34400	0.017469
25623	0.017470
30543	0.017470
8850	0.017470
46284	0.017471
8645	0.017476
39369	0.017476
16597	0.017477
60570	0.017479
13315	0.017480
102469	0.017481
14472	0.017482
26997	0.017482
14295	0.017483
50372	0.017483
8495	0.017484
16664	0.017484
7246	0.017484
35128	0.017484
33109	0.017485
25939	0.017485
21544	0.017485
14814	0.017486
60581	0.017487
41443	0.017489
33399	0.017489
46931	0.017490
61413	0.017490
28389	0.017491
13385	0.017495
27087	0.017496
52989	0.017497
34845	0.017498
50049	0.017498
27829	0.017500
61086	0.017500
34304	0.017501
57928	0.017502
55798	0.017504
14718	0.017504
47517	0.017505
57254	0.017507
8110	0.017507
22234	0.017507
55966	0.017507
44528	0.017507
51455	0.017507
50951	0.017508
60756	0.017508
30430	0.017509
10283	0.017509
22331	0.017509
41349	0.017510
19377	0.017510
60477	0.017510
55673	0.017511
38067	0.017511
20441	0.017512
46280	0.017512
10866	0.017512
8044	0.017512
28174	0.017514
14504	0.017516
29924	0.017517
26489	0.017517
36843	0.017518
9151	0.017518
15944	0.017518
24913	0.017519
20215	0.017521
47781	0.017521
45400	0.017521
17491	0.017521
13668	0.017522
9037	0.017522
13199	0.017523
42073	0.017523
36982	0.017524
7393	0.017524
53198	0.017524
58303	0.017525
17260	0.017525
40585	0.017526
8565	0.017527
12996	0.017527
36946	0.017527
49785	0.017528
61352	0.017529
61181	0.017530
53900	0.017530
54754	0.017531
59997	0.017531
12297	0.017532
11512	0.017532
20145	0.017532
46452	0.017533
31521	0.017533
30725	0.017533
45865	0.017533
23544	0.017533
12204	0.017535
45227	0.017536
26795	0.017536
22383	0.017537
35907	0.017537
8175	0.017537
16376	0.017537
14181	0.017537
41459	0.017537
15483	0.017538
32128	0.017538
21147	0.017539
56505	0.017539
54371	0.017540
7777	0.017541
39620	0.017541
43575	0.017541
56202	0.017542
29442	0.017542
16715	0.017542
48066	0.017543
56200	0.017543
21711	0.017543
9435	0.017543
16813	0.017544
54606	0.017544
16251	0.017545
57696	0.017545
61571	0.017545
55698	0.017545
60815	0.017545
14542	0.017546
36973	0.017546
41911	0.017546
41071	0.017547
26193	0.017548
15184	0.017549
41680	0.017550
42870	0.017550
19637	0.017552
48880	0.017552
61025	0.017552
14405	0.017553
35692	0.017553
12620	0.017553
12726	0.017553
35673	0.017554
43899	0.017554
17325	0.017556
16120	0.017558
38549	0.017559
29869	0.017559
39853	0.017559
29854	0.017560
46687	0.017561
19477	0.017562
17336	0.017563
61588	0.017564
19034	0.017565
60122	0.017565
7988	0.017565
21114	0.017565
24257	0.017565
24651	0.017566
50908	0.017566
36329	0.017567
27318	0.017567
45959	0.017568
59199	0.017568
8126	0.017569
25187	0.017570
34267	0.017570
16106	0.017570
9119	0.017572
50225	0.017572
29200	0.017573
25529	0.017574
11970	0.017574
25475	0.017575
27809	0.017575
57778	0.017575
35935	0.017576
6916	0.017576
46169	0.017577
47783	0.017578
11198	0.017578
13444	0.017580
26259	0.017581
23316	0.017581
48158	0.017581
26476	0.017582
22983	0.017582
57123	0.017582
47945	0.017583
60825	0.017583
25683	0.017584
22062	0.017584
59142	0.017584
58309	0.017584
41933	0.017585
51990	0.017585
52739	0.017586
8543	0.017587
46736	0.017589
52402	0.017589
52982	0.017589
9873	0.017590
19103	0.017590
26745	0.017592
29178	0.017593
19287	0.017594
21426	0.017594
28197	0.017595
38564	0.017595
52761	0.017595
27167	0.017597
23560	0.017597
46751	0.017598
35122	0.017598
39663	0.017598
32964	0.017598
56357	0.017598
11355	0.017598
7271	0.017599
28154	0.017599
8732	0.017600
16202	0.017601
50599	0.017602
30631	0.017603
53060	0.017604
15693	0.017605
27766	0.017605
22908	0.017607
30053	0.017608
53622	0.017609
20501	0.017609
14571	0.017610
22489	0.017610
23626	0.017610
13970	0.017610
46342	0.017612
17014	0.017612
60710	0.017612
41382	0.017614
61047	0.017614
15927	0.017615
9669	0.017616
16557	0.017616
14256	0.017616
13449	0.017616
41404	0.017617
38501	0.017619
15159	0.017620
10498	0.017620
49982	0.017620
6915	0.017621
19320	0.017621
44014	0.017623
15928	0.017623
21106	0.017623
31814	0.017624
51034	0.017625
17377	0.017625
41669	0.017626
54349	0.017627
26552	0.017627
33308	0.017627
52732	0.017627
52483	0.017627
24490	0.017627
14020	0.017628
23439	0.017628
26890	0.017628
49055	0.017629
27769	0.017629
11613	0.017630
61085	0.017630
7096	0.017630
38666	0.017630
61656	0.017630
33757	0.017632
13264	0.017632
48261	0.017633
8762	0.017634
42006	0.017634
16396	0.017634
10554	0.017634
31297	0.017634
27575	0.017635
44789	0.017636
12819	0.017636
39178	0.017636
11524	0.017639
31928	0.017639
50970	0.017639
57289	0.017640
60550	0.017641
39968	0.017641
55662	0.017642
47443	0.017642
52975	0.017643
25108	0.017643
60628	0.017644
54603	0.017644
14523	0.017644
39192	0.017644
25972	0.017645
30449	0.017647
60430	0.017648
9215	0.017648
57537	0.017649
31087	0.017650
53836	0.017650
24386	0.017650
27404	0.017652
45286	0.017652
8829	0.017652
14591	0.017654
37240	0.017655
33378	0.017655
57207	0.017655
12888	0.017656
51864	0.017656
48097	0.017656
60807	0.017657
22733	0.017658
59779	0.017658
26195	0.017658
23582	0.017659
52515	0.017659
21703	0.017659
24042	0.017659
48891	0.017660
42850	0.017661
30416	0.017661
32650	0.017661
23520	0.017661
36754	0.017662
40880	0.017662
42623	0.017662
55460	0.017662
51851	0.017663
34231	0.017663
30488	0.017663
53007	0.017663
21977	0.017664
34840	0.017664
51332	0.017664
9226	0.017665
55676	0.017665
9818	0.017667
56091	0.017667
51671	0.017668
51902	0.017669
45278	0.017670
47440	0.017671
34520	0.017672
47471	0.017674
6937	0.017674
43988	0.017674
7318	0.017676
56113	0.017677
33005	0.017677
14089	0.017678
30095	0.017678
43960	0.017680
39443	0.017680
50117	0.017680
25218	0.017681
16153	0.017681
38661	0.017683
25008	0.017683
16686	0.017685
20861	0.017685
14777	0.017686
57683	0.017686
46174	0.017686
37281	0.017688
37679	0.017689
41732	0.017689
22403	0.017690
37712	0.017691
7359	0.017692
60446	0.017692
11946	0.017693
14771	0.017693
12386	0.017694
61305	0.017694
32992	0.017695
56634	0.017696
54698	0.017696
9108	0.017697
22925	0.017697
21502	0.017698
45941	0.017698
61028	0.017698
37167	0.017699
9318	0.017699
34428	0.017699
60753	0.017700
61091	0.017700
37037	0.017700
46590	0.017700
44989	0.017701
21164	0.017701
16070	0.017702
57417	0.017702
17062	0.017703
38515	0.017704
23834	0.017704
16622	0.017704
27244	0.017704
20077	0.017704
8706	0.017705
14966	0.017706
8341	0.017707
29333	0.017707
16561	0.017707
47285	0.017708
61070	0.017708
9271	0.017708
15732	0.017709
61610	0.017710
10897	0.017710
31470	0.017711
16457	0.017712
22434	0.017712
55709	0.017712
61512	0.017712
21685	0.017712
51429	0.017714
11207	0.017714
10102	0.017714
23740	0.017714
36840	0.017715
38600	0.017715
8683	0.017717
17040	0.017718
52404	0.017718
50284	0.017718
43739	0.017719
32456	0.017719
60144	0.017719
9896	0.017719
17369	0.017721
17077	0.017721
9689	0.017722
9828	0.017722
35524	0.017723
23459	0.017723
36678	0.017724
39918	0.017725
43721	0.017725
8475	0.017726
60157	0.017726
27444	0.017727
61466	0.017727
34686	0.017728
49988	0.017728
12542	0.017728
33714	0.017729
47655	0.017729
18372	0.017730
23945	0.017730
56528	0.017731
9173	0.017731
24847	0.017732
43512	0.017733
12574	0.017733
46968	0.017733
15063	0.017734
46222	0.017734
12097	0.017736
23183	0.017739
37168	0.017739
32773	0.017741
24111	0.017741
60644	0.017741
11235	0.017742
27842	0.017743
13821	0.017743
36915	0.017743
52352	0.017744
57476	0.017744
11423	0.017745
27864	0.017745
35070	0.017746
24263	0.017746
23967	0.017746
29088	0.017747
36608	0.017747
55000	0.017748
50450	0.017748
57690	0.017748
10953	0.017748
17034	0.017750
61513	0.017750
60509	0.017750
44877	0.017750
29222	0.017750
57272	0.017750
21484	0.017751
10400	0.017751
10433	0.017751
25855	0.017752
48185	0.017753
29748	0.017754
52929	0.017754
56598	0.017754
21479	0.017756
47323	0.017756
16229	0.017756
14918	0.017757
39896	0.017757
29792	0.017757
31844	0.017757
24686	0.017758
10219	0.017758
47402	0.017760
18096	0.017760
56643	0.017760
12241	0.017760
27149	0.017760
52054	0.017760
7132	0.017761
42229	0.017761
13491	0.017763
16157	0.017763
57794	0.017763
31648	0.017764
7645	0.017766
23575	0.017766
7473	0.017767
9158	0.017768
40936	0.017768
53296	0.017770
54257	0.017770
58037	0.017771
46635	0.017771
25355	0.017771
57485	0.017772
19278	0.017772
35232	0.017772
7218	0.017773
36567	0.017774
13763	0.017774
33089	0.017775
60994	0.017775
37810	0.017775
24610	0.017776
13547	0.017778
28768	0.017778
48979	0.017778
14389	0.017778
46627	0.017779
19404	0.017780
14540	0.017783
17136	0.017784
31304	0.017785
60404	0.017786
19019	0.017786
60374	0.017786
12928	0.017786
22587	0.017789
43872	0.017789
40133	0.017790
38236	0.017790
13266	0.017792
33669	0.017792
55888	0.017792
61550	0.017793
42191	0.017793
6904	0.017794
47802	0.017794
54677	0.017795
42934	0.017795
32276	0.017796
24773	0.017797
21855	0.017797
8991	0.017797
10325	0.017797
40945	0.017798
17400	0.017798
31930	0.017798
53956	0.017798
21056	0.017798
19208	0.017798
38926	0.017799
43780	0.017799
54739	0.017800
8631	0.017801
16313	0.017801
13440	0.017802
15526	0.017802
48636	0.017803
23568	0.017803
11984	0.017804
24054	0.017804
42699	0.017804
17466	0.017804
8547	0.017804
56846	0.017804
10859	0.017805
21389	0.017805
10747	0.017806
13190	0.017806
26480	0.017807
16727	0.017807
34197	0.017808
32023	0.017809
48245	0.017809
14455	0.017809
24448	0.017809
34035	0.017809
89938	0.017809
21862	0.017810
47649	0.017810
40564	0.017811
23172	0.017813
39681	0.017813
19879	0.017813
34093	0.017814
17275	0.017814
41451	0.017815
54906	0.017815
36988	0.017815
38217	0.017815
58297	0.017816
23118	0.017816
49984	0.017818
61214	0.017818
23113	0.017818
8420	0.017819
33863	0.017821
7140	0.017822
27196	0.017823
16881	0.017823
43020	0.017824
12974	0.017826
21782	0.017826
8582	0.017827
41250	0.017827
52250	0.017828
55993	0.017828
13835	0.017830
41689	0.017832
13039	0.017834
57073	0.017834
12259	0.017834
26688	0.017834
8737	0.017835
39103	0.017835
25231	0.017835
46489	0.017836
48641	0.017836
32091	0.017836
13800	0.017837
53569	0.017838
9118	0.017839
54902	0.017839
50489	0.017840
55794	0.017840
49872	0.017840
24070	0.017842
12530	0.017842
57461	0.017842
22754	0.017843
16567	0.017844
14043	0.017846
22630	0.017847
36309	0.017847
35751	0.017847
30494	0.017847
26842	0.017848
14380	0.017850
12031	0.017850
9831	0.017850
19717	0.017851
22313	0.017851
46006	0.017851
33035	0.017852
22347	0.017853
54570	0.017855
37928	0.017856
50720	0.017856
13159	0.017857
14090	0.017857
21859	0.017857
36773	0.017857
33887	0.017857
53961	0.017858
15001	0.017858
22244	0.017858
54630	0.017858
29336	0.017859
16144	0.017859
11004	0.017861
55097	0.017861
61378	0.017861
53336	0.017862
34924	0.017863
21769	0.017863
16956	0.017863
54057	0.017865
55655	0.017866
27424	0.017867
16536	0.017867
14376	0.017867
48890	0.017869
37877	0.017870
14392	0.017870
22250	0.017870
12146	0.017870
16339	0.017872
60381	0.017872
26436	0.017872
11023	0.017872
44443	0.017873
32217	0.017874
49109	0.017875
36271	0.017875
43053	0.017875
52266	0.017875
9459	0.017876
20006	0.017876
58004	0.017876
60565	0.017876
25810	0.017876
58369	0.017876
58035	0.017876
9278	0.017877
47801	0.017877
20517	0.017878
10183	0.017878
27567	0.017880
54561	0.017880
24338	0.017881
32392	0.017881
44556	0.017881
60813	0.017881
27342	0.017882
60444	0.017883
47798	0.017883
61556	0.017883
46190	0.017884
15861	0.017884
11857	0.017884
32056	0.017884
19336	0.017885
37398	0.017885
61353	0.017887
43169	0.017888
41521	0.017890
13996	0.017890
52071	0.017891
10014	0.017891
29046	0.017892
34096	0.017893
27311	0.017894
50044	0.017895
28221	0.017895
52915	0.017896
19122	0.017897
51310	0.017897
36343	0.017898
38509	0.017899
16976	0.017900
12786	0.017900
10780	0.017901
7183	0.017902
32901	0.017903
48926	0.017903
56115	0.017904
39801	0.017904
27939	0.017905
60205	0.017907
20628	0.017908
34989	0.017908
37882	0.017909
8428	0.017910
24166	0.017911
49681	0.017914
41243	0.017915
20599	0.017916
32108	0.017916
49475	0.017917
49272	0.017917
32660	0.017918
52057	0.017918
16529	0.017918
34903	0.017918
46294	0.017919
45119	0.017921
10986	0.017921
40312	0.017921
61429	0.017921
12536	0.017922
23088	0.017922
37857	0.017922
45328	0.017922
13755	0.017923
19276	0.017923
39325	0.017924
33336	0.017924
13859	0.017924
61158	0.017925
34588	0.017925
27529	0.017925
48645	0.017925
48390	0.017927
37644	0.017927
11123	0.017927
13838	0.017928
23302	0.017928
56111	0.017930
9538	0.017931
24767	0.017931
47480	0.017931
29893	0.017932
13723	0.017932
9529	0.017933
46983	0.017934
26886	0.017935
25400	0.017936
23960	0.017936
8598	0.017936
16701	0.017938
24595	0.017938
28054	0.017938
14471	0.017938
50487	0.017938
22160	0.017939
29947	0.017939
42608	0.017940
48879	0.017941
14482	0.017942
39771	0.017943
58015	0.017943
16220	0.017943
58282	0.017944
42710	0.017944
8305	0.017944
24617	0.017946
42749	0.017946
19016	0.017947
17032	0.017948
32954	0.017948
33122	0.017948
49662	0.017949
47311	0.017949
8855	0.017950
53642	0.017950
32800	0.017950
10800	0.017952
51840	0.017952
36319	0.017953
8186	0.017954
21377	0.017954
60239	0.017955
40990	0.017956
55370	0.017956
30242	0.017956
49990	0.017957
50269	0.017957
49269	0.017958
37060	0.017958
57997	0.017959
15129	0.017959
30846	0.017960
9666	0.017960
48080	0.017961
30394	0.017961
42092	0.017962
53002	0.017962
8069	0.017964
33927	0.017964
21021	0.017964
40876	0.017964
33220	0.017964
42738	0.017965
61545	0.017966
15114	0.017967
14110	0.017967
37448	0.017967
8587	0.017967
56882	0.017967
42475	0.017969
46043	0.017970
17039	0.017970
12403	0.017971
56185	0.017972
58429	0.017972
23007	0.017972
22759	0.017973
10539	0.017973
11518	0.017973
36594	0.017974
8939	0.017974
27418	0.017976
15206	0.017976
41693	0.017976
34460	0.017976
48290	0.017977
16652	0.017977
31078	0.017977
40038	0.017979
14812	0.017979
14610	0.017979
48840	0.017979
13756	0.017980
33904	0.017980
61196	0.017980
16522	0.017980
21177	0.017981
10236	0.017981
25564	0.017982
12148	0.017983
15445	0.017983
38695	0.017983
52225	0.017984
40026	0.017984
14206	0.017984
57145	0.017984
27140	0.017985
32908	0.017985
40160	0.017985
25364	0.017986
51009	0.017986
10577	0.017986
11407	0.017987
21829	0.017987
16776	0.017988
43366	0.017990
38477	0.017990
10534	0.017991
30011	0.017991
26738	0.017994
37705	0.017994
20472	0.017995
40070	0.017996
11277	0.017996
47054	0.017996
60501	0.017997
23653	0.017998
7951	0.017998
59673	0.018000
16533	0.018000
61470	0.018001
15098	0.018001
34043	0.018001
10736	0.018002
43451	0.018002
25305	0.018003
27021	0.018004
49822	0.018004
51656	0.018005
32279	0.018005
51952	0.018006
24244	0.018007
27551	0.018009
53928	0.018010
10073	0.018010
28050	0.018011
17190	0.018011
8424	0.018011
48820	0.018012
39008	0.018014
55074	0.018014
17292	0.018014
37754	0.018015
15770	0.018016
54888	0.018016
13005	0.018017
55822	0.018017
53652	0.018018
34397	0.018018
50275	0.018019
16926	0.018020
23134	0.018020
26752	0.018020
23632	0.018020
58041	0.018020
34836	0.018021
9577	0.018022
15039	0.018022
15176	0.018022
47240	0.018022
41991	0.018022
44001	0.018022
20284	0.018023
58125	0.018023
16351	0.018023
14289	0.018025
42963	0.018025
47234	0.018026
44392	0.018026
50923	0.018027
37250	0.018028
40870	0.018029
22999	0.018030
20982	0.018031
43228	0.018031
43257	0.018032
37216	0.018032
54880	0.018033
42206	0.018035
43067	0.018036
10684	0.018037
57596	0.018039
10706	0.018039
47484	0.018039
29986	0.018039
22617	0.018039
15462	0.018040
52631	0.018041
41691	0.018041
14098	0.018042
34072	0.018042
9295	0.018042
15014	0.018043
53122	0.018044
36206	0.018044
39807	0.018045
57745	0.018047
11359	0.018047
60154	0.018047
47047	0.018049
22751	0.018049
51127	0.018050
18974	0.018050
47599	0.018051
17083	0.018053
39866	0.018054
46330	0.018054
31384	0.018055
50114	0.018055
15857	0.018056
61205	0.018057
35447	0.018057
7644	0.018058
9027	0.018058
46899	0.018058
29835	0.018060
48730	0.018060
8427	0.018061
8546	0.018062
46313	0.018064
48248	0.018064
16286	0.018065
39623	0.018066
39275	0.018067
34382	0.018068
14608	0.018068
31991	0.018068
49174	0.018068
22730	0.018069
56339	0.018070
56281	0.018071
32611	0.018071
57539	0.018071
15446	0.018072
51849	0.018072
54409	0.018072
55886	0.018073
45694	0.018073
39981	0.018074
45816	0.018074
47266	0.018075
29121	0.018076
23531	0.018076
37895	0.018076
36511	0.018077
51776	0.018077
58406	0.018078
13041	0.018078
20126	0.018078
39187	0.018079
12826	0.018079
30423	0.018080
30729	0.018080
8251	0.018084
30051	0.018086
50025	0.018086
47264	0.018086
18898	0.018086
12218	0.018087
33381	0.018089
30310	0.018089
9947	0.018089
41540	0.018090
53572	0.018090
16207	0.018091
8578	0.018091
48574	0.018092
58493	0.018092
40756	0.018094
40845	0.018094
9126	0.018094
48888	0.018094
12677	0.018096
8734	0.018096
16430	0.018096
55679	0.018097
13297	0.018097
61383	0.018098
20840	0.018099
35566	0.018100
29329	0.018101
11597	0.018103
8596	0.018103
44305	0.018104
17038	0.018104
55388	0.018104
10233	0.018105
10873	0.018105
56512	0.018105
22039	0.018106
49978	0.018107
58202	0.018107
45178	0.018108
50893	0.018108
51249	0.018109
33859	0.018109
40651	0.018110
20009	0.018111
31152	0.018112
39547	0.018113
15499	0.018114
29435	0.018114
50333	0.018115
60705	0.018116
7537	0.018118
35961	0.018119
14919	0.018120
19271	0.018120
44781	0.018120
17492	0.018120
7783	0.018121
27724	0.018121
32930	0.018122
60318	0.018122
13839	0.018122
56520	0.018123
8015	0.018123
54125	0.018123
10761	0.018125
31826	0.018126
43338	0.018126
53027	0.018127
27374	0.018128
40040	0.018130
24717	0.018131
29933	0.018133
36965	0.018133
14744	0.018134
10813	0.018134
36315	0.018134
10156	0.018134
45853	0.018136
16588	0.018137
32061	0.018137
12701	0.018137
32001	0.018138
8108	0.018138
61200	0.018138
44784	0.018139
10798	0.018139
13865	0.018140
9939	0.018140
24097	0.018140
47999	0.018140
43163	0.018142
10865	0.018142
20825	0.018142
27547	0.018142
21292	0.018142
56416	0.018144
13034	0.018144
10292	0.018145
19651	0.018145
51080	0.018145
28413	0.018146
58559	0.018146
137953	0.018147
21159	0.018149
29917	0.018150
43954	0.018152
33353	0.018152
7087	0.018153
22927	0.018153
51330	0.018153
29926	0.018154
46753	0.018154
52531	0.018155
12780	0.018156
52307	0.018157
30689	0.018157
15055	0.018158
16975	0.018158
33113	0.018159
22623	0.018160
60777	0.018160
7142	0.018161
15828	0.018162
47223	0.018162
30062	0.018163
44722	0.018163
12916	0.018164
23181	0.018164
16965	0.018164
25349	0.018165
10618	0.018166
11980	0.018168
28630	0.018168
9970	0.018168
8076	0.018168
30703	0.018168
13857	0.018169
8814	0.018170
8585	0.018170
14249	0.018170
13058	0.018171
11494	0.018171
9928	0.018174
47314	0.018174
46901	0.018175
28791	0.018176
28950	0.018177
24169	0.018178
45722	0.018178
21122	0.018178
51692	0.018178
9374	0.018179
37151	0.018179
28936	0.018180
14926	0.018181
15217	0.018181
55333	0.018182
21634	0.018182
51424	0.018185
21077	0.018185
24441	0.018186
56355	0.018186
52051	0.018187
57805	0.018189
14062	0.018189
26770	0.018190
56328	0.018190
34306	0.018190
35793	0.018191
30270	0.018192
8872	0.018193
30069	0.018193
38659	0.018193
34824	0.018195
49849	0.018196
60454	0.018197
23773	0.018198
43125	0.018198
10752	0.018198
19298	0.018199
53832	0.018199
53262	0.018200
38331	0.018200
55684	0.018200
16017	0.018200
15607	0.018201
61224	0.018201
41682	0.018201
37246	0.018202
55711	0.018202
13797	0.018202
39101	0.018203
30509	0.018203
55211	0.018204
11621	0.018204
41151	0.018204
10237	0.018205
49369	0.018205
48963	0.018205
45807	0.018206
27236	0.018207
55052	0.018208
58375	0.018209
22698	0.018209
14299	0.018210
7855	0.018210
8636	0.018212
16537	0.018212
16317	0.018212
8560	0.018212
8796	0.018213
13765	0.018213
12217	0.018213
33359	0.018215
12719	0.018216
58390	0.018216
49900	0.018216
27877	0.018217
51201	0.018217
17056	0.018217
54891	0.018218
30132	0.018218
58632	0.018219
15804	0.018220
61428	0.018221
12005	0.018221
53767	0.018221
43729	0.018222
30786	0.018223
9297	0.018223
26843	0.018224
47904	0.018224
60513	0.018226
55695	0.018226
14906	0.018226
15199	0.018227
60413	0.018227
21599	0.018227
7386	0.018227
31207	0.018228
45542	0.018230
27390	0.018230
41969	0.018230
19021	0.018230
41579	0.018231
49317	0.018232
55195	0.018232
33011	0.018234
29794	0.018234
25413	0.018235
50001	0.018235
60721	0.018236
23667	0.018236
60726	0.018237
55749	0.018237
20222	0.018237
39022	0.018238
30072	0.018239
39799	0.018239
31285	0.018239
44146	0.018241
15374	0.018241
23950	0.018241
9897	0.018241
51159	0.018241
8548	0.018242
50063	0.018242
53883	0.018243
25721	0.018243
33438	0.018243
45198	0.018244
40778	0.018244
49804	0.018245
39887	0.018245
48116	0.018245
53016	0.018245
26007	0.018246
32545	0.018246
49971	0.018247
32951	0.018248
20059	0.018248
44160	0.018249
16108	0.018249
27880	0.018249
9417	0.018249
10194	0.018250
23628	0.018251
56974	0.018251
49436	0.018253
49782	0.018253
29150	0.018255
11294	0.018255
27164	0.018255
48050	0.018255
47805	0.018256
48512	0.018257
55568	0.018258
39146	0.018258
46162	0.018259
50375	0.018259
34109	0.018259
49057	0.018260
58489	0.018260
26087	0.018261
24129	0.018261
25717	0.018261
43965	0.018262
24788	0.018263
46644	0.018264
9833	0.018265
56909	0.018265
9819	0.018265
15909	0.018266
30171	0.018266
51262	0.018267
23158	0.018267
47039	0.018267
52430	0.018268
43444	0.018269
47096	0.018269
48486	0.018269
22961	0.018270
15200	0.018270
14087	0.018270
30752	0.018271
46365	0.018271
45715	0.018271
54278	0.018272
36277	0.018272
9921	0.018273
57314	0.018273
26398	0.018274
46372	0.018275
39773	0.018275
14492	0.018276
47238	0.018276
61087	0.018277
113803	0.018277
52261	0.018279
32085	0.018279
50672	0.018279
53834	0.018280
14620	0.018280
15975	0.018281
40940	0.018281
43230	0.018283
46073	0.018283
48615	0.018283
27162	0.018284
12693	0.018284
27044	0.018284
12456	0.018285
37114	0.018285
53004	0.018286
33112	0.018287
55087	0.018287
29195	0.018287
43996	0.018287
35118	0.018288
13568	0.018289
8024	0.018290
49487	0.018290
22240	0.018291
32017	0.018292
56641	0.018293
58617	0.018294
14951	0.018294
6943	0.018296
33996	0.018297
60915	0.018297
44120	0.018297
24159	0.018300
12652	0.018301
50519	0.018301
41919	0.018302
40743	0.018302
15051	0.018303
45712	0.018303
54887	0.018305
42190	0.018306
47093	0.018307
30465	0.018307
55671	0.018308
48619	0.018308
47075	0.018308
11013	0.018310
53288	0.018310
13883	0.018310
43388	0.018312
27041	0.018312
40444	0.018312
22673	0.018312
49316	0.018313
15886	0.018313
12216	0.018315
42904	0.018316
57364	0.018316
14954	0.018317
13066	0.018317
39269	0.018317
14936	0.018317
13002	0.018318
25342	0.018318
44858	0.018320
14776	0.018320
32233	0.018320
10891	0.018321
21562	0.018322
50939	0.018322
16311	0.018323
29898	0.018324
7946	0.018324
56429	0.018325
14550	0.018325
8122	0.018327
32915	0.018329
47609	0.018329
57613	0.018331
8070	0.018332
39487	0.018332
52130	0.018332
31507	0.018333
61155	0.018333
10467	0.018333
8907	0.018334
27688	0.018336
32653	0.018336
60273	0.018337
7718	0.018337
7784	0.018338
20139	0.018338
24493	0.018338
57897	0.018339
14611	0.018339
6922	0.018339
34501	0.018339
15608	0.018340
17530	0.018340
8920	0.018341
16684	0.018342
36975	0.018342
29104	0.018342
42021	0.018343
49513	0.018343
14697	0.018343
30065	0.018344
29945	0.018344
13529	0.018344
7625	0.018345
27200	0.018346
24390	0.018346
22428	0.018346
11141	0.018346
17348	0.018346
29189	0.018347
55956	0.018347
8800	0.018347
11031	0.018348
19485	0.018348
47954	0.018349
27138	0.018349
45148	0.018349
32014	0.018350
25505	0.018350
53818	0.018352
24272	0.018353
35271	0.018353
32694	0.018355
13811	0.018356
45662	0.018356
7054	0.018356
32875	0.018360
22315	0.018360
15106	0.018361
54756	0.018364
52217	0.018365
38112	0.018365
29241	0.018365
9931	0.018365
13109	0.018365
31102	0.018367
48500	0.018367
43788	0.018367
58453	0.018369
7809	0.018369
15185	0.018369
37960	0.018370
15400	0.018370
32391	0.018371
21610	0.018371
60618	0.018371
30137	0.018371
56850	0.018372
21618	0.018372
7678	0.018373
54614	0.018373
9860	0.018374
16204	0.018375
13856	0.018376
43509	0.018377
34911	0.018377
23380	0.018377
46755	0.018378
34515	0.018378
29739	0.018379
14733	0.018379
22284	0.018381
34909	0.018381
52792	0.018381
10323	0.018382
14013	0.018382
39400	0.018383
24612	0.018383
8848	0.018383
32766	0.018383
20924	0.018384
16740	0.018384
50080	0.018385
51888	0.018385
37183	0.018387
30034	0.018387
17476	0.018388
38457	0.018389
37386	0.018390
54607	0.018391
54167	0.018394
15803	0.018394
41685	0.018396
9152	0.018396
16436	0.018397
39938	0.018397
45442	0.018397
34348	0.018398
13748	0.018399
47603	0.018400
49312	0.018400
38544	0.018401
34905	0.018402
20537	0.018402
57577	0.018403
42380	0.018403
36739	0.018404
51843	0.018405
36433	0.018406
23099	0.018406
55879	0.018408
33286	0.018408
31150	0.018409
56738	0.018409
38823	0.018409
13544	0.018409
23355	0.018410
9048	0.018410
20443	0.018410
54747	0.018410
39105	0.018412
50143	0.018412
48299	0.018412
31391	0.018412
33243	0.018413
19206	0.018413
33683	0.018414
10358	0.018414
58438	0.018415
30142	0.018416
40033	0.018416
32826	0.018417
16875	0.018418
30551	0.018420
32311	0.018421
17263	0.018422
15724	0.018422
56953	0.018422
7679	0.018423
28367	0.018423
56180	0.018424
8783	0.018424
14151	0.018425
35586	0.018425
38803	0.018425
46397	0.018425
27845	0.018425
48296	0.018426
10320	0.018428
10885	0.018428
42084	0.018430
48892	0.018430
32574	0.018430
46203	0.018430
57199	0.018430
14313	0.018432
37364	0.018432
9699	0.018433
13793	0.018435
30173	0.018435
25013	0.018435
45775	0.018437
14569	0.018438
10286	0.018438
52594	0.018439
25580	0.018439
41407	0.018440
48721	0.018441
8789	0.018442
21189	0.018442
13391	0.018442
53096	0.018442
50442	0.018442
23953	0.018442
26227	0.018443
8634	0.018443
12968	0.018444
58482	0.018444
47133	0.018447
50140	0.018447
49283	0.018447
7383	0.018447
52010	0.018448
36082	0.018449
12678	0.018451
16694	0.018453
30291	0.018454
30286	0.018455
22271	0.018455
14153	0.018456
47688	0.018456
57171	0.018456
9171	0.018456
7088	0.018456
29782	0.018458
38327	0.018458
8680	0.018458
47865	0.018458
38347	0.018458
28887	0.018459
26514	0.018460
58152	0.018461
9895	0.018461
28394	0.018461
44945	0.018461
44833	0.018461
9715	0.018462
48431	0.018462
26913	0.018463
12754	0.018464
14556	0.018464
25715	0.018465
50723	0.018465
46981	0.018467
15487	0.018467
10744	0.018467
37971	0.018468
17120	0.018468
57864	0.018468
34091	0.018469
32938	0.018471
15048	0.018471
22609	0.018472
21982	0.018473
36014	0.018473
28101	0.018474
51031	0.018474
36721	0.018475
9712	0.018476
60766	0.018476
46278	0.018478
9494	0.018479
46289	0.018479
58419	0.018480
8278	0.018480
21054	0.018481
53263	0.018481
31452	0.018482
35709	0.018484
12027	0.018485
28122	0.018486
51146	0.018487
30022	0.018489
52231	0.018489
11142	0.018489
38287	0.018490
34889	0.018490
53943	0.018491
37843	0.018492
26666	0.018492
31124	0.018492
23680	0.018493
7239	0.018494
20901	0.018495
39797	0.018495
14883	0.018497
54895	0.018497
53723	0.018497
24282	0.018498
38907	0.018498
51722	0.018498
42687	0.018498
60314	0.018498
43484	0.018499
54879	0.018501
31771	0.018501
36326	0.018502
38882	0.018503
49171	0.018504
51758	0.018505
42697	0.018505
16517	0.018507
54767	0.018507
14497	0.018508
22223	0.018508
17218	0.018508
13392	0.018509
11525	0.018511
34446	0.018511
55112	0.018511
45946	0.018512
7955	0.018513
49371	0.018514
17606	0.018514
57310	0.018516
37002	0.018517
46891	0.018517
48109	0.018517
30638	0.018518
39301	0.018518
49176	0.018518
19294	0.018518
8887	0.018519
53814	0.018519
16584	0.018519
52153	0.018521
7530	0.018521
39617	0.018521
9021	0.018522
16520	0.018522
25058	0.018522
14109	0.018522
10546	0.018525
14233	0.018525
32701	0.018526
42751	0.018526
21804	0.018527
52617	0.018528
21772	0.018528
10946	0.018530
12628	0.018530
10123	0.018530
40357	0.018530
48032	0.018530
41660	0.018531
55634	0.018532
55643	0.018534
60333	0.018534
56103	0.018535
37315	0.018535
16681	0.018536
52998	0.018536
11498	0.018536
33196	0.018537
33419	0.018538
52080	0.018538
26191	0.018539
47230	0.018539
54170	0.018540
13969	0.018540
11366	0.018540
8773	0.018541
28933	0.018542
7761	0.018542
14245	0.018543
25350	0.018543
60891	0.018543
54327	0.018543
52737	0.018545
33351	0.018545
51941	0.018545
60700	0.018547
21043	0.018548
49287	0.018549
20463	0.018550
15128	0.018550
36285	0.018551
45269	0.018551
9696	0.018551
39058	0.018551
19379	0.018551
26686	0.018552
44166	0.018553
47681	0.018553
49265	0.018554
23220	0.018554
28972	0.018554
17478	0.018554
53530	0.018558
16649	0.018559
59461	0.018560
35842	0.018560
16233	0.018561
53618	0.018563
14745	0.018564
11570	0.018564
17443	0.018564
58039	0.018565
43121	0.018566
36574	0.018566
21399	0.018567
13487	0.018567
49829	0.018571
43395	0.018572
13522	0.018572
34666	0.018572
45486	0.018573
29176	0.018573
50627	0.018573
49777	0.018573
42200	0.018574
43324	0.018575
11997	0.018575
53641	0.018575
48377	0.018575
49366	0.018576
60785	0.018577
10065	0.018577
33076	0.018577
14008	0.018578
11349	0.018578
58456	0.018579
7123	0.018579
53988	0.018579
43448	0.018579
55497	0.018580
53613	0.018581
9683	0.018581
50142	0.018582
43968	0.018583
34660	0.018583
58448	0.018583
44039	0.018584
17172	0.018586
57006	0.018587
30915	0.018587
19010	0.018587
49551	0.018589
9082	0.018589
12404	0.018589
12770	0.018590
15614	0.018590
42093	0.018593
39945	0.018595
52378	0.018595
47031	0.018595
46274	0.018596
39738	0.018597
39335	0.018597
40900	0.018599
61004	0.018602
50789	0.018602
48309	0.018602
16821	0.018604
37275	0.018605
28817	0.018605
10090	0.018606
39510	0.018607
55605	0.018608
15345	0.018609
37345	0.018609
21116	0.018610
23561	0.018610
7510	0.018611
34672	0.018613
20904	0.018615
23849	0.018615
8064	0.018616
38673	0.018617
43588	0.018617
20604	0.018617
21075	0.018618
44991	0.018619
24735	0.018619
52409	0.018619
8804	0.018619
37943	0.018619
56729	0.018620
26540	0.018620
14379	0.018620
57451	0.018620
15547	0.018620
46745	0.018621
31070	0.018622
54909	0.018623
8188	0.018624
12750	0.018625
22198	0.018625
47709	0.018625
13179	0.018625
50532	0.018626
26987	0.018626
52845	0.018627
55882	0.018629
15145	0.018630
61640	0.018630
22137	0.018630
53056	0.018630
23159	0.018631
56666	0.018632
16320	0.018632
14490	0.018632
56139	0.018632
32114	0.018633
35917	0.018633
36360	0.018634
34669	0.018635
54867	0.018637
25395	0.018638
32808	0.018639
60187	0.018639
53898	0.018639
32053	0.018639
7634	0.018639
28776	0.018639
21551	0.018640
55013	0.018641
26787	0.018641
14475	0.018642
56563	0.018643
34869	0.018644
53245	0.018646
38258	0.018646
26406	0.018646
47022	0.018647
11827	0.018647
23584	0.018647
33991	0.018647
37905	0.018647
15344	0.018648
19334	0.018648
25201	0.018648
38658	0.018650
43012	0.018650
22350	0.018651
43036	0.018651
16047	0.018652
47868	0.018652
45153	0.018653
7782	0.018653
29444	0.018653
15519	0.018654
41729	0.018654
46929	0.018655
12137	0.018656
50839	0.018656
39615	0.018656
25003	0.018656
12773	0.018657
32422	0.018658
20921	0.018658
12145	0.018658
52349	0.018660
40695	0.018661
32411	0.018665
51725	0.018665
21222	0.018665
31829	0.018666
16923	0.018666
16612	0.018667
40257	0.018668
29935	0.018668
24033	0.018668
58415	0.018669
17248	0.018670
15808	0.018670
12365	0.018671
14987	0.018672
54657	0.018672
49251	0.018673
45137	0.018673
32080	0.018674
46475	0.018674
24270	0.018674
27818	0.018674
25486	0.018675
36392	0.018676
21187	0.018677
11740	0.018678
13137	0.018678
13658	0.018679
7536	0.018680
12559	0.018681
16905	0.018682
7587	0.018683
44418	0.018683
36571	0.018683
23557	0.018684
31257	0.018684
22612	0.018686
57269	0.018686
34248	0.018686
15543	0.018686
53270	0.018686
8482	0.018687
23453	0.018687
17215	0.018689
38308	0.018689
33146	0.018690
51462	0.018690
32838	0.018691
15674	0.018691
45544	0.018691
8542	0.018692
9846	0.018692
50174	0.018693
49752	0.018693
7047	0.018693
7802	0.018693
43723	0.018694
33864	0.018694
23562	0.018695
29264	0.018696
25784	0.018697
44346	0.018697
47626	0.018698
8182	0.018698
30949	0.018699
55512	0.018699
51181	0.018700
47435	0.018701
53947	0.018701
14549	0.018703
8016	0.018703
32865	0.018704
53137	0.018704
41143	0.018705
45689	0.018707
36395	0.018707
38808	0.018709
21687	0.018709
46910	0.018710
38317	0.018710
21393	0.018710
9695	0.018711
10755	0.018712
25255	0.018712
42347	0.018713
60502	0.018714
38884	0.018717
27998	0.018717
10432	0.018718
15745	0.018718
48161	0.018718
8339	0.018718
61628	0.018719
24733	0.018719
19056	0.018719
14882	0.018720
23779	0.018720
32601	0.018720
27421	0.018721
10157	0.018721
27188	0.018722
61567	0.018723
29038	0.018724
34205	0.018725
52097	0.018725
36611	0.018725
20748	0.018726
10556	0.018726
9003	0.018726
19689	0.018728
21460	0.018728
22549	0.018730
19641	0.018730
22196	0.018731
10179	0.018731
56945	0.018732
53998	0.018734
19522	0.018735
41245	0.018735
41820	0.018735
16759	0.018735
17453	0.018735
53115	0.018735
51187	0.018736
60742	0.018737
56044	0.018737
16805	0.018738
15467	0.018738
57490	0.018739
9431	0.018740
51131	0.018740
45092	0.018741
38181	0.018741
52760	0.018741
10982	0.018743
15551	0.018744
8870	0.018745
8681	0.018745
14525	0.018746
21669	0.018747
40680	0.018748
17007	0.018749
54369	0.018749
26701	0.018749
32706	0.018750
30979	0.018753
23979	0.018754
57582	0.018754
54884	0.018754
61114	0.018755
31270	0.018757
16104	0.018760
14010	0.018761
49361	0.018761
13594	0.018761
26090	0.018762
39026	0.018762
9282	0.018762
32648	0.018763
10209	0.018763
60896	0.018763
60360	0.018764
23119	0.018766
48073	0.018767
19217	0.018768
34980	0.018769
37147	0.018770
53827	0.018770
45194	0.018770
21254	0.018772
6902	0.018772
50468	0.018772
11619	0.018772
57645	0.018774
15514	0.018774
28717	0.018775
15876	0.018779
36374	0.018779
10056	0.018779
41515	0.018780
45727	0.018780
14193	0.018780
18409	0.018781
34377	0.018781
46070	0.018782
47377	0.018782
42226	0.018782
52315	0.018782
15137	0.018783
58615	0.018785
22157	0.018785
36793	0.018785
7686	0.018787
28782	0.018788
34217	0.018789
20763	0.018789
26957	0.018790
8331	0.018791
58538	0.018791
24777	0.018791
27635	0.018792
49063	0.018793
20331	0.018793
11555	0.018793
36388	0.018793
15392	0.018794
54704	0.018794
37368	0.018796
50414	0.018796
33978	0.018797
12090	0.018797
32636	0.018798
46933	0.018799
16303	0.018800
39163	0.018801
32798	0.018802
49036	0.018803
10176	0.018803
20700	0.018803
49470	0.018804
15005	0.018805
31667	0.018805
32755	0.018807
32655	0.018807
53904	0.018807
32638	0.018808
10266	0.018809
61236	0.018809
29978	0.018809
32305	0.018810
30994	0.018810
39810	0.018811
15947	0.018812
46916	0.018812
29262	0.018813
8724	0.018815
31538	0.018815
47340	0.018816
11274	0.018816
14382	0.018816
10976	0.018816
60280	0.018817
61167	0.018817
48379	0.018819
58579	0.018820
14655	0.018820
29343	0.018821
39458	0.018821
39089	0.018823
40588	0.018823
56996	0.018823
38761	0.018823
31909	0.018824
29731	0.018824
29252	0.018825
10746	0.018827
10122	0.018827
13916	0.018827
8567	0.018829
11495	0.018829
16841	0.018829
19052	0.018832
32027	0.018832
39451	0.018832
8001	0.018833
11381	0.018834
12400	0.018835
12484	0.018835
51979	0.018836
35551	0.018836
56691	0.018837
10253	0.018837
19364	0.018837
28298	0.018838
53993	0.018839
12575	0.018839
15540	0.018840
53871	0.018840
14260	0.018840
32981	0.018840
47215	0.018841
14588	0.018842
9242	0.018843
32913	0.018843
27394	0.018845
36349	0.018847
11006	0.018847
28127	0.018848
9177	0.018849
8979	0.018850
14841	0.018851
13997	0.018851
39041	0.018852
42957	0.018852
48818	0.018852
26093	0.018853
21014	0.018853
45896	0.018854
12392	0.018856
52568	0.018858
27347	0.018858
15428	0.018859
57389	0.018859
57103	0.018859
26959	0.018860
39227	0.018861
34288	0.018862
33705	0.018862
48885	0.018862
20299	0.018862
26789	0.018863
39014	0.018863
13878	0.018864
56151	0.018864
27738	0.018865
38385	0.018865
10910	0.018866
27369	0.018866
16540	0.018866
54612	0.018868
19347	0.018868
60840	0.018869
41456	0.018869
50034	0.018870
57516	0.018871
54574	0.018871
39815	0.018872
57061	0.018872
41968	0.018875
32433	0.018876
29522	0.018877
24839	0.018878
14007	0.018879
34062	0.018879
13274	0.018879
28125	0.018880
9535	0.018880
21728	0.018881
56539	0.018881
16995	0.018883
11350	0.018884
57620	0.018884
39151	0.018885
15596	0.018885
21367	0.018885
7656	0.018885
56694	0.018885
15521	0.018885
35711	0.018885
46795	0.018886
33362	0.018886
16515	0.018886
15300	0.018889
8595	0.018889
43609	0.018890
12943	0.018891
22361	0.018891
44652	0.018892
52215	0.018892
30679	0.018893
9090	0.018893
15219	0.018893
29218	0.018893
34706	0.018893
9387	0.018893
17081	0.018894
56195	0.018894
42246	0.018895
57112	0.018895
45054	0.018896
58658	0.018896
56366	0.018896
35151	0.018897
55631	0.018897
36520	0.018897
54595	0.018898
61622	0.018898
39754	0.018900
51631	0.018901
47097	0.018902
37056	0.018904
40270	0.018905
12284	0.018905
53925	0.018906
31918	0.018906
34138	0.018906
47960	0.018907
36884	0.018908
49647	0.018910
14752	0.018911
7792	0.018911
40984	0.018911
9657	0.018912
25020	0.018912
10788	0.018912
16997	0.018913
21707	0.018914
10406	0.018914
34024	0.018914
60929	0.018914
61051	0.018914
61129	0.018914
38010	0.018916
16343	0.018916
37097	0.018916
10331	0.018917
35071	0.018918
22837	0.018919
55555	0.018920
35286	0.018922
55328	0.018923
45360	0.018923
37102	0.018923
6919	0.018924
27252	0.018925
23386	0.018925
61554	0.018925
8632	0.018925
23747	0.018926
17128	0.018926
17681	0.018926
14314	0.018926
8524	0.018927
12519	0.018928
42390	0.018929
41132	0.018930
22230	0.018931
45535	0.018931
39455	0.018931
22218	0.018933
55181	0.018934
8160	0.018936
25588	0.018937
50540	0.018937
32140	0.018938
28002	0.018938
57466	0.018939
33458	0.018939
9868	0.018939
25182	0.018942
41146	0.018942
38904	0.018942
37150	0.018943
56455	0.018943
15355	0.018943
36356	0.018944
7320	0.018945
22468	0.018945
38305	0.018946
16097	0.018946
31576	0.018946
15610	0.018947
34653	0.018948
43165	0.018949
13851	0.018949
10844	0.018951
16494	0.018951
17439	0.018951
12111	0.018952
45411	0.018952
61119	0.018952
25496	0.018952
13788	0.018952
8902	0.018954
37893	0.018954
47370	0.018954
47147	0.018954
14317	0.018955
8556	0.018955
23472	0.018956
16696	0.018956
53907	0.018956
21636	0.018956
45271	0.018957
10126	0.018957
26757	0.018957
7862	0.018959
36205	0.018960
25070	0.018961
25234	0.018961
50314	0.018962
52600	0.018962
50215	0.018963
47586	0.018963
14021	0.018965
19796	0.018966
30687	0.018967
14116	0.018968
28872	0.018969
61203	0.018970
11034	0.018971
7285	0.018971
49796	0.018971
26546	0.018971
12781	0.018973
54262	0.018974
42846	0.018975
39840	0.018975
10553	0.018975
43159	0.018976
10302	0.018976
16011	0.018977
23189	0.018977
47476	0.018977
17442	0.018978
34374	0.018979
57087	0.018980
52996	0.018980
14963	0.018981
46469	0.018981
17177	0.018984
53196	0.018984
57862	0.018986
53636	0.018987
23993	0.018987
38578	0.018987
50679	0.018989
51321	0.018989
15670	0.018990
24385	0.018990
10952	0.018990
23312	0.018991
56829	0.018991
45925	0.018993
24236	0.018993
36950	0.018993
46071	0.018993
20095	0.018994
21553	0.018994
54459	0.018994
47766	0.018994
39345	0.018994
57177	0.018995
56672	0.018995
22376	0.018996
11333	0.018997
32287	0.018997
23515	0.018997
35468	0.019000
19674	0.019000
15875	0.019001
52936	0.019002
60313	0.019002
37238	0.019003
53113	0.019003
29165	0.019003
60666	0.019004
19290	0.019004
32543	0.019005
7983	0.019006
18381	0.019006
25453	0.019006
29080	0.019006
21590	0.019006
25806	0.019006
16822	0.019006
9551	0.019006
39575	0.019008
53179	0.019008
57908	0.019009
11801	0.019010
36460	0.019010
47907	0.019012
47183	0.019012
42211	0.019012
12670	0.019012
31190	0.019013
28195	0.019014
9087	0.019015
46224	0.019015
29890	0.019015
54213	0.019015
10127	0.019016
55473	0.019016
56172	0.019016
8577	0.019017
42101	0.019018
20209	0.019018
56306	0.019021
11774	0.019021
7072	0.019021
41454	0.019023
25112	0.019024
56778	0.019024
36202	0.019024
35024	0.019026
41345	0.019026
25700	0.019027
22145	0.019027
60272	0.019028
61593	0.019029
42693	0.019029
57629	0.019029
10689	0.019031
29943	0.019034
15375	0.019035
11196	0.019035
41611	0.019036
13239	0.019036
15916	0.019037
55467	0.019038
35794	0.019039
46045	0.019040
28354	0.019040
36001	0.019040
41894	0.019041
50885	0.019042
32142	0.019043
54616	0.019043
17298	0.019045
31018	0.019045
17524	0.019046
61385	0.019046
35699	0.019047
12270	0.019047
7964	0.019047
25974	0.019048
41799	0.019049
40808	0.019050
10712	0.019050
55876	0.019051
37669	0.019051
10679	0.019051
25037	0.019052
27645	0.019053
58194	0.019053
38448	0.019054
9386	0.019054
16849	0.019054
7310	0.019056
7928	0.019057
22935	0.019057
10192	0.019058
40009	0.019060
54486	0.019061
47638	0.019061
34080	0.019062
12520	0.019062
58314	0.019064
8966	0.019064
52157	0.019065
31437	0.019066
42937	0.019066
28286	0.019067
27325	0.019067
9813	0.019068
30236	0.019068
51294	0.019069
40378	0.019069
44860	0.019070
50509	0.019071
16959	0.019071
51244	0.019072
57066	0.019072
29953	0.019073
56647	0.019074
14835	0.019074
27970	0.019076
40514	0.019079
15773	0.019079
45354	0.019080
49082	0.019081
54914	0.019081
48062	0.019081
39505	0.019083
30864	0.019084
49645	0.019086
36970	0.019086
37763	0.019087
57140	0.019087
48643	0.019087
30070	0.019088
43603	0.019088
26690	0.019088
10003	0.019090
22662	0.019092
10729	0.019092
25097	0.019093
38391	0.019093
30154	0.019093
17066	0.019094
15216	0.019095
26791	0.019096
53858	0.019096
28019	0.019097
25915	0.019099
53611	0.019100
37433	0.019101
55810	0.019102
56898	0.019104
8693	0.019105
11330	0.019105
52603	0.019106
55061	0.019106
47020	0.019107
24468	0.019107
49087	0.019108
49127	0.019108
49902	0.019108
34046	0.019108
11410	0.019108
16746	0.019108
7676	0.019109
13191	0.019109
30851	0.019109
9348	0.019109
34916	0.019110
37365	0.019111
29205	0.019112
23947	0.019112
7963	0.019112
9981	0.019113
54576	0.019113
52637	0.019114
43568	0.019114
35678	0.019114
20498	0.019116
30046	0.019117
42000	0.019117
39880	0.019117
42286	0.019119
26182	0.019119
56630	0.019119
7207	0.019119
53471	0.019119
19505	0.019120
37465	0.019121
35580	0.019121
14272	0.019122
45651	0.019122
40218	0.019123
36910	0.019123
35557	0.019123
12672	0.019124
51093	0.019124
14036	0.019124
37372	0.019124
24709	0.019124
25170	0.019125
11100	0.019125
7944	0.019126
54713	0.019126
14276	0.019127
58487	0.019128
36455	0.019130
20171	0.019130
16892	0.019130
44157	0.019131
54074	0.019131
50726	0.019132
36909	0.019134
47883	0.019134
10501	0.019135
32487	0.019136
10364	0.019137
46970	0.019138
38602	0.019139
12469	0.019140
7108	0.019141
48194	0.019143
34067	0.019147
22155	0.019147
26533	0.019148
25110	0.019149
13129	0.019150
8171	0.019151
45337	0.019152
49339	0.019153
44499	0.019154
32326	0.019154
26955	0.019154
43129	0.019155
49595	0.019155
43069	0.019157
30092	0.019158
27371	0.019159
45837	0.019159
12709	0.019160
57933	0.019161
47571	0.019164
20742	0.019166
21491	0.019166
8550	0.019166
12173	0.019166
52188	0.019168
13530	0.019168
7917	0.019168
37743	0.019169
45993	0.019169
19501	0.019170
17063	0.019170
26698	0.019170
57715	0.019170
45760	0.019171
38208	0.019171
25310	0.019171
14686	0.019172
27536	0.019173
33734	0.019174
38324	0.019175
31154	0.019175
28031	0.019176
45764	0.019177
17015	0.019179
9081	0.019179
14996	0.019181
13379	0.019182
61105	0.019182
56510	0.019183
26424	0.019183
19106	0.019184
42103	0.019186
25438	0.019186
16883	0.019187
33176	0.019190
42610	0.019191
52782	0.019191
13033	0.019192
12442	0.019192
39507	0.019192
26332	0.019193
38739	0.019193
9665	0.019193
23533	0.019194
14859	0.019195
49669	0.019195
34958	0.019195
34407	0.019196
34452	0.019197
11829	0.019197
22179	0.019197
12014	0.019198
20793	0.019199
55693	0.019200
45294	0.019200
55272	0.019203
19223	0.019203
60520	0.019206
9923	0.019206
8583	0.019207
10847	0.019207
44661	0.019208
51435	0.019208
52918	0.019208
16781	0.019209
42267	0.019209
13456	0.019209
27260	0.019210
26935	0.019212
27886	0.019212
8890	0.019213
50267	0.019216
15908	0.019216
50071	0.019216
48404	0.019216
52145	0.019217
27406	0.019218
27730	0.019218
47983	0.019219
35798	0.019219
21130	0.019220
47380	0.019222
8718	0.019223
7743	0.019223
40260	0.019224
40102	0.019225
56981	0.019225
12836	0.019226
10770	0.019227
56324	0.019227
19393	0.019228
7863	0.019229
7547	0.019229
10381	0.019229
10822	0.019229
11634	0.019229
12156	0.019229
12362	0.019229
13532	0.019229
15794	0.019229
22046	0.019229
22098	0.019229
22459	0.019229
24078	0.019229
27029	0.019229
27054	0.019229
32452	0.019229
32622	0.019229
33092	0.019229
33466	0.019229
37032	0.019229
39217	0.019229
39758	0.019229
40492	0.019229
41970	0.019229
43842	0.019229
46166	0.019229
46545	0.019229
46549	0.019229
47996	0.019229
50499	0.019229
52052	0.019229
52712	0.019229
52729	0.019229
52735	0.019229
52932	0.019229
55144	0.019229
55637	0.019229
55640	0.019229
55651	0.019229
58985	0.019229
60408	0.019229
60526	0.019229
60566	0.019229
60903	0.019229
61100	0.019229
61395	0.019229
61404	0.019229
7221	0.019229
7603	0.019229
9229	0.019229
9267	0.019229
9734	0.019229
9832	0.019229
13809	0.019230
7045	0.019230
48147	0.019232
58638	0.019232
28632	0.019232
17133	0.019233
33041	0.019233
9942	0.019233
19087	0.019235
54310	0.019236
14075	0.019237
15759	0.019238
56414	0.019238
21632	0.019238
35443	0.019239
13772	0.019240
42197	0.019241
51957	0.019241
10655	0.019242
39483	0.019242
53663	0.019243
21880	0.019243
10061	0.019243
49489	0.019244
32657	0.019244
17341	0.019244
52491	0.019244
39609	0.019245
48784	0.019246
41094	0.019247
37686	0.019247
56184	0.019249
41630	0.019250
41986	0.019251
43198	0.019251
39341	0.019251
54882	0.019253
47017	0.019253
28359	0.019255
49342	0.019255
9301	0.019255
37581	0.019256
61226	0.019256
14002	0.019256
20154	0.019256
40659	0.019256
48244	0.019257
25725	0.019257
7146	0.019257
25790	0.019258
34482	0.019258
42469	0.019259
37816	0.019260
12557	0.019262
42034	0.019263
24019	0.019263
32677	0.019266
16228	0.019266
15689	0.019268
52293	0.019269
14358	0.019269
56522	0.019270
19551	0.019271
14735	0.019271
17059	0.019271
9236	0.019272
37394	0.019272
15751	0.019273
42887	0.019274
58620	0.019274
32946	0.019275
37985	0.019277
15671	0.019277
44899	0.019279
60338	0.019279
16187	0.019280
41622	0.019280
7604	0.019281
29174	0.019282
35701	0.019283
9537	0.019285
32576	0.019287
7854	0.019289
29872	0.019290
27779	0.019291
9945	0.019291
7015	0.019292
23660	0.019292
17010	0.019293
7133	0.019294
49742	0.019296
51341	0.019296
55201	0.019296
16231	0.019296
28801	0.019298
14761	0.019298
17256	0.019299
20928	0.019300
8191	0.019300
8658	0.019300
60343	0.019300
36942	0.019300
52022	0.019301
44727	0.019302
46296	0.019302
55625	0.019304
37554	0.019306
11864	0.019306
27988	0.019306
26309	0.019307
14979	0.019308
35643	0.019309
39303	0.019309
40178	0.019310
7376	0.019311
30939	0.019311
17058	0.019311
35662	0.019311
41816	0.019312
56481	0.019312
26560	0.019313
28781	0.019313
48437	0.019314
54813	0.019314
27959	0.019314
15043	0.019314
45064	0.019315
49583	0.019316
45755	0.019316
22327	0.019318
49330	0.019319
14444	0.019321
8365	0.019322
16265	0.019322
15057	0.019323
14088	0.019324
20835	0.019324
10151	0.019324
13448	0.019325
8262	0.019325
39830	0.019325
37820	0.019325
32366	0.019326
50083	0.019327
13540	0.019329
33940	0.019329
29258	0.019329
7739	0.019330
57913	0.019330
28282	0.019331
10551	0.019331
29158	0.019331
35298	0.019332
37621	0.019332
14222	0.019332
50653	0.019332
50870	0.019332
49359	0.019333
39775	0.019333
34729	0.019333
14218	0.019334
7543	0.019334
53676	0.019334
28606	0.019335
31823	0.019335
19588	0.019336
56056	0.019338
10177	0.019338
29788	0.019339
24135	0.019339
60410	0.019340
20736	0.019340
37272	0.019341
31421	0.019341
34969	0.019344
44360	0.019345
45658	0.019345
10664	0.019347
16332	0.019347
47773	0.019347
54694	0.019347
27467	0.019347
9123	0.019348
34595	0.019348
51764	0.019349
45768	0.019349
8602	0.019350
45797	0.019350
57149	0.019350
22142	0.019350
24495	0.019352
8005	0.019354
21543	0.019355
52864	0.019356
57290	0.019357
46305	0.019358
40143	0.019359
43456	0.019360
10685	0.019360
35141	0.019361
14268	0.019361
41818	0.019362
14887	0.019364
10314	0.019365
35358	0.019365
36227	0.019366
53332	0.019367
37383	0.019367
44106	0.019368
13873	0.019368
38793	0.019369
11800	0.019370
11271	0.019371
22042	0.019372
54632	0.019373
42115	0.019373
52756	0.019373
35148	0.019374
15431	0.019375
40643	0.019376
40110	0.019376
14470	0.019376
28928	0.019376
61634	0.019377
37040	0.019378
14852	0.019379
33640	0.019380
42995	0.019381
9859	0.019381
48189	0.019382
25426	0.019382
7737	0.019383
57127	0.019383
25174	0.019385
53887	0.019386
33964	0.019386
17094	0.019388
23466	0.019388
29546	0.019388
56261	0.019389
20025	0.019389
54317	0.019390
25516	0.019390
30193	0.019391
60542	0.019391
45493	0.019392
32822	0.019393
60465	0.019393
21541	0.019394
27615	0.019394
28132	0.019396
21455	0.019396
37053	0.019397
10632	0.019397
54470	0.019397
15350	0.019397
12753	0.019397
28712	0.019398
17227	0.019398
44995	0.019398
17035	0.019399
26428	0.019400
26662	0.019401
19565	0.019401
8243	0.019404
49261	0.019406
23067	0.019407
47923	0.019407
25411	0.019407
53052	0.019407
57870	0.019408
46116	0.019408
23415	0.019408
7280	0.019409
26999	0.019409
10015	0.019412
49618	0.019412
23484	0.019413
9086	0.019414
22900	0.019414
28680	0.019415
47733	0.019415
9114	0.019415
21448	0.019416
22076	0.019416
7556	0.019416
9847	0.019417
50807	0.019418
32245	0.019418
37511	0.019420
16885	0.019421
42016	0.019422
56553	0.019423
39660	0.019425
26881	0.019426
41748	0.019426
33102	0.019427
48852	0.019427
56034	0.019427
50927	0.019428
12885	0.019428
17464	0.019428
21140	0.019430
32295	0.019430
28690	0.019430
38268	0.019431
14302	0.019431
39707	0.019431
57074	0.019433
24115	0.019434
7968	0.019435
53405	0.019435
48164	0.019435
14719	0.019436
34499	0.019436
15906	0.019438
57335	0.019438
50718	0.019438
9043	0.019439
23164	0.019439
26585	0.019439
45480	0.019439
12042	0.019440
13314	0.019440
44691	0.019441
55509	0.019441
47704	0.019441
12149	0.019442
34689	0.019444
10032	0.019444
39804	0.019444
56587	0.019445
22885	0.019446
30564	0.019448
8394	0.019448
13089	0.019449
13397	0.019450
40398	0.019452
30135	0.019453
41768	0.019453
54022	0.019453
10778	0.019453
41523	0.019454
25145	0.019455
60833	0.019456
28770	0.019456
44594	0.019457
47428	0.019458
36649	0.019458
48242	0.019459
54741	0.019460
12772	0.019461
29107	0.019463
41594	0.019463
27278	0.019463
13776	0.019464
17025	0.019464
39306	0.019464
52544	0.019464
14133	0.019464
16861	0.019465
23764	0.019465
8048	0.019466
27056	0.019466
11853	0.019468
45606	0.019469
16953	0.019469
33746	0.019470
38663	0.019470
41858	0.019470
49148	0.019471
30364	0.019472
30697	0.019472
39518	0.019473
52399	0.019476
25406	0.019479
14846	0.019479
55184	0.019481
41676	0.019481
46536	0.019483
46724	0.019484
49889	0.019484
7407	0.019484
18287	0.019485
48757	0.019487
19325	0.019487
60808	0.019488
57742	0.019488
47584	0.019488
13666	0.019488
30757	0.019490
26611	0.019491
39848	0.019491
52629	0.019492
45229	0.019493
32222	0.019493
10328	0.019494
15963	0.019494
16288	0.019495
47232	0.019496
12997	0.019496
10128	0.019497
52872	0.019499
41021	0.019499
10356	0.019499
7669	0.019500
23442	0.019500
26339	0.019502
14589	0.019503
13438	0.019503
56385	0.019503
53839	0.019503
38690	0.019504
10169	0.019506
12839	0.019507
41788	0.019508
47066	0.019509
11219	0.019512
34417	0.019512
37900	0.019513
20914	0.019513
16815	0.019513
37065	0.019514
10547	0.019514
14055	0.019514
11607	0.019514
12401	0.019516
14342	0.019517
43823	0.019518
23650	0.019518
12125	0.019519
53144	0.019519
61453	0.019520
31041	0.019521
22650	0.019521
20100	0.019523
22803	0.019523
17557	0.019524
44843	0.019526
29976	0.019527
18384	0.019529
12994	0.019529
56382	0.019532
58252	0.019532
57810	0.019532
50390	0.019532
16967	0.019533
51900	0.019534
14641	0.019534
20033	0.019537
7103	0.019537
7128	0.019537
8961	0.019538
50565	0.019539
57618	0.019539
48940	0.019540
52788	0.019540
28411	0.019542
31886	0.019543
40732	0.019544
41842	0.019544
57821	0.019546
36080	0.019546
23186	0.019546
25988	0.019547
28764	0.019549
24012	0.019552
33318	0.019553
43891	0.019554
20249	0.019555
54670	0.019557
37026	0.019558
9470	0.019558
52093	0.019559
49997	0.019561
44663	0.019561
55208	0.019561
112655	0.019562
8788	0.019563
27831	0.019564
47103	0.019564
32884	0.019564
10070	0.019566
11122	0.019567
58330	0.019570
11608	0.019572
7288	0.019572
45603	0.019572
27144	0.019572
40747	0.019573
22717	0.019573
42030	0.019574
47508	0.019574
10071	0.019574
26096	0.019575
11301	0.019575
13719	0.019576
16214	0.019577
10064	0.019578
7341	0.019579
27747	0.019579
21810	0.019580
16360	0.019580
49334	0.019581
10526	0.019581
38766	0.019582
9054	0.019582
15728	0.019583
57308	0.019583
21472	0.019584
41812	0.019584
8329	0.019584
29856	0.019585
42047	0.019587
34507	0.019588
11424	0.019589
51022	0.019589
60424	0.019591
15524	0.019592
61187	0.019592
47220	0.019593
49450	0.019593
52489	0.019594
26055	0.019596
22992	0.019596
33932	0.019597
10470	0.019598
41569	0.019599
8077	0.019599
35618	0.019599
22457	0.019599
23535	0.019602
13533	0.019603
55183	0.019605
16140	0.019605
27870	0.019605
14994	0.019606
13593	0.019608
16092	0.019609
23518	0.019609
24857	0.019609
54609	0.019611
35688	0.019614
27606	0.019614
41607	0.019615
43320	0.019615
49434	0.019616
11449	0.019619
42848	0.019620
51279	0.019620
36954	0.019621
19684	0.019624
22215	0.019624
27694	0.019625
57975	0.019626
52943	0.019627
21038	0.019627
41064	0.019628
7051	0.019628
42032	0.019628
34274	0.019629
50466	0.019630
45182	0.019631
22913	0.019632
7762	0.019633
12898	0.019633
20070	0.019635
38247	0.019635
42602	0.019635
12660	0.019636
44582	0.019636
9834	0.019638
19341	0.019638
38711	0.019640
11656	0.019640
20053	0.019640
38334	0.019641
16651	0.019641
27919	0.019641
9012	0.019641
37436	0.019641
15408	0.019642
40438	0.019643
13909	0.019644
16349	0.019644
39795	0.019644
9365	0.019644
40365	0.019645
43848	0.019646
10230	0.019646
11415	0.019646
20621	0.019647
23577	0.019648
14700	0.019649
40162	0.019650
21948	0.019650
40100	0.019650
12154	0.019652
36333	0.019653
34315	0.019653
12155	0.019654
12157	0.019655
52827	0.019656
8347	0.019657
15775	0.019657
42333	0.019658
16287	0.019659
9978	0.019659
27190	0.019660
45795	0.019661
51601	0.019662
57054	0.019663
8018	0.019663
55356	0.019666
22101	0.019666
14506	0.019667
7868	0.019668
23733	0.019668
24087	0.019669
57441	0.019670
41584	0.019671
14732	0.019672
56190	0.019672
11556	0.019672
20926	0.019673
42357	0.019674
53817	0.019676
34491	0.019676
10265	0.019677
32363	0.019678
44792	0.019679
48901	0.019679
40028	0.019679
21808	0.019681
45758	0.019682
9705	0.019684
33069	0.019685
36200	0.019686
11008	0.019687
55335	0.019688
30420	0.019689
20318	0.019690
24761	0.019690
60572	0.019690
54020	0.019690
48293	0.019693
7029	0.019693
49522	0.019693
41761	0.019694
23867	0.019695
22826	0.019695
9341	0.019696
47673	0.019697
17427	0.019697
49702	0.019697
8976	0.019698
30326	0.019699
35893	0.019699
8268	0.019700
16707	0.019700
42853	0.019701
37038	0.019701
41866	0.019702
40882	0.019703
57355	0.019703
37259	0.019704
57792	0.019704
51329	0.019706
56920	0.019706
48881	0.019708
35199	0.019708
55551	0.019709
33774	0.019711
41055	0.019712
12192	0.019712
22276	0.019712
56524	0.019713
20734	0.019715
21104	0.019716
14572	0.019717
56536	0.019719
46630	0.019719
43816	0.019720
11779	0.019721
50136	0.019721
26620	0.019721
51954	0.019721
43886	0.019722
48371	0.019724
36229	0.019725
47244	0.019726
36067	0.019727
15132	0.019727
9523	0.019727
29068	0.019728
7675	0.019729
8909	0.019730
37030	0.019731
53242	0.019732
54435	0.019733
49308	0.019734
41956	0.019734
56769	0.019736
56786	0.019736
39245	0.019736
37527	0.019737
28725	0.019739
40429	0.019740
14683	0.019740
19389	0.019740
30604	0.019740
15353	0.019741
35404	0.019743
14136	0.019744
7607	0.019745
42294	0.019745
29034	0.019745
41647	0.019747
11300	0.019749
13318	0.019750
26725	0.019753
19444	0.019753
9309	0.019754
41572	0.019754
47430	0.019756
17368	0.019756
10475	0.019758
51401	0.019759
44412	0.019759
61483	0.019760
55019	0.019760
30736	0.019761
56015	0.019762
23073	0.019762
44809	0.019762
28362	0.019763
45013	0.019763
46422	0.019765
27218	0.019766
34256	0.019767
35820	0.019767
34548	0.019769
13236	0.019770
33425	0.019772
23566	0.019772
14998	0.019773
58504	0.019773
45575	0.019773
45934	0.019774
43206	0.019776
17018	0.019776
11657	0.019778
23384	0.019779
12428	0.019779
22954	0.019779
30145	0.019780
39912	0.019780
44937	0.019782
10836	0.019782
22095	0.019783
47790	0.019785
28610	0.019788
28812	0.019788
51404	0.019788
43746	0.019789
38036	0.019790
33417	0.019790
15982	0.019790
44003	0.019790
47623	0.019791
11508	0.019792
14135	0.019792
52540	0.019793
16142	0.019793
7238	0.019794
46354	0.019794
34313	0.019795
30727	0.019796
16478	0.019796
113939	0.019796
60757	0.019798
11068	0.019799
34295	0.019800
16085	0.019801
29379	0.019801
35871	0.019801
57766	0.019801
6917	0.019802
39288	0.019802
55471	0.019804
54323	0.019804
60887	0.019804
29086	0.019805
23962	0.019805
25782	0.019806
44172	0.019806
9251	0.019806
38427	0.019807
28685	0.019808
8689	0.019809
8917	0.019809
14187	0.019810
23375	0.019810
25532	0.019811
16315	0.019813
21507	0.019814
28163	0.019814
28703	0.019814
29203	0.019814
50040	0.019816
48959	0.019816
41705	0.019816
55486	0.019816
12447	0.019819
45501	0.019819
32059	0.019821
39390	0.019823
41745	0.019824
30563	0.019825
19881	0.019825
12744	0.019825
14825	0.019827
14293	0.019829
39315	0.019829
8978	0.019830
58312	0.019830
52498	0.019830
33806	0.019831
53163	0.019831
48012	0.019831
61661	0.019831
42889	0.019832
21231	0.019833
47871	0.019835
21335	0.019838
28098	0.019840
48962	0.019840
15105	0.019842
17045	0.019842
52963	0.019843
41381	0.019844
27975	0.019846
13777	0.019847
44940	0.019848
13304	0.019848
39562	0.019849
42140	0.019850
26857	0.019850
58476	0.019851
15777	0.019851
14529	0.019851
23564	0.019851
57789	0.019852
10540	0.019853
17417	0.019854
35695	0.019854
31546	0.019856
43251	0.019856
16938	0.019856
50575	0.019858
29484	0.019858
27049	0.019858
24947	0.019859
41869	0.019859
34719	0.019860
10175	0.019860
36465	0.019860
26052	0.019860
55514	0.019862
50091	0.019863
54037	0.019864
41896	0.019864
20301	0.019864
42393	0.019866
55614	0.019866
14316	0.019867
24765	0.019867
20584	0.019868
28827	0.019868
24725	0.019868
15713	0.019869
13400	0.019869
26306	0.019870
33981	0.019871
57694	0.019871
43917	0.019872
15134	0.019872
7044	0.019873
49351	0.019873
52802	0.019874
49808	0.019875
7414	0.019877
11331	0.019877
60323	0.019877
39470	0.019878
36774	0.019882
56661	0.019882
47400	0.019883
15801	0.019883
9026	0.019883
28869	0.019886
15743	0.019889
55906	0.019891
42214	0.019893
34960	0.019893
11552	0.019894
13174	0.019895
11763	0.019895
31394	0.019895
47886	0.019896
47973	0.019898
22676	0.019900
27303	0.019900
58076	0.019901
7267	0.019905
52220	0.019905
44058	0.019906
12299	0.019906
48509	0.019907
54185	0.019912
52769	0.019912
50668	0.019913
29279	0.019913
8894	0.019914
52331	0.019915
31832	0.019915
50982	0.019917
15548	0.019917
12140	0.019918
16206	0.019918
53195	0.019919
43883	0.019920
33893	0.019920
34526	0.019921
15131	0.019922
37667	0.019922
53013	0.019923
48507	0.019926
32330	0.019927
23523	0.019928
28974	0.019928
10687	0.019928
31397	0.019929
51697	0.019929
22447	0.019929
42223	0.019929
53866	0.019930
8012	0.019931
48945	0.019932
45118	0.019934
50132	0.019935
48225	0.019935
49150	0.019936
13817	0.019937
23194	0.019938
48259	0.019939
17358	0.019940
37354	0.019940
48969	0.019941
37997	0.019941
7237	0.019941
55610	0.019941
16753	0.019942
9984	0.019942
39724	0.019943
25749	0.019944
14634	0.019945
13076	0.019946
9524	0.019946
8535	0.019946
59062	0.019947
38062	0.019948
52547	0.019948
46650	0.019949
12897	0.019950
7918	0.019950
57163	0.019951
12295	0.019952
14412	0.019952
47526	0.019953
24814	0.019953
23054	0.019953
11435	0.019956
28004	0.019957
12533	0.019958
52513	0.019959
39846	0.019962
8607	0.019962
35227	0.019962
43850	0.019963
19145	0.019964
17091	0.019964
10869	0.019964
42676	0.019965
9287	0.019966
36767	0.019967
22801	0.019968
31662	0.019970
56516	0.019970
29288	0.019970
12010	0.019970
7554	0.019970
35347	0.019973
27026	0.019974
26608	0.019974
53790	0.019975
30125	0.019975
27582	0.019975
27208	0.019976
39607	0.019976
13905	0.019976
20807	0.019977
56956	0.019977
36664	0.019978
16190	0.019979
57120	0.019980
16966	0.019980
9069	0.019981
8579	0.019982
56977	0.019982
41058	0.019982
16342	0.019984
39838	0.019987
54977	0.019987
43985	0.019988
15544	0.019988
20094	0.019989
24570	0.019990
44100	0.019991
56645	0.019991
39218	0.019991
9221	0.019991
17053	0.019992
11964	0.019993
13691	0.019994
17313	0.019994
56245	0.019994
44200	0.019995
19173	0.019996
15335	0.019996
26049	0.019997
12863	0.019997
55415	0.019998
56543	0.020000
15832	0.020000
46586	0.020001
14053	0.020003
14420	0.020003
48733	0.020004
14539	0.020004
38789	0.020005
52248	0.020005
10710	0.020006
35744	0.020008
32632	0.020009
25161	0.020010
38051	0.020012
16579	0.020012
48505	0.020012
22949	0.020013
50306	0.020013
17127	0.020014
39061	0.020015
52941	0.020015
29911	0.020015
47150	0.020016
9020	0.020018
44134	0.020018
28230	0.020019
29350	0.020020
36967	0.020022
42524	0.020023
27427	0.020023
51959	0.020026
26597	0.020027
16869	0.020028
12071	0.020028
7149	0.020028
7281	0.020028
41203	0.020030
25034	0.020030
50513	0.020031
28351	0.020032
55954	0.020032
7710	0.020033
54259	0.020033
15528	0.020033
13818	0.020033
42992	0.020035
48873	0.020038
30454	0.020038
14900	0.020038
15209	0.020041
7591	0.020041
54440	0.020041
12650	0.020042
42236	0.020043
38220	0.020044
10396	0.020045
32169	0.020045
8977	0.020049
32064	0.020049
26418	0.020049
11340	0.020049
39200	0.020050
12605	0.020051
21823	0.020052
49658	0.020052
11979	0.020055
30763	0.020055
17054	0.020056
41177	0.020057
24144	0.020057
13656	0.020057
44102	0.020058
17404	0.020058
26318	0.020059
35258	0.020059
46986	0.020059
8267	0.020059
12256	0.020059
47361	0.020061
26583	0.020062
38911	0.020062
31387	0.020062
37422	0.020062
19546	0.020063
57369	0.020064
10552	0.020064
22981	0.020065
9384	0.020067
10533	0.020068
15720	0.020068
49332	0.020070
24763	0.020070
37585	0.020070
55048	0.020071
29841	0.020071
24629	0.020071
27762	0.020073
43385	0.020074
38226	0.020074
51918	0.020075
48088	0.020075
25728	0.020076
36286	0.020076
8856	0.020078
45448	0.020078
18291	0.020078
30483	0.020082
27384	0.020082
25788	0.020083
53648	0.020083
19399	0.020083
12079	0.020084
22782	0.020084
36753	0.020084
10734	0.020085
8452	0.020089
46675	0.020089
20704	0.020090
41571	0.020090
55839	0.020095
40304	0.020097
44061	0.020097
50947	0.020098
16789	0.020098
30636	0.020099
14119	0.020101
40383	0.020101
13198	0.020103
12379	0.020103
21835	0.020103
11981	0.020105
33046	0.020106
41699	0.020107
30545	0.020108
53503	0.020110
47582	0.020110
56238	0.020110
11856	0.020112
19376	0.020112
17379	0.020113
22034	0.020114
22806	0.020114
33204	0.020116
37170	0.020117
16909	0.020118
22822	0.020118
43323	0.020119
48408	0.020119
10187	0.020120
29275	0.020120
47306	0.020122
31323	0.020123
22604	0.020123
46172	0.020125
23462	0.020125
25418	0.020126
57218	0.020126
23039	0.020126
10919	0.020127
46158	0.020127
10043	0.020130
14270	0.020130
43492	0.020132
10759	0.020133
10372	0.020134
32958	0.020135
22615	0.020135
32443	0.020137
9503	0.020139
47986	0.020141
51325	0.020142
32984	0.020144
15644	0.020146
52506	0.020146
16290	0.020147
10500	0.020148
16429	0.020148
16635	0.020149
35294	0.020150
11322	0.020151
44730	0.020153
19138	0.020154
55223	0.020154
55402	0.020155
29268	0.020156
35868	0.020156
31026	0.020158
8735	0.020159
28000	0.020159
24545	0.020159
6927	0.020161
38637	0.020161
11086	0.020162
15917	0.020162
36220	0.020162
36976	0.020162
31106	0.020165
8884	0.020167
29090	0.020167
20040	0.020168
44822	0.020168
23707	0.020169
35554	0.020169
36477	0.020170
47025	0.020171
34333	0.020172
45020	0.020173
12411	0.020177
30322	0.020178
10985	0.020178
10763	0.020179
28247	0.020179
41432	0.020180
14586	0.020180
7581	0.020182
34345	0.020182
30281	0.020186
38720	0.020186
17504	0.020187
30288	0.020187
54346	0.020187
22441	0.020188
46481	0.020189
26350	0.020190
54563	0.020190
32966	0.020191
31055	0.020194
50261	0.020194
22552	0.020194
32933	0.020194
11497	0.020195
29153	0.020196
53959	0.020197
13130	0.020197
41534	0.020197
29293	0.020198
28774	0.020199
41719	0.020200
19211	0.020200
17080	0.020200
22524	0.020201
58646	0.020201
14509	0.020203
37304	0.020203
50388	0.020206
14390	0.020207
56878	0.020207
25215	0.020207
37430	0.020208
31067	0.020209
10725	0.020209
31021	0.020210
12942	0.020210
20535	0.020210
9038	0.020212
60124	0.020213
56947	0.020215
60612	0.020216
8254	0.020217
25744	0.020219
43697	0.020220
21354	0.020221
29070	0.020224
7692	0.020225
22418	0.020225
55479	0.020225
14496	0.020226
38374	0.020227
34876	0.020231
56550	0.020232
44153	0.020233
56120	0.020234
8013	0.020235
25670	0.020235
47194	0.020235
54465	0.020235
8707	0.020236
49659	0.020239
37222	0.020239
15762	0.020240
43346	0.020241
8736	0.020243
7716	0.020244
14813	0.020244
16385	0.020246
9391	0.020246
10437	0.020247
11480	0.020248
54567	0.020249
7939	0.020250
23209	0.020251
16053	0.020253
17528	0.020254
57243	0.020254
31804	0.020256
32804	0.020257
40319	0.020258
56918	0.020258
49096	0.020259
61426	0.020261
50531	0.020263
17126	0.020263
39824	0.020263
17267	0.020263
26550	0.020264
19301	0.020265
53054	0.020267
13383	0.020267
20956	0.020268
57327	0.020272
13813	0.020275
28376	0.020276
10662	0.020277
13404	0.020278
28820	0.020278
9041	0.020278
14044	0.020279
38723	0.020279
51859	0.020282
9747	0.020282
10274	0.020282
22078	0.020283
29271	0.020284
20071	0.020285
29128	0.020286
37070	0.020287
44776	0.020288
25489	0.020289
53251	0.020290
24439	0.020292
55367	0.020293
9782	0.020294
9505	0.020295
31583	0.020295
36569	0.020297
32084	0.020297
20092	0.020297
15694	0.020297
8667	0.020298
55690	0.020300
28844	0.020301
43621	0.020301
43249	0.020302
10570	0.020303
29026	0.020303
23032	0.020304
47228	0.020304
43555	0.020305
16721	0.020305
12593	0.020305
10371	0.020307
12496	0.020307
11537	0.020307
35808	0.020308
50985	0.020309
27338	0.020309
32500	0.020309
11144	0.020309
8111	0.020311
53427	0.020312
12859	0.020312
41988	0.020313
13566	0.020313
52546	0.020314
47448	0.020316
48419	0.020316
32599	0.020316
16121	0.020318
11293	0.020319
34682	0.020319
26327	0.020319
11563	0.020320
25678	0.020321
11290	0.020321
30667	0.020322
53076	0.020322
9912	0.020322
40476	0.020322
25957	0.020323
53849	0.020323
10394	0.020324
17096	0.020324
13665	0.020324
14877	0.020324
51804	0.020325
12389	0.020329
51338	0.020330
38377	0.020336
45397	0.020337
36055	0.020338
51441	0.020340
16624	0.020341
10488	0.020341
43744	0.020343
32249	0.020345
57216	0.020346
30175	0.020347
33305	0.020348
7714	0.020348
14408	0.020349
50570	0.020353
25571	0.020353
15368	0.020353
25708	0.020355
7389	0.020355
55174	0.020357
46375	0.020357
60466	0.020357
14939	0.020358
36397	0.020359
25188	0.020359
27973	0.020361
47613	0.020362
38776	0.020363
55484	0.020364
33443	0.020365
49070	0.020366
23929	0.020366
52318	0.020366
31003	0.020369
56484	0.020371
42999	0.020371
25152	0.020372
30784	0.020372
39756	0.020372
15279	0.020373
36239	0.020373
12089	0.020373
56651	0.020374
49145	0.020375
23826	0.020377
58424	0.020378
41633	0.020378
22667	0.020379
49958	0.020379
16925	0.020385
39569	0.020385
34664	0.020386
16585	0.020387
41971	0.020389
15481	0.020389
36300	0.020392
15370	0.020392
27281	0.020394
22788	0.020395
14454	0.020398
25143	0.020399
48071	0.020399
27836	0.020400
12381	0.020401
16785	0.020401
10369	0.020401
42232	0.020402
30589	0.020402
8233	0.020402
10210	0.020403
9688	0.020404
10769	0.020404
56318	0.020404
30324	0.020408
52258	0.020409
48180	0.020410
10968	0.020412
56937	0.020413
15999	0.020413
9863	0.020413
8144	0.020414
42203	0.020414
52800	0.020414
57713	0.020414
31676	0.020418
52984	0.020418
38876	0.020419
35254	0.020419
21573	0.020420
24928	0.020421
45016	0.020421
47935	0.020422
48426	0.020423
13313	0.020423
10335	0.020424
11430	0.020425
8778	0.020429
21833	0.020430
12599	0.020430
16864	0.020431
26084	0.020432
33583	0.020432
19649	0.020433
56794	0.020434
29383	0.020434
10395	0.020435
12383	0.020436
39120	0.020436
17233	0.020436
14321	0.020439
21991	0.020439
25006	0.020441
22784	0.020443
42276	0.020445
16631	0.020446
32922	0.020446
26101	0.020449
51433	0.020450
19657	0.020450
50148	0.020451
49976	0.020452
52797	0.020454
21386	0.020454
24404	0.020455
10355	0.020455
60209	0.020456
47121	0.020457
60665	0.020457
51928	0.020457
52298	0.020457
33280	0.020458
37911	0.020458
21429	0.020458
14666	0.020460
16555	0.020464
19427	0.020466
16839	0.020466
13019	0.020469
34929	0.020470
33298	0.020470
56275	0.020470
42433	0.020472
36406	0.020472
39204	0.020475
47254	0.020481
53896	0.020482
16379	0.020483
31751	0.020485
27008	0.020486
38650	0.020487
22814	0.020487
17049	0.020489
27502	0.020492
31301	0.020493
11867	0.020494
26723	0.020494
29387	0.020495
13778	0.020498
20891	0.020500
8854	0.020500
10100	0.020501
24572	0.020501
13664	0.020501
21616	0.020502
23049	0.020503
57048	0.020503
20323	0.020504
21614	0.020504
35615	0.020504
14275	0.020505
9919	0.020506
57759	0.020506
52190	0.020506
26220	0.020507
35120	0.020507
48625	0.020507
46769	0.020507
12053	0.020507
53850	0.020507
54752	0.020508
25403	0.020509
19362	0.020510
26945	0.020515
53944	0.020515
53084	0.020517
26626	0.020517
41238	0.020518
16621	0.020518
30197	0.020519
25618	0.020520
40959	0.020521
16498	0.020522
33321	0.020528
27652	0.020528
16500	0.020528
24045	0.020529
11577	0.020529
30227	0.020531
42734	0.020531
21869	0.020532
25851	0.020532
9264	0.020533
19153	0.020534
10326	0.020534
44148	0.020535
21337	0.020536
51173	0.020537
31762	0.020539
61307	0.020541
20958	0.020542
26815	0.020544
24268	0.020545
45388	0.020546
12675	0.020546
11119	0.020547
48125	0.020547
13831	0.020547
39657	0.020548
50359	0.020548
31429	0.020548
41582	0.020549
13819	0.020550
34301	0.020550
51665	0.020550
34871	0.020553
22288	0.020554
15957	0.020555
9867	0.020555
13837	0.020555
28241	0.020555
50217	0.020557
23572	0.020557
8088	0.020558
35197	0.020560
7906	0.020563
37068	0.020565
16611	0.020565
10370	0.020566
43972	0.020568
60178	0.020568
41836	0.020569
32254	0.020571
17534	0.020571
11052	0.020572
16081	0.020572
17193	0.020572
11960	0.020574
12472	0.020574
17372	0.020574
16444	0.020576
21489	0.020576
19308	0.020576
38243	0.020577
12237	0.020577
32668	0.020577
47635	0.020578
54011	0.020578
55138	0.020579
14235	0.020581
45077	0.020582
12184	0.020583
14978	0.020585
24547	0.020586
17410	0.020587
50116	0.020589
30075	0.020589
16947	0.020589
36297	0.020589
43123	0.020590
16021	0.020590
56118	0.020592
24682	0.020592
9279	0.020592
7250	0.020593
32867	0.020595
9908	0.020597
29844	0.020597
20612	0.020598
23879	0.020598
30791	0.020599
8741	0.020600
45619	0.020600
13524	0.020601
35824	0.020601
12589	0.020601
46957	0.020602
53888	0.020602
11107	0.020602
47078	0.020606
13912	0.020607
36596	0.020608
29824	0.020608
25543	0.020609
16369	0.020610
9798	0.020612
41627	0.020613
58057	0.020613
11967	0.020615
37297	0.020616
34389	0.020617
20081	0.020618
45374	0.020618
10711	0.020618
8880	0.020618
22861	0.020619
115446	0.020619
13814	0.020620
11192	0.020621
34975	0.020622
33671	0.020622
11399	0.020624
12475	0.020625
29302	0.020626
8960	0.020626
14968	0.020628
31549	0.020628
52159	0.020631
14419	0.020631
11360	0.020632
49010	0.020633
42086	0.020633
19529	0.020635
14026	0.020635
11546	0.020637
25746	0.020639
31837	0.020639
26933	0.020639
39213	0.020642
15101	0.020643
29871	0.020644
58316	0.020645
50158	0.020646
10900	0.020646
39283	0.020647
58535	0.020647
25119	0.020648
55575	0.020648
60955	0.020648
51122	0.020649
56040	0.020649
20730	0.020649
13541	0.020651
13103	0.020651
31983	0.020651
20786	0.020652
49421	0.020652
54121	0.020652
55449	0.020653
26841	0.020655
57201	0.020655
20410	0.020656
55469	0.020657
51308	0.020657
10544	0.020659
51273	0.020659
61275	0.020659
53217	0.020660
57599	0.020660
47157	0.020661
30587	0.020661
25698	0.020661
14224	0.020664
14688	0.020665
23630	0.020665
22891	0.020666
15015	0.020668
32459	0.020669
54238	0.020670
16310	0.020670
13074	0.020671
40499	0.020671
38401	0.020671
44269	0.020671
60643	0.020672
35424	0.020672
17459	0.020674
24458	0.020674
12463	0.020676
46908	0.020680
37225	0.020680
33100	0.020681
25983	0.020684
22769	0.020684
16318	0.020688
14879	0.020689
40115	0.020689
44383	0.020690
25902	0.020690
13010	0.020691
19386	0.020691
10482	0.020691
31139	0.020692
12558	0.020693
41959	0.020693
35882	0.020695
48324	0.020698
39308	0.020698
53679	0.020698
12078	0.020698
13418	0.020699
10298	0.020700
35806	0.020702
7471	0.020703
29801	0.020705
13029	0.020705
15367	0.020705
13250	0.020705
37306	0.020706
21082	0.020708
60308	0.020709
47426	0.020710
7991	0.020711
27395	0.020713
51627	0.020715
35780	0.020716
15409	0.020716
8912	0.020716
46680	0.020716
12128	0.020718
15755	0.020718
30598	0.020721
10530	0.020722
14112	0.020723
39189	0.020725
14035	0.020728
7586	0.020728
35100	0.020730
15011	0.020731
34384	0.020732
29373	0.020732
57283	0.020732
52557	0.020732
29132	0.020734
15757	0.020735
20036	0.020736
29430	0.020737
44597	0.020739
15781	0.020741
52289	0.020741
21381	0.020742
7801	0.020743
29125	0.020744
50737	0.020746
54710	0.020746
51247	0.020748
14510	0.020748
10082	0.020750
49774	0.020753
47290	0.020754
22226	0.020755
24871	0.020755
44539	0.020757
11858	0.020758
7180	0.020759
49173	0.020759
8576	0.020760
23489	0.020762
9880	0.020762
26670	0.020763
21520	0.020764
16902	0.020765
56353	0.020766
11509	0.020768
50602	0.020772
12738	0.020773
12765	0.020774
12470	0.020774
34393	0.020775
26776	0.020775
54296	0.020776
24423	0.020779
11428	0.020781
20626	0.020781
56307	0.020784
60403	0.020785
56663	0.020785
53177	0.020785
8362	0.020786
23491	0.020788
27073	0.020788
41586	0.020789
36760	0.020789
61625	0.020789
11965	0.020794
7548	0.020795
55959	0.020798
19700	0.020799
16361	0.020799
9194	0.020800
25774	0.020802
16981	0.020803
42591	0.020804
28397	0.020804
13223	0.020807
9327	0.020808
12120	0.020809
16991	0.020810
59196	0.020810
34078	0.020810
26938	0.020811
9029	0.020812
52504	0.020813
14132	0.020814
25456	0.020815
42673	0.020819
19039	0.020820
34691	0.020820
51206	0.020823
45624	0.020823
44394	0.020825
35803	0.020826
42301	0.020828
22507	0.020829
49891	0.020831
11523	0.020832
40889	0.020832
14717	0.020833
42366	0.020836
9209	0.020838
15505	0.020838
15296	0.020841
19733	0.020844
47272	0.020844
38279	0.020844
51323	0.020847
9252	0.020847
14304	0.020848
15774	0.020849
28926	0.020850
30651	0.020850
40726	0.020850
21360	0.020851
34693	0.020852
41029	0.020852
16352	0.020853
44279	0.020853
49728	0.020854
16082	0.020854
48546	0.020854
52742	0.020855
25502	0.020857
58148	0.020859
17432	0.020859
53505	0.020859
46820	0.020861
36985	0.020861
12378	0.020862
48652	0.020865
38168	0.020865
11443	0.020866
42126	0.020867
44841	0.020868
23537	0.020868
36877	0.020870
46056	0.020871
11476	0.020871
11773	0.020872
13693	0.020873
28038	0.020874
18971	0.020875
49440	0.020877
23541	0.020878
52366	0.020879
31922	0.020879
42648	0.020880
32230	0.020881
46659	0.020881
7392	0.020881
45632	0.020882
55369	0.020883
44427	0.020884
41560	0.020885
39742	0.020885
52853	0.020885
27803	0.020886
28642	0.020886
29145	0.020888
54965	0.020888
7601	0.020890
16780	0.020894
36785	0.020896
45169	0.020897
42384	0.020897
22818	0.020899
53736	0.020899
29422	0.020900
38670	0.020901
7001	0.020901
50016	0.020901
50177	0.020902
45629	0.020903
54024	0.020904
28268	0.020905
47494	0.020906
20887	0.020906
40683	0.020909
58635	0.020909
45698	0.020910
10819	0.020912
34715	0.020912
24500	0.020914
38785	0.020914
27516	0.020916
36006	0.020917
8082	0.020920
29212	0.020921
33462	0.020926
44302	0.020928
10315	0.020929
45297	0.020930
39149	0.020931
11673	0.020934
55079	0.020935
26792	0.020935
7227	0.020936
15595	0.020938
50454	0.020939
22394	0.020939
61674	0.020939
19429	0.020940
24118	0.020942
24889	0.020943
47611	0.020943
13204	0.020944
28067	0.020946
60686	0.020946
28720	0.020948
21118	0.020948
57503	0.020949
41038	0.020949
8416	0.020950
40358	0.020950
57780	0.020951
28119	0.020952
15788	0.020954
25445	0.020956
53729	0.020956
38685	0.020956
7832	0.020957
45725	0.020958
21233	0.020960
57470	0.020961
16074	0.020962
22881	0.020962
42133	0.020962
16300	0.020963
50968	0.020963
13464	0.020963
20239	0.020963
24004	0.020964
15783	0.020964
33760	0.020964
42942	0.020966
36295	0.020966
34878	0.020966
49643	0.020967
31315	0.020967
56924	0.020968
14787	0.020971
21422	0.020976
35877	0.020976
32764	0.020977
50297	0.020977
34298	0.020980
24759	0.020981
61235	0.020982
14667	0.020982
23899	0.020983
32630	0.020984
57241	0.020986
54373	0.020988
37834	0.020990
36580	0.020992
21379	0.020993
12820	0.020993
35478	0.020994
11877	0.020998
56548	0.020999
36020	0.021000
12143	0.021002
45647	0.021005
43115	0.021006
60267	0.021008
44097	0.021009
45987	0.021010
15389	0.021010
43774	0.021010
24200	0.021011
37215	0.021014
13520	0.021015
12759	0.021016
15710	0.021018
54013	0.021019
23102	0.021019
15308	0.021021
15008	0.021021
26659	0.021022
22242	0.021022
24904	0.021022
10595	0.021025
41937	0.021025
8701	0.021025
16178	0.021028
38315	0.021028
53147	0.021031
35283	0.021031
29314	0.021032
11411	0.021032
36619	0.021033
19452	0.021033
29949	0.021034
35051	0.021039
7874	0.021040
13505	0.021040
57841	0.021041
8860	0.021041
43880	0.021041
16314	0.021041
38993	0.021042
19686	0.021042
30952	0.021043
45610	0.021044
23986	0.021044
13816	0.021044
14246	0.021045
56677	0.021045
28795	0.021045
21128	0.021048
33699	0.021048
60763	0.021048
28293	0.021049
50700	0.021050
36446	0.021050
37016	0.021050
25314	0.021051
61384	0.021052
31423	0.021052
19655	0.021054
40170	0.021054
11573	0.021054
10271	0.021054
55347	0.021054
51224	0.021054
33000	0.021054
60836	0.021054
23203	0.021056
20414	0.021057
43460	0.021059
30276	0.021060
14651	0.021061
12562	0.021061
8747	0.021062
23117	0.021064
37813	0.021066
45477	0.021068
23832	0.021070
29339	0.021071
9373	0.021072
19359	0.021072
22688	0.021073
30502	0.021074
52956	0.021074
33731	0.021077
33326	0.021077
26991	0.021078
24204	0.021086
33051	0.021087
10594	0.021087
52772	0.021088
20522	0.021089
37573	0.021089
57296	0.021090
27491	0.021092
28233	0.021092
12818	0.021096
7387	0.021096
23276	0.021097
25459	0.021097
8624	0.021098
15474	0.021098
39898	0.021099
33667	0.021101
48101	0.021103
14307	0.021104
60617	0.021104
9333	0.021106
7674	0.021106
12797	0.021108
15761	0.021111
13901	0.021112
45948	0.021112
12122	0.021115
26152	0.021115
24125	0.021115
22532	0.021117
24728	0.021118
49442	0.021118
29445	0.021118
31418	0.021118
45839	0.021119
49704	0.021120
16179	0.021121
10767	0.021121
23725	0.021123
15633	0.021123
19395	0.021124
58654	0.021125
8612	0.021127
9755	0.021128
30766	0.021128
39982	0.021130
29192	0.021130
43923	0.021130
14308	0.021131
12539	0.021134
53344	0.021136
61297	0.021136
38732	0.021137
41145	0.021140
15062	0.021141
23127	0.021142
27986	0.021143
17350	0.021145
38019	0.021146
35167	0.021146
54967	0.021147
46972	0.021151
57557	0.021153
25950	0.021156
19413	0.021156
52467	0.021157
13602	0.021160
60802	0.021160
55399	0.021161
19353	0.021162
16367	0.021171
16524	0.021172
55168	0.021172
10973	0.021173
34181	0.021174
24057	0.021174
17076	0.021176
22542	0.021177
10360	0.021180
9783	0.021182
9796	0.021183
13998	0.021183
40091	0.021184
42618	0.021184
8682	0.021186
32183	0.021186
55455	0.021187
32252	0.021187
27313	0.021190
10733	0.021193
8558	0.021195
40128	0.021196
34677	0.021198
33229	0.021201
42330	0.021202
29290	0.021202
36900	0.021202
56051	0.021203
56364	0.021204
30741	0.021205
11780	0.021205
57786	0.021205
27750	0.021208
47505	0.021208
7912	0.021208
55860	0.021210
30964	0.021210
14440	0.021211
21714	0.021211
28882	0.021213
29051	0.021213
37708	0.021213
51866	0.021213
11631	0.021218
48708	0.021219
34335	0.021219
32699	0.021221
8611	0.021222
55913	0.021222
35973	0.021224
25812	0.021225
46859	0.021225
15889	0.021226
23529	0.021226
51149	0.021228
9740	0.021229
41155	0.021230
29160	0.021232
19432	0.021232
24009	0.021236
31172	0.021236
32856	0.021236
47105	0.021237
9583	0.021237
53963	0.021239
27450	0.021240
40497	0.021242
49353	0.021242
10748	0.021246
41163	0.021248
57739	0.021253
9547	0.021253
47731	0.021254
11016	0.021259
30250	0.021260
7517	0.021263
32273	0.021264
9986	0.021264
24632	0.021264
46865	0.021265
56336	0.021266
41804	0.021267
11582	0.021267
20355	0.021269
35431	0.021269
57191	0.021269
21698	0.021270
55058	0.021273
23002	0.021273
10345	0.021273
19679	0.021273
12649	0.021273
36757	0.021274
36044	0.021274
52860	0.021275
44274	0.021277
13662	0.021279
28493	0.021283
53933	0.021283
16496	0.021285
29168	0.021285
56596	0.021287
13000	0.021289
12144	0.021289
8454	0.021290
34252	0.021292
54972	0.021294
33105	0.021295
19966	0.021297
9843	0.021298
37463	0.021301
17460	0.021302
51677	0.021304
31281	0.021305
8702	0.021305
14023	0.021305
19066	0.021306
24626	0.021306
21425	0.021308
25101	0.021308
19292	0.021309
10239	0.021311
23683	0.021315
47417	0.021316
52186	0.021316
13667	0.021316
27744	0.021317
9181	0.021319
16141	0.021320
14155	0.021320
12683	0.021321
10536	0.021321
21432	0.021322
22379	0.021324
10948	0.021326
55617	0.021328
34671	0.021328
38894	0.021330
21786	0.021332
37441	0.021334
36400	0.021334
18378	0.021337
43238	0.021337
52176	0.021338
21713	0.021340
60623	0.021342
51458	0.021342
19382	0.021343
32547	0.021343
61591	0.021345
54110	0.021345
34723	0.021346
25673	0.021349
31659	0.021349
52640	0.021350
12091	0.021350
53466	0.021350
52978	0.021352
52397	0.021352
14544	0.021353
42040	0.021354
10487	0.021356
32904	0.021356
11412	0.021356
14983	0.021356
14407	0.021357
50965	0.021360
14958	0.021361
10030	0.021361
51284	0.021362
15712	0.021363
57008	0.021363
22476	0.021365
43952	0.021367
14690	0.021368
43372	0.021370
48814	0.021371
43812	0.021371
16906	0.021374
36770	0.021374
48692	0.021375
36233	0.021378
28714	0.021378
15550	0.021379
16509	0.021381
50881	0.021382
15890	0.021382
30648	0.021384
57173	0.021387
12127	0.021388
51407	0.021390
22019	0.021392
20935	0.021392
17199	0.021394
51745	0.021400
47546	0.021400
26452	0.021400
14680	0.021401
10775	0.021401
43370	0.021402
29689	0.021402
11426	0.021402
12402	0.021405
29147	0.021405
40215	0.021405
49599	0.021408
44224	0.021409
23550	0.021409
32225	0.021410
49432	0.021412
12869	0.021413
21445	0.021414
27856	0.021417
49326	0.021422
58652	0.021422
50066	0.021425
50278	0.021427
11560	0.021427
37983	0.021427
9326	0.021427
38744	0.021428
12835	0.021429
16155	0.021430
44104	0.021432
43889	0.021433
7684	0.021434
7241	0.021436
54668	0.021437
51431	0.021440
45010	0.021440
40390	0.021440
47874	0.021443
41549	0.021444
43649	0.021445
14848	0.021447
55121	0.021447
15522	0.021448
47714	0.021450
15591	0.021450
13898	0.021453
36968	0.021454
13757	0.021455
11444	0.021455
38750	0.021457
35830	0.021458
9343	0.021458
21644	0.021459
48382	0.021461
57937	0.021465
57195	0.021466
37380	0.021466
6968	0.021468
40692	0.021470
21771	0.021472
12024	0.021473
17165	0.021474
22703	0.021475
27059	0.021475
36701	0.021476
14854	0.021477
27114	0.021478
15285	0.021479
41595	0.021480
47541	0.021480
27453	0.021481
39017	0.021481
29390	0.021482
50917	0.021483
19283	0.021483
16697	0.021483
15158	0.021484
23570	0.021484
31074	0.021485
29135	0.021485
14191	0.021486
35545	0.021486
10907	0.021489
37800	0.021491
24879	0.021497
54618	0.021498
52322	0.021501
36776	0.021502
44997	0.021505
51780	0.021505
15208	0.021506
44438	0.021509
31100	0.021510
17196	0.021514
50155	0.021514
24532	0.021515
20859	0.021516
7194	0.021517
13885	0.021517
16873	0.021521
14332	0.021524
29306	0.021525
16437	0.021525
9481	0.021526
26500	0.021526
31114	0.021527
26012	0.021532
25467	0.021535
47172	0.021536
21195	0.021536
15748	0.021537
60799	0.021538
49733	0.021538
22363	0.021538
38282	0.021538
8584	0.021539
34443	0.021540
43606	0.021542
48515	0.021542
15064	0.021543
22420	0.021544
20769	0.021544
22032	0.021544
35796	0.021548
54886	0.021549
28207	0.021551
8266	0.021553
48825	0.021554
21901	0.021556
11288	0.021556
27849	0.021557
12238	0.021557
31383	0.021558
15186	0.021559
31363	0.021559
43038	0.021560
42732	0.021560
22535	0.021560
16503	0.021560
12077	0.021561
12758	0.021561
15904	0.021562
51574	0.021564
46671	0.021567
25147	0.021568
9332	0.021568
48169	0.021572
26456	0.021573
38239	0.021574
51987	0.021574
39833	0.021574
17402	0.021578
49740	0.021580
56621	0.021585
44422	0.021585
14553	0.021586
26590	0.021588
57084	0.021591
29938	0.021594
16136	0.021597
58396	0.021597
47363	0.021597
29771	0.021597
21179	0.021598
24542	0.021600
56063	0.021603
39161	0.021605
7550	0.021606
29355	0.021606
12625	0.021608
10776	0.021609
58398	0.021610
18012	0.021612
50767	0.021612
10834	0.021612
23281	0.021612
30644	0.021613
11224	0.021613
33111	0.021614
33780	0.021615
19736	0.021616
45923	0.021617
57204	0.021617
29407	0.021618
42142	0.021620
24230	0.021621
14886	0.021622
7472	0.021623
21793	0.021625
32368	0.021626
20732	0.021626
44714	0.021629
12572	0.021629
16488	0.021634
12741	0.021638
43980	0.021642
50282	0.021644
8307	0.021646
17098	0.021647
33890	0.021650
30386	0.021651
55737	0.021652
21734	0.021653
27826	0.021653
20117	0.021657
24306	0.021657
37995	0.021657
14217	0.021662
22125	0.021664
37028	0.021665
30973	0.021665
29412	0.021665
8270	0.021666
15652	0.021667
12821	0.021668
12382	0.021669
11496	0.021669
13233	0.021671
30991	0.021671
35010	0.021672
50919	0.021672
21831	0.021672
14977	0.021673
22292	0.021673
19560	0.021674
30834	0.021676
27773	0.021678
17131	0.021680
20533	0.021681
14701	0.021682
37009	0.021683
49337	0.021684
30912	0.021684
41158	0.021686
14628	0.021687
19339	0.021688
28312	0.021688
19872	0.021689
38372	0.021689
26773	0.021690
32646	0.021692
54162	0.021692
31606	0.021692
20726	0.021695
11565	0.021695
13263	0.021703
10441	0.021704
8173	0.021705
8379	0.021706
30527	0.021707
53921	0.021708
21173	0.021708
37773	0.021708
12987	0.021710
40213	0.021710
55046	0.021712
41147	0.021712
54307	0.021712
30597	0.021713
18876	0.021713
9122	0.021714
9296	0.021716
21795	0.021716
14281	0.021718
21010	0.021719
9920	0.021723
47346	0.021724
60971	0.021724
29370	0.021724
39530	0.021726
17419	0.021728
34470	0.021730
27134	0.021732
24062	0.021732
15677	0.021735
10741	0.021736
20296	0.021736
44441	0.021736
8604	0.021739
42785	0.021740
26647	0.021741
42909	0.021746
55608	0.021746
15950	0.021747
29273	0.021747
19616	0.021749
34308	0.021751
15281	0.021753
23394	0.021754
56658	0.021754
56999	0.021755
27554	0.021756
49007	0.021757
40005	0.021761
11471	0.021761
13360	0.021762
48078	0.021763
9946	0.021763
30124	0.021763
53650	0.021763
55036	0.021764
10972	0.021765
19450	0.021766
25121	0.021768
9438	0.021768
36403	0.021770
12523	0.021773
47550	0.021774
23435	0.021775
14310	0.021775
38771	0.021778
8745	0.021778
29323	0.021779
16932	0.021779
50987	0.021784
15508	0.021784
23870	0.021785
32320	0.021786
15152	0.021788
15111	0.021788
9071	0.021789
24580	0.021795
8389	0.021795
20596	0.021796
60708	0.021797
21132	0.021798
28915	0.021801
42240	0.021802
22485	0.021803
44949	0.021804
23704	0.021807
41655	0.021807
51025	0.021809
15984	0.021809
44293	0.021809
16143	0.021811
45224	0.021813
28637	0.021814
9250	0.021816
6952	0.021819
37910	0.021820
20466	0.021820
25518	0.021822
36894	0.021822
28028	0.021824
37018	0.021828
45423	0.021828
26930	0.021829
49967	0.021832
23365	0.021832
7048	0.021832
14605	0.021834
12838	0.021834
32566	0.021834
55263	0.021839
21040	0.021839
44098	0.021839
21483	0.021839
16428	0.021841
46220	0.021841
16059	0.021846
15760	0.021847
30504	0.021847
15306	0.021848
19836	0.021848
16751	0.021849
7198	0.021850
27735	0.021851
14896	0.021854
42112	0.021856
23477	0.021856
7594	0.021856
24553	0.021857
14478	0.021858
15278	0.021858
33348	0.021860
40649	0.021860
10033	0.021861
14915	0.021863
34509	0.021863
40815	0.021864
34207	0.021866
30837	0.021866
10749	0.021869
24478	0.021870
17384	0.021870
40748	0.021871
40956	0.021871
42579	0.021873
9164	0.021874
58479	0.021874
44719	0.021875
7058	0.021875
54929	0.021876
15130	0.021877
53309	0.021878
26925	0.021878
7967	0.021879
12443	0.021880
34418	0.021883
9154	0.021888
23094	0.021889
15787	0.021889
15135	0.021890
46323	0.021891
17393	0.021895
12479	0.021899
38969	0.021900
9871	0.021901
35675	0.021902
14517	0.021903
14627	0.021905
49820	0.021905
37909	0.021905
46572	0.021908
7204	0.021908
23425	0.021910
10321	0.021912
7199	0.021913
49019	0.021914
61445	0.021916
26167	0.021916
48205	0.021918
34137	0.021920
44530	0.021920
50863	0.021920
25040	0.021921
37172	0.021923
47404	0.021928
53073	0.021930
15426	0.021931
14929	0.021931
21405	0.021935
44050	0.021940
25050	0.021940
52208	0.021941
21527	0.021941
17366	0.021944
37176	0.021947
48788	0.021949
18083	0.021949
49602	0.021950
21364	0.021953
32715	0.021956
56508	0.021957
10737	0.021960
9016	0.021961
23051	0.021964
12843	0.021967
15215	0.021969
39596	0.021970
12601	0.021971
42336	0.021971
50104	0.021971
15133	0.021972
55257	0.021975
57079	0.021977
17168	0.021979
42961	0.021980
14800	0.021983
7929	0.021984
31916	0.021985
26124	0.021985
23904	0.021989
25024	0.021994
28786	0.021995
33269	0.021996
55582	0.021999
24471	0.022003
14658	0.022003
24835	0.022004
55856	0.022004
11840	0.022005
35666	0.022005
7224	0.022008
13782	0.022008
27859	0.022014
8873	0.022014
53091	0.022015
23539	0.022016
56567	0.022017
20373	0.022018
13302	0.022018
28708	0.022019
53485	0.022019
47100	0.022020
54855	0.022020
51937	0.022022
7722	0.022022
59555	0.022023
11633	0.022025
34591	0.022027
37981	0.022028
31015	0.022030
8014	0.022031
37111	0.022033
55341	0.022033
32675	0.022035
53102	0.022037
50079	0.022038
17085	0.022041
30928	0.022042
27014	0.022045
23070	0.022045
33288	0.022045
11384	0.022050
54592	0.022053
13669	0.022053
23902	0.022054
15705	0.022057
49770	0.022058
55924	0.022060
47364	0.022062
13802	0.022064
32882	0.022067
39902	0.022070
34972	0.022076
14138	0.022076
42439	0.022077
13387	0.022079
41010	0.022079
16983	0.022080
33658	0.022082
55276	0.022083
15883	0.022083
23132	0.022087
41780	0.022088
20212	0.022091
26079	0.022092
52538	0.022092
57868	0.022092
56302	0.022092
25241	0.022093
23805	0.022095
40176	0.022098
41673	0.022098
10768	0.022102
15896	0.022103
44917	0.022103
61234	0.022106
40571	0.022106
50299	0.022107
61223	0.022110
10218	0.022111
39388	0.022115
42681	0.022116
22203	0.022116
8265	0.022118
39080	0.022120
12774	0.022121
30774	0.022123
13947	0.022125
51635	0.022128
33623	0.022129
44288	0.022133
25538	0.022138
9586	0.022139
42912	0.022142
45110	0.022142
31847	0.022143
37609	0.022144
10596	0.022145
33796	0.022145
15379	0.022147
25927	0.022147
39091	0.022148
10858	0.022151
30618	0.022152
35280	0.022153
14521	0.022154
47350	0.022155
7081	0.022158
21718	0.022160
46243	0.022165
30178	0.022167
24425	0.022167
47898	0.022168
8323	0.022168
57772	0.022177
39166	0.022178
36224	0.022179
11071	0.022179
33346	0.022181
38920	0.022184
53432	0.022186
48896	0.022186
49292	0.022188
14236	0.022193
14368	0.022193
36010	0.022195
32502	0.022196
50182	0.022197
52696	0.022200
8774	0.022204
31842	0.022205
49446	0.022206
9233	0.022206
32672	0.022211
40591	0.022217
19266	0.022219
11534	0.022220
30362	0.022220
35992	0.022222
9502	0.022222
39973	0.022222
21538	0.022224
25557	0.022224
55218	0.022230
29367	0.022238
45305	0.022238
22904	0.022239
46677	0.022241
9741	0.022241
45520	0.022242
35033	0.022244
23644	0.022246
60648	0.022246
55299	0.022246
61647	0.022247
42130	0.022248
53290	0.022253
8181	0.022255
8456	0.022256
47445	0.022259
53319	0.022260
14362	0.022261
17103	0.022261
16249	0.022262
10823	0.022264
47319	0.022266
34056	0.022270
16845	0.022271
27497	0.022278
27691	0.022280
9488	0.022280
22385	0.022282
55269	0.022282
47325	0.022286
14565	0.022288
46425	0.022289
37360	0.022289
32371	0.022292
15109	0.022292
11625	0.022293
8100	0.022294
24066	0.022296
55325	0.022298
25075	0.022298
22413	0.022299
40951	0.022300
50580	0.022300
25762	0.022302
51268	0.022302
30309	0.022303
9927	0.022304
36889	0.022305
10367	0.022307
25898	0.022308
15150	0.022311
19503	0.022311
23494	0.022312
28341	0.022315
42951	0.022315
8618	0.022316
43854	0.022318
10296	0.022319
42841	0.022322
24939	0.022326
57939	0.022330
58101	0.022330
41379	0.022332
52835	0.022335
12209	0.022335
9509	0.022336
25566	0.022337
25209	0.022337
16116	0.022338
20939	0.022338
57367	0.022338
11074	0.022339
55893	0.022340
24635	0.022340
40608	0.022341
48543	0.022341
19424	0.022344
16919	0.022346
11351	0.022346
33974	0.022350
29220	0.022352
11996	0.022353
31076	0.022353
37498	0.022354
31627	0.022355
49633	0.022356
49969	0.022360
10740	0.022361
56421	0.022367
33729	0.022369
29732	0.022371
9228	0.022371
20707	0.022372
17301	0.022375
15175	0.022378
34640	0.022378
35162	0.022379
13319	0.022379
23737	0.022382
52192	0.022386
13601	0.022387
50162	0.022389
37487	0.022389
48622	0.022390
28614	0.022392
20615	0.022395
9161	0.022397
14129	0.022398
21668	0.022400
7219	0.022400
11459	0.022400
60507	0.022403
21811	0.022404
12970	0.022406
52321	0.022407
21925	0.022407
8102	0.022407
26302	0.022411
27224	0.022414
28263	0.022415
57876	0.022416
12202	0.022416
54543	0.022416
48272	0.022416
60524	0.022416
58656	0.022416
56979	0.022420
20658	0.022422
14114	0.022423
53750	0.022426
54379	0.022429
48990	0.022429
22151	0.022430
29202	0.022430
50303	0.022433
10449	0.022433
51480	0.022433
21995	0.022437
7410	0.022438
39075	0.022440
29054	0.022441
36386	0.022442
53936	0.022444
39172	0.022445
9940	0.022447
10365	0.022447
20448	0.022448
16222	0.022449
37795	0.022449
48790	0.022449
40367	0.022450
7860	0.022450
49016	0.022452
56880	0.022452
31609	0.022454
49906	0.022456
10455	0.022457
24689	0.022459
47112	0.022459
35035	0.022461
12584	0.022461
47116	0.022465
15527	0.022465
60556	0.022466
7961	0.022466
34130	0.022466
21185	0.022467
39709	0.022469
32242	0.022470
24022	0.022470
15314	0.022476
56053	0.022477
15147	0.022478
11465	0.022479
35854	0.022480
41671	0.022483
30026	0.022485
52634	0.022485
12375	0.022486
9404	0.022488
16125	0.022489
43217	0.022490
10718	0.022490
15891	0.022491
17391	0.022491
47124	0.022491
47498	0.022492
7709	0.022494
46337	0.022495
15464	0.022495
36378	0.022501
52303	0.022501
23353	0.022503
25676	0.022508
24577	0.022508
14638	0.022509
12855	0.022510
8519	0.022513
8628	0.022514
24275	0.022516
37646	0.022518
37187	0.022521
27474	0.022522
45792	0.022523
27760	0.022525
19885	0.022530
60218	0.022531
35330	0.022532
55204	0.022532
38707	0.022533
22602	0.022533
49671	0.022533
14469	0.022533
13807	0.022536
25491	0.022537
23730	0.022537
30655	0.022538
16230	0.022539
55376	0.022539
48952	0.022542
8531	0.022544
23858	0.022547
12896	0.022548
21244	0.022555
9222	0.022555
31216	0.022562
14347	0.022565
38356	0.022565
32985	0.022567
19953	0.022568
51628	0.022568
22574	0.022569
9988	0.022572
11275	0.022572
15291	0.022572
55591	0.022575
15669	0.022577
56409	0.022580
46996	0.022581
50287	0.022582
9042	0.022584
27666	0.022585
33984	0.022585
32557	0.022588
53919	0.022588
14637	0.022589
47523	0.022591
14566	0.022592
7839	0.022593
52211	0.022594
36471	0.022599
20103	0.022599
27649	0.022600
20350	0.022600
54201	0.022603
22358	0.022604
9218	0.022606
41603	0.022609
17100	0.022610
44315	0.022611
33989	0.022612
14660	0.022612
35455	0.022613
14946	0.022614
16897	0.022616
40288	0.022617
49586	0.022620
45420	0.022624
29001	0.022626
8785	0.022629
53891	0.022630
14154	0.022631
19482	0.022631
38547	0.022632
10809	0.022633
14621	0.022634
56720	0.022635
24574	0.022635
28683	0.022638
15637	0.022640
26651	0.022642
14967	0.022643
55458	0.022644
10713	0.022647
33628	0.022647
40431	0.022648
52668	0.022651
25422	0.022653
38982	0.022655
46429	0.022658
13072	0.022659
10584	0.022663
15702	0.022664
36032	0.022668
25053	0.022670
22307	0.022671
25860	0.022672
13907	0.022674
31924	0.022676
53239	0.022676
29311	0.022677
24713	0.022678
27291	0.022680
36207	0.022680
56580	0.022687
15676	0.022688
32380	0.022690
57150	0.022691
16345	0.022693
14223	0.022696
20588	0.022699
23756	0.022701
47930	0.022704
30749	0.022705
10252	0.022705
15413	0.022705
13364	0.022707
11055	0.022707
35275	0.022708
48263	0.022709
34463	0.022711
9030	0.022714
45261	0.022716
28824	0.022718
20184	0.022722
37199	0.022724
26897	0.022726
23278	0.022728
47090	0.022729
20003	0.022731
50840	0.022731
10739	0.022732
37948	0.022732
30612	0.022733
46417	0.022734
47514	0.022734
34099	0.022734
44256	0.022736
16762	0.022742
60988	0.022742
11457	0.022743
56614	0.022749
10719	0.022749
47242	0.022751
57325	0.022752
21096	0.022756
34479	0.022764
10898	0.022765
55896	0.022765
41236	0.022769
31166	0.022769
19114	0.022771
30031	0.022775
30812	0.022778
17373	0.022780
32906	0.022781
28136	0.022782
34710	0.022784
54231	0.022784
19574	0.022785
7760	0.022787
10523	0.022788
8727	0.022788
28977	0.022788
37760	0.022791
10472	0.022793
10338	0.022794
19682	0.022794
13354	0.022798
50219	0.022801
10578	0.022802
21333	0.022802
49951	0.022803
46863	0.022805
16137	0.022807
39593	0.022807
29064	0.022809
39305	0.022814
11433	0.022815
55972	0.022816
11561	0.022817
45831	0.022819
21672	0.022820
32241	0.022824
45667	0.022824
56558	0.022825
27788	0.022825
14557	0.022826
25442	0.022827
43541	0.022829
13096	0.022829
42217	0.022829
25845	0.022835
16852	0.022837
26004	0.022839
12074	0.022840
36852	0.022841
13608	0.022843
15312	0.022843
52785	0.022844
51276	0.022844
25631	0.022846
52195	0.022847
15315	0.022848
50667	0.022849
26105	0.022849
8827	0.022851
47029	0.022852
10843	0.022852
35472	0.022853
17482	0.022853
48122	0.022853
30537	0.022854
29928	0.022855
30759	0.022856
11298	0.022856
34436	0.022856
49909	0.022857
44286	0.022858
54890	0.022860
36681	0.022861
56843	0.022863
15103	0.022863
23297	0.022872
10837	0.022876
23197	0.022878
11441	0.022879
47358	0.022880
13893	0.022882
10397	0.022886
40682	0.022889
22237	0.022890
51599	0.022890
20341	0.022892
14757	0.022892
20508	0.022892
12426	0.022892
17205	0.022897
50060	0.022901
40093	0.022902
52101	0.022905
40735	0.022907
47920	0.022913
45350	0.022914
8913	0.022915
21302	0.022915
25225	0.022917
52358	0.022918
26543	0.022923
45467	0.022930
32562	0.022937
43108	0.022939
42327	0.022949
11053	0.022950
10351	0.022950
43998	0.022956
37653	0.022960
32096	0.022960
50976	0.022961
27992	0.022961
13046	0.022962
58466	0.022965
16331	0.022965
37807	0.022966
24242	0.022968
28254	0.022971
41686	0.022972
20907	0.022973
16744	0.022974
13615	0.022979
28706	0.022979
11335	0.022980
21413	0.022980
11481	0.022980
7186	0.022984
13605	0.022985
11182	0.022987
43310	0.022988
9776	0.022988
55424	0.022995
28185	0.023000
44095	0.023005
12385	0.023005
16439	0.023006
21170	0.023006
35335	0.023006
9110	0.023009
11176	0.023010
11866	0.023015
11995	0.023016
10854	0.023016
30832	0.023019
46250	0.023020
9050	0.023021
14944	0.023021
10738	0.023027
15837	0.023029
60233	0.023030
37522	0.023033
13065	0.023035
41638	0.023037
10868	0.023039
22686	0.023039
7660	0.023040
19909	0.023042
27275	0.023043
39641	0.023046
12732	0.023049
23079	0.023049
40446	0.023050
35290	0.023050
56602	0.023052
26640	0.023052
47373	0.023052
10773	0.023053
56832	0.023057
9865	0.023058
35718	0.023058
20049	0.023060
53276	0.023062
25109	0.023062
30818	0.023065
9516	0.023066
28600	0.023066
34500	0.023068
11155	0.023068
32697	0.023072
7965	0.023073
8255	0.023081
14115	0.023082
32683	0.023082
30512	0.023085
32316	0.023088
36242	0.023089
9726	0.023092
56852	0.023093
9582	0.023095
10849	0.023097
25981	0.023097
46748	0.023100
13257	0.023101
28129	0.023101
17246	0.023104
7865	0.023108
45829	0.023108
15194	0.023108
8366	0.023108
30377	0.023108
52434	0.023112
27638	0.023112
52180	0.023116
11559	0.023121
7667	0.023125
47004	0.023125
15366	0.023126
30436	0.023130
13079	0.023131
17502	0.023131
46415	0.023135
36472	0.023135
29419	0.023136
13421	0.023137
52364	0.023137
16307	0.023139
52197	0.023140
10717	0.023144
15393	0.023145
12751	0.023146
29075	0.023148
9870	0.023150
7398	0.023151
38266	0.023153
17201	0.023155
51639	0.023155
13884	0.023156
61553	0.023157
14421	0.023158
39862	0.023161
35763	0.023168
10058	0.023169
13558	0.023171
36027	0.023175
37751	0.023175
53268	0.023176
15443	0.023176
8333	0.023181
61217	0.023183
11652	0.023183
31911	0.023184
45417	0.023184
23882	0.023185
46897	0.023190
38988	0.023192
47531	0.023193
14850	0.023195
53315	0.023196
23507	0.023200
9280	0.023200
37374	0.023201
35323	0.023206
22899	0.023209
44205	0.023211
56289	0.023213
15349	0.023213
54918	0.023214
16562	0.023215
40416	0.023216
44117	0.023216
36800	0.023217
30907	0.023218
56582	0.023218
11814	0.023222
48664	0.023222
49563	0.023223
30581	0.023225
60166	0.023228
14749	0.023234
46393	0.023237
16867	0.023237
22627	0.023239
19898	0.023240
40053	0.023242
40078	0.023243
56616	0.023245
60912	0.023246
12293	0.023249
25922	0.023250
8777	0.023253
14795	0.023254
47675	0.023255
52848	0.023258
14880	0.023260
38950	0.023260
8370	0.023266
40884	0.023268
19672	0.023271
37024	0.023272
32892	0.023275
42338	0.023277
7489	0.023278
39273	0.023278
53342	0.023279
13616	0.023279
54376	0.023279
45927	0.023282
26164	0.023283
55365	0.023289
28866	0.023289
39114	0.023289
26554	0.023290
35184	0.023295
49073	0.023297
15113	0.023298
7228	0.023299
19712	0.023300
22355	0.023308
45583	0.023308
57045	0.023308
48767	0.023310
20876	0.023310
7013	0.023310
13513	0.023312
46113	0.023318
45237	0.023318
12093	0.023319
12674	0.023321
26277	0.023322
52780	0.023323
15809	0.023326
50371	0.023329
38134	0.023331
9411	0.023331
9933	0.023331
42707	0.023332
10742	0.023336
19577	0.023336
57972	0.023336
44786	0.023337
23957	0.023339
17332	0.023343
8050	0.023344
8231	0.023345
15571	0.023346
17006	0.023347
23971	0.023348
51975	0.023349
26239	0.023349
20423	0.023355
16319	0.023356
30160	0.023356
14273	0.023358
13489	0.023358
33564	0.023362
47926	0.023363
11811	0.023364
47270	0.023367
7192	0.023368
41007	0.023368
33422	0.023369
7035	0.023369
42364	0.023372
55004	0.023373
28336	0.023375
20256	0.023378
48040	0.023384
26144	0.023386
51299	0.023389
27130	0.023390
32943	0.023391
42798	0.023395
36253	0.023396
14577	0.023396
16281	0.023398
19609	0.023409
13810	0.023422
36652	0.023425
50088	0.023425
38755	0.023429
31112	0.023430
15052	0.023435
43055	0.023437
8421	0.023437
16934	0.023439
7024	0.023445
58586	0.023445
26390	0.023446
39566	0.023449
56605	0.023452
27203	0.023452
40412	0.023455
46413	0.023455
27483	0.023456
7516	0.023459
56526	0.023461
13940	0.023461
49533	0.023462
21494	0.023463
16316	0.023464
13641	0.023465
60214	0.023465
9671	0.023469
15196	0.023469
19200	0.023472
34998	0.023473
10688	0.023476
32928	0.023476
14661	0.023477
7715	0.023481
39689	0.023481
49498	0.023485
28766	0.023485
17499	0.023487
40414	0.023487
61107	0.023487
14047	0.023487
22188	0.023489
25246	0.023489
11278	0.023491
30600	0.023491
15623	0.023496
11025	0.023496
32076	0.023496
25994	0.023497
6966	0.023500
11835	0.023510
20874	0.023510
41012	0.023514
11334	0.023515
14060	0.023515
47778	0.023517
10625	0.023518
39515	0.023526
56017	0.023527
30354	0.023527
9866	0.023530
33722	0.023531
54590	0.023533
14102	0.023540
57949	0.023541
36683	0.023551
50257	0.023560
21865	0.023562
44011	0.023568
14264	0.023570
27484	0.023571
17182	0.023571
61018	0.023571
20174	0.023573
48812	0.023573
40687	0.023575
40943	0.023577
45555	0.023577
48094	0.023580
54847	0.023582
50963	0.023587
53329	0.023587
14876	0.023595
47375	0.023596
23919	0.023601
40734	0.023602
33332	0.023605
13803	0.023608
14534	0.023610
38639	0.023613
27266	0.023614
14280	0.023615
19402	0.023622
57681	0.023623
50051	0.023624
44277	0.023629
10905	0.023631
40413	0.023631
30533	0.023632
9073	0.023633
11321	0.023637
15351	0.023637
8599	0.023638
10978	0.023638
46308	0.023639
53272	0.023642
60626	0.023643
56146	0.023650
55232	0.023650
15452	0.023651
47457	0.023654
44006	0.023655
47033	0.023656
59533	0.023657
14476	0.023661
9694	0.023662
43725	0.023667
26569	0.023669
33496	0.023669
25705	0.023671
14965	0.023676
17162	0.023676
13650	0.023676
35265	0.023677
33314	0.023680
53986	0.023688
8802	0.023688
54674	0.023690
20313	0.023693
58562	0.023695
18375	0.023701
16209	0.023704
54804	0.023706
11437	0.023709
24461	0.023710
52311	0.023714
22164	0.023719
61261	0.023724
8467	0.023724
21064	0.023725
49912	0.023726
47383	0.023726
31501	0.023730
13899	0.023740
35510	0.023744
14913	0.023744
33538	0.023746
20893	0.023753
10983	0.023754
12946	0.023755
21622	0.023756
26965	0.023758
22465	0.023758
58341	0.023762
52748	0.023766
10777	0.023766
50545	0.023771
52482	0.023772
11049	0.023772
45095	0.023784
15304	0.023785
14001	0.023786
53022	0.023786
53981	0.023793
48435	0.023798
16280	0.023799
8709	0.023801
46041	0.023802
33082	0.023805
52837	0.023808
24191	0.023811
21518	0.023812
56192	0.023817
12689	0.023824
40485	0.023829
50280	0.023833
7886	0.023834
40685	0.023834
27152	0.023835
57133	0.023839
50053	0.023840
19453	0.023841
13966	0.023842
11320	0.023844
10735	0.023844
26894	0.023854
34485	0.023855
30641	0.023855
19629	0.023857
24921	0.023859
12782	0.023867
50056	0.023872
10971	0.023872
9484	0.023874
42704	0.023875
21905	0.023877
19792	0.023878
14725	0.023882
14303	0.023885
39836	0.023885
42263	0.023890
20739	0.023894
21777	0.023897
19345	0.023898
38491	0.023898
45343	0.023902
43912	0.023904
25585	0.023904
22423	0.023905
22278	0.023907
19419	0.023912
11000	0.023912
61558	0.023912
11765	0.023912
35559	0.023921
14535	0.023929
39314	0.023930
8258	0.023933
46339	0.023937
8145	0.023937
11820	0.023938
25934	0.023939
53078	0.023939
14558	0.023942
19958	0.023946
10852	0.023947
17125	0.023947
13452	0.023948
26058	0.023951
39705	0.023952
52110	0.023952
13822	0.023952
35213	0.023953
7532	0.023955
14793	0.023957
52278	0.023958
22281	0.023960
8226	0.023962
17188	0.023969
55928	0.023969
32738	0.023975
31089	0.023975
33246	0.023979
24353	0.023980
13972	0.023980
25316	0.023981
23815	0.023995
10559	0.024001
31481	0.024002
50638	0.024004
42122	0.024005
49890	0.024007
15396	0.024009
33558	0.024009
39553	0.024010
11401	0.024011
12277	0.024013
15679	0.024022
26034	0.024027
29346	0.024029
12815	0.024030
16304	0.024035
7528	0.024039
20321	0.024041
10975	0.024042
35145	0.024042
24563	0.024044
44164	0.024044
22367	0.024045
36441	0.024048
21549	0.024049
19582	0.024050
43142	0.024050
7763	0.024051
50319	0.024051
38780	0.024052
40415	0.024053
29319	0.024058
19866	0.024059
13466	0.024060
44546	0.024061
61127	0.024064
60492	0.024071
26035	0.024071
29127	0.024072
17030	0.024073
30567	0.024073
14457	0.024075
14884	0.024078
14326	0.024080
22580	0.024081
40750	0.024081
56556	0.024081
9004	0.024084
17435	0.024085
8503	0.024092
19944	0.024093
17068	0.024100
9311	0.024110
36077	0.024112
22408	0.024118
22262	0.024120
56950	0.024120
52590	0.024123
31136	0.024124
7217	0.024126
35775	0.024126
35914	0.024130
14912	0.024136
12615	0.024136
53973	0.024139
56560	0.024143
12936	0.024148
57425	0.024148
45791	0.024151
24001	0.024155
29299	0.024156
61605	0.024159
51072	0.024160
44247	0.024161
52561	0.024161
23018	0.024164
56697	0.024164
28167	0.024170
36210	0.024171
55855	0.024174
14829	0.024175
34542	0.024175
35811	0.024182
16459	0.024182
12846	0.024188
13968	0.024196
7914	0.024196
22477	0.024200
45219	0.024202
30066	0.024205
36858	0.024205
19343	0.024206
15629	0.024216
7573	0.024219
48217	0.024224
35252	0.024224
28851	0.024230
47520	0.024230
9961	0.024237
34053	0.024239
11090	0.024239
13549	0.024242
22797	0.024243
44628	0.024247
7770	0.024247
50887	0.024250
8021	0.024255
45626	0.024259
10535	0.024259
12152	0.024270
39673	0.024271
52007	0.024272
9304	0.024272
15178	0.024272
50991	0.024293
8202	0.024296
21229	0.024297
36726	0.024298
50756	0.024299
15082	0.024304
43942	0.024307
34513	0.024308
21752	0.024309
33710	0.024311
56933	0.024312
8571	0.024313
17114	0.024313
50622	0.024325
13894	0.024339
38303	0.024343
25100	0.024343
22008	0.024345
16291	0.024347
58335	0.024350
26819	0.024352
56864	0.024354
14885	0.024355
9723	0.024356
10269	0.024357
14484	0.024357
11268	0.024366
53498	0.024368
54666	0.024369
51046	0.024372
46564	0.024372
41513	0.024375
10349	0.024378
13724	0.024379
9015	0.024386
13806	0.024390
28621	0.024391
12160	0.024393
50873	0.024394
35769	0.024394
22491	0.024395
31532	0.024398
40164	0.024401
38429	0.024403
23192	0.024403
14833	0.024404
39049	0.024408
8289	0.024411
37085	0.024412
24911	0.024414
10208	0.024415
46854	0.024417
28043	0.024418
11022	0.024418
44908	0.024424
41666	0.024429
57372	0.024431
21642	0.024434
12961	0.024442
60149	0.024443
45969	0.024448
37903	0.024450
11879	0.024454
14025	0.024459
9687	0.024460
10810	0.024462
14189	0.024463
45498	0.024463
13169	0.024466
26829	0.024470
17244	0.024471
44234	0.024472
28284	0.024475
58346	0.024484
27791	0.024487
44261	0.024488
34074	0.024491
16075	0.024492
21454	0.024493
19281	0.024494
14839	0.024496
39587	0.024496
43133	0.024507
56928	0.024513
38001	0.024517
42598	0.024519
19956	0.024523
47511	0.024528
23125	0.024529
21514	0.024539
28701	0.024543
43617	0.024543
9762	0.024544
34357	0.024546
20455	0.024548
22211	0.024548
52664	0.024557
14019	0.024562
22127	0.024566
8581	0.024567
22539	0.024573
56157	0.024575
16236	0.024575
27462	0.024590
8247	0.024590
23997	0.024592
31288	0.024597
55755	0.024598
48793	0.024603
40737	0.024604
20998	0.024605
22168	0.024605
12703	0.024606
13943	0.024612
47142	0.024615
27608	0.024620
28091	0.024623
36216	0.024625
7050	0.024626
10766	0.024628
29528	0.024631
47006	0.024631
54467	0.024633
20412	0.024635
20529	0.024636
14225	0.024640
61663	0.024645
57021	0.024646
31143	0.024649
38421	0.024651
49664	0.024652
20618	0.024654
13804	0.024654
30158	0.024656
9827	0.024661
11484	0.024663
34122	0.024667
53902	0.024668
13552	0.024680
20971	0.024681
39241	0.024683
9078	0.024692
30506	0.024695
51595	0.024695
33765	0.024696
48551	0.024696
21997	0.024702
12201	0.024703
50682	0.024710
57710	0.024711
9555	0.024712
40310	0.024713
17398	0.024716
9968	0.024717
7858	0.024723
29049	0.024723
46188	0.024724
16958	0.024726
34112	0.024728
56700	0.024730
14604	0.024730
11831	0.024731
12999	0.024750
37294	0.024752
60940	0.024756
60849	0.024757
51475	0.024758
30674	0.024762
13728	0.024762
44365	0.024765
14664	0.024772
10756	0.024773
13965	0.024773
14790	0.024775
20655	0.024775
36052	0.024776
9839	0.024776
14123	0.024781
7647	0.024786
13661	0.024787
25599	0.024789
16284	0.024801
57348	0.024803
42997	0.024810
12493	0.024812
56174	0.024815
20029	0.024817
10231	0.024818
46124	0.024820
14663	0.024820
50095	0.024827
19653	0.024828
24950	0.024830
43506	0.024831
53439	0.024833
12571	0.024837
34863	0.024838
14797	0.024839
43677	0.024841
43641	0.024842
12527	0.024843
23011	0.024847
37209	0.024849
50891	0.024852
34162	0.024860
33334	0.024861
16574	0.024865
10751	0.024869
51067	0.024873
45321	0.024875
27254	0.024880
55987	0.024885
15373	0.024885
8450	0.024886
48278	0.024891
28350	0.024891
12432	0.024896
50327	0.024901
31361	0.024901
53401	0.024907
46793	0.024917
35873	0.024917
28177	0.024922
16807	0.024928
52850	0.024933
11825	0.024933
15394	0.024934
14329	0.024937
36462	0.024937
55573	0.024944
54164	0.024960
47416	0.024965
7406	0.024969
7137	0.024970
53165	0.024976
30942	0.024978
42664	0.024979
14975	0.024979
8808	0.024986
40742	0.024986
38870	0.024988
32125	0.024989
30660	0.024989
37538	0.024993
50764	0.024993
20697	0.024993
26623	0.024993
11200	0.024994
13353	0.024995
35249	0.025006
13560	0.025013
33168	0.025018
46326	0.025019
16150	0.025028
24752	0.025033
56583	0.025035
38459	0.025042
9937	0.025047
60471	0.025048
36704	0.025048
11458	0.025049
47420	0.025051
53140	0.025051
13721	0.025059
45817	0.025062
39666	0.025065
12434	0.025066
32247	0.025068
15451	0.025079
51377	0.025080
14809	0.025082
8608	0.025086
17283	0.025087
16076	0.025097
53274	0.025104
17046	0.025105
56320	0.025107
20607	0.025107
23115	0.025111
27593	0.025114
23652	0.025122
46663	0.025126
54991	0.025136
11499	0.025142
33948	0.025145
16491	0.025147
33003	0.025152
10217	0.025159
50122	0.025163
14250	0.025165
43355	0.025167
16274	0.025168
44284	0.025169
40740	0.025172
46955	0.025174
22707	0.025177
15003	0.025178
19409	0.025178
40418	0.025178
26665	0.025182
44902	0.025190
51190	0.025204
10181	0.025207
13787	0.025210
49667	0.025210
49459	0.025213
34116	0.025214
34656	0.025217
10106	0.025217
34243	0.025219
50607	0.025220
8554	0.025221
12724	0.025222
41117	0.025228
26633	0.025231
56059	0.025232
44596	0.025239
9190	0.025239
34386	0.025242
15718	0.025242
16301	0.025245
22069	0.025250
52474	0.025261
23057	0.025262
31229	0.025269
17073	0.025271
50942	0.025282
15776	0.025283
16099	0.025286
30273	0.025295
14279	0.025297
53692	0.025299
44942	0.025302
9872	0.025305
33085	0.025305
38997	0.025312
36615	0.025312
16608	0.025315
7076	0.025316
12494	0.025316
27321	0.025319
49811	0.025319
14360	0.025324
16550	0.025326
35655	0.025333
39011	0.025334
49154	0.025337
21447	0.025343
44656	0.025352
42083	0.025354
13948	0.025359
56760	0.025363
29966	0.025363
56149	0.025364
25826	0.025365
36262	0.025366
32192	0.025371
7245	0.025374
54768	0.025374
53544	0.025375
43352	0.025379
15919	0.025382
10083	0.025386
23860	0.025388
13855	0.025394
38350	0.025394
14948	0.025401
15778	0.025405
34076	0.025410
41233	0.025411
27387	0.025415
12106	0.025415
21420	0.025421
7909	0.025421
16049	0.025422
44920	0.025427
14134	0.025427
46772	0.025431
22683	0.025438
11472	0.025444
35861	0.025444
19812	0.025444
41253	0.025445
47859	0.025450
40745	0.025455
21441	0.025455
48132	0.025456
23261	0.025458
48136	0.025458
13279	0.025466
49596	0.025467
15597	0.025475
44129	0.025476
44047	0.025483
13206	0.025483
26237	0.025487
15800	0.025492
23215	0.025508
37189	0.025509
35179	0.025511
46300	0.025516
9046	0.025517
22471	0.025520
24400	0.025522
14251	0.025531
10771	0.025532
14367	0.025535
36590	0.025535
60750	0.025536
7905	0.025540
54993	0.025540
16292	0.025555
13521	0.025559
35748	0.025561
24147	0.025564
39230	0.025566
25500	0.025575
61406	0.025583
31064	0.025602
28278	0.025614
7913	0.025617
37162	0.025617
37007	0.025622
15411	0.025624
53285	0.025628
9444	0.025633
30304	0.025636
58094	0.025638
24489	0.025638
9458	0.025639
57023	0.025641
20246	0.025648
55628	0.025648
16899	0.025650
9561	0.025652
40751	0.025655
22540	0.025657
12467	0.025660
11234	0.025662
44987	0.025665
14441	0.025668
24550	0.025677
11738	0.025679
10961	0.025680
14894	0.025682
14562	0.025682
21406	0.025684
10642	0.025694
10476	0.025698
26643	0.025698
10571	0.025708
54604	0.025711
47334	0.025730
14391	0.025737
31099	0.025743
52044	0.025745
25494	0.025747
40655	0.025758
10117	0.025758
43656	0.025759
39444	0.025767
14522	0.025774
52683	0.025774
29765	0.025775
55117	0.025783
30170	0.025783
13808	0.025790
40295	0.025808
16763	0.025809
30201	0.025812
10745	0.025813
31906	0.025820
49655	0.025822
10639	0.025826
19556	0.025829
20450	0.025830
16774	0.025840
7931	0.025848
54743	0.025850
39360	0.025850
24673	0.025850
57057	0.025853
55441	0.025856
53099	0.025857
37420	0.025866
8878	0.025872
12712	0.025873
7189	0.025877
10272	0.025880
8412	0.025881
16641	0.025892
44854	0.025906
15438	0.025915
57161	0.025916
10009	0.025917
61082	0.025919
8209	0.025919
14969	0.025919
14094	0.025923
10917	0.025928
7206	0.025928
32886	0.025931
40417	0.025937
53258	0.025937
57482	0.025938
50005	0.025940
40971	0.025943
10914	0.025949
40220	0.025949
43679	0.025952
26109	0.025958
44559	0.025959
49653	0.025963
41765	0.025969
37035	0.025971
45943	0.025972
36448	0.025972
56227	0.025973
14903	0.025975
25371	0.025975
46207	0.025976
37558	0.025984
19645	0.025986
14309	0.025989
40746	0.025992
13038	0.025994
44725	0.026000
61293	0.026000
40103	0.026002
49605	0.026004
31338	0.026004
53127	0.026009
29095	0.026012
34553	0.026013
30181	0.026016
56609	0.026024
50378	0.026025
14947	0.026027
19112	0.026030
12581	0.026034
47822	0.026035
14555	0.026037
35209	0.026038
49048	0.026044
13001	0.026060
13262	0.026063
13162	0.026070
13742	0.026074
29283	0.026078
14046	0.026083
13735	0.026083
32099	0.026084
15086	0.026085
34956	0.026086
21239	0.026087
33519	0.026088
8466	0.026113
52046	0.026128
16999	0.026152
20419	0.026153
57285	0.026156
44235	0.026158
60487	0.026160
40973	0.026162
50160	0.026165
17285	0.026167
12783	0.026169
53119	0.026174
43260	0.026181
12723	0.026183
53209	0.026188
40897	0.026190
19804	0.026197
19305	0.026209
29851	0.026210
21505	0.026210
23382	0.026213
44960	0.026230
41652	0.026245
19807	0.026247
30936	0.026250
31290	0.026250
16124	0.026251
57082	0.026262
22747	0.026263
17505	0.026267
26831	0.026268
47994	0.026270
15125	0.026275
16358	0.026277
61546	0.026279
42589	0.026284
12388	0.026296
56134	0.026301
38616	0.026304
32952	0.026307
33509	0.026310
53990	0.026312
37004	0.026321
40427	0.026322
54969	0.026324
52829	0.026339
23105	0.026344
39947	0.026345
30683	0.026352
30578	0.026358
9485	0.026367
19597	0.026378
22213	0.026379
12513	0.026380
39375	0.026387
30627	0.026387
56612	0.026403
53266	0.026406
10839	0.026410
12376	0.026410
24151	0.026413
24933	0.026416
15009	0.026417
48228	0.026419
60715	0.026426
51062	0.026430
24561	0.026434
30520	0.026443
50100	0.026443
24750	0.026452
55780	0.026458
40227	0.026464
49427	0.026464
40018	0.026468
14124	0.026474
53430	0.026488
14296	0.026488
23875	0.026492
38405	0.026494
22290	0.026495
55406	0.026499
19749	0.026506
50772	0.026514
38337	0.026525
23744	0.026527
13085	0.026527
16506	0.026536
48143	0.026538
15061	0.026543
40411	0.026546
43613	0.026548
39975	0.026548
19024	0.026551
19895	0.026554
58082	0.026556
9249	0.026559
11664	0.026562
47764	0.026566
51411	0.026568
60212	0.026588
39721	0.026588
45939	0.026597
20755	0.026601
25703	0.026608
36443	0.026616
20637	0.026619
40556	0.026622
54951	0.026631
7850	0.026636
21721	0.026640
36923	0.026644
15549	0.026645
34643	0.026646
14290	0.026646
30296	0.026666
44956	0.026669
52416	0.026673
20074	0.026675
49118	0.026683
47434	0.026686
49503	0.026692
28673	0.026702
41575	0.026706
14056	0.026729
10087	0.026739
52565	0.026743
42437	0.026744
7866	0.026750
57032	0.026750
21921	0.026757
40433	0.026763
33929	0.026769
31476	0.026769
12251	0.026791
25771	0.026791
53089	0.026799
9924	0.026801
13575	0.026802
15218	0.026817
27284	0.026819
12384	0.026820
7323	0.026822
20744	0.026826
41625	0.026831
48792	0.026833
14247	0.026835
12423	0.026840
30358	0.026842
16465	0.026844
51687	0.026844
39760	0.026853
21312	0.026861
19415	0.026875
13545	0.026878
20895	0.026882
11663	0.026884
13382	0.026884
23052	0.026886
32071	0.026886
45301	0.026888
8809	0.026888
25103	0.026889
53579	0.026889
29982	0.026892
44108	0.026893
52141	0.026895
11199	0.026900
47972	0.026901
34158	0.026903
29768	0.026908
57591	0.026912
24507	0.026914
40496	0.026917
48119	0.026919
50093	0.026920
8453	0.026923
22932	0.026924
23964	0.026929
19927	0.026929
18411	0.026938
26392	0.026940
31849	0.026946
46467	0.026954
12734	0.026977
57239	0.026979
23369	0.026979
42080	0.026982
22828	0.026982
46607	0.026986
28322	0.026988
14922	0.027003
52412	0.027016
33995	0.027016
30572	0.027019
45669	0.027021
21940	0.027024
42843	0.027035
17407	0.027036
21150	0.027036
43503	0.027050
23690	0.027069
48704	0.027071
14254	0.027075
40749	0.027110
30575	0.027117
9925	0.027118
28008	0.027124
53869	0.027125
47951	0.027128
15382	0.027143
27495	0.027147
9909	0.027157
32094	0.027179
58104	0.027185
13640	0.027218
13550	0.027224
12814	0.027226
40731	0.027227
16772	0.027249
24949	0.027253
20753	0.027253
11969	0.027266
38478	0.027278
45781	0.027286
42874	0.027293
60217	0.027294
47502	0.027300
36063	0.027300
13760	0.027304
46833	0.027307
22036	0.027319
39957	0.027321
47465	0.027324
47910	0.027325
43417	0.027331
55584	0.027334
38592	0.027346
34657	0.027347
14077	0.027350
40929	0.027354
7915	0.027361
16276	0.027361
14022	0.027365
7799	0.027366
39066	0.027369
39063	0.027371
51300	0.027372
30461	0.027382
36264	0.027386
54299	0.027387
54403	0.027395
8440	0.027396
19946	0.027398
13044	0.027399
7575	0.027401
40224	0.027402
52910	0.027406
15925	0.027410
47145	0.027413
61412	0.027414
28289	0.027414
57635	0.027426
8918	0.027427
39676	0.027428
19961	0.027436
29758	0.027440
53477	0.027442
30810	0.027454
11206	0.027458
13627	0.027470
28145	0.027470
11307	0.027477
41014	0.027479
17503	0.027482
28309	0.027484
25339	0.027484
56073	0.027486
35379	0.027486
51362	0.027488
14731	0.027489
11035	0.027489
9795	0.027491
53105	0.027514
49413	0.027518
21877	0.027519
49631	0.027538
37589	0.027542
58181	0.027544
50994	0.027545
36731	0.027545
21624	0.027552
30284	0.027559
54280	0.027561
44659	0.027562
55344	0.027569
14059	0.027575
32382	0.027576
55114	0.027578
50959	0.027584
12933	0.027595
12363	0.027598
41083	0.027601
33233	0.027603
58213	0.027619
49773	0.027621
23895	0.027634
12521	0.027640
57525	0.027644
52132	0.027644
11772	0.027653
54005	0.027657
26094	0.027658
9581	0.027664
14334	0.027668
51643	0.027669
46879	0.027670
8468	0.027671
7261	0.027671
17107	0.027679
32680	0.027680
56486	0.027684
36735	0.027695
36267	0.027698
21937	0.027712
24915	0.027715
47108	0.027717
19859	0.027717
33567	0.027718
28103	0.027719
39984	0.027722
24937	0.027726
60965	0.027735
25077	0.027735
21775	0.027736
16795	0.027743
15004	0.027764
11483	0.027764
27505	0.027769
38880	0.027770
29596	0.027781
37650	0.027796
56603	0.027797
43565	0.027799
11450	0.027799
11201	0.027805
14323	0.027810
8469	0.027814
18218	0.027853
38174	0.027859
53275	0.027861
38149	0.027862
49817	0.027867
54382	0.027873
13692	0.027875
58088	0.027887
48834	0.027888
12301	0.027891
9753	0.027899
36084	0.027899
8867	0.027900
16213	0.027903
14028	0.027914
42556	0.027920
26503	0.027933
13718	0.027941
10818	0.027941
7642	0.027942
45489	0.027948
13876	0.027949
13092	0.027953
10743	0.027955
12862	0.027962
48858	0.027963
11213	0.027970
33686	0.027972
53281	0.027973
40977	0.027981
49650	0.027989
11515	0.027991
15895	0.027994
50464	0.028004
28302	0.028007
14964	0.028009
36089	0.028010
14416	0.028011
49240	0.028023
13858	0.028023
10714	0.028032
53845	0.028036
32399	0.028043
47536	0.028055
16128	0.028056
8287	0.028064
27892	0.028067
52641	0.028076
19664	0.028080
48274	0.028082
15334	0.028086
39153	0.028088
14670	0.028091
45105	0.028104
57567	0.028122
9179	0.028130
22518	0.028143
27441	0.028149
33165	0.028150
44522	0.028150
20630	0.028151
44732	0.028161
58274	0.028162
38164	0.028163
20751	0.028169
16935	0.028185
48823	0.028188
22388	0.028188
38902	0.028189
7115	0.028197
39466	0.028197
50504	0.028216
30438	0.028221
41601	0.028222
52542	0.028222
48140	0.028224
32410	0.028230
17171	0.028234
23503	0.028251
47833	0.028259
29235	0.028260
56176	0.028261
52986	0.028263
58090	0.028266
9143	0.028269
33545	0.028270
15622	0.028270
25463	0.028289
9857	0.028291
38899	0.028301
9965	0.028321
40727	0.028322
54531	0.028337
35966	0.028338
39392	0.028340
36086	0.028345
33665	0.028355
47042	0.028357
7953	0.028360
15492	0.028370
47123	0.028370
20181	0.028380
38234	0.028386
58249	0.028391
41758	0.028395
8363	0.028398
12760	0.028402
17027	0.028403
54585	0.028411
40639	0.028421
14982	0.028427
39440	0.028445
7658	0.028454
51833	0.028455
11442	0.028459
40738	0.028462
15727	0.028469
44237	0.028470
46035	0.028472
22302	0.028479
11615	0.028481
8921	0.028482
56576	0.028482
37875	0.028491
23624	0.028491
15821	0.028497
12525	0.028508
56500	0.028512
41810	0.028517
60796	0.028519
33703	0.028523
13296	0.028529
16253	0.028543
49639	0.028544
52347	0.028549
12757	0.028550
15495	0.028553
19570	0.028554
9217	0.028555
24286	0.028562
47051	0.028563
24406	0.028565
27824	0.028589
39295	0.028591
13534	0.028591
38582	0.028603
14118	0.028619
14433	0.028630
61522	0.028652
50746	0.028664
15364	0.028667
26520	0.028671
32861	0.028671
35528	0.028675
25953	0.028686
16127	0.028690
45552	0.028701
12367	0.028718
28669	0.028722
19995	0.028725
31044	0.028726
7947	0.028735
42729	0.028737
11802	0.028749
32476	0.028764
38465	0.028780
12657	0.028791
23234	0.028802
11880	0.028806
40728	0.028807
41447	0.028808
30822	0.028810
7011	0.028821
47580	0.028840
38410	0.028841
34438	0.028861
55289	0.028874
46617	0.028882
31244	0.028890
13227	0.028900
20635	0.028901
47500	0.028902
36248	0.028905
30624	0.028909
28369	0.028928
44532	0.028945
12285	0.028949
16790	0.028950
10999	0.028954
57114	0.028963
55312	0.028964
33300	0.028974
14905	0.028995
29393	0.028996
19029	0.028997
36654	0.028999
16733	0.029005
60262	0.029007
39237	0.029012
51288	0.029018
38502	0.029020
30866	0.029021
44433	0.029044
48448	0.029054
8566	0.029058
58597	0.029065
15398	0.029070
8446	0.029079
13553	0.029080
26497	0.029080
19668	0.029103
27621	0.029116
21696	0.029124
53279	0.029125
15926	0.029127
53734	0.029130
29062	0.029131
14750	0.029141
13417	0.029166
52392	0.029169
40812	0.029178
31000	0.029179
38366	0.029187
23248	0.029194
8791	0.029201
22856	0.029208
38891	0.029212
39703	0.029228
56624	0.029230
29255	0.029234
23750	0.029245
60237	0.029248
16327	0.029263
8818	0.029266
10453	0.029269
9347	0.029292
58354	0.029318
16705	0.029323
7938	0.029359
37918	0.029364
27884	0.029374
19458	0.029388
21090	0.029397
26780	0.029412
33161	0.029416
60255	0.029435
23391	0.029438
36178	0.029441
32074	0.029444
25569	0.029446
28841	0.029446
60299	0.029452
16211	0.029464
13366	0.029465
14137	0.029470
10779	0.029496
13815	0.029497
27382	0.029498
22606	0.029521
23555	0.029537
10046	0.029554
11662	0.029559
10113	0.029560
47037	0.029566
48200	0.029574
51213	0.029577
30609	0.029578
52048	0.029580
9185	0.029585
9128	0.029597
25105	0.029603
50989	0.029607
47824	0.029607
8352	0.029628
41585	0.029642
25577	0.029644
52795	0.029650
29361	0.029665
13475	0.029667
12108	0.029671
13589	0.029680
43615	0.029682
33173	0.029686
8616	0.029694
13073	0.029703
53287	0.029709
8916	0.029713
21779	0.029715
32406	0.029718
34101	0.029743
19117	0.029751
48660	0.029757
14085	0.029758
13316	0.029765
22576	0.029774
14113	0.029778
25361	0.029804
15297	0.029808
30535	0.029812
35154	0.029813
25960	0.029823
11545	0.029831
8527	0.029836
49410	0.029843
29286	0.029854
35857	0.029854
27097	0.029854
43630	0.029858
39224	0.029858
38887	0.029871
7213	0.029880
28648	0.029888
15806	0.029888
8728	0.029897
32512	0.029902
45733	0.029908
48710	0.029921
22391	0.029931
59132	0.029938
13961	0.029949
25605	0.029953
19977	0.029960
25568	0.029965
7229	0.029965
47291	0.029972
15454	0.029982
37342	0.029986
15338	0.029986
56774	0.030009
7593	0.030013
44282	0.030013
38702	0.030022
53540	0.030029
9936	0.030033
41576	0.030037
12591	0.030038
54002	0.030042
11284	0.030047
14518	0.030061
48332	0.030078
39493	0.030078
26458	0.030090
22220	0.030123
41001	0.030126
9022	0.030127
16210	0.030129
7996	0.030132
47277	0.030137
14834	0.030139
12252	0.030146
21247	0.030150
22081	0.030171
11994	0.030171
19622	0.030171
17389	0.030189
31061	0.030197
36475	0.030198
49429	0.030200
12614	0.030204
8557	0.030207
41658	0.030212
50285	0.030218
9806	0.030219
35189	0.030230
22369	0.030252
53172	0.030260
55845	0.030265
37043	0.030267
23820	0.030273
15305	0.030276
33771	0.030277
9305	0.030286
47386	0.030290
13596	0.030292
53793	0.030297
15998	0.030315
53881	0.030315
12832	0.030317
14855	0.030317
54034	0.030318
56626	0.030320
15737	0.030327
14045	0.030328
52660	0.030338
10531	0.030343
22122	0.030351
17102	0.030367
21497	0.030374
30553	0.030384
49692	0.030396
13823	0.030397
13609	0.030418
25525	0.030419
50641	0.030432
53327	0.030441
15740	0.030444
48415	0.030454
36317	0.030468
50367	0.030473
10373	0.030479
8959	0.030481
46058	0.030483
22510	0.030490
24781	0.030494
34545	0.030497
43117	0.030505
9797	0.030517
61260	0.030521
9570	0.030539
9024	0.030560
41435	0.030585
18369	0.030587
31892	0.030602
7294	0.030606
21970	0.030658
38172	0.030665
35340	0.030668
43554	0.030670
22201	0.030685
14669	0.030697
22537	0.030699
15352	0.030706
52857	0.030720
37683	0.030728
12393	0.030743
30458	0.030754
8613	0.030775
50180	0.030780
50351	0.030789
56589	0.030790
43545	0.030798
57042	0.030803
60155	0.030807
9023	0.030812
45777	0.030815
51590	0.030816
48281	0.030835
38244	0.030836
47136	0.030842
38914	0.030869
45245	0.030881
47225	0.030881
11080	0.030882
14765	0.030896
12069	0.030896
33171	0.030907
28901	0.030909
42978	0.030922
40729	0.030936
34920	0.030940
44979	0.030945
36245	0.030947
15123	0.030954
13515	0.030970
28952	0.030973
7589	0.030982
33393	0.030982
34202	0.031000
30931	0.031019
14786	0.031019
46998	0.031035
22148	0.031037
42400	0.031038
54149	0.031045
8054	0.031046
8591	0.031052
56992	0.031062
23167	0.031062
12740	0.031066
39962	0.031079
28244	0.031091
50185	0.031106
42683	0.031111
33861	0.031120
21966	0.031121
12752	0.031133
50710	0.031141
48311	0.031143
55542	0.031168
15791	0.031177
24171	0.031190
31327	0.031194
24926	0.031225
40678	0.031242
57978	0.031244
16355	0.031246
36457	0.031249
8250	0.031253
58114	0.031253
53923	0.031253
40733	0.031269
36048	0.031276
50157	0.031276
21408	0.031294
56004	0.031298
20816	0.031300
58409	0.031302
46253	0.031304
55066	0.031310
10715	0.031322
14269	0.031327
14150	0.031342
44263	0.031362
57649	0.031367
12691	0.031370
28275	0.031385
7884	0.031394
8319	0.031414
55525	0.031421
34409	0.031429
53283	0.031465
57626	0.031466
11393	0.031468
9571	0.031500
21061	0.031505
11535	0.031527
57947	0.031529
49934	0.031537
10912	0.031539
20108	0.031543
15888	0.031547
13196	0.031557
38568	0.031582
12895	0.031583
11744	0.031592
13556	0.031601
42824	0.031625
46977	0.031645
8346	0.031645
15939	0.031650
13604	0.031661
48411	0.031662
20336	0.031668
40180	0.031674
11440	0.031681
45132	0.031682
21499	0.031694
12837	0.031707
10053	0.031711
60449	0.031731
27290	0.031732
27222	0.031734
11258	0.031741
25829	0.031742
13730	0.031755
23655	0.031774
55600	0.031814
53524	0.031823
48338	0.031838
13048	0.031840
39578	0.031848
35013	0.031851
26010	0.031861
26636	0.031869
58343	0.031887
12112	0.031915
29427	0.031917
13770	0.031969
15884	0.031981
32720	0.031987
30602	0.032009
6969	0.032011
47489	0.032019
39464	0.032023
8792	0.032034
37091	0.032051
51443	0.032055
49418	0.032081
54396	0.032084
21509	0.032098
29092	0.032105
39986	0.032108
37204	0.032113
56074	0.032143
26557	0.032161
35173	0.032165
27523	0.032166
23474	0.032172
56669	0.032180
61392	0.032199
40233	0.032215
9542	0.032215
24843	0.032223
25742	0.032251
37988	0.032253
46665	0.032263
40347	0.032272
30556	0.032311
28995	0.032317
12569	0.032357
55572	0.032371
33794	0.032381
46623	0.032398
56607	0.032400
15698	0.032404
26683	0.032437
47759	0.032443
14563	0.032447
15819	0.032457
51344	0.032480
7371	0.032481
13419	0.032491
24432	0.032494
7214	0.032498
37468	0.032564
51057	0.032595
21626	0.032597
54159	0.032607
40744	0.032610
38139	0.032620
55784	0.032629
53446	0.032653
55817	0.032654
16485	0.032659
15632	0.032674
61565	0.032691
39252	0.032707
9892	0.032711
10120	0.032728
23200	0.032778
10974	0.032785
12458	0.032789
42725	0.032792
52592	0.032801
22172	0.032802
24972	0.032814
21434	0.032815
30491	0.032822
49937	0.032827
21932	0.032827
44292	0.032843
16354	0.032844
8447	0.032844
14976	0.032854
50753	0.032862
49926	0.032862
10872	0.032864
24416	0.032865
37093	0.032877
19369	0.032886
10016	0.032887
10627	0.032889
13254	0.032904
15839	0.032905
31117	0.032912
10235	0.032920
9320	0.032928
30893	0.032928
28237	0.032981
9370	0.032984
24976	0.032993
10262	0.032994
56772	0.033000
7631	0.033012
13249	0.033013
33525	0.033022
33224	0.033046
49355	0.033056
31945	0.033079
14194	0.033096
55260	0.033098
37228	0.033105
7688	0.033125
10927	0.033129
50120	0.033143
22830	0.033152
26755	0.033158
7872	0.033181
57003	0.033206
13165	0.033210
36252	0.033235
9492	0.033238
53182	0.033247
47496	0.033250
15504	0.033253
13523	0.033271
30244	0.033273
12995	0.033288
13420	0.033293
52819	0.033297
11181	0.033300
56749	0.033314
25723	0.033330
43501	0.033353
40758	0.033358
14513	0.033364
7370	0.033369
12990	0.033384
16270	0.033387
57076	0.033389
50322	0.033400
22174	0.033433
12215	0.033435
25124	0.033438
23357	0.033451
40031	0.033518
15016	0.033522
12003	0.033522
52922	0.033535
31050	0.033542
31478	0.033558
47161	0.033561
11205	0.033569
13743	0.033588
51683	0.033596
40730	0.033606
14662	0.033618
35216	0.033628
20641	0.033629
24219	0.033641
16184	0.033643
16455	0.033655
54416	0.033660
15843	0.033671
22641	0.033674
21546	0.033691
25955	0.033709
44545	0.033710
21529	0.033728
37088	0.033732
13660	0.033747
44689	0.033786
11406	0.033798
40979	0.033826
50582	0.033842
12183	0.033855
15136	0.033857
15299	0.033863
14674	0.033869
11589	0.033885
25962	0.033891
13791	0.033892
39313	0.033913
15600	0.034005
34119	0.034019
52354	0.034024
25768	0.034038
46527	0.034048
22106	0.034054
15887	0.034062
46149	0.034079
12917	0.034089
54265	0.034096
10524	0.034105
14152	0.034106
15395	0.034117
53094	0.034133
56708	0.034137
45744	0.034219
49452	0.034223
39779	0.034262
30606	0.034262
41477	0.034279
13846	0.034291
32727	0.034296
24513	0.034313
24397	0.034332
55408	0.034337
28890	0.034350
13123	0.034357
43235	0.034362
28905	0.034377
32569	0.034381
10392	0.034394
26962	0.034401
23240	0.034404
15744	0.034415
37126	0.034445
23940	0.034448
16080	0.034451
35203	0.034457
14108	0.034458
9107	0.034465
22572	0.034466
37048	0.034471
34948	0.034488
22763	0.034511
14255	0.034512
8863	0.034526
57276	0.034542
56781	0.034567
32935	0.034580
43626	0.034610
7303	0.034647
31038	0.034676
7892	0.034681
40739	0.034699
27100	0.034708
38383	0.034709
61671	0.034713
12213	0.034714
16086	0.034727
40689	0.034735
21511	0.034744
15187	0.034760
55903	0.034797
22988	0.034802
13224	0.034832
32116	0.034844
8326	0.034857
55829	0.034869
16928	0.034881
37492	0.034922
35955	0.034924
42918	0.034925
12771	0.034941
8156	0.034941
14127	0.034991
16084	0.035005
11194	0.035007
26062	0.035024
11670	0.035036
44250	0.035037
37451	0.035050
55681	0.035077
15682	0.035088
33970	0.035089
55586	0.035122
40752	0.035149
9219	0.035158
7298	0.035159
42345	0.035198
38046	0.035239
23231	0.035253
57052	0.035273
14668	0.035285
48129	0.035306
54399	0.035334
48993	0.035368
15951	0.035406
52867	0.035411
60474	0.035429
41904	0.035431
44962	0.035446
49915	0.035501
32110	0.035528
50697	0.035533
17207	0.035562
51172	0.035573
15287	0.035583
6945	0.035622
39169	0.035650
46893	0.035655
32665	0.035671
34440	0.035696
50356	0.035706
43335	0.035707
11828	0.035708
56888	0.035711
47646	0.035720
40755	0.035761
8443	0.035825
6931	0.035844
16034	0.035875
40953	0.035878
16264	0.035900
7823	0.035937
26298	0.035955
35002	0.035963
47815	0.035966
49029	0.036025
31180	0.036025
29300	0.036080
53108	0.036121
57404	0.036128
35801	0.036159
21522	0.036191
47820	0.036198
49765	0.036204
8692	0.036240
13231	0.036269
16212	0.036277
9804	0.036293
7994	0.036329
24991	0.036337
15444	0.036340
14186	0.036377
31873	0.036408
12900	0.036421
58218	0.036423
7302	0.036430
13361	0.036440
52626	0.036443
48864	0.036472
13225	0.036472
7945	0.036494
32686	0.036495
9441	0.036501
49047	0.036534
15758	0.036539
10299	0.036550
13467	0.036561
50657	0.036597
21630	0.036598
9969	0.036616
7907	0.036620
42786	0.036664
14724	0.036680
15440	0.036682
29994	0.036689
11402	0.036707
46567	0.036708
52751	0.036735
33038	0.036738
9525	0.036783
26042	0.036829
23974	0.036834
56942	0.036847
7367	0.036859
55287	0.036865
20360	0.036869
24149	0.036889
13490	0.036927
49690	0.036945
25127	0.036947
11180	0.036957
14126	0.036987
13985	0.036993
14748	0.037047
30204	0.037104
14111	0.037109
35786	0.037123
44950	0.037139
41615	0.037149
11795	0.037229
21004	0.037251
15881	0.037292
58131	0.037294
45472	0.037302
9270	0.037318
51792	0.037322
9142	0.037325
13766	0.037327
13336	0.037340
32589	0.037343
9901	0.037349
46569	0.037382
31586	0.037397
49762	0.037401
55700	0.037402
11571	0.037435
11832	0.037454
12468	0.037464
12011	0.037469
10249	0.037486
7107	0.037520
19950	0.037522
11830	0.037536
46943	0.037550
15602	0.037562
29012	0.037563
43765	0.037585
49075	0.037625
40441	0.037626
9089	0.037631
10092	0.037647
7023	0.037668
9076	0.037671
14300	0.037685
16978	0.037688
44445	0.037688
48786	0.037697
16299	0.037733
61152	0.037745
23638	0.037749
13993	0.037751
22756	0.037753
8377	0.037763
11536	0.037768
12902	0.037773
58093	0.037807
16203	0.037813
58626	0.037814
36738	0.037818
6981	0.037822
53917	0.037884
45006	0.037916
21524	0.037922
30529	0.037926
29820	0.037954
44240	0.037959
25866	0.037994
8620	0.038030
9800	0.038031
22185	0.038036
11404	0.038039
9111	0.038057
13999	0.038123
7671	0.038129
55900	0.038175
54096	0.038184
13626	0.038184
8395	0.038211
44322	0.038214
47976	0.038216
60676	0.038236
15085	0.038256
19499	0.038283
54541	0.038284
60168	0.038286
53582	0.038320
11089	0.038325
7191	0.038350
50031	0.038386
15442	0.038395
44067	0.038400
7005	0.038447
12013	0.038449
56594	0.038497
30559	0.038510
10677	0.038516
14564	0.038530
7025	0.038562
7143	0.038575
10658	0.038577
11805	0.038585
9159	0.038589
35312	0.038620
45460	0.038627
56715	0.038652
27541	0.038653
57609	0.038754
9434	0.038770
7927	0.038786
31365	0.038811
10548	0.038829
45022	0.038839
42134	0.038881
43989	0.038886
14792	0.038901
38873	0.038904
61301	0.038909
20821	0.038921
51807	0.038949
16088	0.038963
14437	0.038977
43524	0.039012
25713	0.039035
34551	0.039036
13651	0.039054
24942	0.039054
6908	0.039082
14027	0.039099
43481	0.039103
57797	0.039104
26129	0.039138
27560	0.039139
26108	0.039165
7837	0.039173
16068	0.039188
13203	0.039189
35320	0.039194
40222	0.039196
14682	0.039196
7590	0.039205
12007	0.039235
49920	0.039242
13278	0.039245
37489	0.039262
10399	0.039278
21912	0.039298
28072	0.039302
55774	0.039322
31176	0.039325
42014	0.039375
47139	0.039408
40359	0.039412
13643	0.039444
23146	0.039520
43543	0.039563
12092	0.039576
44077	0.039625
20043	0.039627
19348	0.039631
46434	0.039664
10229	0.039681
12903	0.039694
16180	0.039706
55302	0.039709
44874	0.039760
15935	0.039817
7028	0.039824
10569	0.039824
61015	0.039833
15282	0.039874
55980	0.039882
32613	0.039891
6987	0.039959
39461	0.039976
7000	0.040000
15307	0.040009
44229	0.040081
61370	0.040085
58073	0.040099
42833	0.040115
7019	0.040131
8378	0.040174
14196	0.040180
14453	0.040203
23306	0.040215
21532	0.040247
53911	0.040277
44967	0.040278
15696	0.040289
13030	0.040301
7009	0.040317
15506	0.040360
39070	0.040384
35714	0.040387
9493	0.040416
42830	0.040417
37063	0.040419
37208	0.040424
12004	0.040442
8994	0.040449
48315	0.040464
31081	0.040476
9153	0.040483
27624	0.040502
30839	0.040549
38620	0.040579
7010	0.040583
9930	0.040596
33599	0.040602
46668	0.040606
44064	0.040622
8507	0.040640
21916	0.040647
10130	0.040667
39099	0.040704
11809	0.040704
13877	0.040739
13614	0.040769
11015	0.040787
47748	0.040818
43531	0.040922
30189	0.040924
41951	0.040950
20798	0.040957
9407	0.040958
31616	0.040969
30299	0.040992
15293	0.040995
13987	0.040996
15070	0.040997
32860	0.041021
49789	0.041025
22466	0.041027
39654	0.041033
48044	0.041039
9293	0.041099
15143	0.041121
53863	0.041123
26185	0.041149
49415	0.041165
7004	0.041175
44953	0.041192
25802	0.041218
13722	0.041225
57158	0.041241
28016	0.041284
57231	0.041331
16078	0.041342
12175	0.041368
12899	0.041386
11558	0.041404
55834	0.041423
23084	0.041467
14665	0.041480
36685	0.041522
32069	0.041568
19054	0.041587
9668	0.041599
52799	0.041613
30976	0.041615
39670	0.041638
21462	0.041689
6971	0.041693
7831	0.041726
29225	0.041765
8335	0.041813
44065	0.041816
15309	0.041825
11214	0.041844
41845	0.041855
37155	0.041865
11617	0.041877
6999	0.041879
40522	0.041887
10026	0.041904
12745	0.041921
8614	0.041933
14970	0.041939
58550	0.041948
11380	0.041951
30548	0.041951
12733	0.041958
41641	0.041974
31986	0.041985
40754	0.041989
13546	0.041996
27519	0.042063
10816	0.042067
40757	0.042071
43499	0.042082
60515	0.042144
6996	0.042174
11838	0.042179
14117	0.042184
28911	0.042196
13874	0.042237
43763	0.042247
52706	0.042263
19058	0.042273
16235	0.042318
14434	0.042341
15593	0.042353
53909	0.042372
16271	0.042386
7861	0.042401
20590	0.042432
49624	0.042453
12174	0.042468
24510	0.042481
9337	0.042509
12133	0.042522
10088	0.042525
7036	0.042597
41588	0.042620
24642	0.042629
12016	0.042662
9244	0.042695
23326	0.042744
11957	0.042745
26030	0.042746
13557	0.042752
50101	0.042761
52203	0.042774
7690	0.042784
21475	0.042842
40768	0.042877
7007	0.042908
33612	0.042914
14699	0.042929
9334	0.042936
22566	0.042954
10598	0.042962
41649	0.042992
12006	0.042995
31868	0.043007
6983	0.043015
15354	0.043028
6986	0.043090
48344	0.043114
47853	0.043118
8869	0.043165
7546	0.043178
11999	0.043178
6994	0.043252
52794	0.043252
21999	0.043288
48740	0.043291
31862	0.043301
46777	0.043365
7018	0.043437
11108	0.043441
26917	0.043481
50189	0.043491
28982	0.043573
39309	0.043601
15675	0.043607
14623	0.043636
7020	0.043647
15310	0.043651
7017	0.043676
13210	0.043698
13195	0.043703
28738	0.043740
12136	0.043753
53253	0.043758
20474	0.043787
10119	0.043813
8617	0.043833
33058	0.043849
33303	0.043954
46137	0.043997
12823	0.044010
6973	0.044062
14431	0.044069
56075	0.044083
15372	0.044106
10398	0.044180
52371	0.044278
44238	0.044298
58189	0.044317
54777	0.044320
51398	0.044326
14395	0.044352
8793	0.044363
48052	0.044442
13259	0.044506
51290	0.044524
48648	0.044530
7576	0.044558
14219	0.044581
14607	0.044590
12214	0.044660
7220	0.044663
11993	0.044756
35392	0.044775
13350	0.044792
30620	0.044797
54826	0.044843
8656	0.044851
48354	0.044883
9929	0.044886
13488	0.044913
8666	0.044930
13962	0.044936
14818	0.044947
10093	0.044952
19110	0.044995
28676	0.045020
7031	0.045068
7240	0.045104
47788	0.045161
6972	0.045168
26794	0.045224
42107	0.045226
35159	0.045280
61180	0.045340
6977	0.045366
28015	0.045380
15731	0.045520
49101	0.045577
6944	0.045610
11991	0.045658
30808	0.045667
26098	0.045677
30717	0.045696
24584	0.045698
10565	0.045709
25243	0.045720
6975	0.045721
58107	0.045725
6934	0.045754
8851	0.045773
12141	0.045815
14644	0.045829
9316	0.045852
30569	0.045911
12009	0.045964
35791	0.046009
15437	0.046015
58403	0.046018
12205	0.046038
10750	0.046053
7030	0.046079
26928	0.046113
9160	0.046180
28990	0.046256
7551	0.046262
40961	0.046281
14653	0.046342
43466	0.046346
10932	0.046390
33944	0.046395
15855	0.046437
11345	0.046477
28979	0.046551
7141	0.046578
49098	0.046599
7824	0.046601
14239	0.046609
44299	0.046676
7766	0.046679
21100	0.046724
42810	0.046734
14643	0.046737
40753	0.046821
35194	0.046826
44313	0.046848
8895	0.046849
26678	0.046908
55963	0.047054
32258	0.047094
8570	0.047108
58229	0.047145
13603	0.047155
51829	0.047168
7033	0.047175
30374	0.047239
12579	0.047253
12409	0.047272
35759	0.047318
23710	0.047362
44294	0.047371
10792	0.047384
14907	0.047390
56840	0.047404
48349	0.047427
7037	0.047429
46520	0.047442
11737	0.047666
7325	0.047718
19237	0.047730
15561	0.047747
16006	0.047761
50369	0.047774
6939	0.047782
12669	0.047795
13056	0.047849
15552	0.047860
24486	0.047923
8787	0.047938
39601	0.047944
7026	0.047985
23322	0.047995
6985	0.048013
13812	0.048050
11220	0.048240
26025	0.048280
43546	0.048322
28139	0.048374
48906	0.048474
9074	0.048524
44259	0.048527
24539	0.048528
10020	0.048528
7003	0.048549
13136	0.048638
15509	0.048641
45989	0.048892
56706	0.048902
25550	0.048973
12052	0.048995
16100	0.048999
7997	0.049004
24831	0.049007
33153	0.049030
12444	0.049099
10434	0.049159
35247	0.049197
53173	0.049234
26044	0.049344
21084	0.049403
8332	0.049404
15169	0.049424
13138	0.049435
10220	0.049467
24153	0.049564
21628	0.049568
14614	0.049570
40699	0.049646
22401	0.049700
19228	0.049711
7962	0.049725
15695	0.049735
39989	0.049753
15292	0.049756
35134	0.049761
17064	0.049775
34107	0.049843
40506	0.049883
15298	0.049960
8393	0.049974
15197	0.050035
6976	0.050058
26761	0.050178
6910	0.050275
9465	0.050316
14934	0.050323
20152	0.050469
41102	0.050504
9199	0.050529
50473	0.050537
42461	0.050547
15290	0.050656
48366	0.050667
15933	0.050674
35025	0.050687
10560	0.050742
54355	0.050848
35435	0.051018
48876	0.051104
56198	0.051107
38999	0.051124
7210	0.051236
38867	0.051244
22415	0.051323
57012	0.051347
43724	0.051421
56872	0.051442
10388	0.051449
10657	0.051500
55089	0.051517
31817	0.051573
12604	0.051675
24526	0.051699
31948	0.051718
15656	0.051736
35262	0.051771
10101	0.051831
8572	0.051851
9113	0.051856
7125	0.051859
58506	0.051863
41620	0.051882
15789	0.051942
12924	0.051998
44217	0.052042
10580	0.052055
10842	0.052059
42431	0.052078
8473	0.052106
11184	0.052106
29904	0.052255
11973	0.052258
27345	0.052299
35923	0.052315
57095	0.052370
56703	0.052404
47010	0.052843
37427	0.052859
28096	0.052888
11972	0.052912
33505	0.053019
40486	0.053285
20252	0.053580
44208	0.053617
55767	0.053657
23828	0.053697
55085	0.053919
8502	0.053932
39992	0.054111
36629	0.054114
19435	0.054182
9189	0.054193
24503	0.054258
39959	0.054327
15878	0.054335
36152	0.054376
12817	0.054460
12017	0.054521
27922	0.054570
19050	0.054764
32493	0.054809
9584	0.054835
11992	0.054851
15192	0.054857
41721	0.055004
11084	0.055024
16221	0.055101
44965	0.055476
28992	0.055502
15673	0.055544
57221	0.055667
53364	0.055716
27431	0.055723
53081	0.055724
24529	0.055891
37757	0.055999
10772	0.056076
28094	0.056142
29956	0.056184
15436	0.056558
12789	0.056570
22993	0.056581
21418	0.056626
10555	0.056647
13595	0.056736
14016	0.056901
43552	0.056916
27429	0.056952
23042	0.057035
12165	0.057172
13600	0.057214
14017	0.057239
44242	0.057422
8866	0.057633
7300	0.057690
15441	0.057701
13598	0.057756
55557	0.057792
7021	0.057828
6990	0.057954
11566	0.057958
15795	0.058105
26811	0.058293
28307	0.058296
24552	0.058414
25666	0.058444
14801	0.058501
13024	0.058629
31901	0.058704
10561	0.058752
23236	0.058822
9155	0.058828
47889	0.058835
16858	0.058848
9157	0.058858
9799	0.059009
24727	0.059066
10059	0.059120
36162	0.059130
51734	0.059205
19938	0.059223
20476	0.059426
23336	0.059535
20773	0.059611
14514	0.059612
12116	0.059677
58086	0.059791
8889	0.059811
8500	0.059880
26020	0.059922
11990	0.059983
14048	0.060016
11425	0.060078
20633	0.060081
48557	0.060088
20496	0.060124
7027	0.060148
15289	0.060162
7600	0.060282
12612	0.060539
12747	0.060539
30820	0.060542
15407	0.060554
11094	0.060593
7618	0.060627
37424	0.060656
8462	0.060690
7598	0.060732
16115	0.060741
28258	0.060793
7079	0.060827
56330	0.060877
43330	0.060904
13229	0.060915
12609	0.060970
22852	0.060999
30222	0.061008
9176	0.061024
13924	0.061115
49424	0.061135
7002	0.061146
45455	0.061182
12210	0.061198
10760	0.061205
6997	0.061241
15672	0.061273
15423	0.061314
37325	0.061340
16341	0.061397
12852	0.061412
12730	0.061433
14018	0.061444
43534	0.061461
36905	0.061546
33157	0.061581
11968	0.061606
48360	0.061619
9352	0.061724
39365	0.061747
10682	0.061787
11549	0.061789
57857	0.061856
8982	0.061903
15399	0.061937
15907	0.061969
21648	0.062008
10980	0.062040
8575	0.062115
14277	0.062174
43771	0.062180
7724	0.062230
21968	0.062238
8864	0.062267
13396	0.062438
21289	0.062503
9338	0.062550
7006	0.062611
14622	0.062621
35757	0.062642
28666	0.062688
57017	0.062717
15601	0.062718
13543	0.062774
15511	0.062793
52455	0.062835
42815	0.062872
15053	0.062928
14197	0.062939
30971	0.062952
37788	0.062968
9938	0.063027
21692	0.063046
13435	0.063051
43497	0.063095
10204	0.063156
10707	0.063161
8336	0.063162
8017	0.063192
6979	0.063245
48319	0.063265
7514	0.063306
13845	0.063405
25141	0.063465
7859	0.063543
51392	0.063546
28217	0.063554
14791	0.063587
23351	0.063634
13207	0.063693
23341	0.063727
46507	0.063758
32531	0.063793
9682	0.063804
37302	0.063854
52869	0.063876
14131	0.063892
28151	0.063921
6965	0.063976
12211	0.063980
30479	0.064049
25905	0.064097
8246	0.064101
15570	0.064127
9805	0.064134
7014	0.064155
11446	0.064160
21093	0.064281
45174	0.064308
22713	0.064341
6993	0.064407
14639	0.064437
52452	0.064500
11316	0.064509
24516	0.064517
12629	0.064521
15592	0.064564
51824	0.064619
31156	0.064627
8722	0.064645
10121	0.064692
50109	0.064693
15391	0.064698
10096	0.064733
9556	0.064740
7158	0.064779
13623	0.064803
7077	0.064846
45622	0.064911
37727	0.065021
10162	0.065026
13362	0.065091
9360	0.065162
39195	0.065345
27428	0.065357
24619	0.065384
25888	0.065391
44265	0.065423
26000	0.065437
9654	0.065457
7034	0.065607
15854	0.065630
35220	0.065642
42465	0.065749
39175	0.065757
49610	0.065822
6967	0.065840
48553	0.065860
21024	0.065893
55944	0.065920
8893	0.065996
13981	0.066097
49674	0.066104
28848	0.066108
13437	0.066153
30797	0.066218
8449	0.066326
30476	0.066390
41644	0.066490
28159	0.066590
16289	0.066606
8896	0.066610
56439	0.066657
28251	0.066742
16079	0.066791
43340	0.066793
31012	0.066822
28332	0.066865
14463	0.066866
28239	0.066950
51179	0.066950
29396	0.066951
47565	0.066993
14430	0.067010
10764	0.067022
26941	0.067044
12391	0.067096
46101	0.067150
58295	0.067173
8958	0.067278
6978	0.067288
7853	0.067315
33882	0.067322
51897	0.067375
10774	0.067375
6970	0.067423
21047	0.067423
16305	0.067438
28879	0.067488
12822	0.067496
37117	0.067534
55762	0.067549
41598	0.067569
41161	0.067571
29402	0.067605
7934	0.067710
8797	0.067806
40872	0.067836
24615	0.067964
8891	0.067967
38561	0.067998
13597	0.068026
8338	0.068056
11769	0.068083
15658	0.068098
15627	0.068200
9898	0.068215
36957	0.068243
54320	0.068287
6982	0.068330
31468	0.068338
6995	0.068361
8106	0.068394
13875	0.068401
41716	0.068448
8252	0.068462
14052	0.068481
13087	0.068535
10765	0.068564
19677	0.068621
10572	0.068641
12963	0.068654
13088	0.068656
24497	0.068656
13431	0.068682
7008	0.068743
25795	0.068831
15390	0.068831
15406	0.068834
7757	0.068892
15104	0.068951
14741	0.068987
14394	0.069016
11819	0.069038
7721	0.069038
47653	0.069124
12651	0.069140
12610	0.069148
20868	0.069154
12746	0.069170
57029	0.069233
22554	0.069250
37672	0.069252
36370	0.069270
20119	0.069297
25834	0.069316
54330	0.069322
42820	0.069352
24156	0.069420
6989	0.069453
49448	0.069484
43633	0.069490
15920	0.069493
24988	0.069498
55588	0.069555
9257	0.069644
13416	0.069647
14810	0.069652
35314	0.069655
26826	0.069686
42397	0.069706
50074	0.069738
14640	0.069748
12679	0.069803
14838	0.069874
45822	0.069983
7012	0.069995
49294	0.070014
14837	0.070155
9862	0.070183
14229	0.070191
26082	0.070207
47027	0.070229
8317	0.070294
10347	0.070306
15707	0.070327
52554	0.070356
13352	0.070384
7032	0.070388
13052	0.070397
41605	0.070409
51394	0.070429
14398	0.070480
30789	0.070501
44216	0.070510
24289	0.070518
41663	0.070520
12769	0.070537
9339	0.070588
16391	0.070590
19600	0.070627
58401	0.070644
47964	0.070712
36145	0.070775
17683	0.070776
14596	0.070800
12457	0.070828
11315	0.070886
53206	0.070965
57036	0.070983
42770	0.070985
29762	0.071021
44125	0.071074
33867	0.071114
31372	0.071221
27408	0.071237
51737	0.071239
24930	0.071250
14794	0.071287
6974	0.071289
39876	0.071309
25900	0.071309
11989	0.071359
33768	0.071366
11323	0.071439
9802	0.071440
42879	0.071443
58589	0.071491
16335	0.071527
33449	0.071579
55579	0.071706
50459	0.071750
15882	0.071766
58451	0.071794
11470	0.071831
51048	0.071864
12901	0.071889
30622	0.071943
15311	0.072009
56987	0.072066
15807	0.072137
41591	0.072152
25621	0.072169
14029	0.072205
15477	0.072228
40469	0.072240
11986	0.072249
58111	0.072258
10313	0.072322
11962	0.072340
47452	0.072365
51445	0.072400
15388	0.072567
15288	0.072665
54947	0.072682
10808	0.072694
11971	0.072795
28077	0.072815
15465	0.072823
11635	0.072888
15497	0.072944
14624	0.073012
31855	0.073037
8142	0.073052
14997	0.073058
25157	0.073066
9335	0.073100
49711	0.073180
42927	0.073185
52361	0.073187
34425	0.073194
23346	0.073246
30706	0.073294
13639	0.073295
41519	0.073349
48167	0.073408
26377	0.073410
12487	0.073414
7225	0.073436
11833	0.073488
8600	0.073492
30857	0.073610
11469	0.073643
28382	0.073664
20802	0.073677
42828	0.073708
56435	0.073740
15397	0.073763
36452	0.073796
6992	0.073798
12002	0.073819
28343	0.073958
7039	0.074000
52368	0.074013
11477	0.074026
6984	0.074051
42137	0.074102
44244	0.074185
51652	0.074280
44241	0.074293
12001	0.074331
33501	0.074642
12015	0.074661
37717	0.074679
41612	0.074743
51815	0.074792
12371	0.074832
12370	0.074891
8790	0.074902
11988	0.075111
13712	0.075259
15295	0.075268
44295	0.075339
12641	0.075387
7016	0.075461
6980	0.075473
45549	0.075485
51624	0.075810
30921	0.076088
7022	0.076138
16160	0.076209
52099	0.076427
27426	0.076583
44219	0.076992
13960	0.077337
12254	0.077559
48496	0.077796
44914	0.078088
55778	0.078404
49066	0.078428
7130	0.078945
7568	0.078978
10410	0.079860
7114	0.079872
7498	0.080313
24535	0.080533
23309	0.081149
15700	0.082291
15631	0.083378
16326	0.084114
12104	0.084648
40388	0.084717
12012	0.085229
9094	0.085788
10066	0.086097
13228	0.086189
8206	0.086710
12731	0.087344
36046	0.087879
20479	0.088613
57774	0.089407
13621	0.089703
38614	0.089832
44320	0.089959
14619	0.090777
17327	0.091183
14723	0.091517
17488	0.091855
43819	0.092045
26728	0.092251
44839	0.092288
28755	0.092340
9292	0.092375
25786	0.092580
26730	0.092911
32483	0.093421
7966	0.093532
13436	0.093934
20453	0.093971
9028	0.094738
30982	0.094769
12748	0.095538
51810	0.095726
10681	0.095747
12000	0.096090
33876	0.096350
13027	0.096792
13343	0.096839
26732	0.097049
7176	0.097160
11998	0.097493
13295	0.097627
15936	0.097870
53695	0.097872
49005	0.098072
9415	0.098100
15763	0.098473
44317	0.098804
13620	0.099045
13468	0.099389
27433	0.099561
26833	0.100280
9844	0.100506
6991	0.100783
9072	0.100848
19941	0.101136
34937	0.102606
11413	0.102848
9565	0.103809
12927	0.104011
12646	0.104206
6998	0.105315
11963	0.105694
41563	0.106996
26675	0.107216
14050	0.107651
24884	0.107686
12008	0.108325
14613	0.109023
54729	0.109200
58595	0.110369
10545	0.111207
40520	0.112925
12394	0.113868
9852	0.114499
11987	0.114951
13011	0.116446
41228	0.117180
58648	0.118396
34802	0.118694
15405	0.118867
40525	0.119539
43167	0.119914
9662	0.120225
21478	0.121683
24521	0.122521
48112	0.130222
15594	0.131599
12951	0.134240
10525	0.134491
11787	0.137105
44310	0.137540
12920	0.138585
12608	0.139233
14195	0.142795
13480	0.144517
46924	0.150029
30207	0.155036
10704	0.159903
10469	0.161414
11875	0.171084
12130	0.198906
12395	0.214847
22929	0.239673
8284	0.240572
15369	0.260127
9708	0.284826
30211	0.469963
15568	0.647438
51874	0.648856
14486	0.669045
11766	0.669902
49328	0.671313
11543	0.671369
39745	0.672125
57473	0.673251
11132	0.676478
14073	0.676993
15116	0.679245
9486	0.679785
10105	0.682411
11064	0.853586
10503	1.000000
