17316	0.000000
25260	0.000000
61147	0.003531
21576	0.010504
11590	0.010846
22059	0.010846
7972	0.010910
52001	0.011489
8529	0.011694
54103	0.012373
54106	0.012373
41326	0.012623
61578	0.012657
21226	0.012693
46182	0.012693
16348	0.012781
61422	0.012805
26768	0.012933
49529	0.012933
16427	0.013199
12511	0.013231
42545	0.013231
15885	0.013302
14386	0.013320
54844	0.013373
49616	0.013382
11128	0.013393
24420	0.013410
27758	0.013459
125393	0.013744
33451	0.013745
7871	0.013761
46852	0.013786
61273	0.013806
7890	0.013834
61462	0.013865
60332	0.013890
58902	0.013921
20388	0.013926
37700	0.013948
13051	0.013986
60602	0.013992
61402	0.014052
16135	0.014082
14335	0.014140
61289	0.014140
46078	0.014155
11270	0.014161
15683	0.014161
27640	0.014213
34785	0.014213
7703	0.014324
7706	0.014324
9692	0.014334
10721	0.014466
60630	0.014474
57818	0.014481
31934	0.014562
36637	0.014648
42690	0.014662
61227	0.014682
9966	0.014703
57291	0.014705
7685	0.014724
54029	0.014732
10503	0.014741
14198	0.014823
17001	0.014865
27953	0.014933
8204	0.014944
9245	0.014944
51175	0.014971
9025	0.015026
13937	0.015074
61488	0.015087
137745	0.015112
11236	0.015131
49289	0.015177
14716	0.015212
13219	0.015225
28005	0.015240
55932	0.015391
15898	0.015413
38493	0.015446
12749	0.015458
60806	0.015498
50669	0.015502
37712	0.015750
45692	0.015758
61394	0.015760
45283	0.015817
30348	0.015818
53770	0.015835
34807	0.015846
12912	0.015930
51514	0.016034
26649	0.016065
44151	0.016226
32709	0.016297
58754	0.016317
8662	0.016317
9899	0.016329
31570	0.016387
16201	0.016399
61130	0.016481
38438	0.016511
25108	0.016558
60481	0.016660
46287	0.016666
60122	0.016739
33757	0.016761
44630	0.016765
55669	0.016769
14488	0.016771
17051	0.016774
61256	0.016776
46593	0.016783
11599	0.016814
46026	0.016814
60960	0.016846
51236	0.016854
8028	0.016854
61033	0.016867
61106	0.016867
9231	0.016893
40251	0.016897
60491	0.016905
21867	0.016953
7332	0.016958
54100	0.016997
11291	0.017009
35889	0.017044
14990	0.017053
61115	0.017060
60249	0.017066
60636	0.017074
10290	0.017088
13098	0.017088
7677	0.017088
138018	0.017128
61241	0.017128
17498	0.017129
16340	0.017168
59693	0.017213
42321	0.017224
46494	0.017226
26315	0.017282
60518	0.017285
56229	0.017288
8740	0.017303
45292	0.017322
49566	0.017331
16996	0.017366
43189	0.017366
44549	0.017366
57380	0.017390
53043	0.017410
60505	0.017412
7702	0.017413
9907	0.017413
17507	0.017437
60584	0.017439
19176	0.017441
34259	0.017443
20788	0.017447
22048	0.017479
23942	0.017480
61498	0.017516
8096	0.017524
42600	0.017525
27678	0.017536
33328	0.017538
11586	0.017539
60724	0.017539
61038	0.017539
13586	0.017561
60892	0.017575
9785	0.017587
23269	0.017587
24347	0.017593
11872	0.017597
13386	0.017614
35722	0.017614
46652	0.017616
46654	0.017616
58943	0.017617
13863	0.017632
61056	0.017634
14288	0.017644
34504	0.017656
138008	0.017660
53414	0.017660
19357	0.017682
60596	0.017685
27971	0.017686
9487	0.017710
44665	0.017716
60837	0.017717
53259	0.017720
16673	0.017736
9814	0.017736
13536	0.017750
31275	0.017755
61062	0.017755
14012	0.017776
16176	0.017778
8559	0.017786
60754	0.017802
60958	0.017803
14547	0.017804
61150	0.017809
10505	0.017814
61334	0.017814
61361	0.017814
61505	0.017814
25065	0.017821
84649	0.017823
14567	0.017825
53411	0.017847
61399	0.017850
125765	0.017854
137908	0.017854
63349	0.017854
61174	0.017865
7388	0.017865
60840	0.017866
9528	0.017875
27852	0.017879
53599	0.017885
10148	0.017887
55362	0.017897
39371	0.017898
60976	0.017900
42006	0.017918
35269	0.017922
60592	0.017922
61540	0.017922
49276	0.017923
60999	0.017923
61122	0.017923
36833	0.017924
50373	0.017924
60726	0.017925
48520	0.017933
14130	0.017957
27019	0.017974
15092	0.017977
61044	0.017978
46136	0.017980
11868	0.017986
8037	0.018005
125362	0.018007
61282	0.018008
49993	0.018011
55807	0.018012
60322	0.018012
48667	0.018014
7142	0.018019
61397	0.018022
14039	0.018036
61101	0.018043
7152	0.018048
36362	0.018048
27904	0.018051
16817	0.018053
22286	0.018053
48988	0.018061
27580	0.018071
137895	0.018094
45144	0.018096
61601	0.018098
61049	0.018098
46959	0.018105
55744	0.018110
8004	0.018119
54720	0.018123
55559	0.018123
27023	0.018124
47727	0.018145
60522	0.018145
27901	0.018147
8484	0.018149
11279	0.018164
20400	0.018164
21345	0.018186
30084	0.018186
38076	0.018190
61502	0.018190
61665	0.018198
40173	0.018201
46844	0.018206
35418	0.018213
60365	0.018217
22587	0.018224
61611	0.018225
11646	0.018228
27715	0.018228
47615	0.018246
61204	0.018246
50057	0.018251
9967	0.018254
51671	0.018254
61355	0.018267
7707	0.018267
14266	0.018273
60248	0.018273
45913	0.018274
14262	0.018277
27851	0.018279
11403	0.018280
27742	0.018281
61645	0.018289
33688	0.018295
57257	0.018295
59092	0.018295
60192	0.018295
16416	0.018306
85203	0.018306
39822	0.018309
45289	0.018309
85687	0.018309
60704	0.018316
37560	0.018318
61529	0.018326
51617	0.018326
52394	0.018331
16850	0.018348
22138	0.018350
11421	0.018353
60353	0.018355
23304	0.018357
54672	0.018358
42539	0.018360
9005	0.018366
60713	0.018379
8782	0.018381
50493	0.018391
47651	0.018405
10011	0.018407
43948	0.018418
53514	0.018430
60961	0.018432
35232	0.018435
15151	0.018444
36850	0.018455
60427	0.018472
11983	0.018472
22383	0.018474
35907	0.018474
9226	0.018474
40435	0.018476
20016	0.018478
23274	0.018478
33130	0.018478
35357	0.018478
61563	0.018478
48020	0.018480
52170	0.018486
12478	0.018487
10238	0.018499
20969	0.018499
60749	0.018501
8758	0.018504
27873	0.018513
12096	0.018528
61659	0.018538
22162	0.018541
60123	0.018555
39916	0.018569
30433	0.018572
33178	0.018572
43986	0.018572
44703	0.018572
60279	0.018581
27722	0.018581
32158	0.018581
32395	0.018581
36577	0.018581
13457	0.018591
27782	0.018591
36912	0.018591
12989	0.018595
52227	0.018604
60844	0.018604
137975	0.018623
43783	0.018630
60795	0.018632
60151	0.018636
48564	0.018641
52241	0.018641
46889	0.018648
46974	0.018648
60244	0.018648
7933	0.018673
54252	0.018674
9713	0.018676
32977	0.018679
11292	0.018681
60861	0.018681
11327	0.018685
27798	0.018688
14779	0.018693
13864	0.018701
21144	0.018701
22246	0.018701
61534	0.018701
26742	0.018706
12145	0.018707
15115	0.018709
38261	0.018709
58856	0.018710
61128	0.018713
23862	0.018718
74651	0.018720
51358	0.018724
60179	0.018724
56969	0.018737
14383	0.018738
46597	0.018740
14448	0.018743
61250	0.018745
15093	0.018745
17356	0.018745
26404	0.018745
44327	0.018745
34573	0.018751
61437	0.018754
10817	0.018755
30985	0.018756
58766	0.018758
24075	0.018763
32155	0.018763
54875	0.018763
61389	0.018763
61459	0.018763
19507	0.018767
26723	0.018782
20551	0.018786
54492	0.018786
13446	0.018788
49382	0.018790
46651	0.018790
55050	0.018790
61094	0.018795
60422	0.018796
9950	0.018796
25917	0.018799
10244	0.018800
8147	0.018805
52449	0.018821
61123	0.018821
53034	0.018824
9684	0.018837
15770	0.018838
17223	0.018843
40085	0.018856
43553	0.018858
60241	0.018858
9982	0.018858
34791	0.018870
36633	0.018871
11674	0.018872
60263	0.018872
23411	0.018873
58581	0.018874
60662	0.018874
60989	0.018874
61644	0.018874
9647	0.018874
61554	0.018879
23386	0.018879
8632	0.018879
14068	0.018889
34599	0.018889
41974	0.018889
61126	0.018889
61245	0.018889
8211	0.018889
12873	0.018889
13071	0.018889
49526	0.018889
12534	0.018891
24670	0.018896
23367	0.018898
58412	0.018901
19818	0.018914
40454	0.018914
60121	0.018939
35109	0.018939
20145	0.018941
60858	0.018943
10726	0.018947
53950	0.018965
16138	0.018967
25685	0.018967
56141	0.018967
61536	0.018972
41375	0.018979
34341	0.018981
11126	0.018981
61375	0.018981
8060	0.018981
16133	0.018988
29227	0.018995
41359	0.018999
61386	0.018999
16895	0.019009
22335	0.019011
26077	0.019014
55803	0.019016
23423	0.019022
25307	0.019024
51790	0.019028
52521	0.019032
34520	0.019037
16263	0.019039
14091	0.019044
28022	0.019068
51017	0.019082
49140	0.019084
35388	0.019095
60391	0.019113
45191	0.019120
60306	0.019120
12647	0.019124
46697	0.019126
40204	0.019129
16665	0.019131
16716	0.019140
48240	0.019140
52993	0.019140
60351	0.019140
60493	0.019140
9063	0.019140
9178	0.019140
61379	0.019147
15825	0.019147
43192	0.019151
19758	0.019155
29224	0.019164
61165	0.019164
8125	0.019173
52671	0.019173
60303	0.019175
9172	0.019184
60503	0.019184
45059	0.019186
60486	0.019198
7876	0.019200
9091	0.019206
52440	0.019207
31958	0.019217
13637	0.019229
60498	0.019235
40285	0.019237
60740	0.019237
57306	0.019245
27800	0.019250
53041	0.019256
7544	0.019257
15420	0.019258
11640	0.019263
61368	0.019263
52484	0.019271
47799	0.019274
52426	0.019276
28951	0.019279
21607	0.019281
21993	0.019281
27478	0.019281
24316	0.019283
60699	0.019283
60711	0.019287
14760	0.019295
36879	0.019298
49930	0.019300
60137	0.019300
11099	0.019301
9006	0.019304
27889	0.019315
37514	0.019325
10327	0.019329
55934	0.019329
26262	0.019339
46941	0.019345
59397	0.019349
60293	0.019349
61424	0.019349
8654	0.019349
57312	0.019350
26617	0.019354
60311	0.019356
7397	0.019358
16600	0.019366
42194	0.019369
48041	0.019373
47179	0.019377
11281	0.019377
22199	0.019383
22248	0.019383
22936	0.019383
60513	0.019386
14759	0.019398
8767	0.019398
58920	0.019410
7321	0.019410
9508	0.019411
40062	0.019411
15401	0.019418
17047	0.019418
10820	0.019419
12777	0.019420
57098	0.019420
61339	0.019427
21192	0.019431
60857	0.019432
61452	0.019433
56193	0.019438
8588	0.019443
30962	0.019464
26177	0.019464
17520	0.019470
45563	0.019470
54008	0.019470
14957	0.019475
53339	0.019479
38450	0.019491
60768	0.019493
61090	0.019494
56762	0.019500
47047	0.019514
25218	0.019514
15107	0.019517
10005	0.019525
60706	0.019531
50685	0.019532
34662	0.019534
60709	0.019537
15157	0.019537
10125	0.019543
22192	0.019543
52511	0.019547
34538	0.019553
53930	0.019554
60146	0.019557
60875	0.019557
40063	0.019561
40065	0.019561
40066	0.019561
13028	0.019568
27764	0.019573
27776	0.019573
9983	0.019577
32761	0.019584
60817	0.019585
61407	0.019589
16283	0.019593
60495	0.019597
28400	0.019597
22318	0.019602
7951	0.019609
49507	0.019614
12573	0.019618
8175	0.019634
29123	0.019640
61538	0.019661
15924	0.019667
17334	0.019669
8122	0.019670
58435	0.019675
39107	0.019686
50525	0.019686
7738	0.019698
61372	0.019699
10089	0.019700
58969	0.019708
49234	0.019716
47057	0.019722
7385	0.019726
137660	0.019730
32830	0.019732
34637	0.019734
13031	0.019735
16672	0.019735
60614	0.019735
8739	0.019738
26749	0.019738
61530	0.019738
20882	0.019741
61325	0.019742
35032	0.019747
20954	0.019750
36817	0.019753
59642	0.019753
27755	0.019759
61080	0.019759
40823	0.019761
61620	0.019763
61141	0.019763
35534	0.019764
61078	0.019769
60894	0.019778
48971	0.019779
39817	0.019781
36037	0.019791
60769	0.019791
16365	0.019794
8098	0.019794
60906	0.019803
60281	0.019806
60585	0.019808
34050	0.019808
50402	0.019810
21790	0.019812
12624	0.019812
51335	0.019815
53038	0.019821
60807	0.019821
12975	0.019822
61190	0.019829
13402	0.019834
22298	0.019835
60863	0.019842
50310	0.019843
14961	0.019847
47347	0.019848
12255	0.019859
48155	0.019867
44551	0.019871
60428	0.019872
61064	0.019879
40510	0.019880
45332	0.019883
60167	0.019887
9241	0.019887
35501	0.019887
21340	0.019891
52987	0.019891
8007	0.019892
24639	0.019894
34753	0.019895
10184	0.019898
51429	0.019906
22504	0.019907
57419	0.019907
17156	0.019908
8376	0.019909
61013	0.019914
53214	0.019917
56187	0.019917
9318	0.019930
19133	0.019932
60011	0.019938
9455	0.019945
8578	0.019945
59332	0.019948
13166	0.019951
38161	0.019956
61455	0.019956
11131	0.019962
34766	0.019963
52164	0.019967
60380	0.019967
60879	0.019981
125422	0.019985
17396	0.019987
61158	0.019988
50643	0.019991
60243	0.019998
46407	0.020000
8999	0.020001
19019	0.020003
38555	0.020006
14442	0.020006
37058	0.020008
27688	0.020008
10317	0.020010
44640	0.020021
58387	0.020021
61514	0.020021
61638	0.020032
31183	0.020034
29004	0.020037
44168	0.020037
15566	0.020038
43184	0.020041
41428	0.020046
24113	0.020046
46257	0.020049
43001	0.020056
46927	0.020057
8590	0.020063
61008	0.020064
7698	0.020065
54480	0.020065
47308	0.020068
43700	0.020068
39683	0.020073
49549	0.020073
7069	0.020081
47517	0.020083
36688	0.020084
53627	0.020084
60926	0.020084
36843	0.020087
46068	0.020088
31235	0.020089
58264	0.020089
21183	0.020089
59176	0.020089
22165	0.020096
16683	0.020101
17489	0.020101
40657	0.020101
16051	0.020101
8621	0.020105
9037	0.020109
50703	0.020111
60658	0.020115
12439	0.020116
9977	0.020120
52263	0.020123
12720	0.020125
26484	0.020126
29169	0.020129
20836	0.020131
10754	0.020132
11977	0.020140
13798	0.020145
60196	0.020148
60607	0.020158
7190	0.020158
16015	0.020162
50903	0.020163
16353	0.020163
27936	0.020168
61358	0.020170
58446	0.020171
45217	0.020171
8192	0.020172
22330	0.020176
7769	0.020176
61219	0.020176
12805	0.020178
16484	0.020179
61058	0.020181
61025	0.020184
42727	0.020185
23414	0.020193
60397	0.020198
36864	0.020202
12264	0.020204
42612	0.020207
45391	0.020212
27141	0.020217
60319	0.020218
15089	0.020219
46682	0.020222
37895	0.020226
52584	0.020234
13801	0.020236
39534	0.020236
16052	0.020238
29973	0.020241
24111	0.020243
49170	0.020244
16113	0.020252
12798	0.020253
9536	0.020253
51028	0.020255
16782	0.020255
30183	0.020255
39734	0.020261
60743	0.020261
16004	0.020264
36306	0.020264
39651	0.020268
22583	0.020268
33997	0.020269
37405	0.020270
48080	0.020271
9002	0.020272
137900	0.020273
137901	0.020273
61329	0.020278
9858	0.020281
29729	0.020284
8685	0.020284
8275	0.020287
40239	0.020288
13631	0.020296
40047	0.020299
13270	0.020300
46886	0.020300
8964	0.020300
60591	0.020300
60621	0.020304
17042	0.020304
53189	0.020310
28957	0.020311
22182	0.020313
60453	0.020313
9435	0.020315
41031	0.020315
14571	0.020323
60977	0.020323
60468	0.020328
16336	0.020331
60589	0.020332
61600	0.020333
19794	0.020334
10631	0.020334
30474	0.020335
34536	0.020338
25528	0.020341
60703	0.020341
8597	0.020342
61408	0.020344
46066	0.020348
55237	0.020350
37289	0.020352
60615	0.020353
25507	0.020354
32429	0.020354
45819	0.020354
55283	0.020354
57803	0.020354
7202	0.020355
49237	0.020358
44564	0.020361
48568	0.020362
60550	0.020373
61132	0.020377
10240	0.020377
25229	0.020382
61257	0.020387
12645	0.020395
61317	0.020395
70286	0.020395
53323	0.020402
60878	0.020403
10245	0.020406
45952	0.020406
61405	0.020406
42259	0.020406
45861	0.020408
11024	0.020409
45075	0.020410
10354	0.020412
60409	0.020418
10004	0.020423
9530	0.020425
43575	0.020425
61079	0.020427
46177	0.020428
47473	0.020428
51649	0.020440
27894	0.020441
51015	0.020441
37506	0.020442
46780	0.020444
10724	0.020445
8515	0.020449
45538	0.020454
13635	0.020454
14875	0.020456
21558	0.020456
30040	0.020456
39247	0.020456
40704	0.020456
52476	0.020456
56144	0.020456
58434	0.020456
60138	0.020456
61034	0.020456
52162	0.020457
11436	0.020459
60246	0.020462
50758	0.020469
61430	0.020469
16258	0.020473
43915	0.020475
38898	0.020476
38979	0.020479
48250	0.020480
15853	0.020483
61656	0.020486
37679	0.020488
125828	0.020488
46210	0.020488
15091	0.020490
51346	0.020493
15058	0.020493
16376	0.020494
9278	0.020496
22308	0.020500
51608	0.020503
61619	0.020506
15403	0.020511
32841	0.020518
50480	0.020518
36603	0.020519
48844	0.020519
23914	0.020529
21703	0.020530
61575	0.020533
9645	0.020533
36838	0.020537
47803	0.020538
68235	0.020541
29333	0.020545
17215	0.020546
30003	0.020547
53575	0.020550
26259	0.020556
34250	0.020557
34658	0.020557
42554	0.020558
20380	0.020561
60760	0.020564
34016	0.020564
60136	0.020566
49496	0.020566
54644	0.020567
16666	0.020568
33652	0.020572
21213	0.020572
22295	0.020572
61561	0.020576
49995	0.020581
14531	0.020583
37884	0.020586
60941	0.020593
27878	0.020597
60843	0.020599
15850	0.020599
60423	0.020609
53550	0.020612
40579	0.020613
60355	0.020615
13628	0.020622
33124	0.020624
58047	0.020628
57819	0.020628
22321	0.020630
23574	0.020634
60902	0.020642
23065	0.020642
27880	0.020650
43422	0.020654
22444	0.020667
23717	0.020667
6913	0.020667
52774	0.020678
8205	0.020685
61354	0.020691
16986	0.020691
34769	0.020691
25328	0.020694
60717	0.020695
19080	0.020697
58432	0.020697
60872	0.020697
61026	0.020697
9323	0.020697
30168	0.020701
37453	0.020710
52843	0.020710
14785	0.020712
17321	0.020714
9746	0.020719
28364	0.020724
60461	0.020728
72711	0.020728
23909	0.020731
12698	0.020740
57256	0.020742
61218	0.020745
60845	0.020749
19074	0.020759
16242	0.020759
9707	0.020761
21035	0.020762
38552	0.020762
61036	0.020765
9294	0.020767
47256	0.020768
36592	0.020768
59011	0.020773
15860	0.020776
10638	0.020777
69075	0.020783
53521	0.020786
21087	0.020786
11645	0.020787
56801	0.020787
33749	0.020790
61137	0.020790
19277	0.020790
10747	0.020791
47341	0.020793
7188	0.020796
14215	0.020797
40013	0.020804
60581	0.020804
39038	0.020805
61164	0.020809
50045	0.020810
51473	0.020810
53026	0.020811
17021	0.020812
41916	0.020814
22530	0.020819
7694	0.020821
58292	0.020822
52509	0.020837
42668	0.020837
27236	0.020843
15750	0.020843
20960	0.020843
61594	0.020844
54483	0.020849
12726	0.020851
60370	0.020853
20149	0.020857
61136	0.020859
13879	0.020862
45954	0.020865
47970	0.020873
51728	0.020881
10251	0.020883
55521	0.020886
58210	0.020886
13849	0.020888
61310	0.020890
9018	0.020892
46700	0.020895
7305	0.020896
11452	0.020897
55667	0.020900
37926	0.020912
12366	0.020917
51238	0.020922
19931	0.020930
10789	0.020936
57289	0.020937
61500	0.020944
17363	0.020946
9667	0.020947
58953	0.020948
12592	0.020958
23100	0.020958
25280	0.020958
32174	0.020958
45280	0.020958
52697	0.020958
46717	0.020959
49495	0.020967
54679	0.020969
45427	0.020971
38330	0.020974
48577	0.020975
11810	0.020975
38007	0.020980
57410	0.020981
57175	0.020981
31852	0.020982
16887	0.020983
14869	0.020985
41991	0.020988
51874	0.020990
17456	0.020991
17271	0.020995
16592	0.021000
51096	0.021005
8495	0.021010
42633	0.021012
60645	0.021013
43647	0.021017
30347	0.021018
60811	0.021024
24070	0.021026
15643	0.021028
27812	0.021032
61099	0.021034
16830	0.021035
39542	0.021035
40987	0.021035
116820	0.021049
125366	0.021049
125720	0.021049
21446	0.021049
33999	0.021049
34000	0.021049
34003	0.021049
34004	0.021049
45146	0.021049
60298	0.021049
60500	0.021049
60544	0.021049
61011	0.021049
89461	0.021049
61342	0.021050
32572	0.021051
14185	0.021063
26712	0.021064
21166	0.021069
56837	0.021074
52701	0.021079
8861	0.021083
43721	0.021086
50196	0.021086
33471	0.021088
48716	0.021089
10471	0.021098
13564	0.021098
43361	0.021099
9911	0.021099
31259	0.021102
16862	0.021117
40601	0.021117
60560	0.021117
40138	0.021119
57522	0.021124
60991	0.021124
22146	0.021130
46733	0.021136
19183	0.021151
30497	0.021151
21603	0.021156
16569	0.021159
31255	0.021159
32788	0.021159
36564	0.021159
48270	0.021166
27766	0.021169
45694	0.021169
19351	0.021183
43057	0.021193
60918	0.021196
43388	0.021198
13268	0.021206
16870	0.021207
10970	0.021213
36035	0.021214
16565	0.021215
61365	0.021217
16246	0.021218
60363	0.021218
60897	0.021218
56161	0.021221
16189	0.021222
45814	0.021225
57845	0.021225
14901	0.021227
60782	0.021228
16054	0.021228
26745	0.021228
61231	0.021231
22344	0.021243
10998	0.021248
9437	0.021257
11539	0.021258
30731	0.021259
28417	0.021264
54902	0.021269
53307	0.021285
31273	0.021290
16853	0.021291
25469	0.021291
34755	0.021291
40764	0.021291
8757	0.021291
41318	0.021295
13906	0.021295
53878	0.021299
42795	0.021305
12532	0.021306
11396	0.021309
58909	0.021317
51741	0.021319
39331	0.021326
13754	0.021331
43029	0.021333
60559	0.021334
8390	0.021334
10158	0.021337
51794	0.021342
26354	0.021342
14464	0.021344
8691	0.021344
23850	0.021346
57069	0.021356
46703	0.021357
57209	0.021358
22799	0.021359
47594	0.021360
37407	0.021362
44825	0.021369
16237	0.021373
35137	0.021373
31600	0.021374
15858	0.021379
12542	0.021382
55659	0.021382
41909	0.021384
44969	0.021384
60063	0.021384
60346	0.021384
60984	0.021400
33419	0.021402
47093	0.021403
60957	0.021406
20702	0.021406
60700	0.021409
74152	0.021410
11387	0.021411
37703	0.021413
25977	0.021416
41431	0.021421
15017	0.021425
32172	0.021425
39527	0.021428
17160	0.021428
46492	0.021432
39934	0.021437
45970	0.021440
27257	0.021441
14642	0.021445
7555	0.021449
9828	0.021451
23316	0.021451
44934	0.021452
52337	0.021458
33089	0.021458
34651	0.021462
16969	0.021462
22438	0.021462
12272	0.021464
54521	0.021467
8580	0.021472
25498	0.021482
52405	0.021482
9743	0.021485
33523	0.021486
56266	0.021491
40449	0.021492
25635	0.021493
11771	0.021493
54167	0.021498
8172	0.021502
43018	0.021508
55292	0.021508
24847	0.021511
14523	0.021512
8690	0.021512
24959	0.021516
46882	0.021526
61211	0.021529
37080	0.021530
26242	0.021532
16593	0.021536
16676	0.021536
17510	0.021536
24266	0.021536
32025	0.021536
41667	0.021536
57749	0.021536
60672	0.021536
60735	0.021536
61524	0.021536
26859	0.021539
32990	0.021539
37438	0.021544
60650	0.021545
16606	0.021548
47686	0.021550
41885	0.021553
23855	0.021554
10221	0.021558
47407	0.021565
6898	0.021565
25304	0.021569
57778	0.021578
60130	0.021578
29874	0.021582
19287	0.021583
37194	0.021583
8546	0.021588
37271	0.021589
58859	0.021593
27664	0.021595
61550	0.021598
56111	0.021603
49573	0.021604
53595	0.021605
19213	0.021605
51420	0.021619
13458	0.021635
26474	0.021635
41526	0.021635
14836	0.021638
35271	0.021640
74649	0.021641
137609	0.021641
51797	0.021642
60677	0.021647
33312	0.021651
12861	0.021656
14371	0.021656
51082	0.021661
12462	0.021662
60952	0.021665
60816	0.021671
40983	0.021671
49045	0.021673
61616	0.021679
52732	0.021681
16941	0.021684
61614	0.021688
55033	0.021689
31679	0.021691
61195	0.021693
14468	0.021695
16832	0.021699
46888	0.021699
37934	0.021702
30029	0.021702
27436	0.021703
57883	0.021703
7087	0.021704
22253	0.021704
50446	0.021705
47131	0.021708
14404	0.021709
15039	0.021710
15176	0.021710
47240	0.021710
14061	0.021712
37871	0.021712
49137	0.021714
14376	0.021717
21111	0.021725
36329	0.021731
30680	0.021731
37444	0.021737
61052	0.021737
30006	0.021738
9328	0.021741
44175	0.021741
12110	0.021742
32323	0.021743
32800	0.021745
34406	0.021745
7700	0.021746
41879	0.021749
30173	0.021752
16038	0.021752
24691	0.021754
41439	0.021758
19785	0.021759
52718	0.021760
11332	0.021762
14541	0.021762
18372	0.021764
26900	0.021765
27960	0.021766
59021	0.021766
16809	0.021769
34786	0.021774
39512	0.021782
33413	0.021782
13733	0.021784
22480	0.021785
50519	0.021788
16871	0.021790
60261	0.021790
60228	0.021791
72562	0.021791
48004	0.021792
53065	0.021797
50049	0.021799
50363	0.021800
48056	0.021801
14652	0.021802
35952	0.021802
57377	0.021802
61116	0.021802
14962	0.021812
55499	0.021816
56828	0.021819
61039	0.021820
27533	0.021824
33097	0.021825
50044	0.021826
12826	0.021827
29896	0.021834
11613	0.021838
61085	0.021838
7096	0.021838
61189	0.021843
14297	0.021844
27654	0.021846
49978	0.021846
51611	0.021849
60288	0.021850
22455	0.021851
15960	0.021852
55063	0.021853
25187	0.021858
33460	0.021858
19799	0.021862
7177	0.021867
34574	0.021867
15038	0.021869
19156	0.021870
9818	0.021870
26913	0.021881
29986	0.021884
40938	0.021886
22646	0.021887
30153	0.021887
23911	0.021888
27805	0.021891
52438	0.021894
15333	0.021895
25730	0.021898
16238	0.021900
46999	0.021901
47631	0.021904
43944	0.021905
15502	0.021906
8940	0.021912
41962	0.021918
22255	0.021919
10981	0.021920
39228	0.021921
38499	0.021921
38067	0.021922
56272	0.021924
44528	0.021926
16350	0.021928
54389	0.021930
75382	0.021934
13068	0.021935
37880	0.021937
46213	0.021937
25252	0.021940
10236	0.021946
14405	0.021954
54018	0.021954
45379	0.021955
25350	0.021956
10182	0.021970
46684	0.021972
22963	0.021972
50679	0.021975
30360	0.021982
7292	0.021984
58287	0.021985
60530	0.021988
7473	0.021989
60825	0.021992
54527	0.022000
43438	0.022005
43412	0.022008
10866	0.022009
27869	0.022010
29998	0.022016
57804	0.022021
50372	0.022023
51210	0.022023
46224	0.022026
14299	0.022028
13979	0.022032
9947	0.022034
24962	0.022035
9822	0.022036
60531	0.022040
37641	0.022040
46622	0.022041
36677	0.022041
20135	0.022041
32790	0.022043
20849	0.022043
60446	0.022043
14098	0.022044
9112	0.022045
32279	0.022045
41708	0.022058
47568	0.022060
53029	0.022067
41750	0.022068
36915	0.022068
23887	0.022071
8908	0.022072
7888	0.022087
58128	0.022088
58526	0.022092
20283	0.022101
45328	0.022109
58349	0.022113
33887	0.022115
52424	0.022115
60944	0.022115
34231	0.022118
8716	0.022118
33142	0.022118
33390	0.022119
15046	0.022120
49826	0.022125
14689	0.022125
22132	0.022133
26782	0.022134
13503	0.022135
9491	0.022135
11254	0.022136
15745	0.022138
31864	0.022141
52324	0.022144
12570	0.022145
17033	0.022149
61332	0.022153
29326	0.022153
45156	0.022156
35029	0.022156
54536	0.022159
26587	0.022164
45446	0.022169
32570	0.022174
7329	0.022175
12988	0.022175
24610	0.022175
49988	0.022182
8587	0.022186
58513	0.022187
55538	0.022191
44070	0.022192
13539	0.022195
33217	0.022199
33616	0.022199
15184	0.022202
41279	0.022204
54833	0.022205
54497	0.022205
11659	0.022207
33942	0.022209
49832	0.022209
48116	0.022210
53156	0.022211
60928	0.022216
26628	0.022219
43588	0.022222
50364	0.022224
58006	0.022228
61320	0.022229
56124	0.022230
7131	0.022230
30253	0.022233
27701	0.022245
60150	0.022253
60744	0.022254
39773	0.022257
36039	0.022258
11734	0.022259
9756	0.022266
52487	0.022267
24247	0.022268
15533	0.022270
34397	0.022271
61347	0.022271
43420	0.022273
50497	0.022274
58279	0.022274
33387	0.022276
37576	0.022276
60300	0.022276
60698	0.022276
61017	0.022276
61073	0.022278
30370	0.022285
7386	0.022288
14814	0.022292
50381	0.022303
55360	0.022306
47062	0.022307
27864	0.022307
24036	0.022307
50506	0.022311
27500	0.022313
15796	0.022315
31551	0.022326
34002	0.022327
52399	0.022338
29084	0.022341
23482	0.022344
16302	0.022346
48718	0.022347
15824	0.022349
60238	0.022357
32385	0.022358
50206	0.022359
15759	0.022361
58524	0.022363
49374	0.022368
56821	0.022368
61555	0.022375
10672	0.022378
15002	0.022378
16014	0.022378
29155	0.022378
11267	0.022380
23371	0.022381
56391	0.022382
37515	0.022385
16323	0.022388
52715	0.022389
40821	0.022390
44078	0.022390
9017	0.022391
9527	0.022393
20436	0.022395
56385	0.022396
30540	0.022397
30082	0.022398
16216	0.022400
20170	0.022400
13381	0.022401
46050	0.022406
45137	0.022407
9737	0.022408
27021	0.022408
13790	0.022414
44817	0.022415
57537	0.022418
9829	0.022422
24393	0.022423
44028	0.022423
53198	0.022426
60194	0.022427
34647	0.022429
39767	0.022429
74517	0.022429
10554	0.022440
14344	0.022441
7537	0.022442
39910	0.022444
21120	0.022445
32777	0.022448
41033	0.022449
7345	0.022450
14847	0.022452
60891	0.022454
33399	0.022462
61598	0.022462
34229	0.022464
39487	0.022464
22315	0.022468
42985	0.022469
16769	0.022473
27917	0.022481
14892	0.022482
13159	0.022485
14090	0.022485
21859	0.022485
61513	0.022489
36160	0.022491
8232	0.022493
45178	0.022498
26644	0.022498
24907	0.022502
56211	0.022504
50761	0.022508
7891	0.022518
38454	0.022523
61477	0.022526
16177	0.022531
20201	0.022536
51606	0.022542
53961	0.022542
38082	0.022543
57584	0.022543
61171	0.022546
29852	0.022546
13199	0.022549
32973	0.022549
53635	0.022549
19215	0.022550
13180	0.022550
35118	0.022553
12972	0.022553
60250	0.022554
46064	0.022557
25378	0.022568
20077	0.022569
56684	0.022569
48643	0.022572
33726	0.022572
28722	0.022574
51352	0.022581
8304	0.022584
57407	0.022584
9291	0.022585
60198	0.022587
30364	0.022591
39637	0.022597
17491	0.022601
14295	0.022601
43305	0.022606
10228	0.022607
32017	0.022613
38475	0.022614
39033	0.022617
32927	0.022618
15110	0.022621
25193	0.022624
51297	0.022626
21988	0.022628
23416	0.022630
24126	0.022635
13975	0.022636
13866	0.022637
49279	0.022641
7855	0.022641
10599	0.022645
32153	0.022646
22450	0.022647
50292	0.022651
17412	0.022651
15479	0.022653
60257	0.022658
46595	0.022658
58267	0.022660
32067	0.022660
23660	0.022662
31268	0.022662
16840	0.022663
57272	0.022666
23653	0.022666
7384	0.022667
13021	0.022676
16618	0.022681
27246	0.022687
13269	0.022688
8263	0.022692
42450	0.022693
60855	0.022695
60746	0.022696
14074	0.022699
21177	0.022702
55801	0.022702
23224	0.022706
34474	0.022709
42847	0.022711
52989	0.022713
17361	0.022715
49662	0.022716
28187	0.022718
54057	0.022719
34040	0.022721
31391	0.022724
16469	0.022724
13444	0.022731
46054	0.022732
27672	0.022733
43769	0.022733
59692	0.022733
60211	0.022738
36755	0.022742
14671	0.022744
43131	0.022745
46640	0.022745
15471	0.022745
35088	0.022747
19989	0.022753
36324	0.022761
24142	0.022762
60230	0.022766
33278	0.022766
8762	0.022768
15958	0.022770
16202	0.022776
12304	0.022776
57745	0.022778
11137	0.022779
52003	0.022781
43651	0.022785
15210	0.022785
57737	0.022788
39843	0.022791
60712	0.022791
21180	0.022794
48641	0.022796
7479	0.022805
39963	0.022808
43246	0.022810
45089	0.022811
46950	0.022813
45893	0.022818
47655	0.022821
52430	0.022821
8706	0.022827
57867	0.022830
21021	0.022830
24806	0.022833
35372	0.022833
36343	0.022835
29209	0.022836
16039	0.022837
12886	0.022838
7923	0.022843
20813	0.022846
29082	0.022848
25039	0.022850
16058	0.022851
30322	0.022852
52879	0.022852
31195	0.022859
19788	0.022862
19252	0.022864
60338	0.022867
46835	0.022867
10497	0.022869
22431	0.022869
33541	0.022873
17298	0.022873
50338	0.022874
51776	0.022876
27829	0.022877
113199	0.022888
77486	0.022888
12452	0.022895
13285	0.022895
33481	0.022895
34071	0.022895
60407	0.022895
60986	0.022895
58393	0.022895
25719	0.022896
26489	0.022897
11946	0.022897
10153	0.022897
10003	0.022898
61547	0.022899
23916	0.022899
42705	0.022899
29992	0.022902
50688	0.022906
10539	0.022909
31860	0.022909
14722	0.022913
38442	0.022915
52051	0.022916
23626	0.022920
30079	0.022923
13110	0.022926
41071	0.022930
15300	0.022932
7777	0.022936
8796	0.022936
57455	0.022938
40845	0.022939
37877	0.022941
50712	0.022941
49829	0.022942
31999	0.022945
14775	0.022948
40555	0.022952
47169	0.022952
12727	0.022952
29954	0.022954
55648	0.022954
55797	0.022954
6916	0.022954
23036	0.022962
54572	0.022962
20126	0.022965
12879	0.022966
36763	0.022970
43448	0.022974
49963	0.022975
31656	0.022975
16333	0.022981
50900	0.022983
24132	0.022983
42024	0.022983
61091	0.022984
30310	0.022984
33404	0.022984
52968	0.022986
11209	0.022987
14139	0.022989
33240	0.022992
54098	0.022997
7226	0.022999
50117	0.023001
10464	0.023001
8631	0.023004
26476	0.023004
47353	0.023007
58438	0.023014
21164	0.023018
40026	0.023019
61551	0.023020
20240	0.023024
39736	0.023025
17344	0.023029
10583	0.023032
15688	0.023034
10207	0.023036
32987	0.023036
27975	0.023037
31997	0.023038
40036	0.023041
61548	0.023044
27017	0.023048
26536	0.023048
30099	0.023052
41887	0.023052
52271	0.023053
34197	0.023054
46695	0.023054
30729	0.023054
14752	0.023055
20515	0.023056
14995	0.023057
56263	0.023058
22406	0.023060
60382	0.023065
56195	0.023065
30247	0.023066
9657	0.023067
19120	0.023068
60695	0.023069
9970	0.023072
46758	0.023075
52761	0.023077
45691	0.023078
9183	0.023079
54146	0.023079
41080	0.023090
52491	0.023093
55657	0.023097
12121	0.023101
16658	0.023108
21116	0.023110
61480	0.023111
7841	0.023111
30723	0.023112
60369	0.023113
44503	0.023122
53854	0.023122
124981	0.023123
11488	0.023125
26360	0.023128
7526	0.023128
60886	0.023129
53046	0.023130
8521	0.023132
33579	0.023136
60145	0.023139
47865	0.023141
9749	0.023142
40235	0.023143
40201	0.023145
16530	0.023150
49748	0.023150
60236	0.023152
51217	0.023153
9215	0.023154
20840	0.023159
9976	0.023163
60586	0.023165
35938	0.023167
58601	0.023169
42484	0.023172
27955	0.023174
137847	0.023175
33284	0.023175
58222	0.023175
36999	0.023182
11466	0.023184
41956	0.023187
21799	0.023187
61119	0.023188
40847	0.023189
40931	0.023196
11438	0.023198
23977	0.023200
52005	0.023201
11344	0.023201
22313	0.023202
9166	0.023202
61393	0.023204
10237	0.023209
38501	0.023209
7695	0.023210
11272	0.023212
48656	0.023212
23853	0.023222
53622	0.023223
21198	0.023225
25758	0.023227
13973	0.023230
57690	0.023232
37907	0.023232
12030	0.023233
29008	0.023233
44381	0.023233
61280	0.023233
61549	0.023233
13344	0.023236
34235	0.023238
23520	0.023239
34352	0.023240
58662	0.023241
9087	0.023245
42671	0.023249
34096	0.023251
43742	0.023252
9119	0.023252
15220	0.023252
13531	0.023257
36331	0.023261
16571	0.023262
45003	0.023262
36690	0.023264
53516	0.023267
52213	0.023269
41107	0.023276
61589	0.023283
54178	0.023283
34588	0.023286
51372	0.023289
28656	0.023295
17437	0.023299
30315	0.023299
41796	0.023306
50829	0.023314
29835	0.023320
43960	0.023321
48935	0.023322
24094	0.023328
47387	0.023329
60181	0.023330
20901	0.023334
35548	0.023339
9532	0.023339
56106	0.023340
60730	0.023340
60842	0.023340
61542	0.023340
7781	0.023340
22673	0.023342
12529	0.023344
12129	0.023352
35580	0.023352
50979	0.023357
47783	0.023357
52428	0.023362
32023	0.023366
15466	0.023368
50017	0.023371
57138	0.023371
57895	0.023372
137382	0.023373
49357	0.023375
14819	0.023379
39008	0.023381
60618	0.023383
14104	0.023385
51369	0.023386
27003	0.023386
38208	0.023388
41426	0.023389
9906	0.023389
11338	0.023390
11602	0.023394
13860	0.023402
9831	0.023420
8110	0.023420
10498	0.023430
55671	0.023437
53056	0.023437
55812	0.023437
11373	0.023441
26487	0.023443
39278	0.023448
8562	0.023451
22062	0.023451
30051	0.023454
42887	0.023459
17023	0.023462
6938	0.023464
61299	0.023467
9374	0.023473
48730	0.023473
8552	0.023474
20284	0.023474
50264	0.023475
14712	0.023476
54349	0.023476
16387	0.023478
13831	0.023480
16174	0.023484
15671	0.023484
47796	0.023486
35670	0.023488
52336	0.023488
50114	0.023491
48574	0.023500
60631	0.023500
10915	0.023503
14591	0.023510
10844	0.023513
21317	0.023517
32402	0.023519
25593	0.023524
37022	0.023528
38826	0.023530
34233	0.023531
47414	0.023531
43940	0.023534
61327	0.023536
34339	0.023536
24445	0.023554
26438	0.023555
46486	0.023559
23544	0.023563
12036	0.023563
13547	0.023567
48645	0.023568
35499	0.023568
21612	0.023574
52991	0.023579
19010	0.023582
17296	0.023584
61071	0.023586
39414	0.023586
10216	0.023588
14087	0.023593
47258	0.023594
60959	0.023597
19268	0.023598
24644	0.023598
8360	0.023600
16046	0.023600
41732	0.023600
21685	0.023602
51979	0.023603
44879	0.023604
37496	0.023606
27910	0.023608
49768	0.023611
7304	0.023612
46657	0.023614
43785	0.023616
30430	0.023618
11329	0.023618
60628	0.023619
38503	0.023622
7523	0.023627
13821	0.023629
39589	0.023629
39777	0.023631
35998	0.023636
51692	0.023637
42746	0.023641
53939	0.023642
11358	0.023646
16077	0.023650
20950	0.023652
54891	0.023654
36849	0.023654
46284	0.023655
11207	0.023659
8847	0.023662
11794	0.023662
31898	0.023667
52536	0.023671
9664	0.023675
39299	0.023675
12620	0.023678
49845	0.023678
27683	0.023680
9729	0.023690
45195	0.023693
14465	0.023695
30714	0.023696
16069	0.023696
13190	0.023699
60415	0.023711
60460	0.023711
22425	0.023714
7922	0.023719
60343	0.023724
42904	0.023730
49472	0.023731
44773	0.023732
60312	0.023735
16215	0.023735
23582	0.023737
24051	0.023744
34013	0.023749
21066	0.023753
42036	0.023755
49129	0.023757
54135	0.023757
33112	0.023758
35097	0.023760
37966	0.023763
31257	0.023763
21711	0.023765
13459	0.023765
55747	0.023770
16329	0.023775
61532	0.023775
60752	0.023779
13121	0.023780
58357	0.023784
7015	0.023784
43444	0.023786
60868	0.023792
37748	0.023792
48261	0.023794
11746	0.023794
43978	0.023795
8742	0.023796
54962	0.023798
12022	0.023799
60189	0.023799
46409	0.023805
56154	0.023808
75940	0.023817
32302	0.023818
15445	0.023821
20988	0.023823
56113	0.023825
43146	0.023826
61420	0.023826
25608	0.023828
24323	0.023829
17031	0.023829
58365	0.023832
15462	0.023832
30067	0.023836
8340	0.023838
53407	0.023840
15467	0.023840
34903	0.023843
9114	0.023845
52898	0.023847
9175	0.023849
57169	0.023851
16686	0.023852
40517	0.023853
10180	0.023853
47285	0.023854
33916	0.023856
31491	0.023857
28059	0.023857
12216	0.023859
52148	0.023861
25305	0.023863
7639	0.023864
57579	0.023865
7617	0.023865
80826	0.023868
28117	0.023875
57794	0.023877
25668	0.023880
11818	0.023881
44877	0.023895
6937	0.023896
12567	0.023898
17304	0.023901
58351	0.023904
61335	0.023910
35129	0.023910
8903	0.023915
41691	0.023915
61373	0.023923
54314	0.023927
13267	0.023927
35699	0.023929
9793	0.023931
41123	0.023932
41353	0.023933
52012	0.023936
15543	0.023938
12364	0.023942
51228	0.023945
7670	0.023947
28773	0.023947
47807	0.023948
52135	0.023951
49560	0.023953
33823	0.023954
40990	0.023958
36326	0.023960
9061	0.023965
15944	0.023965
12680	0.023966
34006	0.023966
58928	0.023966
60173	0.023966
9439	0.023966
10767	0.023972
20227	0.023973
8126	0.023976
8926	0.023978
60482	0.023979
49718	0.023982
14000	0.023984
7056	0.023984
48892	0.023985
6893	0.023987
16322	0.023993
19835	0.023998
17336	0.023999
38472	0.024001
59447	0.024005
125365	0.024006
7530	0.024007
17377	0.024008
26847	0.024009
60444	0.024009
22841	0.024011
11125	0.024012
11970	0.024012
43816	0.024017
60126	0.024024
55701	0.024026
55673	0.024027
7183	0.024029
61102	0.024034
10191	0.024040
56591	0.024040
28453	0.024041
45884	0.024041
23575	0.024043
17497	0.024045
25472	0.024048
60678	0.024049
38112	0.024053
21470	0.024054
30844	0.024055
17078	0.024059
11065	0.024059
52217	0.024060
9081	0.024068
57683	0.024071
7971	0.024077
13956	0.024077
8012	0.024078
58851	0.024079
54975	0.024079
57375	0.024079
57420	0.024087
24595	0.024087
22258	0.024092
21018	0.024092
21976	0.024093
9001	0.024097
15193	0.024097
13673	0.024100
41955	0.024101
41433	0.024104
26739	0.024105
15859	0.024105
27444	0.024110
11808	0.024113
35359	0.024113
50374	0.024113
36288	0.024114
35458	0.024115
33007	0.024116
44398	0.024119
8665	0.024123
27078	0.024135
12107	0.024135
33994	0.024136
11454	0.024139
27719	0.024146
15828	0.024148
8713	0.024149
33534	0.024150
47857	0.024150
48424	0.024150
46043	0.024152
39307	0.024156
26419	0.024158
44893	0.024164
22140	0.024166
84674	0.024167
45865	0.024173
36910	0.024174
60169	0.024176
21203	0.024183
58053	0.024190
12719	0.024192
16181	0.024196
21249	0.024196
27586	0.024196
32194	0.024196
32553	0.024196
42309	0.024196
60790	0.024196
40920	0.024200
39789	0.024200
16836	0.024200
9151	0.024204
9882	0.024204
13120	0.024205
41685	0.024211
43023	0.024211
36719	0.024216
11294	0.024219
48926	0.024219
26480	0.024221
13857	0.024221
61192	0.024223
48924	0.024224
16431	0.024229
20885	0.024229
21211	0.024235
44524	0.024238
11778	0.024241
35988	0.024242
12773	0.024243
22461	0.024247
30739	0.024249
13674	0.024254
29779	0.024258
11585	0.024261
38923	0.024261
14099	0.024262
30224	0.024265
53883	0.024267
13649	0.024269
13720	0.024275
9285	0.024277
30069	0.024279
53975	0.024281
39521	0.024281
18099	0.024283
44379	0.024284
39882	0.024286
11587	0.024289
35564	0.024290
49716	0.024290
19271	0.024294
56694	0.024294
13106	0.024296
8653	0.024296
30746	0.024297
44769	0.024297
53296	0.024298
48771	0.024301
10386	0.024302
34691	0.024307
7501	0.024311
32997	0.024312
10543	0.024313
53257	0.024314
47868	0.024314
57040	0.024316
27011	0.024316
38110	0.024320
12613	0.024322
61109	0.024322
61653	0.024328
19320	0.024328
30011	0.024332
22223	0.024334
11816	0.024334
25320	0.024337
54456	0.024340
61535	0.024340
9710	0.024340
10708	0.024342
60757	0.024342
20215	0.024352
10039	0.024352
8561	0.024352
49375	0.024353
53336	0.024355
34999	0.024359
54547	0.024362
52338	0.024362
8708	0.024364
26068	0.024367
51460	0.024369
32864	0.024376
31977	0.024377
22361	0.024378
57708	0.024379
45315	0.024380
53423	0.024381
48090	0.024382
45092	0.024385
38681	0.024386
56637	0.024386
16842	0.024386
25465	0.024387
30488	0.024389
47588	0.024389
39620	0.024395
16711	0.024395
32815	0.024397
10916	0.024397
22371	0.024398
40334	0.024399
39866	0.024402
51138	0.024406
14147	0.024409
23457	0.024410
8817	0.024414
49984	0.024417
21457	0.024425
51195	0.024425
60890	0.024425
61042	0.024425
61646	0.024425
25349	0.024426
23945	0.024426
15874	0.024428
37119	0.024429
61588	0.024430
8191	0.024432
30769	0.024434
42117	0.024434
21895	0.024434
37518	0.024437
57945	0.024437
61581	0.024438
44989	0.024440
41709	0.024441
26193	0.024441
23302	0.024442
14974	0.024444
45812	0.024445
36855	0.024445
60854	0.024448
47480	0.024449
40926	0.024451
37593	0.024455
30616	0.024459
17348	0.024460
33076	0.024461
9953	0.024461
24651	0.024463
19929	0.024464
11821	0.024464
21122	0.024465
14927	0.024474
42377	0.024475
34267	0.024478
55679	0.024479
40502	0.024479
60791	0.024484
55676	0.024487
22116	0.024491
27853	0.024500
47790	0.024505
44696	0.024507
60809	0.024513
25366	0.024514
27779	0.024515
43230	0.024517
19674	0.024518
29618	0.024520
22839	0.024522
17400	0.024524
45586	0.024524
60477	0.024527
9482	0.024532
61275	0.024539
44194	0.024541
16878	0.024542
19056	0.024544
9188	0.024544
15332	0.024546
28100	0.024546
15542	0.024546
39938	0.024547
37315	0.024547
43887	0.024552
22609	0.024553
10617	0.024553
10786	0.024553
13094	0.024553
13277	0.024553
13389	0.024553
16766	0.024553
21819	0.024553
35117	0.024553
39762	0.024553
46979	0.024553
47729	0.024553
50491	0.024553
60472	0.024553
60847	0.024553
61465	0.024553
61526	0.024553
8826	0.024553
16767	0.024558
30997	0.024564
50312	0.024564
61291	0.024565
55112	0.024569
22835	0.024570
60154	0.024572
22324	0.024577
41882	0.024577
53572	0.024583
7683	0.024584
12043	0.024588
28392	0.024588
29919	0.024588
41977	0.024588
44016	0.024588
60347	0.024588
60512	0.024588
60990	0.024588
16619	0.024590
10057	0.024592
13695	0.024595
27404	0.024596
45286	0.024596
8829	0.024596
56964	0.024596
15174	0.024597
22240	0.024600
16602	0.024603
10643	0.024613
60320	0.024618
61009	0.024618
61263	0.024618
50789	0.024621
10389	0.024629
55655	0.024631
40923	0.024631
47412	0.024632
44973	0.024634
23134	0.024635
15051	0.024635
11770	0.024635
26522	0.024637
81075	0.024638
55356	0.024639
12158	0.024639
14526	0.024639
16017	0.024640
11269	0.024640
13291	0.024641
39685	0.024643
8331	0.024653
52342	0.024655
13793	0.024660
7310	0.024669
22502	0.024669
26038	0.024670
55460	0.024671
22966	0.024672
61485	0.024674
43144	0.024676
15463	0.024677
19986	0.024680
25625	0.024681
32517	0.024681
60654	0.024681
60963	0.024681
51943	0.024683
30122	0.024688
27532	0.024690
31285	0.024694
43963	0.024696
26654	0.024698
22029	0.024700
27377	0.024704
26361	0.024706
33927	0.024707
15893	0.024708
8046	0.024709
24033	0.024710
61359	0.024712
23047	0.024717
32061	0.024718
44927	0.024721
57305	0.024721
56534	0.024724
13306	0.024727
40934	0.024729
19841	0.024733
38646	0.024734
60475	0.024735
32187	0.024735
11641	0.024735
51129	0.024735
12212	0.024735
57358	0.024735
60898	0.024735
23846	0.024736
14409	0.024741
61566	0.024743
7342	0.024745
8592	0.024751
23007	0.024751
15514	0.024755
33553	0.024759
12095	0.024761
36839	0.024765
31844	0.024766
47980	0.024766
16675	0.024770
33121	0.024774
60488	0.024774
19122	0.024778
30231	0.024783
54026	0.024786
16626	0.024790
36811	0.024791
9324	0.024796
36562	0.024796
54911	0.024796
61472	0.024796
89438	0.024796
14472	0.024800
16157	0.024800
32979	0.024802
21485	0.024805
42505	0.024806
49055	0.024806
40948	0.024809
40651	0.024810
35845	0.024812
48306	0.024816
9204	0.024817
19088	0.024818
31116	0.024819
61353	0.024825
27818	0.024826
31650	0.024827
49248	0.024830
34880	0.024832
54704	0.024833
27724	0.024834
23005	0.024836
25804	0.024837
7103	0.024838
29023	0.024839
40900	0.024842
37278	0.024847
39400	0.024848
36821	0.024850
10014	0.024851
23925	0.024852
34834	0.024852
51162	0.024853
39604	0.024854
61390	0.024860
8216	0.024860
22657	0.024861
60527	0.024865
16060	0.024870
52223	0.024872
23313	0.024872
7337	0.024872
60889	0.024874
10921	0.024878
35399	0.024879
27845	0.024881
26449	0.024881
22234	0.024882
47601	0.024891
16605	0.024891
35812	0.024891
27286	0.024894
52326	0.024898
49251	0.024903
48769	0.024906
51509	0.024906
14981	0.024907
24740	0.024908
39636	0.024908
8547	0.024908
41680	0.024912
39455	0.024912
52176	0.024914
41137	0.024915
60931	0.024915
37114	0.024916
49524	0.024916
54477	0.024919
51984	0.024919
53738	0.024921
44160	0.024925
31510	0.024927
32704	0.024930
33663	0.024930
10160	0.024930
19081	0.024931
50741	0.024931
16578	0.024933
29922	0.024935
61239	0.024936
61229	0.024939
21571	0.024943
20928	0.024943
48125	0.024946
45950	0.024950
10577	0.024955
48147	0.024956
8991	0.024959
35005	0.024959
51135	0.024959
19641	0.024960
57602	0.024960
51780	0.024963
9853	0.024967
13865	0.024970
17481	0.024973
46222	0.024976
35958	0.024982
27762	0.024983
22947	0.024985
48634	0.024987
47118	0.024988
25201	0.024994
22142	0.024995
58384	0.024998
61552	0.024999
118557	0.024999
46397	0.025003
61297	0.025004
11463	0.025004
47901	0.025005
54873	0.025012
26321	0.025015
16688	0.025019
13005	0.025021
52893	0.025026
60296	0.025031
16912	0.025033
47455	0.025033
37690	0.025037
9315	0.025038
47230	0.025040
27831	0.025043
17512	0.025045
21852	0.025045
23405	0.025045
50309	0.025045
51173	0.025048
16277	0.025052
28106	0.025054
54414	0.025055
44358	0.025060
8633	0.025062
8712	0.025062
32091	0.025062
20197	0.025066
11564	0.025067
60342	0.025067
7788	0.025071
22304	0.025076
10757	0.025087
51722	0.025095
9090	0.025097
9538	0.025097
31497	0.025097
23492	0.025107
8157	0.025109
8840	0.025109
25998	0.025112
16315	0.025113
22726	0.025115
10928	0.025116
10513	0.025119
8033	0.025119
57759	0.025122
40879	0.025124
34501	0.025124
39833	0.025125
61306	0.025126
50501	0.025130
11317	0.025130
8103	0.025131
58309	0.025134
60295	0.025135
48185	0.025136
24773	0.025137
29862	0.025139
26878	0.025141
40011	0.025141
54278	0.025147
26906	0.025147
30631	0.025147
14396	0.025148
33207	0.025152
7989	0.025152
43223	0.025152
24717	0.025155
35692	0.025155
52606	0.025156
49576	0.025161
30090	0.025162
46342	0.025163
24909	0.025164
57570	0.025167
8146	0.025171
19165	0.025171
16973	0.025173
61087	0.025177
6922	0.025180
29908	0.025180
15097	0.025184
42209	0.025186
23174	0.025191
57254	0.025196
32941	0.025201
39724	0.025208
9150	0.025208
46317	0.025210
49636	0.025211
12928	0.025215
58216	0.025218
46792	0.025220
37168	0.025221
20171	0.025223
22897	0.025223
52253	0.025227
52389	0.025229
56255	0.025231
33356	0.025233
51152	0.025235
10925	0.025236
60701	0.025236
52573	0.025238
32932	0.025240
14926	0.025240
46965	0.025245
7301	0.025245
42098	0.025245
37370	0.025257
9167	0.025257
38223	0.025260
26093	0.025265
14424	0.025267
10194	0.025267
8577	0.025270
15387	0.025271
17266	0.025273
31651	0.025275
58547	0.025276
14924	0.025277
17329	0.025278
36836	0.025279
13220	0.025281
15337	0.025283
16186	0.025284
60994	0.025285
14928	0.025289
42740	0.025289
24097	0.025289
56403	0.025292
60741	0.025293
55358	0.025305
29832	0.025305
15554	0.025306
19840	0.025306
56861	0.025309
11955	0.025310
46362	0.025315
58375	0.025318
9951	0.025318
35917	0.025318
56478	0.025319
39810	0.025319
27836	0.025320
31931	0.025322
17136	0.025322
27390	0.025325
10358	0.025327
61240	0.025327
42626	0.025327
24361	0.025329
61209	0.025333
10381	0.025334
10822	0.025334
11634	0.025334
12156	0.025334
12362	0.025334
13532	0.025334
15794	0.025334
22046	0.025334
22098	0.025334
22459	0.025334
24078	0.025334
27029	0.025334
27054	0.025334
32452	0.025334
32622	0.025334
33092	0.025334
33466	0.025334
37032	0.025334
39217	0.025334
39758	0.025334
40492	0.025334
41970	0.025334
43842	0.025334
46166	0.025334
46545	0.025334
46549	0.025334
47996	0.025334
50499	0.025334
52052	0.025334
52712	0.025334
52729	0.025334
52735	0.025334
52932	0.025334
55144	0.025334
55637	0.025334
55640	0.025334
55651	0.025334
58985	0.025334
60408	0.025334
60526	0.025334
60566	0.025334
60903	0.025334
61100	0.025334
61395	0.025334
61404	0.025334
7221	0.025334
7603	0.025334
9229	0.025334
9267	0.025334
9734	0.025334
9832	0.025334
51588	0.025337
22532	0.025337
25182	0.025343
13805	0.025344
11748	0.025349
61166	0.025355
8786	0.025356
10241	0.025357
47999	0.025359
9908	0.025360
56127	0.025364
53086	0.025368
7271	0.025370
13859	0.025374
57379	0.025375
35941	0.025376
22087	0.025377
41669	0.025377
11498	0.025381
12768	0.025381
41932	0.025382
52980	0.025382
69035	0.025383
11512	0.025387
54782	0.025388
49493	0.025389
56769	0.025392
14942	0.025393
35615	0.025393
19325	0.025394
9173	0.025394
14042	0.025396
37750	0.025396
42149	0.025399
49974	0.025404
8207	0.025405
21701	0.025406
58240	0.025406
61380	0.025406
8732	0.025408
10332	0.025410
17445	0.025410
61024	0.025410
27188	0.025411
23062	0.025411
10439	0.025411
35514	0.025412
7239	0.025413
28050	0.025417
15435	0.025419
43062	0.025420
10893	0.025425
21663	0.025426
60721	0.025430
137953	0.025431
21173	0.025431
26415	0.025433
16877	0.025438
13769	0.025446
49849	0.025446
24129	0.025446
9578	0.025449
43607	0.025449
61559	0.025451
61363	0.025456
22176	0.025457
45816	0.025459
43135	0.025461
41774	0.025462
55379	0.025462
39747	0.025463
54352	0.025464
10706	0.025465
55071	0.025471
35542	0.025471
32282	0.025473
55439	0.025474
19477	0.025475
32164	0.025476
60998	0.025477
14178	0.025479
49684	0.025481
32020	0.025481
55879	0.025485
41531	0.025487
53557	0.025489
11359	0.025489
16625	0.025493
61562	0.025495
38596	0.025497
54371	0.025499
41792	0.025499
46452	0.025503
11480	0.025505
31332	0.025507
42679	0.025507
58306	0.025508
44829	0.025509
13519	0.025510
7678	0.025511
42152	0.025520
36897	0.025522
45294	0.025522
27712	0.025523
41035	0.025527
31249	0.025528
27450	0.025529
15897	0.025531
35664	0.025533
52597	0.025534
29026	0.025534
13872	0.025537
37283	0.025538
41689	0.025540
8737	0.025540
45139	0.025545
10873	0.025547
61235	0.025549
32988	0.025551
54499	0.025553
53294	0.025553
23776	0.025554
53160	0.025556
11491	0.025563
53941	0.025563
60129	0.025564
21556	0.025572
15063	0.025572
48442	0.025573
17039	0.025578
32159	0.025580
11333	0.025582
53790	0.025586
27908	0.025586
50267	0.025588
51364	0.025592
9931	0.025594
15900	0.025595
49808	0.025599
39349	0.025600
47343	0.025604
7218	0.025605
21855	0.025605
36309	0.025614
40448	0.025619
125308	0.025623
44371	0.025623
51079	0.025623
38285	0.025632
45269	0.025637
49113	0.025639
27842	0.025642
12780	0.025643
11197	0.025648
22376	0.025651
23420	0.025654
28687	0.025656
58369	0.025656
53663	0.025656
19173	0.025657
8800	0.025657
61630	0.025659
10847	0.025659
35126	0.025663
12115	0.025663
54870	0.025669
9838	0.025670
60280	0.025673
8442	0.025675
61625	0.025676
14151	0.025677
8565	0.025680
54433	0.025681
61278	0.025683
46561	0.025687
37511	0.025691
36853	0.025691
27064	0.025693
53781	0.025696
27311	0.025696
33015	0.025702
49539	0.025710
37376	0.025713
46962	0.025714
30053	0.025715
8302	0.025716
27418	0.025717
12964	0.025723
36433	0.025727
50330	0.025727
61460	0.025729
60158	0.025731
10116	0.025731
40457	0.025731
41323	0.025733
40722	0.025733
60600	0.025734
20079	0.025734
14543	0.025737
10277	0.025740
27939	0.025742
22927	0.025743
7778	0.025744
13464	0.025744
34049	0.025745
42699	0.025747
32924	0.025748
57073	0.025752
57997	0.025752
41356	0.025754
22198	0.025759
15048	0.025760
10761	0.025761
46983	0.025763
55179	0.025764
34304	0.025766
56312	0.025767
51354	0.025769
36055	0.025769
27839	0.025771
56108	0.025776
21772	0.025779
61161	0.025781
45030	0.025782
7719	0.025786
33220	0.025787
27380	0.025789
53875	0.025790
40965	0.025790
9659	0.025790
19862	0.025790
14482	0.025790
44519	0.025794
32964	0.025797
46321	0.025803
13191	0.025804
9108	0.025805
46736	0.025806
11826	0.025806
49513	0.025807
36511	0.025809
21252	0.025810
31397	0.025815
10528	0.025818
57516	0.025823
55052	0.025824
54514	0.025827
41524	0.025829
30633	0.025829
11857	0.025831
12404	0.025831
31204	0.025833
11495	0.025834
11854	0.025834
24820	0.025834
11385	0.025835
15857	0.025854
54698	0.025855
48877	0.025855
6902	0.025857
41842	0.025860
16622	0.025861
27244	0.025861
10867	0.025862
22430	0.025864
16993	0.025869
56643	0.025879
46400	0.025881
58632	0.025881
30638	0.025882
15599	0.025887
42615	0.025887
29809	0.025888
52010	0.025894
29435	0.025896
53305	0.025897
12816	0.025898
7697	0.025898
46843	0.025907
21683	0.025914
46761	0.025915
24592	0.025921
56463	0.025923
9248	0.025924
27231	0.025926
47660	0.025926
52739	0.025927
10722	0.025928
57228	0.025934
44092	0.025935
35447	0.025937
34072	0.025940
50517	0.025945
42628	0.025957
16968	0.025957
7140	0.025961
56794	0.025961
29207	0.025963
33113	0.025964
14631	0.025966
38012	0.025971
53351	0.025973
14439	0.025973
33122	0.025976
16682	0.025977
61352	0.025984
54861	0.025984
39058	0.025990
10558	0.025991
26571	0.025997
28935	0.025998
60191	0.026000
61428	0.026000
8583	0.026001
10923	0.026002
10131	0.026008
9272	0.026009
13555	0.026012
48884	0.026022
46916	0.026023
38347	0.026025
38808	0.026045
21189	0.026049
9431	0.026050
10114	0.026055
50375	0.026065
29343	0.026066
14524	0.026068
9387	0.026074
39319	0.026079
10736	0.026079
43338	0.026081
13058	0.026082
42286	0.026082
16647	0.026085
57145	0.026085
61111	0.026087
7499	0.026087
56357	0.026089
52515	0.026094
22155	0.026094
34033	0.026096
15716	0.026105
22935	0.026106
11524	0.026112
19278	0.026114
32217	0.026116
11400	0.026117
28027	0.026126
8560	0.026128
41268	0.026128
60659	0.026129
23415	0.026130
17123	0.026132
35566	0.026135
46218	0.026135
47157	0.026135
53256	0.026135
33790	0.026143
15568	0.026147
6903	0.026151
39357	0.026154
38331	0.026161
9964	0.026162
10477	0.026165
50602	0.026166
11064	0.026168
51349	0.026170
16441	0.026171
42594	0.026172
42094	0.026174
52760	0.026174
23993	0.026176
40378	0.026177
10495	0.026182
32650	0.026190
10474	0.026191
60497	0.026195
6988	0.026198
53613	0.026198
61622	0.026201
30944	0.026203
34745	0.026204
15402	0.026205
48977	0.026209
29264	0.026210
47781	0.026211
50021	0.026211
47801	0.026215
42362	0.026215
49244	0.026218
8634	0.026219
21157	0.026219
11806	0.026219
46292	0.026221
21952	0.026222
10174	0.026223
34046	0.026225
15545	0.026226
61096	0.026229
61143	0.026230
33897	0.026233
53201	0.026234
48894	0.026234
29172	0.026236
19140	0.026239
32699	0.026241
43098	0.026242
38327	0.026244
52513	0.026244
16303	0.026250
51990	0.026256
54529	0.026257
9047	0.026262
23388	0.026263
9826	0.026267
15419	0.026268
17452	0.026271
11439	0.026271
10755	0.026280
11091	0.026281
22801	0.026284
25276	0.026284
49171	0.026286
14936	0.026290
56481	0.026292
61176	0.026296
13537	0.026298
10076	0.026299
55991	0.026300
58956	0.026302
55338	0.026303
61223	0.026303
32694	0.026303
15795	0.026304
21155	0.026306
20006	0.026307
12843	0.026309
30523	0.026312
24260	0.026314
58037	0.026315
58406	0.026316
13599	0.026319
24629	0.026319
42167	0.026323
45525	0.026325
12750	0.026328
22623	0.026328
50655	0.026328
54770	0.026329
10329	0.026331
31421	0.026331
38132	0.026332
27138	0.026333
43002	0.026333
14153	0.026334
46332	0.026334
47597	0.026335
57854	0.026337
7243	0.026337
42774	0.026337
10654	0.026337
28004	0.026339
22135	0.026339
36980	0.026339
8543	0.026340
25760	0.026346
44418	0.026349
13736	0.026349
38470	0.026351
45354	0.026353
60284	0.026354
60132	0.026355
33214	0.026358
14906	0.026359
16715	0.026362
34460	0.026363
27785	0.026366
36976	0.026367
34024	0.026370
60929	0.026370
61051	0.026370
61129	0.026370
52882	0.026377
8598	0.026378
47352	0.026378
8735	0.026380
41151	0.026382
54840	0.026385
42359	0.026392
17259	0.026395
40192	0.026397
13942	0.026402
29198	0.026405
23950	0.026405
54031	0.026410
26244	0.026411
23935	0.026415
37810	0.026418
37102	0.026426
36455	0.026427
27659	0.026427
14020	0.026428
51857	0.026428
13449	0.026429
15507	0.026430
52546	0.026434
9902	0.026434
30055	0.026438
57269	0.026439
50452	0.026440
27567	0.026440
45535	0.026446
30763	0.026448
19243	0.026451
61086	0.026451
26626	0.026452
9754	0.026453
11522	0.026454
10813	0.026454
10597	0.026454
22717	0.026454
10324	0.026457
14597	0.026458
43165	0.026459
36206	0.026460
11445	0.026461
60565	0.026464
11124	0.026465
27459	0.026467
16708	0.026469
7814	0.026471
44699	0.026473
12996	0.026475
31150	0.026476
49965	0.026477
39850	0.026482
11861	0.026483
30171	0.026483
53215	0.026486
14256	0.026486
57152	0.026487
44556	0.026488
25784	0.026489
14548	0.026493
61183	0.026493
41404	0.026495
54636	0.026496
40886	0.026496
19256	0.026498
33450	0.026501
32780	0.026502
10157	0.026504
42206	0.026507
7133	0.026510
43008	0.026511
46931	0.026512
16811	0.026512
7222	0.026513
11624	0.026514
23459	0.026517
6923	0.026520
38445	0.026525
11235	0.026528
36303	0.026530
48889	0.026531
10556	0.026532
40599	0.026535
10325	0.026537
20825	0.026538
29158	0.026539
16813	0.026544
52975	0.026545
57417	0.026547
14777	0.026548
20276	0.026549
57236	0.026553
34905	0.026555
9864	0.026557
12094	0.026557
34869	0.026560
19892	0.026561
16531	0.026565
57833	0.026566
22961	0.026567
39335	0.026576
42963	0.026579
48928	0.026579
15997	0.026582
21788	0.026584
20098	0.026585
25596	0.026588
45148	0.026595
46857	0.026596
45995	0.026597
30410	0.026597
31648	0.026597
17193	0.026597
9389	0.026599
16732	0.026600
48879	0.026600
51241	0.026604
9709	0.026605
15818	0.026605
45976	0.026609
12305	0.026613
10986	0.026617
16816	0.026619
61185	0.026619
57142	0.026619
60609	0.026619
27967	0.026622
21016	0.026624
23849	0.026625
19512	0.026626
39458	0.026627
60802	0.026627
31023	0.026629
24054	0.026636
15714	0.026636
138102	0.026637
60761	0.026637
22662	0.026639
28776	0.026639
13663	0.026641
36336	0.026643
39158	0.026643
7964	0.026645
17606	0.026646
37292	0.026652
31097	0.026653
13852	0.026654
24244	0.026656
22120	0.026656
31379	0.026657
43996	0.026658
49980	0.026660
22925	0.026660
22473	0.026661
8058	0.026661
34689	0.026662
46919	0.026665
29785	0.026670
34288	0.026675
20222	0.026676
46313	0.026677
37686	0.026681
37288	0.026682
13283	0.026683
29137	0.026684
36831	0.026685
16312	0.026686
46611	0.026692
29329	0.026697
32899	0.026700
14569	0.026702
61483	0.026703
38564	0.026703
58528	0.026706
54638	0.026707
28936	0.026711
21154	0.026723
29178	0.026725
8933	0.026727
42038	0.026727
16792	0.026729
10752	0.026730
41635	0.026734
56334	0.026734
23851	0.026736
51247	0.026738
45032	0.026745
30048	0.026747
29830	0.026749
22612	0.026755
23721	0.026756
10946	0.026757
14611	0.026758
14486	0.026759
60686	0.026760
13002	0.026761
35608	0.026763
33116	0.026764
61541	0.026766
61378	0.026770
47476	0.026774
29189	0.026774
31103	0.026775
28230	0.026776
16232	0.026782
36520	0.026782
37120	0.026782
47349	0.026783
52387	0.026786
43171	0.026793
14817	0.026794
54723	0.026796
24236	0.026796
60864	0.026797
46876	0.026799
16597	0.026799
51854	0.026803
49726	0.026809
61631	0.026809
7761	0.026815
35122	0.026816
55888	0.026816
50908	0.026818
43220	0.026828
55370	0.026829
9653	0.026831
11313	0.026846
11052	0.026848
11984	0.026851
51764	0.026852
30064	0.026857
40892	0.026860
8939	0.026862
32949	0.026863
51902	0.026869
14306	0.026872
15976	0.026872
16607	0.026872
16794	0.026872
25943	0.026872
32334	0.026872
34744	0.026872
34783	0.026872
43364	0.026872
43903	0.026872
46764	0.026872
47268	0.026872
51452	0.026872
20270	0.026872
43113	0.026874
52890	0.026874
27053	0.026874
16629	0.026878
16087	0.026878
22489	0.026879
54887	0.026883
10110	0.026883
58282	0.026884
9412	0.026884
56520	0.026885
56758	0.026886
8465	0.026888
54313	0.026888
36930	0.026890
12993	0.026892
60224	0.026895
20318	0.026897
39507	0.026898
61634	0.026901
17529	0.026903
22837	0.026904
42623	0.026909
51770	0.026909
45689	0.026913
57171	0.026915
20154	0.026918
47719	0.026922
51840	0.026927
10438	0.026933
33907	0.026933
28286	0.026935
52698	0.026936
32208	0.026939
34210	0.026943
37448	0.026944
27704	0.026945
53782	0.026949
37144	0.026949
8150	0.026952
40564	0.026954
60674	0.026956
45532	0.026959
27342	0.026964
23858	0.026964
10753	0.026966
10103	0.026973
27930	0.026973
40067	0.026973
43639	0.026973
60385	0.026973
22591	0.026973
57087	0.026981
32190	0.026984
29088	0.026987
15154	0.026988
31928	0.026988
11864	0.026989
8475	0.026991
46276	0.026991
50225	0.026993
49317	0.026994
61249	0.027002
28165	0.027004
15886	0.027008
45119	0.027008
28000	0.027011
37386	0.027013
61199	0.027018
36315	0.027020
39547	0.027020
24816	0.027025
47252	0.027025
38926	0.027029
60570	0.027030
37310	0.027030
61454	0.027032
41443	0.027036
16719	0.027037
55711	0.027037
61580	0.027039
31283	0.027045
7097	0.027045
8734	0.027048
22521	0.027051
16318	0.027053
25273	0.027053
39290	0.027055
31058	0.027055
7399	0.027056
46278	0.027058
7286	0.027058
35070	0.027060
61224	0.027063
9184	0.027068
11500	0.027069
14718	0.027076
58419	0.027077
50448	0.027079
26580	0.027081
35286	0.027084
11766	0.027085
29522	0.027086
10788	0.027091
11196	0.027093
9813	0.027094
11210	0.027095
49647	0.027095
26752	0.027096
34941	0.027102
51614	0.027104
51306	0.027106
20441	0.027110
14245	0.027110
46359	0.027110
12113	0.027113
57140	0.027118
32128	0.027120
9170	0.027122
41544	0.027123
7477	0.027126
58415	0.027126
49475	0.027129
60533	0.027129
8492	0.027130
26843	0.027133
47904	0.027133
23183	0.027135
35849	0.027137
46365	0.027139
22230	0.027140
49780	0.027141
11792	0.027142
38545	0.027142
10433	0.027146
11780	0.027147
51220	0.027147
41461	0.027149
60814	0.027155
46475	0.027161
16927	0.027161
43324	0.027162
29748	0.027168
34178	0.027168
61021	0.027170
16412	0.027171
11982	0.027172
37272	0.027173
10375	0.027178
60594	0.027179
8593	0.027179
7936	0.027180
45341	0.027182
61443	0.027183
51605	0.027184
23118	0.027185
12784	0.027186
29279	0.027188
12778	0.027192
25733	0.027193
23953	0.027196
42946	0.027199
9158	0.027199
42226	0.027199
36290	0.027201
31225	0.027204
51849	0.027205
13009	0.027206
33435	0.027206
50841	0.027206
12888	0.027211
49696	0.027212
10446	0.027212
24728	0.027220
9504	0.027222
56341	0.027224
36840	0.027229
8985	0.027233
28221	0.027233
7638	0.027234
32574	0.027237
26738	0.027240
44166	0.027241
30068	0.027243
43988	0.027245
61584	0.027247
30994	0.027248
55956	0.027254
47812	0.027255
9348	0.027256
31851	0.027259
11394	0.027259
13530	0.027263
14540	0.027268
26345	0.027269
56687	0.027272
13447	0.027273
26770	0.027274
16635	0.027278
26992	0.027286
44449	0.027289
22307	0.027290
60606	0.027291
57618	0.027298
10061	0.027300
43100	0.027304
14610	0.027307
10283	0.027310
45764	0.027310
19924	0.027312
10942	0.027315
10364	0.027315
19469	0.027319
17240	0.027320
32706	0.027322
50401	0.027324
45624	0.027325
52285	0.027328
29098	0.027329
43010	0.027329
49093	0.027330
46933	0.027331
16432	0.027333
60127	0.027334
57461	0.027339
27769	0.027342
55975	0.027357
52996	0.027357
16240	0.027358
29222	0.027359
57821	0.027360
16768	0.027362
39864	0.027362
12781	0.027363
16097	0.027368
38977	0.027369
12605	0.027374
11141	0.027377
12146	0.027383
10204	0.027383
31814	0.027388
61110	0.027388
60203	0.027388
14188	0.027389
46712	0.027389
15216	0.027392
57485	0.027393
35751	0.027393
58493	0.027397
22753	0.027399
22179	0.027399
12779	0.027400
9842	0.027401
15499	0.027402
25400	0.027409
41714	0.027409
52097	0.027410
54129	0.027410
11980	0.027410
54767	0.027410
15487	0.027410
14545	0.027412
38385	0.027416
7840	0.027417
45254	0.027417
48309	0.027417
53965	0.027419
7318	0.027422
48888	0.027422
47422	0.027422
46650	0.027425
22441	0.027428
29379	0.027432
52792	0.027432
11449	0.027432
11429	0.027434
44621	0.027434
44120	0.027441
40643	0.027444
9240	0.027448
24468	0.027448
58443	0.027448
53607	0.027450
11551	0.027453
7359	0.027453
45606	0.027454
46032	0.027454
18096	0.027455
38214	0.027457
31521	0.027457
24897	0.027459
14695	0.027461
51140	0.027462
42751	0.027464
13239	0.027465
8451	0.027466
25364	0.027467
14471	0.027468
53048	0.027469
30677	0.027470
61305	0.027470
21393	0.027475
58035	0.027481
39026	0.027481
44014	0.027482
15055	0.027484
37345	0.027488
58933	0.027488
51725	0.027493
40911	0.027494
23032	0.027494
56130	0.027497
34686	0.027497
16503	0.027498
58097	0.027499
38907	0.027501
9529	0.027502
42200	0.027504
60144	0.027504
53248	0.027506
23832	0.027508
42289	0.027511
29722	0.027511
55495	0.027511
14479	0.027513
38417	0.027515
38236	0.027517
50018	0.027518
11073	0.027518
39084	0.027518
23013	0.027519
31794	0.027519
51374	0.027520
41246	0.027521
23584	0.027523
12682	0.027523
24385	0.027531
54732	0.027531
16936	0.027533
57730	0.027541
25306	0.027543
35438	0.027547
52547	0.027549
36909	0.027550
9941	0.027550
7285	0.027550
49990	0.027558
46029	0.027558
15747	0.027561
8814	0.027564
9656	0.027565
37524	0.027565
9297	0.027566
11740	0.027566
8542	0.027567
23904	0.027568
28282	0.027569
11014	0.027572
48371	0.027574
57645	0.027578
9819	0.027579
37401	0.027581
8428	0.027581
48445	0.027583
8410	0.027584
52568	0.027597
16741	0.027603
47018	0.027603
52489	0.027604
11855	0.027604
9922	0.027605
48890	0.027606
40585	0.027607
52943	0.027611
28630	0.027611
41378	0.027616
32908	0.027616
21782	0.027616
9454	0.027617
46906	0.027619
48850	0.027619
33351	0.027620
39163	0.027621
9939	0.027622
44013	0.027622
47215	0.027622
35935	0.027622
11751	0.027627
60209	0.027629
53262	0.027631
14919	0.027634
56505	0.027638
19336	0.027641
13054	0.027642
34446	0.027642
39289	0.027645
29275	0.027646
61287	0.027647
49464	0.027650
45127	0.027651
40870	0.027652
52378	0.027654
11621	0.027656
43868	0.027656
57864	0.027661
12379	0.027661
37412	0.027668
60852	0.027668
14235	0.027669
37983	0.027670
11195	0.027672
54205	0.027673
34031	0.027676
10094	0.027679
31040	0.027682
21954	0.027683
13542	0.027683
24839	0.027688
52159	0.027689
14055	0.027691
13385	0.027691
60777	0.027691
60336	0.027693
53602	0.027694
38217	0.027702
11595	0.027704
47380	0.027706
36280	0.027710
10933	0.027712
15541	0.027715
50723	0.027715
36286	0.027716
36693	0.027717
8075	0.027718
26406	0.027719
61403	0.027719
58429	0.027721
56528	0.027722
43138	0.027725
17148	0.027725
22692	0.027728
34534	0.027730
58431	0.027731
11552	0.027731
49312	0.027731
24224	0.027732
60710	0.027732
25063	0.027734
16362	0.027734
33035	0.027734
51150	0.027736
56858	0.027736
42073	0.027738
7255	0.027741
20546	0.027742
54612	0.027746
26835	0.027747
24166	0.027749
27809	0.027756
60951	0.027756
53203	0.027757
10400	0.027758
7112	0.027759
29708	0.027759
56550	0.027761
54257	0.027763
61426	0.027763
33005	0.027766
31226	0.027768
29142	0.027769
53511	0.027770
9301	0.027774
16251	0.027775
27728	0.027776
57696	0.027780
14492	0.027780
56281	0.027781
35993	0.027782
15635	0.027783
28725	0.027785
40975	0.027787
29442	0.027793
52679	0.027795
51799	0.027796
60975	0.027798
58658	0.027802
51330	0.027802
27200	0.027804
46471	0.027809
57177	0.027810
17469	0.027813
23982	0.027813
22337	0.027815
42516	0.027817
9919	0.027818
42934	0.027818
43111	0.027819
51310	0.027823
37960	0.027823
7341	0.027823
28154	0.027825
9833	0.027826
44360	0.027827
52435	0.027828
8160	0.027833
51631	0.027834
38256	0.027834
15344	0.027838
30786	0.027838
14062	0.027839
10173	0.027840
13517	0.027840
29906	0.027842
29339	0.027843
61436	0.027855
56639	0.027857
60508	0.027857
17265	0.027858
14504	0.027859
19096	0.027862
45442	0.027864
23312	0.027865
11669	0.027867
28002	0.027867
31207	0.027868
39731	0.027868
46006	0.027869
32636	0.027874
12169	0.027876
35518	0.027877
57451	0.027878
12576	0.027880
31031	0.027880
32363	0.027885
42042	0.027887
21389	0.027888
56903	0.027888
50718	0.027889
35926	0.027890
40273	0.027892
39997	0.027894
8548	0.027897
44567	0.027899
36815	0.027903
8966	0.027903
45741	0.027906
7944	0.027907
17120	0.027907
9897	0.027907
61446	0.027909
47649	0.027909
21415	0.027911
54890	0.027913
8582	0.027915
7123	0.027920
27747	0.027924
30416	0.027926
21502	0.027927
15421	0.027930
14073	0.027931
54470	0.027931
60546	0.027932
39369	0.027932
37804	0.027932
56151	0.027933
53822	0.027935
14588	0.027937
60876	0.027937
20139	0.027938
31297	0.027939
39681	0.027941
57550	0.027941
42693	0.027941
22244	0.027943
26424	0.027944
42482	0.027948
7147	0.027952
29078	0.027952
46968	0.027953
25342	0.027953
36946	0.027957
32764	0.027962
13541	0.027967
57843	0.027970
16664	0.027971
45889	0.027973
61556	0.027974
21236	0.027974
50275	0.027976
34666	0.027976
19016	0.027976
14379	0.027977
49111	0.027979
33446	0.027981
26418	0.027984
24048	0.027989
12031	0.027990
27877	0.027995
27044	0.027998
34924	0.027999
36571	0.027999
10491	0.028006
12148	0.028006
17013	0.028007
21636	0.028010
50599	0.028010
60705	0.028011
21610	0.028016
49316	0.028020
39022	0.028021
13486	0.028022
34306	0.028023
10547	0.028029
9377	0.028030
12536	0.028034
21377	0.028034
12365	0.028035
27025	0.028040
34010	0.028040
14720	0.028042
14587	0.028042
33196	0.028045
42710	0.028047
17496	0.028048
47736	0.028048
16339	0.028048
50354	0.028052
8251	0.028052
60430	0.028054
49986	0.028057
34361	0.028060
34616	0.028062
22042	0.028065
56103	0.028067
28791	0.028067
9224	0.028067
8725	0.028068
38549	0.028069
39660	0.028069
48075	0.028069
10209	0.028070
32773	0.028071
53060	0.028073
30423	0.028075
43739	0.028078
10169	0.028080
10331	0.028084
34093	0.028084
58004	0.028087
50069	0.028087
51893	0.028088
12887	0.028091
33425	0.028093
39926	0.028097
60753	0.028098
14285	0.028098
24612	0.028099
24936	0.028102
21124	0.028105
37097	0.028107
47358	0.028110
15480	0.028110
40270	0.028111
14206	0.028115
8077	0.028116
15001	0.028120
16190	0.028121
15521	0.028123
34034	0.028125
61010	0.028125
94375	0.028125
23947	0.028126
9123	0.028127
11212	0.028127
8520	0.028128
11154	0.028129
53530	0.028131
30846	0.028131
13140	0.028133
22365	0.028140
32407	0.028140
61401	0.028144
41933	0.028145
56397	0.028146
37606	0.028148
38321	0.028148
27710	0.028154
22772	0.028156
30465	0.028157
27578	0.028160
16286	0.028161
38559	0.028162
17325	0.028162
26246	0.028166
9148	0.028167
29150	0.028168
8850	0.028169
48387	0.028169
60325	0.028173
33714	0.028176
50063	0.028178
49373	0.028179
10314	0.028180
43153	0.028185
49669	0.028189
59142	0.028191
45727	0.028192
7852	0.028193
36860	0.028200
49444	0.028202
14009	0.028204
32701	0.028210
22751	0.028212
40257	0.028215
13111	0.028218
10179	0.028219
26007	0.028224
27149	0.028224
34526	0.028225
11407	0.028226
56471	0.028227
49109	0.028229
9959	0.028230
52929	0.028231
14987	0.028232
59264	0.028233
18381	0.028234
20842	0.028235
34820	0.028236
46687	0.028237
12204	0.028238
51080	0.028240
58603	0.028242
49782	0.028244
16255	0.028244
31035	0.028244
100337	0.028245
55106	0.028249
61028	0.028256
39775	0.028257
16945	0.028257
55906	0.028259
31270	0.028262
29824	0.028263
15336	0.028271
54972	0.028271
33683	0.028280
8951	0.028283
8883	0.028284
15908	0.028288
54867	0.028288
45043	0.028290
37436	0.028291
29350	0.028292
51009	0.028292
33746	0.028293
21982	0.028294
56672	0.028294
39981	0.028295
37216	0.028296
19966	0.028297
19298	0.028300
38488	0.028300
20835	0.028300
52153	0.028304
41025	0.028308
29271	0.028311
56729	0.028311
21804	0.028313
22698	0.028321
14767	0.028322
22284	0.028328
10746	0.028328
57466	0.028333
13266	0.028336
21367	0.028336
24081	0.028340
16457	0.028341
60208	0.028341
61604	0.028343
16041	0.028343
22194	0.028343
30102	0.028343
12149	0.028351
39178	0.028351
60745	0.028352
37985	0.028353
15724	0.028353
38432	0.028355
12811	0.028356
29773	0.028357
26842	0.028357
44594	0.028357
59461	0.028359
14815	0.028359
56753	0.028360
29933	0.028361
61413	0.028364
55215	0.028366
48880	0.028368
45768	0.028370
40357	0.028372
11355	0.028372
20918	0.028372
48248	0.028377
11503	0.028379
43954	0.028382
37151	0.028382
102469	0.028383
8088	0.028386
39970	0.028387
13826	0.028387
12841	0.028391
37893	0.028392
43729	0.028394
50284	0.028400
16728	0.028401
55068	0.028401
24413	0.028401
45194	0.028403
27332	0.028404
26324	0.028404
16407	0.028408
50450	0.028409
8789	0.028412
60269	0.028412
49686	0.028412
16898	0.028413
28367	0.028414
31507	0.028416
10553	0.028417
23513	0.028417
47329	0.028419
49450	0.028420
51284	0.028420
61047	0.028422
37201	0.028428
33640	0.028430
56990	0.028430
12401	0.028432
47311	0.028435
7187	0.028436
19485	0.028436
39505	0.028437
42229	0.028437
58482	0.028438
56641	0.028438
12785	0.028443
9220	0.028443
61313	0.028444
55968	0.028447
10964	0.028448
40312	0.028448
9126	0.028448
42475	0.028450
7902	0.028452
58444	0.028452
36938	0.028453
52610	0.028457
8441	0.028457
30957	0.028457
10292	0.028462
50844	0.028463
57310	0.028466
14572	0.028467
23428	0.028467
43899	0.028467
10780	0.028468
32080	0.028469
60883	0.028471
21669	0.028473
36754	0.028473
15217	0.028475
44416	0.028477
45705	0.028478
56207	0.028478
54606	0.028480
14542	0.028481
20861	0.028483
7291	0.028483
53007	0.028489
34091	0.028490
13041	0.028490
22108	0.028493
36785	0.028495
7414	0.028497
10868	0.028502
14192	0.028503
51184	0.028505
56328	0.028509
53187	0.028509
10685	0.028510
9891	0.028514
8476	0.028514
8090	0.028519
35724	0.028519
16129	0.028520
13776	0.028522
31310	0.028523
40588	0.028523
43106	0.028527
22754	0.028527
13179	0.028529
9251	0.028530
14520	0.028531
35871	0.028533
40808	0.028537
38515	0.028538
37476	0.028538
14608	0.028539
25118	0.028540
32920	0.028540
12677	0.028541
39532	0.028546
9648	0.028548
27421	0.028548
45760	0.028556
8872	0.028559
15928	0.028560
10102	0.028560
15749	0.028561
48099	0.028562
15674	0.028564
37513	0.028565
27406	0.028566
53672	0.028570
9921	0.028571
60625	0.028573
60633	0.028574
52470	0.028574
27318	0.028576
35522	0.028578
34477	0.028580
43228	0.028581
55402	0.028583
12297	0.028585
51952	0.028586
26189	0.028587
58152	0.028590
57897	0.028591
60895	0.028596
8303	0.028600
41060	0.028602
43155	0.028603
29288	0.028607
48290	0.028608
60947	0.028609
55569	0.028610
13251	0.028611
22630	0.028613
20986	0.028615
30242	0.028615
22076	0.028616
16112	0.028618
44968	0.028620
9009	0.028623
37238	0.028624
46625	0.028625
20010	0.028625
37095	0.028628
37275	0.028631
60973	0.028632
56243	0.028633
6915	0.028635
10982	0.028636
43254	0.028638
39793	0.028641
51034	0.028644
47147	0.028645
10127	0.028646
22090	0.028646
48302	0.028646
36954	0.028647
16107	0.028648
25413	0.028649
42090	0.028651
32930	0.028654
32802	0.028655
13297	0.028655
32388	0.028656
29689	0.028657
22776	0.028659
20517	0.028659
28247	0.028664
41255	0.028666
29268	0.028666
55662	0.028672
60457	0.028674
47773	0.028676
16070	0.028676
43609	0.028677
10253	0.028678
42486	0.028678
25028	0.028679
54565	0.028680
22352	0.028680
40868	0.028680
38324	0.028681
56930	0.028682
32418	0.028683
22667	0.028684
41320	0.028688
39807	0.028689
39328	0.028694
61429	0.028695
11555	0.028697
33074	0.028698
48036	0.028701
36516	0.028702
11295	0.028705
11341	0.028705
48518	0.028708
29383	0.028708
30949	0.028709
57725	0.028710
39086	0.028711
12080	0.028712
47798	0.028713
52329	0.028713
12991	0.028716
36227	0.028720
26757	0.028720
30343	0.028722
31006	0.028723
15540	0.028724
15348	0.028725
38287	0.028727
25548	0.028727
51968	0.028729
8645	0.028731
16511	0.028731
38051	0.028733
19313	0.028734
46465	0.028734
16360	0.028736
12519	0.028738
31909	0.028740
27196	0.028740
33353	0.028740
47973	0.028740
41786	0.028741
12882	0.028741
13658	0.028741
33359	0.028743
19208	0.028744
7400	0.028745
31930	0.028745
55532	0.028745
11366	0.028746
53824	0.028746
57786	0.028752
20990	0.028752
46891	0.028753
9923	0.028754
8244	0.028754
34929	0.028757
14988	0.028759
24735	0.028760
40021	0.028760
29915	0.028760
37585	0.028761
15536	0.028762
12097	0.028763
11461	0.028766
58096	0.028767
95884	0.028767
9205	0.028767
24087	0.028769
37368	0.028770
45959	0.028772
20122	0.028773
26213	0.028773
12488	0.028774
9319	0.028776
12628	0.028777
42034	0.028778
34660	0.028779
30851	0.028785
27325	0.028788
7645	0.028788
32411	0.028788
14700	0.028789
33128	0.028789
61312	0.028790
61360	0.028790
33859	0.028792
39269	0.028794
27849	0.028794
48431	0.028796
9903	0.028798
32611	0.028802
21399	0.028803
32766	0.028806
9860	0.028809
21977	0.028813
35294	0.028815
55254	0.028815
17319	0.028816
38427	0.028816
54684	0.028817
56180	0.028818
14941	0.028819
9705	0.028819
10910	0.028820
11632	0.028822
14422	0.028826
13069	0.028826
49087	0.028826
10122	0.028829
13264	0.028831
22885	0.028832
41290	0.028833
55393	0.028834
60159	0.028836
26436	0.028837
52130	0.028837
27260	0.028843
29187	0.028843
19158	0.028845
50333	0.028845
27589	0.028846
39799	0.028848
10045	0.028849
34969	0.028849
32798	0.028849
13540	0.028851
24568	0.028854
27698	0.028855
14918	0.028857
10574	0.028860
32838	0.028860
39403	0.028863
54327	0.028863
15810	0.028869
23560	0.028873
25415	0.028873
51941	0.028876
33041	0.028877
25814	0.028878
30608	0.028881
36847	0.028881
57144	0.028882
20628	0.028883
14529	0.028885
44930	0.028885
50720	0.028886
56339	0.028889
59196	0.028895
37644	0.028895
48549	0.028896
15927	0.028899
16187	0.028899
12898	0.028901
16141	0.028901
41407	0.028902
46590	0.028902
29016	0.028903
61255	0.028904
11093	0.028907
33109	0.028907
48293	0.028907
61503	0.028910
36014	0.028911
46489	0.028913
10064	0.028916
24254	0.028920
54895	0.028921
31008	0.028922
51851	0.028923
10798	0.028924
41441	0.028924
39887	0.028926
43509	0.028926
49796	0.028928
14771	0.028929
10955	0.028933
14730	0.028936
16207	0.028943
26482	0.028946
42263	0.028946
46753	0.028946
39815	0.028946
16865	0.028947
12735	0.028948
39649	0.028948
22327	0.028950
12131	0.028951
50936	0.028952
16330	0.028956
45227	0.028957
25037	0.028957
24493	0.028958
29258	0.028959
41521	0.028959
54607	0.028959
9896	0.028959
39929	0.028962
11799	0.028966
8585	0.028970
17179	0.028970
40398	0.028971
36942	0.028973
24875	0.028979
38904	0.028979
9237	0.028979
45182	0.028979
33474	0.028980
60469	0.028980
11570	0.028985
51945	0.028986
34256	0.028986
54262	0.028987
23099	0.028989
37268	0.028993
57314	0.028996
59997	0.028997
42119	0.028997
49643	0.028998
9459	0.028999
9537	0.028999
58325	0.029001
25744	0.029001
31152	0.029002
47802	0.029002
8016	0.029002
26343	0.029004
60344	0.029004
49421	0.029007
31124	0.029007
51458	0.029007
55104	0.029008
17476	0.029009
10564	0.029011
7802	0.029012
7521	0.029015
8002	0.029016
14378	0.029018
44649	0.029018
56846	0.029018
16904	0.029019
8976	0.029020
23568	0.029021
14812	0.029022
10372	0.029023
29924	0.029026
15014	0.029026
38726	0.029028
32157	0.029028
23273	0.029029
54888	0.029031
54367	0.029032
45337	0.029035
32311	0.029037
12986	0.029039
44871	0.029039
45054	0.029039
13439	0.029039
27453	0.029040
14509	0.029041
29876	0.029042
20359	0.029044
29336	0.029045
12652	0.029046
42876	0.029049
10156	0.029053
35487	0.029055
20053	0.029055
61491	0.029058
10151	0.029060
51846	0.029060
21056	0.029065
60247	0.029065
60774	0.029065
15355	0.029066
29726	0.029067
53928	0.029067
58863	0.029067
41250	0.029069
60970	0.029071
16812	0.029077
61610	0.029078
17292	0.029078
12217	0.029081
12010	0.029085
15975	0.029087
22997	0.029087
50442	0.029088
10233	0.029088
9378	0.029090
23518	0.029091
26995	0.029092
25555	0.029093
7809	0.029094
44822	0.029096
35701	0.029096
37099	0.029097
10618	0.029098
19206	0.029099
13809	0.029099
26409	0.029100
50509	0.029106
10769	0.029107
21195	0.029107
24163	0.029108
45411	0.029109
8680	0.029112
43788	0.029112
44899	0.029115
60290	0.029116
47370	0.029116
32177	0.029121
30034	0.029123
37136	0.029124
16494	0.029124
52855	0.029125
16727	0.029126
24042	0.029126
60501	0.029126
13392	0.029127
55993	0.029127
15909	0.029127
28298	0.029128
16679	0.029128
21104	0.029128
17290	0.029128
50071	0.029129
47223	0.029131
34916	0.029133
49953	0.029133
56974	0.029138
57125	0.029139
12770	0.029140
51656	0.029141
11013	0.029143
22078	0.029143
9468	0.029143
41816	0.029145
29302	0.029149
54570	0.029151
28632	0.029154
29387	0.029158
8556	0.029158
15018	0.029164
57535	0.029165
37433	0.029165
55839	0.029168
53150	0.029169
46503	0.029169
12597	0.029173
54310	0.029176
30291	0.029179
53967	0.029179
7784	0.029181
16011	0.029185
16814	0.029185
50269	0.029185
25486	0.029185
36374	0.029186
8186	0.029186
51888	0.029186
22428	0.029187
14342	0.029188
61545	0.029188
16500	0.029191
37060	0.029191
54561	0.029192
52756	0.029193
28031	0.029194
55954	0.029196
41668	0.029197
34909	0.029197
56091	0.029198
15861	0.029198
24386	0.029200
21862	0.029202
41790	0.029202
11031	0.029204
44809	0.029204
9453	0.029205
24135	0.029205
43830	0.029205
40862	0.029206
47234	0.029206
35223	0.029209
40919	0.029210
15206	0.029214
20736	0.029216
14222	0.029220
22363	0.029220
14119	0.029221
32655	0.029230
39700	0.029231
43980	0.029231
47954	0.029232
47266	0.029234
23220	0.029234
43012	0.029237
53904	0.029239
46845	0.029239
49500	0.029240
8879	0.029241
22105	0.029242
46190	0.029242
20383	0.029244
15801	0.029244
32984	0.029245
42848	0.029245
50540	0.029245
22514	0.029245
13800	0.029246
52334	0.029249
53010	0.029250
15875	0.029250
10032	0.029251
15159	0.029253
54614	0.029254
14954	0.029254
26886	0.029254
13969	0.029254
61140	0.029254
47599	0.029255
52998	0.029257
22468	0.029258
38823	0.029258
54409	0.029259
8658	0.029259
14992	0.029260
30107	0.029261
119476	0.029262
56634	0.029264
17145	0.029264
49804	0.029265
26630	0.029265
49982	0.029267
50215	0.029268
21424	0.029268
20331	0.029268
8070	0.029268
15446	0.029270
44412	0.029274
25387	0.029276
15704	0.029282
50293	0.029283
46990	0.029285
7676	0.029285
27536	0.029286
52409	0.029290
20982	0.029291
48885	0.029292
8171	0.029293
15134	0.029293
50817	0.029295
35481	0.029296
7921	0.029298
14983	0.029298
20070	0.029298
20112	0.029299
31653	0.029299
47075	0.029301
34428	0.029302
36360	0.029302
48883	0.029304
44346	0.029305
51853	0.029306
6964	0.029306
40393	0.029308
15200	0.029309
43366	0.029309
44858	0.029312
38666	0.029313
16103	0.029313
26552	0.029314
30062	0.029314
52402	0.029315
47983	0.029317
46912	0.029317
40778	0.029321
20763	0.029323
52258	0.029324
61418	0.029324
48194	0.029325
43395	0.029325
23644	0.029326
47142	0.029327
25449	0.029328
19294	0.029328
15185	0.029329
25623	0.029329
21618	0.029342
39862	0.029342
28835	0.029342
8532	0.029343
10534	0.029344
42738	0.029345
34313	0.029345
32295	0.029347
50834	0.029353
16520	0.029357
7718	0.029359
45061	0.029360
9242	0.029360
57766	0.029361
52074	0.029361
29898	0.029362
10684	0.029362
28101	0.029363
55000	0.029364
28413	0.029366
45477	0.029367
56202	0.029367
52157	0.029374
53776	0.029375
30142	0.029375
31991	0.029378
56051	0.029378
42581	0.029378
8411	0.029380
13317	0.029381
55693	0.029382
56115	0.029382
20095	0.029383
41871	0.029384
14475	0.029389
52531	0.029391
125158	0.029392
30594	0.029392
40878	0.029393
7988	0.029394
17212	0.029395
32114	0.029396
14444	0.029396
57470	0.029399
61415	0.029400
57389	0.029401
15188	0.029402
16446	0.029402
16601	0.029402
16920	0.029402
17022	0.029402
46795	0.029403
56789	0.029406
23531	0.029406
38040	0.029406
8344	0.029407
52704	0.029408
7656	0.029408
20537	0.029410
14470	0.029411
57211	0.029411
54977	0.029413
7044	0.029413
48751	0.029415
14966	0.029415
57026	0.029417
13974	0.029417
40276	0.029418
27040	0.029418
17395	0.029420
49971	0.029421
60862	0.029424
49932	0.029424
11525	0.029425
48062	0.029426
9531	0.029426
9535	0.029426
53017	0.029431
32910	0.029432
28972	0.029432
41190	0.029435
37129	0.029435
52331	0.029436
34840	0.029436
32433	0.029438
53839	0.029438
61612	0.029442
8563	0.029442
14733	0.029442
42092	0.029443
60360	0.029445
55665	0.029447
9711	0.029451
54865	0.029451
30127	0.029453
51455	0.029454
26295	0.029454
7782	0.029457
27374	0.029459
19373	0.029460
7691	0.029462
10712	0.029465
56539	0.029469
45603	0.029470
14075	0.029476
55497	0.029477
33028	0.029479
34954	0.029482
46755	0.029486
50853	0.029487
42651	0.029488
39538	0.029490
30145	0.029492
49505	0.029496
25395	0.029497
27645	0.029499
46280	0.029502
49371	0.029503
32108	0.029503
49645	0.029504
31667	0.029506
49875	0.029506
17253	0.029509
11247	0.029509
16791	0.029509
13941	0.029510
41607	0.029511
61636	0.029512
57908	0.029512
42380	0.029516
29165	0.029516
11597	0.029518
60756	0.029521
41177	0.029521
61188	0.029522
14559	0.029525
41540	0.029526
51143	0.029529
32027	0.029530
32640	0.029534
38485	0.029534
53410	0.029534
60256	0.029534
61068	0.029534
32653	0.029534
39265	0.029534
57692	0.029537
13438	0.029538
50939	0.029541
53420	0.029541
41241	0.029543
28606	0.029546
13493	0.029548
10601	0.029550
55749	0.029550
45845	0.029551
8276	0.029551
48979	0.029553
14452	0.029555
12885	0.029556
19689	0.029558
36082	0.029558
15947	0.029558
29373	0.029558
41058	0.029559
53355	0.029560
24490	0.029560
60948	0.029563
21599	0.029565
19127	0.029570
60616	0.029570
40040	0.029572
48377	0.029572
54170	0.029575
9494	0.029575
35798	0.029576
45118	0.029576
8524	0.029578
50944	0.029579
50132	0.029580
56510	0.029581
32951	0.029581
12709	0.029584
11462	0.029586
16799	0.029587
37763	0.029590
32287	0.029594
52693	0.029594
19393	0.029594
57789	0.029595
37215	0.029597
10821	0.029597
38509	0.029598
20209	0.029598
30584	0.029601
55476	0.029601
45575	0.029602
8076	0.029603
33904	0.029603
48486	0.029604
47681	0.029604
55388	0.029607
38268	0.029608
11255	0.029608
14556	0.029610
14054	0.029611
52827	0.029612
41969	0.029613
35093	0.029614
30154	0.029615
55886	0.029616
28895	0.029619
54213	0.029620
11853	0.029620
27190	0.029620
23857	0.029623
7604	0.029624
27144	0.029625
37180	0.029629
9442	0.029631
49436	0.029631
15804	0.029632
29792	0.029633
12897	0.029634
25994	0.029634
14527	0.029636
12295	0.029646
48242	0.029646
20904	0.029647
51996	0.029648
10763	0.029648
35602	0.029648
60619	0.029650
60924	0.029651
46116	0.029653
20299	0.029653
26997	0.029654
32276	0.029654
41456	0.029655
30270	0.029656
47471	0.029657
14477	0.029665
14917	0.029665
15569	0.029665
60583	0.029665
52042	0.029666
40565	0.029669
47236	0.029669
44305	0.029674
36829	0.029675
38602	0.029677
53113	0.029678
41203	0.029681
10073	0.029681
31583	0.029686
49308	0.029688
10836	0.029690
53998	0.029694
37152	0.029696
45636	0.029697
58259	0.029701
10036	0.029701
54208	0.029701
41166	0.029703
9207	0.029703
9390	0.029703
55452	0.029705
8550	0.029706
55181	0.029707
10758	0.029708
39707	0.029710
10686	0.029711
17358	0.029714
9177	0.029714
46820	0.029715
47484	0.029719
37365	0.029719
14446	0.029720
41146	0.029723
27391	0.029723
46045	0.029724
22599	0.029725
12678	0.029727
54906	0.029728
36567	0.029737
50653	0.029737
20243	0.029738
40050	0.029739
31823	0.029740
24423	0.029740
10128	0.029740
22276	0.029740
13756	0.029742
29422	0.029748
37183	0.029749
15742	0.029749
13432	0.029750
26197	0.029750
50511	0.029750
51998	0.029750
52494	0.029750
53779	0.029750
60116	0.029750
60448	0.029750
60535	0.029750
61349	0.029750
8417	0.029750
9905	0.029750
58424	0.029750
24169	0.029751
47314	0.029752
39770	0.029753
17236	0.029754
22999	0.029754
58272	0.029754
50142	0.029755
27551	0.029757
29854	0.029758
30103	0.029760
35516	0.029760
37699	0.029760
57681	0.029764
15670	0.029765
9945	0.029766
22403	0.029766
24725	0.029766
12496	0.029767
15106	0.029767
26087	0.029773
10502	0.029774
48050	0.029775
42889	0.029777
44582	0.029778
31817	0.029778
13495	0.029780
56366	0.029780
61456	0.029786
15481	0.029786
27912	0.029786
33308	0.029791
49265	0.029791
13404	0.029792
39754	0.029796
10804	0.029796
56850	0.029797
54630	0.029798
58453	0.029799
46025	0.029800
7320	0.029802
32245	0.029804
43654	0.029804
19052	0.029806
7634	0.029807
23740	0.029807
9417	0.029809
10126	0.029812
49082	0.029812
23733	0.029812
13748	0.029813
48429	0.029816
53685	0.029816
10123	0.029817
45662	0.029817
10230	0.029817
13782	0.029823
10759	0.029825
13890	0.029825
52973	0.029827
48097	0.029827
57913	0.029827
11997	0.029829
49283	0.029830
8589	0.029834
19276	0.029835
33458	0.029837
25058	0.029839
42469	0.029839
14732	0.029839
33102	0.029841
40940	0.029841
9846	0.029841
27803	0.029841
60623	0.029842
8920	0.029843
35151	0.029844
50080	0.029845
46859	0.029846
55535	0.029848
22072	0.029850
27175	0.029851
30651	0.029853
19684	0.029854
12729	0.029855
56587	0.029856
53298	0.029857
57118	0.029858
28032	0.029860
55473	0.029861
30483	0.029863
41143	0.029865
29262	0.029866
33385	0.029867
47440	0.029867
35820	0.029868
29110	0.029868
29731	0.029869
25223	0.029870
25020	0.029870
39396	0.029873
57851	0.029876
9027	0.029876
39187	0.029877
8724	0.029880
56172	0.029881
47238	0.029881
15693	0.029882
58252	0.029883
52483	0.029883
17275	0.029885
6952	0.029888
54323	0.029889
52089	0.029893
47945	0.029893
8427	0.029896
29917	0.029897
14938	0.029898
29893	0.029900
56536	0.029900
54893	0.029901
22688	0.029902
37971	0.029903
43882	0.029904
10090	0.029904
7227	0.029905
56778	0.029908
39418	0.029909
24057	0.029911
58269	0.029913
30772	0.029913
60624	0.029913
11745	0.029913
13253	0.029916
28197	0.029916
52266	0.029917
15808	0.029917
25426	0.029917
21445	0.029918
45496	0.029921
32478	0.029921
58509	0.029922
16311	0.029922
19679	0.029924
17077	0.029924
49900	0.029925
43982	0.029925
47437	0.029926
43200	0.029926
46970	0.029932
34482	0.029934
54339	0.029938
54016	0.029939
14249	0.029941
26701	0.029942
29140	0.029943
24268	0.029943
35025	0.029944
8128	0.029946
10594	0.029947
17172	0.029948
50951	0.029948
26179	0.029948
53648	0.029949
51987	0.029951
46871	0.029951
22891	0.029958
48615	0.029960
16381	0.029964
10665	0.029965
27870	0.029969
19760	0.029970
25070	0.029971
12884	0.029971
16944	0.029972
50316	0.029974
10540	0.029975
7327	0.029976
35961	0.029979
58540	0.029980
16175	0.029984
15028	0.029984
54739	0.029985
22250	0.029985
45493	0.029985
19217	0.029987
16317	0.029988
11410	0.029989
42099	0.029991
29860	0.029992
31041	0.029992
20599	0.029994
30679	0.029997
53689	0.029997
8044	0.029998
50870	0.030002
46169	0.030003
12120	0.030006
49819	0.030008
61479	0.030008
8464	0.030008
53856	0.030010
7710	0.030010
56185	0.030012
22396	0.030012
37820	0.030013
35648	0.030016
26957	0.030017
17493	0.030019
53495	0.030020
23491	0.030021
60171	0.030022
36388	0.030022
12530	0.030023
19341	0.030024
46921	0.030024
7556	0.030025
13132	0.030025
38311	0.030026
9943	0.030026
27162	0.030028
19197	0.030029
27814	0.030029
16308	0.030030
33011	0.030031
56691	0.030032
36239	0.030032
53567	0.030033
13778	0.030033
15710	0.030033
8278	0.030033
34672	0.030034
20520	0.030036
54747	0.030039
47717	0.030041
25231	0.030042
39122	0.030042
28908	0.030042
27952	0.030043
46380	0.030043
24617	0.030045
23808	0.030045
32808	0.030045
22908	0.030046
46214	0.030048
54822	0.030050
26337	0.030051
33417	0.030051
37214	0.030052
24817	0.030053
31154	0.030055
7223	0.030059
37065	0.030060
14317	0.030064
9715	0.030065
61489	0.030067
58033	0.030072
37943	0.030074
35443	0.030080
33583	0.030081
55798	0.030083
53641	0.030085
16498	0.030085
38065	0.030089
15689	0.030089
58476	0.030090
42367	0.030090
56079	0.030092
54301	0.030092
22549	0.030096
11867	0.030097
9683	0.030098
8365	0.030098
8902	0.030100
16987	0.030104
11348	0.030106
26254	0.030108
8870	0.030108
39245	0.030110
39298	0.030112
35693	0.030113
42610	0.030115
15999	0.030115
50970	0.030116
48512	0.030119
10626	0.030121
60118	0.030121
41147	0.030122
17062	0.030129
30014	0.030129
25170	0.030130
14007	0.030131
32366	0.030132
60416	0.030133
34977	0.030133
58638	0.030133
39510	0.030138
12987	0.030139
57702	0.030139
53569	0.030144
51177	0.030146
42500	0.030146
29790	0.030146
12027	0.030146
26734	0.030148
32233	0.030149
55272	0.030150
34067	0.030152
41831	0.030152
15114	0.030153
7246	0.030153
22218	0.030153
43718	0.030158
38436	0.030158
36155	0.030158
39830	0.030159
17260	0.030161
7561	0.030161
30502	0.030162
58323	0.030163
27049	0.030163
57350	0.030163
14761	0.030166
9152	0.030166
12893	0.030169
9327	0.030170
27059	0.030171
34682	0.030171
9236	0.030173
25008	0.030174
53535	0.030174
20059	0.030176
49057	0.030178
61338	0.030180
61434	0.030184
22949	0.030184
48940	0.030184
7051	0.030186
25205	0.030188
61654	0.030188
13799	0.030193
54242	0.030195
32140	0.030195
30689	0.030196
7854	0.030196
14979	0.030197
29293	0.030198
8572	0.030198
56071	0.030199
25314	0.030202
19700	0.030203
24263	0.030204
41939	0.030204
8978	0.030206
50716	0.030207
51758	0.030211
56139	0.030211
10936	0.030212
11412	0.030212
24390	0.030216
12840	0.030217
21880	0.030217
20410	0.030220
33996	0.030223
46724	0.030223
23063	0.030226
29935	0.030229
27615	0.030230
16290	0.030232
8981	0.030233
23632	0.030234
22803	0.030236
10664	0.030236
15732	0.030237
32826	0.030240
31394	0.030243
26398	0.030245
36202	0.030246
13551	0.030248
60739	0.030250
29745	0.030251
29794	0.030251
48245	0.030252
53288	0.030252
12186	0.030253
15526	0.030253
30829	0.030253
49489	0.030255
61337	0.030255
17557	0.030255
60542	0.030261
13839	0.030262
48995	0.030262
13529	0.030266
14026	0.030266
12484	0.030267
41676	0.030269
16120	0.030269
14110	0.030270
27467	0.030275
21668	0.030275
16856	0.030276
10869	0.030277
36285	0.030277
45580	0.030279
49946	0.030281
41919	0.030287
57476	0.030290
32755	0.030291
8912	0.030297
27988	0.030299
44722	0.030299
9171	0.030300
36760	0.030301
52446	0.030301
10183	0.030302
28389	0.030304
14490	0.030306
8233	0.030307
25717	0.030309
7132	0.030311
13491	0.030312
42508	0.030312
29959	0.030313
14485	0.030313
26999	0.030314
11004	0.030315
27281	0.030316
7762	0.030317
27635	0.030319
22759	0.030320
13089	0.030321
8165	0.030325
31172	0.030326
61439	0.030329
25721	0.030329
35199	0.030333
34333	0.030335
14744	0.030336
25536	0.030338
17203	0.030339
38864	0.030341
28493	0.030343
10885	0.030344
26524	0.030345
35793	0.030347
41866	0.030350
14268	0.030351
40178	0.030356
14525	0.030357
8957	0.030358
14089	0.030358
35298	0.030359
19660	0.030361
18409	0.030361
23179	0.030361
11398	0.030361
15094	0.030362
25995	0.030362
44376	0.030362
53753	0.030362
60485	0.030362
31538	0.030365
33378	0.030367
7207	0.030372
27371	0.030372
44499	0.030374
7054	0.030376
12403	0.030379
33922	0.030382
30281	0.030382
12447	0.030383
27304	0.030385
12942	0.030386
39848	0.030387
14773	0.030391
34377	0.030392
16217	0.030392
9551	0.030392
15137	0.030392
25496	0.030393
35404	0.030393
45542	0.030395
57473	0.030396
15624	0.030396
23707	0.030398
16886	0.030399
35060	0.030400
20239	0.030400
9386	0.030400
13274	0.030400
54756	0.030403
34878	0.030404
12589	0.030404
26514	0.030405
12469	0.030406
60519	0.030406
44392	0.030407
24392	0.030409
15199	0.030410
23453	0.030410
23960	0.030410
16974	0.030411
56044	0.030411
38247	0.030413
14086	0.030413
51424	0.030415
15098	0.030417
20090	0.030418
57792	0.030419
16841	0.030420
22818	0.030421
10710	0.030422
48437	0.030422
45544	0.030424
35815	0.030424
13522	0.030424
52782	0.030426
34001	0.030429
12997	0.030430
20501	0.030431
45853	0.030433
29430	0.030434
39771	0.030434
47508	0.030434
8262	0.030436
19013	0.030438
12144	0.030440
8917	0.030441
38301	0.030443
61571	0.030444
40970	0.030445
57061	0.030446
48901	0.030446
14651	0.030449
39783	0.030450
12818	0.030459
7535	0.030460
41345	0.030462
7331	0.030462
25418	0.030463
30046	0.030464
10566	0.030464
52298	0.030465
52769	0.030466
6943	0.030466
36229	0.030467
35526	0.030469
31546	0.030470
61309	0.030470
15032	0.030470
60502	0.030471
30065	0.030473
56553	0.030478
8001	0.030479
43044	0.030480
46429	0.030480
32865	0.030480
13847	0.030485
35355	0.030489
33111	0.030489
10070	0.030490
9681	0.030491
35808	0.030492
17043	0.030495
45064	0.030496
50532	0.030497
60622	0.030498
47039	0.030498
15916	0.030499
9984	0.030500
30384	0.030501
41029	0.030502
58338	0.030504
25310	0.030506
43621	0.030510
11116	0.030510
45837	0.030511
19565	0.030511
54369	0.030512
12014	0.030512
14030	0.030514
60626	0.030518
33707	0.030519
31278	0.030520
54726	0.030521
17466	0.030521
10501	0.030521
51093	0.030522
33286	0.030523
35102	0.030524
22347	0.030524
14040	0.030526
35254	0.030528
40028	0.030531
45388	0.030533
50682	0.030541
10302	0.030541
40945	0.030542
31301	0.030542
55645	0.030546
17225	0.030546
20700	0.030547
57243	0.030549
60683	0.030549
39918	0.030550
26815	0.030555
10865	0.030556
16351	0.030557
10330	0.030558
57604	0.030561
14723	0.030562
32638	0.030562
37581	0.030562
27313	0.030562
47935	0.030562
26433	0.030562
11023	0.030564
12052	0.030565
36277	0.030565
9665	0.030565
15813	0.030566
40260	0.030566
45313	0.030567
31886	0.030570
26795	0.030572
47603	0.030579
27394	0.030579
32793	0.030581
28610	0.030584
14155	0.030584
46981	0.030585
54754	0.030585
53847	0.030586
12701	0.030587
49742	0.030588
16997	0.030588
35839	0.030590
43886	0.030590
9848	0.030591
34852	0.030592
22676	0.030593
11556	0.030594
7038	0.030594
28293	0.030599
41799	0.030600
23547	0.030601
21292	0.030603
50668	0.030604
47962	0.030605
13625	0.030606
58194	0.030608
60965	0.030609
14841	0.030609
20459	0.030610
28204	0.030616
24115	0.030616
11518	0.030617
36319	0.030618
47017	0.030620
61453	0.030620
42191	0.030621
27061	0.030621
12411	0.030623
55201	0.030624
22788	0.030624
60766	0.030627
16229	0.030627
49923	0.030628
55187	0.030633
54534	0.030633
11779	0.030635
23667	0.030636
44157	0.030637
36080	0.030638
30072	0.030639
32992	0.030639
48066	0.030640
34109	0.030641
26329	0.030643
55690	0.030646
28357	0.030647
44792	0.030649
27666	0.030650
15746	0.030651
13076	0.030651
10778	0.030655
57620	0.030656
23680	0.030657
19686	0.030659
38869	0.030661
44860	0.030662
35067	0.030664
23986	0.030664
19087	0.030665
7237	0.030667
16108	0.030667
9003	0.030670
50468	0.030670
14787	0.030670
32644	0.030671
24351	0.030672
12819	0.030672
31662	0.030673
8687	0.030674
57808	0.030677
29484	0.030678
21100	0.030680
30412	0.030680
45013	0.030682
46422	0.030683
27694	0.030683
57838	0.030684
39739	0.030685
22137	0.030688
35803	0.030689
22686	0.030689
17032	0.030689
46644	0.030690
46936	0.030692
19273	0.030692
30092	0.030693
58390	0.030693
32901	0.030694
38075	0.030695
52220	0.030695
36992	0.030696
7099	0.030697
12261	0.030698
48784	0.030698
28268	0.030699
51665	0.030701
29183	0.030702
34563	0.030702
39155	0.030702
32981	0.030702
11435	0.030702
15105	0.030704
7088	0.030704
30362	0.030704
21634	0.030705
42777	0.030706
30614	0.030709
41699	0.030709
36950	0.030709
8773	0.030710
13197	0.030711
20704	0.030711
7692	0.030713
42084	0.030716
31221	0.030719
44615	0.030720
8681	0.030720
9467	0.030721
15135	0.030723
41719	0.030723
7669	0.030724
14187	0.030725
33100	0.030726
38544	0.030727
42702	0.030728
21543	0.030729
32875	0.030734
47435	0.030735
46073	0.030737
32443	0.030737
25467	0.030737
17053	0.030741
14109	0.030742
45374	0.030743
21652	0.030745
21590	0.030745
29969	0.030748
19290	0.030748
9712	0.030749
46335	0.030750
29323	0.030750
47418	0.030752
24257	0.030754
30551	0.030755
53618	0.030755
45409	0.030758
44039	0.030762
43046	0.030763
56326	0.030764
20068	0.030764
48379	0.030764
52188	0.030764
10371	0.030765
53632	0.030767
20396	0.030767
56396	0.030767
14882	0.030769
52225	0.030770
17014	0.030770
8807	0.030770
39838	0.030771
51959	0.030771
14392	0.030772
47054	0.030775
23119	0.030777
30095	0.030780
9295	0.030782
26597	0.030783
34062	0.030787
25937	0.030792
29947	0.030792
56034	0.030792
34845	0.030794
23212	0.030795
8736	0.030797
11034	0.030797
52936	0.030797
7376	0.030798
26306	0.030798
25725	0.030800
49633	0.030801
34407	0.030801
12974	0.030802
45619	0.030805
25502	0.030806
48164	0.030808
24004	0.030812
10733	0.030814
31674	0.030814
49777	0.030815
38364	0.030816
22552	0.030816
7906	0.030816
19376	0.030818
33932	0.030818
55296	0.030819
47228	0.030821
34706	0.030822
16106	0.030823
34217	0.030824
9271	0.030824
25331	0.030827
16369	0.030827
55563	0.030830
35794	0.030832
30711	0.030833
7471	0.030833
32601	0.030833
23186	0.030833
20472	0.030835
51156	0.030835
51031	0.030835
13840	0.030836
7739	0.030836
16916	0.030836
60331	0.030837
9689	0.030839
14519	0.030839
44269	0.030840
56522	0.030841
19323	0.030843
56204	0.030844
58979	0.030844
60738	0.030844
9517	0.030844
20832	0.030845
54694	0.030845
39945	0.030848
23557	0.030854
38239	0.030854
49702	0.030854
20621	0.030856
39609	0.030856
56882	0.030857
14380	0.030858
14506	0.030859
38513	0.030859
23577	0.030864
7716	0.030864
13719	0.030864
43883	0.030866
55061	0.030867
16183	0.030870
57173	0.030870
24919	0.030873
10891	0.030873
22457	0.030875
48507	0.030877
50390	0.030878
37276	0.030879
30564	0.030881
11349	0.030889
57006	0.030890
29444	0.030890
22703	0.030891
41102	0.030892
10271	0.030892
47907	0.030892
49491	0.030893
49070	0.030893
32225	0.030896
42047	0.030899
30703	0.030903
48088	0.030905
57594	0.030907
48180	0.030909
20958	0.030913
49544	0.030913
30193	0.030913
16513	0.030913
29739	0.030916
20962	0.030916
42697	0.030918
26195	0.030919
58538	0.030922
28019	0.030922
52261	0.030923
37224	0.030923
14989	0.030925
37053	0.030926
37002	0.030926
27730	0.030929
42008	0.030931
26090	0.030931
22786	0.030935
56184	0.030936
39161	0.030937
40552	0.030937
22434	0.030938
36793	0.030940
60134	0.030940
28108	0.030940
23578	0.030941
14314	0.030941
13888	0.030941
31383	0.030942
22730	0.030942
11494	0.030942
30979	0.030943
51627	0.030944
20748	0.030947
27998	0.030947
10968	0.030950
38264	0.030950
22749	0.030950
31070	0.030951
31576	0.030952
61018	0.030953
15607	0.030953
27657	0.030954
12568	0.030954
51581	0.030955
50217	0.030955
56996	0.030956
40160	0.030956
30432	0.030960
26052	0.030963
33023	0.030963
29107	0.030963
14991	0.030963
43891	0.030964
16140	0.030965
60608	0.030966
49537	0.030967
26688	0.030967
54266	0.030968
10274	0.030969
13602	0.030970
9012	0.030972
10068	0.030972
14136	0.030972
37056	0.030972
28807	0.030973
14272	0.030977
41055	0.030978
41682	0.030978
23217	0.030980
9798	0.030981
47986	0.030982
46525	0.030982
50923	0.030984
55876	0.030987
32222	0.030987
12114	0.030988
56322	0.030989
39977	0.030990
17024	0.030991
49958	0.030994
13397	0.030994
15335	0.030996
33998	0.030997
20443	0.030997
20249	0.030998
25411	0.030998
25611	0.030999
14858	0.031000
12693	0.031000
29943	0.031001
53817	0.031002
54884	0.031002
11856	0.031003
46481	0.031004
54600	0.031006
53887	0.031006
24282	0.031006
26136	0.031007
20949	0.031009
9794	0.031011
21480	0.031011
16310	0.031011
9043	0.031012
61155	0.031012
24570	0.031015
50034	0.031016
43878	0.031016
40097	0.031016
54616	0.031021
16123	0.031021
15822	0.031027
29953	0.031028
16319	0.031029
51201	0.031029
33046	0.031030
14224	0.031030
21707	0.031031
60187	0.031035
50618	0.031035
10776	0.031035
25855	0.031035
40894	0.031035
38600	0.031035
15400	0.031036
16220	0.031039
10716	0.031039
41370	0.031040
46061	0.031042
17492	0.031043
37708	0.031043
12456	0.031044
56508	0.031044
56786	0.031045
41094	0.031045
11340	0.031045
48408	0.031047
17341	0.031048
56429	0.031049
44784	0.031051
37857	0.031053
39146	0.031057
52976	0.031058
8267	0.031059
51804	0.031061
36649	0.031062
48161	0.031062
53750	0.031064
16547	0.031071
39645	0.031071
17037	0.031073
46172	0.031075
37465	0.031075
38334	0.031076
14133	0.031077
28712	0.031078
29314	0.031078
60737	0.031079
24278	0.031079
53943	0.031079
50947	0.031080
49332	0.031080
21823	0.031083
28411	0.031083
39738	0.031084
31018	0.031084
33305	0.031085
35618	0.031087
22151	0.031087
13797	0.031088
8243	0.031088
45788	0.031089
45169	0.031090
8689	0.031092
15805	0.031092
16347	0.031092
19491	0.031092
34638	0.031092
52049	0.031092
60172	0.031092
27252	0.031094
11979	0.031097
29030	0.031097
16939	0.031099
33462	0.031099
49014	0.031101
8305	0.031102
41858	0.031103
61647	0.031103
17307	0.031103
61466	0.031105
20860	0.031105
16488	0.031106
8907	0.031107
47468	0.031108
22394	0.031110
16951	0.031112
13010	0.031112
48505	0.031113
53818	0.031113
6927	0.031116
55882	0.031118
8394	0.031119
55631	0.031120
30486	0.031122
36664	0.031123
29546	0.031126
28872	0.031127
38340	0.031127
35120	0.031129
42743	0.031131
30326	0.031132
41451	0.031132
16681	0.031133
16614	0.031133
23515	0.031133
27575	0.031134
28096	0.031134
7935	0.031135
13315	0.031138
38457	0.031139
45198	0.031139
17229	0.031140
29060	0.031141
41911	0.031141
28190	0.031141
26686	0.031142
9070	0.031142
22125	0.031146
15431	0.031147
11608	0.031147
32915	0.031148
53425	0.031148
46586	0.031148
41245	0.031149
21386	0.031152
44200	0.031152
32811	0.031153
43880	0.031154
22039	0.031154
24159	0.031155
32508	0.031158
22826	0.031161
21205	0.031161
31187	0.031161
7330	0.031161
113939	0.031161
58333	0.031162
42853	0.031163
50091	0.031164
49658	0.031164
25323	0.031166
49432	0.031168
10770	0.031170
55959	0.031171
10775	0.031171
48881	0.031173
33991	0.031177
9168	0.031179
13376	0.031180
50964	0.031181
28717	0.031182
55530	0.031182
53871	0.031183
56831	0.031184
21889	0.031184
17186	0.031186
31188	0.031187
56238	0.031189
12559	0.031190
60599	0.031193
36780	0.031193
12256	0.031194
40695	0.031195
48324	0.031197
10749	0.031198
48419	0.031198
44146	0.031198
115085	0.031198
46469	0.031200
52525	0.031202
57129	0.031204
55860	0.031204
58314	0.031206
15713	0.031206
47020	0.031206
52963	0.031208
8756	0.031208
56516	0.031210
12653	0.031210
24478	0.031211
19301	0.031214
57933	0.031214
16228	0.031215
25883	0.031216
44843	0.031218
34248	0.031219
22288	0.031220
12820	0.031220
28354	0.031222
49369	0.031225
16231	0.031228
22157	0.031228
21084	0.031229
57108	0.031231
26546	0.031234
29370	0.031236
15368	0.031237
31317	0.031237
13535	0.031237
52872	0.031238
61283	0.031240
13318	0.031242
10351	0.031244
55447	0.031244
27114	0.031244
16829	0.031244
22342	0.031244
35006	0.031244
45077	0.031244
42937	0.031246
45738	0.031247
12526	0.031248
27529	0.031250
41836	0.031255
50650	0.031256
14302	0.031256
8595	0.031257
12574	0.031257
37394	0.031257
42390	0.031259
8161	0.031260
51437	0.031261
53027	0.031262
7610	0.031263
38678	0.031263
32487	0.031264
53196	0.031264
12672	0.031266
28817	0.031266
31087	0.031268
41982	0.031269
57928	0.031270
9928	0.031271
48566	0.031273
31437	0.031274
39017	0.031278
29135	0.031278
61617	0.031279
15823	0.031279
37383	0.031281
37165	0.031281
19851	0.031282
16361	0.031286
55463	0.031286
7675	0.031286
14729	0.031289
55551	0.031290
37882	0.031292
53217	0.031292
32391	0.031293
9225	0.031295
28782	0.031296
17089	0.031297
14122	0.031298
14912	0.031299
26191	0.031301
7517	0.031301
36770	0.031302
7001	0.031303
50001	0.031304
45025	0.031305
28212	0.031305
15145	0.031306
39151	0.031307
31067	0.031308
14389	0.031308
37398	0.031311
47183	0.031311
12125	0.031312
27826	0.031312
9097	0.031314
37297	0.031315
26983	0.031318
60780	0.031320
44153	0.031324
28801	0.031325
19138	0.031326
13767	0.031327
14813	0.031328
32064	0.031330
9780	0.031332
32657	0.031334
15081	0.031334
24425	0.031335
49889	0.031337
44654	0.031337
10470	0.031339
29290	0.031339
15777	0.031339
21354	0.031340
28028	0.031340
10737	0.031341
19391	0.031341
33381	0.031341
15219	0.031341
31452	0.031345
52845	0.031346
21801	0.031347
11511	0.031350
41894	0.031350
45589	0.031350
19522	0.031352
22483	0.031352
57364	0.031352
14683	0.031352
51697	0.031353
45377	0.031355
22188	0.031357
45658	0.031359
51262	0.031361
60912	0.031362
26955	0.031363
22350	0.031363
37378	0.031365
56324	0.031365
23834	0.031366
25800	0.031368
10734	0.031369
52190	0.031370
37030	0.031371
41869	0.031373
49752	0.031373
51187	0.031374
35197	0.031374
17504	0.031375
48109	0.031376
33806	0.031376
25683	0.031377
57199	0.031381
51957	0.031384
33712	0.031385
49872	0.031385
10526	0.031386
17480	0.031386
15757	0.031387
9333	0.031388
45400	0.031388
30743	0.031388
35141	0.031391
54655	0.031392
55019	0.031392
43823	0.031393
23523	0.031395
13492	0.031395
12084	0.031396
43649	0.031396
9887	0.031397
9191	0.031398
53270	0.031398
37250	0.031399
29238	0.031401
53131	0.031402
35877	0.031402
44435	0.031405
33530	0.031407
10600	0.031407
26402	0.031409
28195	0.031410
46201	0.031410
52322	0.031411
7709	0.031412
12994	0.031412
26049	0.031414
11537	0.031415
24746	0.031416
44940	0.031417
46330	0.031419
38372	0.031420
57539	0.031422
30324	0.031423
39101	0.031423
52231	0.031423
12825	0.031424
16321	0.031424
60818	0.031424
46635	0.031424
12916	0.031425
13813	0.031430
16314	0.031432
27457	0.031434
9669	0.031436
61371	0.031436
36403	0.031439
36256	0.031440
39853	0.031441
30250	0.031443
9384	0.031444
35554	0.031444
14776	0.031444
7149	0.031444
12140	0.031446
45629	0.031446
14260	0.031446
43169	0.031447
19021	0.031450
26730	0.031450
14634	0.031451
26583	0.031452
40033	0.031452
40514	0.031453
11546	0.031455
47805	0.031455
26656	0.031455
39797	0.031455
38995	0.031455
42301	0.031456
137899	0.031456
51380	0.031456
54663	0.031456
15906	0.031456
15349	0.031458
15832	0.031458
41660	0.031459
56047	0.031459
9696	0.031460
9671	0.031460
47232	0.031461
50473	0.031461
8482	0.031465
24200	0.031468
50116	0.031469
50513	0.031469
35824	0.031470
13074	0.031473
32904	0.031474
47306	0.031474
34274	0.031475
61640	0.031475
7358	0.031476
37281	0.031476
11763	0.031478
11965	0.031479
16006	0.031481
8152	0.031481
14554	0.031483
32648	0.031485
15345	0.031486
60315	0.031486
14686	0.031486
19296	0.031487
15608	0.031488
30939	0.031490
43968	0.031490
12128	0.031490
47635	0.031490
24441	0.031491
54813	0.031496
46228	0.031496
7918	0.031497
22906	0.031497
20734	0.031498
24026	0.031499
39443	0.031499
36069	0.031500
12650	0.031508
8212	0.031510
9118	0.031510
9503	0.031512
53814	0.031514
29407	0.031515
19407	0.031517
35836	0.031517
14002	0.031519
16053	0.031520
34975	0.031523
10482	0.031524
16637	0.031524
27933	0.031525
12192	0.031526
51462	0.031526
42115	0.031527
35678	0.031527
17256	0.031529
48959	0.031530
51937	0.031532
48032	0.031537
54708	0.031539
42211	0.031539
48721	0.031539
19359	0.031540
13487	0.031541
14308	0.031543
104603	0.031544
26412	0.031544
7047	0.031545
44279	0.031545
14276	0.031548
26652	0.031548
51993	0.031548
59818	0.031548
61528	0.031548
16720	0.031550
23787	0.031551
8059	0.031551
48822	0.031551
23779	0.031552
23355	0.031553
13104	0.031553
11430	0.031554
42749	0.031557
24815	0.031562
13474	0.031563
45237	0.031564
58148	0.031566
24471	0.031567
55097	0.031567
8574	0.031568
51404	0.031569
30313	0.031572
17190	0.031573
53169	0.031573
38276	0.031576
8979	0.031576
60826	0.031577
11086	0.031578
51900	0.031578
42004	0.031578
57435	0.031580
45715	0.031582
37364	0.031583
23650	0.031584
10500	0.031585
38663	0.031585
16730	0.031588
26540	0.031588
53960	0.031589
26698	0.031589
29355	0.031589
7929	0.031591
31773	0.031592
53852	0.031594
11433	0.031597
15524	0.031597
35148	0.031598
57156	0.031602
42086	0.031602
38391	0.031603
56293	0.031603
23605	0.031605
39912	0.031607
14900	0.031608
38882	0.031608
32913	0.031608
13060	0.031609
10345	0.031610
56855	0.031613
19163	0.031616
54713	0.031616
15864	0.031616
32305	0.031617
21718	0.031617
9577	0.031617
8064	0.031619
51131	0.031621
45993	0.031621
15761	0.031621
44995	0.031621
39480	0.031623
54914	0.031624
60554	0.031625
46910	0.031626
36975	0.031626
32668	0.031627
56543	0.031627
34369	0.031628
56645	0.031629
25788	0.031629
14589	0.031631
26206	0.031632
60610	0.031633
15547	0.031634
35424	0.031634
14293	0.031635
31021	0.031637
16660	0.031637
38299	0.031638
10432	0.031638
28711	0.031639
48852	0.031640
41788	0.031640
9264	0.031641
25026	0.031641
60692	0.031642
8237	0.031642
24928	0.031643
47871	0.031644
16300	0.031645
15149	0.031646
14023	0.031646
46395	0.031647
38661	0.031647
20612	0.031648
19501	0.031648
29241	0.031648
15392	0.031648
27073	0.031650
46929	0.031652
42016	0.031653
8887	0.031653
45350	0.031653
40476	0.031656
16557	0.031656
36220	0.031656
19790	0.031657
14316	0.031663
43872	0.031664
41349	0.031664
27384	0.031665
57975	0.031665
15132	0.031665
57582	0.031668
55183	0.031668
15799	0.031669
21043	0.031671
11619	0.031671
45818	0.031672
32954	0.031673
19879	0.031674
49583	0.031675
34577	0.031676
43744	0.031677
8144	0.031679
51435	0.031679
15760	0.031680
30915	0.031680
61356	0.031684
25700	0.031686
8245	0.031688
49287	0.031690
47571	0.031691
50737	0.031691
48012	0.031691
8018	0.031692
20786	0.031692
57074	0.031692
12383	0.031694
26072	0.031697
22797	0.031698
49659	0.031698
50489	0.031700
34693	0.031701
9516	0.031701
12575	0.031702
6899	0.031703
26227	0.031703
11964	0.031703
23408	0.031703
35744	0.031703
47688	0.031704
15508	0.031709
58002	0.031710
58076	0.031711
10315	0.031712
19551	0.031716
7536	0.031717
40692	0.031717
22888	0.031717
54276	0.031717
11829	0.031721
55750	0.031722
35704	0.031723
60572	0.031724
24344	0.031724
59199	0.031725
10748	0.031726
36926	0.031726
49434	0.031727
17313	0.031727
23630	0.031727
48158	0.031728
9666	0.031729
50645	0.031731
30420	0.031731
43946	0.031735
47273	0.031735
45717	0.031736
22101	0.031739
26666	0.031741
54465	0.031741
10065	0.031742
44045	0.031744
53503	0.031746
16478	0.031747
10653	0.031749
29232	0.031750
31055	0.031752
58456	0.031755
7554	0.031756
29306	0.031758
51635	0.031758
44839	0.031761
28690	0.031761
47494	0.031762
32804	0.031764
31080	0.031764
9341	0.031765
55184	0.031767
7983	0.031767
36894	0.031771
26132	0.031773
11330	0.031773
48489	0.031774
35478	0.031777
52538	0.031778
45523	0.031779
28054	0.031781
48296	0.031781
56972	0.031782
47430	0.031782
53652	0.031784
10711	0.031784
35493	0.031787
30137	0.031789
9505	0.031789
15124	0.031789
7272	0.031791
27691	0.031792
8718	0.031792
11609	0.031794
32241	0.031795
22292	0.031797
60915	0.031798
25618	0.031801
46904	0.031802
56484	0.031802
15755	0.031802
60205	0.031803
23489	0.031805
10355	0.031808
60733	0.031808
14697	0.031811
22271	0.031812
50136	0.031816
52054	0.031817
34595	0.031818
43238	0.031819
35806	0.031820
20956	0.031823
13817	0.031823
22413	0.031825
23169	0.031827
48103	0.031828
7693	0.031830
19347	0.031832
16007	0.031833
27056	0.031834
11673	0.031834
57095	0.031834
39390	0.031836
12475	0.031837
24709	0.031838
33318	0.031839
7587	0.031839
26725	0.031840
24144	0.031840
39218	0.031842
51628	0.031843
35688	0.031844
41377	0.031845
22485	0.031845
54238	0.031845
14304	0.031846
28887	0.031846
50083	0.031847
16611	0.031850
22160	0.031850
50484	0.031854
15101	0.031855
49036	0.031855
55048	0.031857
41972	0.031857
35643	0.031857
54013	0.031858
29218	0.031860
33734	0.031862
47078	0.031863
24771	0.031865
47257	0.031869
57207	0.031870
16288	0.031872
22881	0.031872
17526	0.031873
21948	0.031874
58504	0.031877
21472	0.031878
43697	0.031878
41528	0.031879
23181	0.031879
35468	0.031880
47876	0.031885
55486	0.031885
7801	0.031888
15883	0.031889
55174	0.031889
45343	0.031890
45278	0.031892
9942	0.031893
15876	0.031894
8334	0.031895
54121	0.031896
7281	0.031898
10360	0.031898
34507	0.031898
43802	0.031898
42190	0.031902
24742	0.031903
23378	0.031905
61196	0.031905
40955	0.031906
12218	0.031906
50297	0.031906
12799	0.031906
28233	0.031912
15904	0.031913
52603	0.031913
52352	0.031914
7863	0.031919
24486	0.031920
48546	0.031923
27420	0.031923
8855	0.031928
31408	0.031928
8880	0.031928
11322	0.031932
22095	0.031933
30784	0.031933
51127	0.031934
50470	0.031935
37760	0.031935
13772	0.031937
16959	0.031939
32822	0.031939
9300	0.031940
40490	0.031940
55208	0.031942
22226	0.031944
8997	0.031945
41132	0.031945
33760	0.031946
13814	0.031949
40772	0.031950
34653	0.031950
47883	0.031950
56819	0.031951
24542	0.031952
52404	0.031953
37207	0.031953
85307	0.031953
40936	0.031955
16496	0.031956
55856	0.031956
53016	0.031958
53309	0.031958
10841	0.031958
61419	0.031958
43610	0.031960
60555	0.031960
48840	0.031961
27649	0.031962
10379	0.031964
55684	0.031964
15374	0.031964
38181	0.031966
36611	0.031969
28928	0.031971
28312	0.031972
44434	0.031973
36858	0.031973
13304	0.031974
20323	0.031976
53757	0.031976
14996	0.031977
11858	0.031978
11443	0.031978
16533	0.031979
56359	0.031980
31418	0.031981
53834	0.031982
7250	0.031982
42586	0.031984
10030	0.031984
57613	0.031984
23464	0.031986
39192	0.031986
11428	0.031991
28341	0.031992
10551	0.031993
58579	0.031995
17158	0.031995
13130	0.031996
13916	0.031996
11565	0.031997
15957	0.031998
60178	0.032000
23189	0.032002
54632	0.032006
58041	0.032007
10370	0.032008
13768	0.032010
10335	0.032011
58583	0.032011
9048	0.032013
54140	0.032014
45941	0.032014
39760	0.032017
25972	0.032018
55893	0.032019
38258	0.032020
36300	0.032021
52397	0.032024
14877	0.032025
15551	0.032026
25957	0.032028
14738	0.032028
6919	0.032028
52321	0.032030
8024	0.032030
51038	0.032030
28714	0.032031
19505	0.032031
14496	0.032031
19292	0.032035
29038	0.032035
54574	0.032035
22476	0.032036
45153	0.032038
34836	0.032038
40005	0.032039
54929	0.032040
13878	0.032041
7070	0.032045
30379	0.032052
58015	0.032052
37554	0.032053
39341	0.032053
6912	0.032056
53956	0.032057
25810	0.032059
44517	0.032061
54670	0.032066
37389	0.032067
20819	0.032067
12392	0.032069
25195	0.032073
28774	0.032074
38894	0.032075
11224	0.032078
61678	0.032079
23439	0.032079
15891	0.032082
24599	0.032082
52303	0.032082
35128	0.032083
23533	0.032084
32514	0.032086
57780	0.032088
44302	0.032091
45229	0.032092
13838	0.032092
28703	0.032092
51677	0.032093
13811	0.032095
45987	0.032096
15614	0.032097
40876	0.032097
13912	0.032097
51308	0.032097
56872	0.032098
8977	0.032098
44001	0.032099
44781	0.032100
14637	0.032102
50531	0.032102
50306	0.032104
41534	0.032104
16332	0.032105
48073	0.032106
47733	0.032106
55127	0.032107
32884	0.032108
14191	0.032109
49010	0.032110
56414	0.032110
61623	0.032111
68213	0.032112
40902	0.032113
11300	0.032115
61160	0.032115
35659	0.032116
27327	0.032119
22535	0.032120
27395	0.032121
13666	0.032121
45804	0.032123
8586	0.032123
54361	0.032123
22511	0.032126
60314	0.032127
42687	0.032127
24713	0.032131
23693	0.032131
11877	0.032133
15428	0.032134
56015	0.032135
49997	0.032136
26550	0.032139
27208	0.032144
43257	0.032144
30022	0.032145
27744	0.032148
24338	0.032149
48962	0.032149
14313	0.032152
30964	0.032156
32660	0.032157
22733	0.032158
54424	0.032160
30308	0.032161
49342	0.032161
55471	0.032162
36970	0.032162
60157	0.032166
35992	0.032167
10953	0.032168
22232	0.032168
21222	0.032169
22145	0.032172
37669	0.032172
42197	0.032173
33280	0.032174
33589	0.032176
13788	0.032177
44539	0.032181
27335	0.032188
10254	0.032189
30236	0.032189
50177	0.032189
11006	0.032190
22507	0.032190
53654	0.032191
10054	0.032192
11007	0.032193
14620	0.032193
7663	0.032195
23251	0.032197
10043	0.032199
39483	0.032199
48404	0.032202
42850	0.032203
12154	0.032203
31190	0.032203
10177	0.032203
54850	0.032203
8393	0.032205
11884	0.032206
57637	0.032206
47272	0.032208
43555	0.032209
15005	0.032209
23826	0.032211
6968	0.032213
25489	0.032214
21901	0.032214
7160	0.032215
47409	0.032215
48820	0.032217
18012	0.032218
54741	0.032219
16425	0.032219
55079	0.032220
42112	0.032220
37928	0.032225
54677	0.032226
46356	0.032227
15315	0.032229
54074	0.032230
57739	0.032232
31762	0.032233
15389	0.032234
13313	0.032237
28832	0.032238
26560	0.032238
57862	0.032238
20040	0.032239
12472	0.032240
10105	0.032243
36574	0.032244
16092	0.032244
50627	0.032244
49487	0.032245
14883	0.032248
30691	0.032248
34719	0.032249
25851	0.032252
29419	0.032253
56318	0.032254
27976	0.032254
22732	0.032260
35524	0.032260
34252	0.032260
20889	0.032261
24500	0.032261
14783	0.032262
60160	0.032264
56455	0.032264
45795	0.032264
49063	0.032269
7288	0.032269
13996	0.032269
32161	0.032272
8783	0.032272
13377	0.032273
26055	0.032273
41579	0.032274
16047	0.032275
30598	0.032276
14034	0.032278
14497	0.032279
56548	0.032281
17091	0.032282
12042	0.032286
21562	0.032290
30506	0.032290
60980	0.032291
61388	0.032291
57234	0.032291
10286	0.032292
50565	0.032294
42944	0.032295
14132	0.032298
52590	0.032299
41281	0.032300
26792	0.032303
10741	0.032304
12259	0.032304
25640	0.032304
32142	0.032304
35227	0.032305
14999	0.032305
19153	0.032305
30864	0.032305
57296	0.032305
45934	0.032306
12786	0.032307
43067	0.032307
8822	0.032308
8667	0.032310
14053	0.032310
33893	0.032312
27606	0.032315
12079	0.032316
16881	0.032316
21311	0.032320
43173	0.032322
22110	0.032322
23642	0.032322
8854	0.032324
10296	0.032326
25728	0.032327
41801	0.032327
13998	0.032327
57204	0.032328
48426	0.032329
55195	0.032330
17248	0.032332
52083	0.032334
21728	0.032337
27360	0.032338
34418	0.032339
22385	0.032340
61445	0.032341
16616	0.032342
45480	0.032343
48189	0.032343
28394	0.032345
13837	0.032346
49774	0.032347
24871	0.032347
14008	0.032348
15773	0.032348
42223	0.032351
9576	0.032351
10952	0.032351
60836	0.032358
29273	0.032358
26012	0.032358
9326	0.032359
11055	0.032359
8618	0.032360
57810	0.032360
27164	0.032361
7839	0.032362
36271	0.032364
11625	0.032364
20355	0.032365
38168	0.032365
30129	0.032366
55138	0.032368
34515	0.032369
14358	0.032371
29941	0.032371
7280	0.032371
21102	0.032371
14321	0.032372
56947	0.032374
9282	0.032374
49351	0.032375
50893	0.032377
29945	0.032378
22563	0.032379
8890	0.032379
31010	0.032380
51439	0.032380
6917	0.032382
54259	0.032383
28174	0.032383
14193	0.032383
47220	0.032385
50027	0.032387
41560	0.032389
16757	0.032392
53054	0.032392
11192	0.032393
53832	0.032394
52631	0.032398
47066	0.032398
30952	0.032399
16825	0.032401
37014	0.032401
8013	0.032402
41038	0.032402
53125	0.032402
36386	0.032404
49339	0.032409
29311	0.032409
47290	0.032410
30075	0.032411
39846	0.032411
46901	0.032416
29705	0.032417
60273	0.032417
20596	0.032419
57127	0.032420
8884	0.032421
8082	0.032421
36773	0.032421
13819	0.032423
39596	0.032425
23484	0.032425
7862	0.032426
36982	0.032427
44526	0.032429
8182	0.032430
10467	0.032432
53263	0.032433
7925	0.032434
42030	0.032435
27584	0.032436
61181	0.032437
29797	0.032438
39275	0.032439
27130	0.032441
16536	0.032442
23967	0.032443
48873	0.032444
47400	0.032444
23117	0.032444
14236	0.032445
11415	0.032447
40984	0.032452
38643	0.032453
53018	0.032453
25152	0.032454
14043	0.032455
15559	0.032456
32085	0.032457
12839	0.032457
21038	0.032457
8568	0.032458
30510	0.032458
16627	0.032458
36297	0.032460
31549	0.032460
8069	0.032461
39944	0.032461
46174	0.032462
50927	0.032463
22650	0.032465
16265	0.032467
15439	0.032469
46630	0.032470
52077	0.032470
13608	0.032472
55924	0.032473
25734	0.032475
57327	0.032476
45773	0.032476
31835	0.032476
13901	0.032477
30070	0.032477
44058	0.032478
37070	0.032479
16529	0.032481
54156	0.032481
7538	0.032483
37754	0.032483
51441	0.032483
10406	0.032484
35978	0.032486
29989	0.032489
17038	0.032490
19399	0.032490
10689	0.032491
39804	0.032492
9054	0.032492
22203	0.032494
19717	0.032494
29252	0.032495
53177	0.032495
33269	0.032496
25161	0.032496
29046	0.032497
31971	0.032497
61641	0.032498
34417	0.032499
31166	0.032499
9343	0.032501
28241	0.032501
54718	0.032502
11657	0.032503
9879	0.032506
38279	0.032509
8111	0.032509
10033	0.032510
44776	0.032510
52512	0.032511
35472	0.032513
30167	0.032515
8913	0.032516
39325	0.032518
28397	0.032519
21658	0.032519
57084	0.032521
25475	0.032521
39089	0.032525
22542	0.032525
49785	0.032525
54131	0.032525
60723	0.032527
38448	0.032527
31840	0.032529
8158	0.032532
16522	0.032532
7591	0.032533
25438	0.032534
55309	0.032534
22861	0.032536
45946	0.032536
7607	0.032536
56382	0.032538
57159	0.032539
16940	0.032540
12153	0.032541
19220	0.032541
11424	0.032542
47623	0.032545
23417	0.032546
55211	0.032548
14246	0.032548
38144	0.032548
43125	0.032549
28685	0.032554
53993	0.032555
61331	0.032558
41812	0.032559
50809	0.032559
38695	0.032560
41820	0.032560
34393	0.032562
28770	0.032563
16777	0.032566
16780	0.032567
34205	0.032568
39745	0.032569
44172	0.032570
14035	0.032571
36605	0.032572
45424	0.032575
12171	0.032576
58941	0.032578
32263	0.032579
33890	0.032582
47766	0.032584
37911	0.032585
7078	0.032586
61105	0.032588
13594	0.032588
12670	0.032589
55333	0.032592
52315	0.032592
19637	0.032593
32316	0.032593
12037	0.032593
27738	0.032594
54853	0.032595
37038	0.032595
17088	0.032597
14181	0.032597
57599	0.032597
12019	0.032599
16740	0.032601
15803	0.032603
42203	0.032603
21381	0.032603
44945	0.032606
11274	0.032607
60520	0.032607
54317	0.032608
10900	0.032610
50807	0.032610
36292	0.032612
60882	0.032613
7383	0.032616
34715	0.032616
50926	0.032619
71563	0.032619
27303	0.032620
35167	0.032620
19953	0.032623
50025	0.032623
21734	0.032624
22913	0.032624
54595	0.032624
9021	0.032625
48071	0.032626
10100	0.032628
53963	0.032628
52071	0.032630
34301	0.032632
55617	0.032632
46899	0.032635
28038	0.032635
55742	0.032636
43385	0.032636
38911	0.032637
16755	0.032637
39795	0.032640
30725	0.032640
43424	0.032641
39363	0.032642
13533	0.032642
30563	0.032642
17263	0.032643
17350	0.032643
24788	0.032644
56459	0.032645
25024	0.032647
9029	0.032649
35461	0.032650
34863	0.032650
40170	0.032653
61433	0.032653
42232	0.032654
52608	0.032656
26662	0.032657
61236	0.032657
26789	0.032657
13856	0.032660
8501	0.032661
14606	0.032661
25112	0.032663
36282	0.032663
56567	0.032667
37460	0.032668
50510	0.032668
61558	0.032668
30604	0.032671
32096	0.032673
15057	0.032674
7550	0.032675
31363	0.032675
14412	0.032676
7714	0.032677
33864	0.032679
33964	0.032682
17093	0.032684
37573	0.032684
37082	0.032687
7928	0.032687
15548	0.032689
23870	0.032690
14036	0.032690
42338	0.032690
35868	0.032691
16537	0.032691
10320	0.032691
32249	0.032693
26690	0.032693
12137	0.032695
52422	0.032695
25516	0.032696
47638	0.032696
27308	0.032696
16553	0.032698
51401	0.032700
10265	0.032701
8266	0.032703
57490	0.032706
47778	0.032707
13019	0.032707
25678	0.032707
52168	0.032709
58176	0.032709
14105	0.032709
18384	0.032710
51981	0.032712
35982	0.032714
15820	0.032715
10181	0.032715
44949	0.032716
43343	0.032717
27735	0.032717
9391	0.032719
48515	0.032722
12299	0.032723
55555	0.032724
60525	0.032725
50066	0.032728
42785	0.032728
11184	0.032728
7991	0.032729
8860	0.032729
8339	0.032733
46352	0.032734
42846	0.032734
34548	0.032735
38305	0.032735
26959	0.032738
25447	0.032738
46203	0.032738
34605	0.032743
40659	0.032746
13593	0.032748
26728	0.032754
26510	0.032755
61293	0.032755
12470	0.032756
44712	0.032757
13934	0.032760
20463	0.032760
54185	0.032760
55269	0.032763
51859	0.032765
39470	0.032765
20935	0.032765
34008	0.032765
9026	0.032767
38672	0.032768
35780	0.032770
11973	0.032770
50278	0.032770
7832	0.032771
31100	0.032771
39982	0.032774
49269	0.032776
16313	0.032776
38495	0.032778
16964	0.032778
17128	0.032779
39407	0.032779
12787	0.032780
7029	0.032782
20604	0.032783
32557	0.032783
53313	0.032784
61070	0.032786
24306	0.032786
33774	0.032787
8531	0.032787
48257	0.032788
8747	0.032789
9978	0.032790
17488	0.032792
39689	0.032793
36477	0.032798
34400	0.032799
20742	0.032800
32326	0.032801
27008	0.032802
14998	0.032805
43952	0.032806
17069	0.032807
60374	0.032809
19444	0.032809
50148	0.032812
30761	0.032814
39014	0.032814
41729	0.032815
9644	0.032819
58319	0.032819
17477	0.032821
26787	0.032822
7644	0.032823
47133	0.032824
32459	0.032825
9856	0.032826
58398	0.032830
37131	0.032830
12754	0.032831
23790	0.032831
55759	0.032832
17419	0.032834
36968	0.032835
54706	0.032836
47103	0.032837
39345	0.032837
46415	0.032838
45632	0.032843
44833	0.032844
10488	0.032845
12683	0.032845
27218	0.032846
13818	0.032847
14963	0.032850
49096	0.032851
10356	0.032852
7098	0.032853
57260	0.032854
28263	0.032856
8361	0.032856
26776	0.032861
15168	0.032861
14420	0.032863
17048	0.032863
21187	0.032865
7198	0.032865
29902	0.032866
22415	0.032867
58039	0.032868
56651	0.032868
12378	0.032870
28181	0.032870
23194	0.032872
43119	0.032873
21364	0.032876
53052	0.032876
14275	0.032876
12797	0.032877
49976	0.032877
53736	0.032877
23158	0.032878
8100	0.032878
21614	0.032880
32938	0.032882
10848	0.032882
109539	0.032882
11548	0.032882
125658	0.032882
13202	0.032882
13496	0.032882
137880	0.032882
27915	0.032882
32034	0.032882
47394	0.032882
49044	0.032882
50329	0.032882
56170	0.032882
60719	0.032882
60787	0.032882
61369	0.032882
61585	0.032882
67539	0.032882
8768	0.032882
43411	0.032885
23747	0.032885
35985	0.032889
36044	0.032889
10145	0.032889
7874	0.032891
52788	0.032891
7389	0.032892
27427	0.032894
32330	0.032896
17515	0.032899
14135	0.032901
21698	0.032903
25197	0.032906
12615	0.032907
24744	0.032908
46274	0.032910
13299	0.032910
16583	0.032911
10725	0.032913
50966	0.032914
43998	0.032914
42021	0.032915
11876	0.032916
53978	0.032917
15279	0.032919
44081	0.032922
16783	0.032922
52523	0.032922
53251	0.032923
43102	0.032923
40268	0.032925
8584	0.032925
9312	0.032926
11523	0.032927
21810	0.032928
51745	0.032928
54435	0.032928
34491	0.032928
44106	0.032930
47898	0.032930
25453	0.032930
44997	0.032932
24439	0.032932
10395	0.032933
49205	0.032935
44003	0.032938
47325	0.032938
8265	0.032939
30227	0.032940
38303	0.032940
9687	0.032941
19577	0.032942
12660	0.032944
48392	0.032945
10187	0.032946
11996	0.032947
16396	0.032947
28781	0.032948
47364	0.032948
59779	0.032949
22769	0.032949
11561	0.032949
24458	0.032949
36397	0.032951
21484	0.032951
21644	0.032952
26611	0.032956
32576	0.032956
28680	0.032957
46536	0.032958
12053	0.032961
10773	0.032961
61296	0.032965
28950	0.032965
30545	0.032965
34389	0.032965
25143	0.032966
10859	0.032969
45719	0.032969
30587	0.032970
47361	0.032971
44050	0.032972
13568	0.032973
34729	0.032973
60174	0.032973
14050	0.032977
51110	0.032978
47096	0.032981
53179	0.032981
7792	0.032981
17404	0.032982
40070	0.032984
46071	0.032984
14116	0.032986
7128	0.032986
37816	0.032988
42311	0.032990
57367	0.032991
56275	0.032991
33348	0.032993
21771	0.032994
10328	0.033001
30120	0.033002
7108	0.033003
26235	0.033003
56834	0.033004
58316	0.033006
14951	0.033008
32500	0.033009
13223	0.033010
28869	0.033010
34243	0.033010
55810	0.033013
9547	0.033013
19464	0.033015
55154	0.033015
53866	0.033016
53505	0.033017
10768	0.033017
55614	0.033019
11271	0.033021
10655	0.033022
10929	0.033022
44274	0.033023
22524	0.033024
42093	0.033029
57135	0.033029
25575	0.033030
19885	0.033032
61328	0.033034
42532	0.033036
22379	0.033036
29788	0.033038
60386	0.033040
20103	0.033041
56843	0.033043
40009	0.033043
57805	0.033043
47874	0.033043
10175	0.033046
32683	0.033046
15150	0.033047
52696	0.033049
10729	0.033050
15520	0.033050
46627	0.033051
56231	0.033051
50968	0.033051
51431	0.033052
14603	0.033053
36001	0.033058
10252	0.033059
31315	0.033062
42148	0.033063
11288	0.033064
26327	0.033066
16707	0.033066
16776	0.033067
50471	0.033067
16983	0.033071
119426	0.033071
54197	0.033072
30309	0.033073
25939	0.033073
51244	0.033074
17116	0.033077
12625	0.033078
10662	0.033078
7267	0.033079
13883	0.033079
15890	0.033081
24879	0.033083
24686	0.033083
22784	0.033084
12270	0.033086
11865	0.033089
8636	0.033091
53760	0.033093
29978	0.033094
29128	0.033100
56864	0.033100
36739	0.033102
17414	0.033103
22358	0.033105
33780	0.033107
20586	0.033109
57280	0.033110
31323	0.033110
23054	0.033111
10976	0.033111
38982	0.033111
11074	0.033111
15522	0.033114
9221	0.033115
47363	0.033117
60763	0.033117
22477	0.033118
38356	0.033118
54271	0.033119
29235	0.033120
47001	0.033120
53642	0.033122
21254	0.033122
16509	0.033123
41549	0.033124
42384	0.033124
25915	0.033127
12774	0.033127
31659	0.033127
14735	0.033128
28974	0.033128
29390	0.033128
52587	0.033133
8576	0.033133
18083	0.033134
38477	0.033135
17528	0.033135
31609	0.033136
50885	0.033137
7317	0.033141
53988	0.033142
40078	0.033144
23122	0.033144
11411	0.033146
15493	0.033146
35347	0.033147
50088	0.033147
55634	0.033149
53849	0.033150
56945	0.033150
10338	0.033150
12744	0.033152
14795	0.033153
25522	0.033156
17130	0.033157
17447	0.033158
23550	0.033160
9365	0.033161
9415	0.033161
58652	0.033163
7966	0.033164
7679	0.033165
58617	0.033166
15519	0.033166
23683	0.033170
52864	0.033172
16926	0.033173
54522	0.033174
55315	0.033174
11611	0.033174
12976	0.033174
19161	0.033174
21466	0.033174
29951	0.033174
40241	0.033174
8729	0.033174
40218	0.033175
47443	0.033176
37667	0.033178
40358	0.033179
16142	0.033179
14370	0.033183
47448	0.033183
21114	0.033184
16144	0.033185
21333	0.033186
15961	0.033187
11140	0.033188
23764	0.033188
47377	0.033190
41569	0.033191
18375	0.033192
46818	0.033192
40463	0.033193
23215	0.033194
20117	0.033194
44937	0.033195
22401	0.033195
46831	0.033197
13360	0.033197
54674	0.033198
57715	0.033198
24761	0.033199
49016	0.033199
56245	0.033201
8268	0.033201
27773	0.033204
26084	0.033205
13616	0.033207
44424	0.033208
25974	0.033209
48299	0.033209
20212	0.033211
33796	0.033211
37304	0.033212
31967	0.033212
34295	0.033213
25698	0.033213
21833	0.033214
47731	0.033214
46675	0.033217
34671	0.033221
17366	0.033222
36594	0.033224
30874	0.033225
22281	0.033225
57201	0.033225
23879	0.033227
55509	0.033228
19693	0.033229
17035	0.033230
43217	0.033230
39451	0.033231
19395	0.033233
24759	0.033233
22213	0.033234
19386	0.033234
26894	0.033237
23922	0.033237
46659	0.033237
30697	0.033239
19708	0.033243
56706	0.033246
13314	0.033249
9279	0.033250
17243	0.033251
23159	0.033253
8848	0.033253
50839	0.033254
14289	0.033255
15963	0.033257
36006	0.033258
36774	0.033259
37011	0.033259
21672	0.033261
30286	0.033262
39056	0.033263
13174	0.033264
46070	0.033264
17301	0.033265
10323	0.033265
48169	0.033266
37360	0.033268
54592	0.033268
35709	0.033271
14680	0.033274
11981	0.033274
17417	0.033275
11774	0.033276
7658	0.033277
22418	0.033279
60833	0.033281
9086	0.033281
43456	0.033284
48122	0.033285
14218	0.033286
43972	0.033288
23049	0.033290
28804	0.033290
29100	0.033291
13997	0.033295
41647	0.033300
54909	0.033303
25174	0.033303
8579	0.033307
21808	0.033308
41959	0.033309
34710	0.033310
9859	0.033310
12382	0.033313
52540	0.033314
29367	0.033314
50700	0.033314
13257	0.033314
12402	0.033318
13898	0.033318
36743	0.033321
29181	0.033326
57949	0.033330
49969	0.033332
51480	0.033332
32181	0.033334
39801	0.033336
61169	0.033337
53163	0.033338
12772	0.033340
25708	0.033340
34452	0.033343
27726	0.033345
15350	0.033345
10533	0.033346
26220	0.033346
11298	0.033346
20527	0.033347
27134	0.033347
34382	0.033347
42366	0.033348
37729	0.033348
29938	0.033349
16545	0.033349
52215	0.033349
50414	0.033350
8519	0.033352
14539	0.033353
14825	0.033353
41112	0.033355
59559	0.033357
38062	0.033358
15712	0.033359
53242	0.033361
16650	0.033362
52208	0.033362
34043	0.033363
39120	0.033364
27760	0.033365
52192	0.033367
28125	0.033370
8702	0.033371
13097	0.033373
27462	0.033374
22617	0.033375
43163	0.033375
8909	0.033376
7211	0.033376
45731	0.033377
57048	0.033378
20009	0.033379
60846	0.033380
25255	0.033381
30581	0.033381
32254	0.033381
21075	0.033384
13656	0.033384
15209	0.033384
32124	0.033384
31676	0.033386
52763	0.033386
52800	0.033387
15285	0.033389
9430	0.033395
17094	0.033399
35330	0.033400
50040	0.033400
15408	0.033401
42736	0.033402
12078	0.033403
60541	0.033407
14270	0.033411
38993	0.033411
41510	0.033414
55972	0.033419
19712	0.033420
43780	0.033421
15550	0.033422
48781	0.033424
11960	0.033426
43391	0.033428
46690	0.033428
56677	0.033431
52504	0.033431
35830	0.033433
12968	0.033435
20914	0.033437
22904	0.033438
22992	0.033438
12143	0.033438
8036	0.033440
28786	0.033440
19909	0.033441
34384	0.033441
9082	0.033441
34060	0.033442
34351	0.033446
20241	0.033448
17391	0.033449
7955	0.033449
50998	0.033450
33105	0.033451
24461	0.033454
48733	0.033454
56918	0.033455
10948	0.033456
45016	0.033457
15705	0.033459
44643	0.033460
10629	0.033462
33731	0.033463
13755	0.033464
12127	0.033464
21451	0.033466
34246	0.033466
54668	0.033467
24819	0.033467
11866	0.033467
41739	0.033468
11652	0.033472
39200	0.033472
48957	0.033476
58620	0.033477
19211	0.033481
53984	0.033481
15610	0.033483
8544	0.033483
10632	0.033484
7407	0.033484
55625	0.033487
13505	0.033487
14407	0.033491
8173	0.033493
57241	0.033495
31829	0.033495
13137	0.033496
14112	0.033497
15169	0.033499
45360	0.033499
30394	0.033500
55055	0.033503
15751	0.033503
45486	0.033505
17061	0.033507
7743	0.033508
19857	0.033508
39306	0.033509
26615	0.033509
37240	0.033510
27959	0.033510
52349	0.033510
8624	0.033514
49728	0.033517
28127	0.033521
40497	0.033523
52332	0.033524
7228	0.033525
13970	0.033530
12765	0.033530
60853	0.033534
16349	0.033535
8505	0.033537
22604	0.033537
26533	0.033541
8102	0.033543
11815	0.033544
35071	0.033544
34723	0.033544
38230	0.033549
19103	0.033550
45124	0.033554
13691	0.033554
8877	0.033555
28933	0.033556
9480	0.033558
61613	0.033561
9912	0.033565
60413	0.033570
31627	0.033571
24572	0.033572
61468	0.033572
23971	0.033573
43723	0.033576
55896	0.033577
10596	0.033578
52289	0.033578
21468	0.033580
25782	0.033581
42563	0.033583
10973	0.033584
47404	0.033584
25422	0.033584
15008	0.033585
9373	0.033586
47546	0.033587
21014	0.033588
30543	0.033590
19066	0.033593
60509	0.033593
7048	0.033593
44652	0.033594
15116	0.033597
40880	0.033598
13763	0.033598
36027	0.033600
20033	0.033602
7548	0.033602
8657	0.033605
9458	0.033605
23073	0.033605
11476	0.033610
21534	0.033614
42294	0.033614
21573	0.033615
30197	0.033615
39301	0.033620
7316	0.033622
21769	0.033624
38988	0.033624
24547	0.033624
50622	0.033625
25246	0.033626
52467	0.033626
7146	0.033628
39880	0.033628
29980	0.033629
9309	0.033629
13816	0.033631
11008	0.033631
56909	0.033632
25456	0.033632
14953	0.033635
55949	0.033636
17339	0.033638
16743	0.033641
22447	0.033641
8005	0.033642
12891	0.033645
14248	0.033646
36988	0.033646
27986	0.033647
33323	0.033650
15489	0.033650
17059	0.033653
51206	0.033654
36678	0.033656
41971	0.033656
9038	0.033657
8045	0.033658
45448	0.033658
16991	0.033660
25006	0.033661
12562	0.033667
36960	0.033668
8682	0.033668
12090	0.033669
15637	0.033671
25254	0.033672
36233	0.033673
15109	0.033674
50518	0.033676
47582	0.033679
11301	0.033679
30494	0.033680
8389	0.033681
41021	0.033681
26309	0.033682
46745	0.033684
40431	0.033686
58284	0.033687
28637	0.033687
24062	0.033692
47709	0.033694
11559	0.033695
23957	0.033698
55013	0.033699
43036	0.033701
36757	0.033702
10907	0.033702
43724	0.033704
31216	0.033705
12443	0.033705
25121	0.033706
39103	0.033706
47346	0.033707
27266	0.033707
28207	0.033709
13851	0.033710
24404	0.033710
42942	0.033713
6904	0.033715
7597	0.033718
25786	0.033728
56977	0.033732
15676	0.033733
23919	0.033734
17004	0.033739
44293	0.033740
9981	0.033740
23276	0.033740
15781	0.033744
61004	0.033744
30618	0.033746
17066	0.033747
13400	0.033747
14829	0.033749
25384	0.033750
26231	0.033750
7071	0.033751
53135	0.033754
17368	0.033754
34374	0.033755
44427	0.033756
11631	0.033758
9110	0.033758
45775	0.033759
55263	0.033759
56198	0.033760
17478	0.033760
40363	0.033761
52780	0.033761
27856	0.033762
14910	0.033763
52506	0.033763
11607	0.033763
22237	0.033763
52197	0.033764
47714	0.033765
40102	0.033766
13835	0.033766
10394	0.033768
48708	0.033768
14641	0.033769
57191	0.033770
46305	0.033771
24682	0.033773
42252	0.033773
38315	0.033776
14307	0.033776
29911	0.033777
52057	0.033778
52557	0.033779
8015	0.033779
11863	0.033785
22164	0.033790
16517	0.033790
21714	0.033792
49671	0.033794
22278	0.033794
10350	0.033794
13033	0.033795
13968	0.033795
26164	0.033795
15709	0.033799
9961	0.033800
52766	0.033801
39142	0.033803
37622	0.033805
27224	0.033807
39273	0.033807
8788	0.033808
33863	0.033808
8403	0.033809
35415	0.033810
16975	0.033811
32056	0.033813
43372	0.033814
55484	0.033816
49733	0.033818
53971	0.033820
37843	0.033820
14986	0.033821
14510	0.033822
57713	0.033822
48509	0.033822
57054	0.033822
40319	0.033824
60810	0.033825
35551	0.033826
29812	0.033826
33989	0.033826
16082	0.033826
54210	0.033829
37187	0.033829
44917	0.033830
11577	0.033833
12915	0.033834
8596	0.033838
13034	0.033838
36965	0.033840
40718	0.033840
53325	0.033840
19353	0.033841
56289	0.033841
52293	0.033842
43206	0.033843
28035	0.033843
10849	0.033844
54603	0.033845
50104	0.033846
23132	0.033848
15131	0.033849
58635	0.033849
31423	0.033850
45082	0.033850
15527	0.033850
54598	0.033851
15596	0.033852
25532	0.033853
40444	0.033854
41988	0.033855
48788	0.033857
15892	0.033857
19429	0.033861
47261	0.033862
7472	0.033862
54752	0.033864
28254	0.033864
39311	0.033865
58654	0.033866
51864	0.033867
20626	0.033868
19413	0.033869
15043	0.033870
44315	0.033870
9296	0.033871
29104	0.033873
49442	0.033873
14281	0.033874
14655	0.033875
32320	0.033878
57596	0.033879
19588	0.033880
11123	0.033880
15528	0.033882
32252	0.033886
31384	0.033887
10740	0.033888
50314	0.033888
60742	0.033889
16233	0.033889
57149	0.033893
49694	0.033894
54162	0.033896
37150	0.033897
16285	0.033898
50282	0.033903
28336	0.033903
31518	0.033903
9583	0.033904
49551	0.033905
54240	0.033905
55687	0.033906
13103	0.033907
25166	0.033910
14915	0.033911
16155	0.033913
33455	0.033913
12970	0.033916
26210	0.033918
37317	0.033919
26647	0.033919
51954	0.033921
28614	0.033925
53767	0.033928
10475	0.033929
37757	0.033929
25407	0.033929
61061	0.033929
61482	0.033929
7946	0.033931
11381	0.033932
55399	0.033932
20164	0.033935
48619	0.033935
57123	0.033936
48814	0.033936
28067	0.033937
9164	0.033938
33051	0.033939
21487	0.033941
14346	0.033944
16343	0.033945
20373	0.033950
16967	0.033953
15353	0.033953
9946	0.033954
42347	0.033955
50060	0.033955
30175	0.033956
33940	0.033958
29250	0.033959
19339	0.033962
58016	0.033963
37527	0.033963
11054	0.033967
43624	0.033968
11107	0.033969
51338	0.033972
37551	0.033972
12446	0.033974
56598	0.033978
55960	0.033979
51407	0.033980
33243	0.033980
56416	0.033980
44987	0.033981
8421	0.033981
40316	0.033982
7673	0.033982
41896	0.033983
34677	0.033983
9869	0.033983
22602	0.033985
30132	0.033985
58297	0.033985
20025	0.033987
16765	0.033988
53186	0.033989
16085	0.033989
7860	0.033990
47264	0.033994
13862	0.033995
51181	0.033995
16074	0.033996
52544	0.033997
7238	0.033997
57847	0.033997
9163	0.033999
39294	0.034001
15838	0.034001
57103	0.034002
13421	0.034002
32933	0.034003
57308	0.034004
14233	0.034004
22822	0.034005
35435	0.034007
36178	0.034008
16947	0.034012
26785	0.034013
49681	0.034019
106696	0.034020
36406	0.034022
30973	0.034023
8628	0.034030
49073	0.034031
13029	0.034031
61658	0.034032
40304	0.034034
40699	0.034034
17472	0.034035
25572	0.034039
40288	0.034039
12584	0.034039
10546	0.034044
53858	0.034045
28827	0.034045
47673	0.034046
9233	0.034046
28915	0.034048
45501	0.034052
22471	0.034053
21426	0.034053
21995	0.034054
49740	0.034054
16541	0.034054
23899	0.034054
11543	0.034057
21126	0.034057
8329	0.034058
40882	0.034058
12190	0.034060
24495	0.034061
24526	0.034062
21140	0.034066
27919	0.034067
47958	0.034067
50963	0.034073
27516	0.034074
16760	0.034075
21829	0.034076
39902	0.034077
37910	0.034078
24689	0.034080
24125	0.034081
53115	0.034082
26431	0.034083
16230	0.034086
35923	0.034087
57369	0.034087
50261	0.034088
36985	0.034088
11268	0.034090
60362	0.034090
22782	0.034091
15302	0.034092
47110	0.034092
52982	0.034096
39303	0.034097
41134	0.034097
58396	0.034098
47122	0.034098
21632	0.034099
24608	0.034099
7199	0.034102
16643	0.034103
17410	0.034104
32183	0.034104
31136	0.034106
31095	0.034108
26452	0.034109
16104	0.034116
17205	0.034117
10744	0.034119
55299	0.034119
60323	0.034121
46677	0.034124
10192	0.034124
15373	0.034125
25902	0.034125
28926	0.034125
45010	0.034126
44394	0.034126
27424	0.034128
39756	0.034129
24230	0.034132
37170	0.034132
14835	0.034133
52180	0.034135
61226	0.034135
11871	0.034138
35893	0.034140
23564	0.034143
22423	0.034144
40717	0.034148
7120	0.034150
7024	0.034151
16604	0.034152
27788	0.034153
53002	0.034158
56832	0.034158
17082	0.034159
22983	0.034163
36349	0.034164
13236	0.034165
9120	0.034165
10735	0.034165
21752	0.034166
49007	0.034167
12400	0.034167
56405	0.034167
7968	0.034170
26890	0.034170
15308	0.034173
61012	0.034173
28844	0.034173
50919	0.034174
38401	0.034175
49326	0.034175
43460	0.034176
15591	0.034176
30636	0.034176
53471	0.034178
30504	0.034180
45555	0.034182
61281	0.034182
61442	0.034182
46296	0.034183
11773	0.034185
11563	0.034191
7581	0.034194
12155	0.034195
49902	0.034195
26925	0.034196
20498	0.034200
37705	0.034202
21811	0.034202
14454	0.034203
30118	0.034206
54576	0.034207
21410	0.034207
10985	0.034209
39041	0.034209
25848	0.034210
15413	0.034211
49595	0.034213
13204	0.034215
10742	0.034216
8602	0.034217
52434	0.034218
46158	0.034218
21049	0.034218
53195	0.034218
30687	0.034222
29412	0.034223
28768	0.034223
20793	0.034224
29200	0.034225
30837	0.034225
54886	0.034225
38036	0.034226
42103	0.034227
19424	0.034229
50158	0.034230
15011	0.034231
34042	0.034231
37512	0.034231
19104	0.034233
22034	0.034235
38776	0.034238
51918	0.034239
11493	0.034240
125253	0.034240
19461	0.034240
23265	0.034240
27821	0.034240
30440	0.034240
31261	0.034240
40108	0.034240
16995	0.034241
53319	0.034241
23929	0.034242
12111	0.034243
36356	0.034247
21495	0.034250
8693	0.034251
20939	0.034252
51190	0.034252
43617	0.034252
16585	0.034253
55491	0.034254
56017	0.034254
31495	0.034256
12426	0.034257
36596	0.034257
8254	0.034258
9161	0.034258
14010	0.034259
52364	0.034259
16758	0.034261
8333	0.034264
23811	0.034264
39518	0.034264
13665	0.034264
24580	0.034265
53004	0.034268
13109	0.034271
23562	0.034272
29102	0.034274
54657	0.034280
23799	0.034282
33699	0.034283
36776	0.034286
23051	0.034287
48136	0.034291
22215	0.034291
56200	0.034291
9927	0.034291
58646	0.034291
46564	0.034292
20152	0.034293
34960	0.034294
49599	0.034296
16965	0.034296
7939	0.034297
13850	0.034297
38010	0.034302
32371	0.034303
11179	0.034307
15917	0.034308
15677	0.034311
9847	0.034312
37813	0.034312
60285	0.034312
13873	0.034312
51211	0.034313
21713	0.034314
21991	0.034317
21051	0.034317
48389	0.034317
48652	0.034321
49553	0.034322
57937	0.034325
53544	0.034326
23561	0.034326
13450	0.034327
38491	0.034327
56596	0.034328
56120	0.034328
17081	0.034328
8452	0.034329
10055	0.034331
19657	0.034332
16656	0.034333
19343	0.034333
23773	0.034333
30377	0.034334
45529	0.034334
12824	0.034336
56146	0.034336
14047	0.034337
23403	0.034339
7398	0.034339
57611	0.034339
25670	0.034340
10852	0.034340
26124	0.034341
20161	0.034341
39824	0.034344
9194	0.034345
32646	0.034347
47923	0.034351
42236	0.034351
30597	0.034354
49589	0.034359
15087	0.034360
15862	0.034366
47087	0.034369
13463	0.034370
32169	0.034370
61650	0.034370
14972	0.034372
12732	0.034374
9209	0.034375
56981	0.034378
8820	0.034379
14553	0.034379
34350	0.034381
56878	0.034384
57195	0.034384
50516	0.034387
11534	0.034388
29926	0.034389
61053	0.034390
21549	0.034391
42961	0.034392
72958	0.034395
32179	0.034395
8856	0.034396
22408	0.034397
9311	0.034399
32966	0.034400
34335	0.034401
57066	0.034401
16751	0.034403
39353	0.034404
26857	0.034406
37834	0.034408
33671	0.034409
14666	0.034409
48522	0.034411
28642	0.034416
23867	0.034416
15314	0.034416
19560	0.034417
10975	0.034417
16785	0.034417
22814	0.034417
23537	0.034418
7195	0.034419
50578	0.034419
40176	0.034420
55964	0.034420
28136	0.034423
52629	0.034423
53873	0.034425
10219	0.034425
115446	0.034425
14489	0.034426
42634	0.034426
61107	0.034429
40719	0.034429
50881	0.034433
11119	0.034433
57572	0.034434
45348	0.034436
11573	0.034437
49440	0.034437
26841	0.034438
40446	0.034440
56582	0.034442
7392	0.034443
16352	0.034445
9124	0.034445
13000	0.034445
41432	0.034448
53432	0.034450
56924	0.034452
13418	0.034454
44727	0.034455
39884	0.034455
25097	0.034455
43020	0.034456
53829	0.034459
52772	0.034461
14852	0.034461
49334	0.034461
44102	0.034462
10983	0.034463
47402	0.034464
51843	0.034466
57694	0.034467
16630	0.034470
43320	0.034470
30644	0.034471
28962	0.034475
11360	0.034475
34873	0.034475
60166	0.034475
14973	0.034479
22539	0.034479
22196	0.034479
12241	0.034479
56953	0.034480
51273	0.034481
58125	0.034481
35095	0.034482
35162	0.034483
41365	0.034485
52022	0.034489
16435	0.034490
39657	0.034491
14980	0.034491
29299	0.034492
9834	0.034492
9867	0.034492
51975	0.034493
24388	0.034497
45925	0.034498
31775	0.034500
15685	0.034500
32857	0.034502
19249	0.034502
51224	0.034504
16762	0.034504
10751	0.034507
42214	0.034507
23111	0.034509
45613	0.034509
27582	0.034512
42393	0.034513
10101	0.034513
56393	0.034514
20522	0.034514
25790	0.034516
10208	0.034516
16121	0.034518
35742	0.034520
19039	0.034521
10719	0.034521
37784	0.034522
33722	0.034522
56647	0.034525
33505	0.034531
19546	0.034532
46680	0.034534
40815	0.034534
42276	0.034534
12428	0.034540
54517	0.034541
47609	0.034542
21335	0.034543
29702	0.034543
56302	0.034549
31281	0.034549
16756	0.034549
50672	0.034551
28122	0.034552
37236	0.034552
9000	0.034552
41671	0.034553
14421	0.034553
29160	0.034555
16596	0.034555
48997	0.034555
49385	0.034555
39515	0.034556
7543	0.034558
51601	0.034560
35796	0.034560
50931	0.034562
37068	0.034564
58586	0.034566
23529	0.034566
119356	0.034567
16621	0.034569
40591	0.034569
40110	0.034571
52244	0.034572
10523	0.034572
30741	0.034572
30135	0.034577
12759	0.034577
39189	0.034578
20535	0.034582
44443	0.034586
25344	0.034589
15208	0.034591
21925	0.034591
10578	0.034593
23076	0.034593
36200	0.034594
55171	0.034597
44908	0.034597
14408	0.034597
21106	0.034600
26897	0.034600
40438	0.034600
52093	0.034602
52195	0.034602
19308	0.034602
39676	0.034602
42142	0.034610
32847	0.034612
42999	0.034613
19944	0.034613
51279	0.034615
9030	0.034615
25766	0.034616
10071	0.034616
28851	0.034621
13065	0.034630
39204	0.034630
43484	0.034637
8802	0.034638
9541	0.034639
31015	0.034639
52311	0.034641
35666	0.034643
26079	0.034644
45271	0.034644
28600	0.034645
37800	0.034647
38429	0.034647
43746	0.034649
49620	0.034650
34056	0.034651
29147	0.034653
31026	0.034654
45755	0.034654
16781	0.034658
20584	0.034660
13046	0.034667
51329	0.034668
12463	0.034672
15312	0.034673
24553	0.034673
38876	0.034676
44256	0.034677
15464	0.034680
20726	0.034681
38793	0.034684
43355	0.034685
14044	0.034685
25715	0.034686
26528	0.034687
43069	0.034689
16491	0.034691
16515	0.034692
10239	0.034693
8307	0.034694
46194	0.034699
58892	0.034699
20730	0.034700
55046	0.034700
21337	0.034703
21082	0.034703
27750	0.034704
10082	0.034704
38658	0.034710
46041	0.034716
25749	0.034716
44100	0.034717
44623	0.034718
35673	0.034720
11009	0.034721
12649	0.034723
44573	0.034723
38785	0.034723
11582	0.034724
48094	0.034726
58562	0.034726
42608	0.034732
43198	0.034732
26035	0.034733
52785	0.034733
12512	0.034733
45498	0.034734
38723	0.034737
42130	0.034737
14846	0.034738
53199	0.034738
12389	0.034739
15152	0.034740
57133	0.034744
21673	0.034744
13907	0.034747
54216	0.034750
11481	0.034750
19779	0.034751
32922	0.034753
41145	0.034754
38102	0.034754
24767	0.034755
15774	0.034760
13994	0.034761
52307	0.034763
50863	0.034766
37176	0.034766
32483	0.034766
29145	0.034769
50580	0.034769
30641	0.034770
13905	0.034771
56306	0.034771
20874	0.034771
57079	0.034774
9071	0.034776
14749	0.034776
14719	0.034778
58489	0.034780
52802	0.034781
32715	0.034783
16287	0.034784
35323	0.034788
12943	0.034789
23539	0.034789
40091	0.034791
13481	0.034797
16284	0.034798
9782	0.034804
15686	0.034805
57150	0.034805
40115	0.034805
45698	0.034805
14586	0.034809
45610	0.034809
8362	0.034811
44383	0.034811
14550	0.034812
20618	0.034813
40298	0.034816
42133	0.034821
17218	0.034823
36889	0.034825
38739	0.034825
12821	0.034826
31304	0.034827
29782	0.034828
24118	0.034830
45896	0.034831
26500	0.034832
44288	0.034834
47541	0.034834
28683	0.034839
29034	0.034840
39593	0.034840
48543	0.034840
38690	0.034841
7601	0.034846
8873	0.034846
36020	0.034848
41100	0.034848
12533	0.034849
22491	0.034850
55755	0.034853
52101	0.034853
16442	0.034854
45797	0.034855
20973	0.034856
37040	0.034856
38920	0.034856
21360	0.034856
16764	0.034857
47281	0.034861
15052	0.034864
14013	0.034865
23106	0.034865
28098	0.034866
17384	0.034868
22707	0.034869
29121	0.034870
53896	0.034870
32456	0.034871
49951	0.034872
16218	0.034872
48658	0.034873
10800	0.034875
51367	0.034877
16789	0.034877
30178	0.034877
14393	0.034879
26512	0.034880
57045	0.034883
21219	0.034883
55890	0.034887
28185	0.034887
58615	0.034887
39114	0.034887
32392	0.034891
19255	0.034893
34980	0.034893
25756	0.034894
17007	0.034896
45451	0.034896
36701	0.034898
14138	0.034899
41571	0.034900
27992	0.034900
56261	0.034901
16923	0.034904
57008	0.034905
52658	0.034906
7686	0.034907
15379	0.034907
58623	0.034909
34463	0.034911
45831	0.034914
25963	0.034915
13605	0.034915
53810	0.034916
30868	0.034916
37306	0.034918
20100	0.034924
26608	0.034924
29205	0.034925
53827	0.034926
58506	0.034927
54408	0.034929
27249	0.034930
33658	0.034931
42243	0.034932
12461	0.034932
42906	0.034933
37773	0.034935
36295	0.034937
16474	0.034937
8707	0.034940
14078	0.034942
11219	0.034943
7594	0.034947
47242	0.034947
9688	0.034947
23380	0.034948
13668	0.034948
52561	0.034951
54525	0.034954
28820	0.034955
35290	0.034957
49948	0.034957
42602	0.034958
29086	0.034962
20414	0.034962
61376	0.034963
44286	0.034967
26949	0.034967
45908	0.034968
54951	0.034970
16081	0.034970
50095	0.034970
52145	0.034970
34207	0.034970
37743	0.034970
24242	0.034971
52737	0.034973
33669	0.034974
14849	0.034975
12479	0.034977
35033	0.034978
49770	0.034978
36207	0.034979
23754	0.034980
31078	0.034981
34349	0.034982
13524	0.034982
25676	0.034982
37172	0.034984
47334	0.034989
23628	0.034990
44661	0.034990
13661	0.034993
9783	0.034996
47323	0.034996
22916	0.034998
26332	0.034998
26746	0.035001
37147	0.035001
43725	0.035002
51947	0.035004
8961	0.035007
33680	0.035007
56364	0.035008
11100	0.035008
13909	0.035009
61214	0.035010
39719	0.035013
19050	0.035014
55591	0.035015
50143	0.035016
41804	0.035018
25188	0.035019
33777	0.035019
49655	0.035019
47105	0.035020
39213	0.035020
30757	0.035020
53276	0.035022
35882	0.035023
42220	0.035024
37724	0.035028
25736	0.035030
50287	0.035030
35510	0.035031
38176	0.035031
52412	0.035032
7625	0.035032
33623	0.035034
12599	0.035035
13664	0.035035
52186	0.035035
8535	0.035037
60785	0.035038
22057	0.035038
13456	0.035040
40093	0.035040
53850	0.035049
25631	0.035051
21821	0.035051
19099	0.035053
26096	0.035056
13777	0.035057
25003	0.035058
40383	0.035059
51341	0.035059
17133	0.035061
43123	0.035062
19582	0.035064
36471	0.035066
15899	0.035072
26935	0.035073
16214	0.035074
16913	0.035074
25746	0.035077
16701	0.035078
41693	0.035079
15013	0.035081
56738	0.035083
7547	0.035084
53951	0.035085
16953	0.035086
57879	0.035086
27898	0.035088
36400	0.035088
57841	0.035091
61200	0.035092
23102	0.035095
23067	0.035095
27669	0.035095
26034	0.035096
13739	0.035096
10544	0.035096
24574	0.035100
12846	0.035101
47920	0.035101
11016	0.035104
50019	0.035104
39575	0.035104
31532	0.035106
43798	0.035107
8270	0.035112
14382	0.035112
9502	0.035115
15278	0.035115
32230	0.035116
32882	0.035117
48963	0.035118
19145	0.035119
24532	0.035120
35842	0.035122
39227	0.035122
7387	0.035126
10326	0.035128
17201	0.035130
42951	0.035131
47428	0.035131
39836	0.035131
25571	0.035136
39869	0.035136
12089	0.035138
14223	0.035139
53898	0.035140
33346	0.035144
19682	0.035145
33443	0.035146
40100	0.035148
37427	0.035150
47068	0.035150
30630	0.035151
43492	0.035154
7045	0.035157
56829	0.035159
14690	0.035161
13693	0.035162
10058	0.035162
24529	0.035162
50133	0.035163
60728	0.035166
7963	0.035166
17398	0.035167
45722	0.035177
20807	0.035179
32422	0.035180
13391	0.035181
53073	0.035181
15304	0.035188
11000	0.035189
34053	0.035189
50767	0.035190
12442	0.035192
15982	0.035193
12238	0.035198
10369	0.035199
57437	0.035199
10777	0.035201
17092	0.035201
14717	0.035201
56630	0.035202
52482	0.035203
34889	0.035204
25209	0.035204
53636	0.035205
8467	0.035208
29319	0.035208
23527	0.035208
11293	0.035210
53921	0.035210
57503	0.035210
8785	0.035212
26651	0.035213
27014	0.035218
39641	0.035218
24358	0.035219
44991	0.035220
11835	0.035221
28061	0.035222
20926	0.035224
30861	0.035224
42246	0.035227
41877	0.035227
15062	0.035227
19432	0.035228
7596	0.035230
30500	0.035233
16153	0.035234
26339	0.035234
42156	0.035234
12381	0.035237
57325	0.035238
16307	0.035239
16249	0.035240
11122	0.035249
16861	0.035250
9181	0.035250
44224	0.035251
54879	0.035252
56320	0.035252
32053	0.035252
27306	0.035255
43370	0.035256
8014	0.035256
12675	0.035258
36681	0.035258
42732	0.035259
14896	0.035260
20615	0.035261
38568	0.035262
53084	0.035263
47368	0.035269
47166	0.035270
60318	0.035270
51122	0.035271
49359	0.035272
10738	0.035273
44098	0.035273
9509	0.035278
13353	0.035279
42618	0.035280
61385	0.035285
19866	0.035288
23088	0.035289
14929	0.035290
43038	0.035290
35280	0.035291
57629	0.035291
24153	0.035291
47526	0.035291
16712	0.035296
44011	0.035299
35971	0.035300
31387	0.035302
16902	0.035303
26318	0.035304
7912	0.035304
21551	0.035306
36446	0.035306
30578	0.035310
53245	0.035311
27284	0.035311
25818	0.035313
31983	0.035315
38771	0.035315
60381	0.035316
14965	0.035318
16775	0.035320
8774	0.035321
46162	0.035322
22901	0.035322
29073	0.035323
22302	0.035325
58778	0.035327
60396	0.035327
9028	0.035327
31361	0.035328
50388	0.035330
35275	0.035330
24939	0.035332
7393	0.035333
58656	0.035333
19389	0.035334
35262	0.035335
39572	0.035337
44633	0.035339
30026	0.035340
52918	0.035340
18974	0.035341
46863	0.035341
44205	0.035342
9304	0.035342
25821	0.035345
24563	0.035346
7035	0.035354
13440	0.035356
11464	0.035365
36460	0.035365
44237	0.035365
35763	0.035366
45729	0.035368
14102	0.035368
16879	0.035369
35818	0.035370
45222	0.035372
42734	0.035372
31229	0.035376
30791	0.035378
51146	0.035379
35854	0.035379
37018	0.035380
7674	0.035380
10015	0.035383
7076	0.035384
44611	0.035385
46113	0.035388
19345	0.035389
11508	0.035389
35645	0.035394
51046	0.035395
42579	0.035395
60834	0.035396
23507	0.035398
11351	0.035399
10756	0.035399
23375	0.035400
36183	0.035400
45110	0.035402
13894	0.035402
52662	0.035404
42867	0.035404
58487	0.035404
48205	0.035406
30812	0.035410
40262	0.035410
25588	0.035410
14154	0.035410
24857	0.035412
10367	0.035412
41761	0.035413
57216	0.035416
15111	0.035417
47245	0.035418
26732	0.035420
37085	0.035422
38220	0.035423
30986	0.035428
51022	0.035430
31489	0.035432
37016	0.035433
28621	0.035434
54307	0.035435
26881	0.035436
23699	0.035437
25011	0.035437
38761	0.035438
60442	0.035440
48435	0.035440
11035	0.035440
60896	0.035440
9585	0.035442
43695	0.035443
22645	0.035447
48253	0.035448
19574	0.035448
61506	0.035449
25774	0.035451
15375	0.035451
39447	0.035452
46814	0.035453
45318	0.035453
11457	0.035454
22465	0.035454
15763	0.035456
56927	0.035459
7737	0.035460
51966	0.035461
10217	0.035463
30912	0.035464
19881	0.035470
19616	0.035470
8181	0.035472
33729	0.035473
9868	0.035474
50051	0.035475
37602	0.035476
30600	0.035479
12386	0.035480
46097	0.035481
10034	0.035482
29445	0.035484
48259	0.035484
54855	0.035485
32084	0.035486
12753	0.035486
46938	0.035488
48825	0.035489
28091	0.035490
53861	0.035491
14175	0.035498
45758	0.035498
38914	0.035499
12855	0.035500
35484	0.035500
8366	0.035500
19452	0.035500
31501	0.035503
23725	0.035503
47145	0.035504
12523	0.035508
29841	0.035508
17083	0.035509
17534	0.035509
41986	0.035511
14021	0.035511
56040	0.035513
39388	0.035514
16802	0.035515
28094	0.035516
42333	0.035516
33872	0.035518
53172	0.035518
45667	0.035519
30693	0.035520
9488	0.035525
12122	0.035527
60956	0.035527
55449	0.035528
44422	0.035530
19427	0.035530
33438	0.035531
39530	0.035532
10842	0.035534
52617	0.035534
13740	0.035537
39979	0.035543
24191	0.035544
17685	0.035546
53650	0.035547
17457	0.035547
57283	0.035547
58276	0.035548
31911	0.035552
15720	0.035553
11450	0.035556
16543	0.035558
7668	0.035563
55822	0.035564
43152	0.035566
51574	0.035567
19283	0.035567
40866	0.035572
38676	0.035572
56149	0.035575
25896	0.035576
15180	0.035580
34298	0.035581
17220	0.035581
14833	0.035581
37516	0.035585
39315	0.035585
47097	0.035591
28858	0.035593
33920	0.035594
57742	0.035594
36569	0.035594
46294	0.035594
7206	0.035597
23070	0.035597
50726	0.035601
44902	0.035602
28351	0.035603
50873	0.035603
30752	0.035603
13947	0.035604
20769	0.035607
50454	0.035608
56056	0.035608
52853	0.035608
32697	0.035611
15153	0.035613
8594	0.035613
52709	0.035613
34308	0.035616
26390	0.035616
34500	0.035619
14478	0.035623
36973	0.035624
24545	0.035629
33978	0.035629
10396	0.035629
28307	0.035632
16737	0.035632
42126	0.035635
16839	0.035636
41163	0.035637
16892	0.035639
8048	0.035639
36322	0.035639
21520	0.035643
38226	0.035644
12209	0.035646
44714	0.035648
42591	0.035648
9045	0.035652
54024	0.035652
9486	0.035653
15175	0.035660
41382	0.035660
16328	0.035664
10858	0.035666
38884	0.035667
11331	0.035671
28812	0.035676
17310	0.035677
46425	0.035677
36077	0.035679
16179	0.035682
30449	0.035683
33146	0.035684
16178	0.035686
34167	0.035688
25934	0.035688
50985	0.035689
37538	0.035689
25491	0.035690
45020	0.035695
30509	0.035695
13388	0.035695
60421	0.035695
15061	0.035700
37498	0.035704
11090	0.035708
55121	0.035708
36253	0.035713
16905	0.035714
30233	0.035714
50953	0.035716
48790	0.035716
20341	0.035717
16281	0.035717
7858	0.035718
49459	0.035720
11437	0.035720
46302	0.035723
56524	0.035724
39166	0.035725
15743	0.035726
15837	0.035729
33295	0.035733
17058	0.035734
32076	0.035734
11811	0.035734
7917	0.035737
37026	0.035739
7013	0.035741
39742	0.035741
26105	0.035741
30201	0.035744
38673	0.035745
41381	0.035745
16976	0.035747
43889	0.035750
16379	0.035751
24814	0.035752
30304	0.035753
26987	0.035753
31918	0.035753
48625	0.035754
47408	0.035758
49176	0.035758
10321	0.035759
50219	0.035764
55027	0.035770
33321	0.035771
52837	0.035779
61279	0.035781
50667	0.035786
45583	0.035790
43774	0.035791
43754	0.035791
47112	0.035792
20296	0.035792
9320	0.035793
12160	0.035794
9050	0.035796
55279	0.035798
12718	0.035798
60644	0.035799
11633	0.035804
48244	0.035804
25860	0.035806
12924	0.035807
21869	0.035808
30936	0.035822
41582	0.035823
50182	0.035825
61569	0.035826
13884	0.035827
39615	0.035827
61473	0.035828
26543	0.035829
48945	0.035830
16746	0.035830
41517	0.035830
39308	0.035831
46354	0.035833
7192	0.035834
55582	0.035835
24891	0.035835
19956	0.035838
15158	0.035839
39663	0.035839
7667	0.035840
12593	0.035840
14273	0.035841
43249	0.035843
26930	0.035845
37558	0.035846
30017	0.035850
9238	0.035850
52742	0.035853
36778	0.035858
37380	0.035862
25988	0.035863
37222	0.035863
57764	0.035863
50093	0.035865
54440	0.035869
22954	0.035873
9470	0.035873
55369	0.035875
30754	0.035878
8551	0.035879
9986	0.035880
10349	0.035880
20321	0.035882
34181	0.035883
25040	0.035884
30612	0.035884
33950	0.035885
50056	0.035885
36967	0.035886
24921	0.035888
44841	0.035888
14667	0.035889
43970	0.035893
48040	0.035894
25279	0.035896
15702	0.035896
10200	0.035898
20433	0.035898
37463	0.035899
15296	0.035902
42336	0.035903
19807	0.035907
11471	0.035907
37259	0.035907
60873	0.035908
53885	0.035909
21491	0.035911
53683	0.035911
9555	0.035912
16206	0.035916
9565	0.035919
11444	0.035920
16059	0.035921
44663	0.035922
34443	0.035923
33902	0.035924
50976	0.035926
14123	0.035928
26993	0.035929
15644	0.035930
21170	0.035932
24763	0.035938
40133	0.035942
35586	0.035944
9747	0.035944
30288	0.035946
14621	0.035950
47389	0.035954
56666	0.035955
8226	0.035956
56307	0.035958
112515	0.035958
29156	0.035960
14790	0.035961
39607	0.035962
55281	0.035963
20508	0.035964
31288	0.035967
54403	0.035968
54181	0.035968
42524	0.035969
14390	0.035969
39623	0.035971
47426	0.035973
15367	0.035973
38878	0.035973
47022	0.035974
22211	0.035975
42461	0.035983
42274	0.035988
12999	0.035988
17332	0.035988
21515	0.035989
13966	0.035990
49943	0.035992
8347	0.035994
20301	0.035995
10595	0.035996
45420	0.035998
44097	0.036002
32547	0.036002
21687	0.036002
56937	0.036003
15281	0.036004
9880	0.036006
21460	0.036009
16143	0.036010
57112	0.036010
28189	0.036011
57335	0.036014
22852	0.036016
11656	0.036017
58535	0.036017
12005	0.036019
10536	0.036021
11995	0.036022
27275	0.036024
56999	0.036029
39968	0.036029
25991	0.036033
57972	0.036035
55824	0.036035
45829	0.036038
43965	0.036039
49912	0.036040
15483	0.036040
37609	0.036041
21010	0.036041
55568	0.036042
60480	0.036044
12375	0.036045
34553	0.036046
26456	0.036047
49127	0.036047
16447	0.036048
53485	0.036048
57213	0.036048
15113	0.036049
10117	0.036052
50638	0.036053
36089	0.036055
47172	0.036056
34972	0.036058
40743	0.036063
51928	0.036064
9042	0.036065
15748	0.036065
43800	0.036066
46769	0.036068
34137	0.036073
9925	0.036073
40680	0.036074
38720	0.036075
57441	0.036076
42957	0.036076
58479	0.036078
42044	0.036080
61187	0.036080
41584	0.036089
54143	0.036091
14920	0.036092
60800	0.036094
40162	0.036097
42330	0.036098
23566	0.036098
55257	0.036101
51866	0.036102
24009	0.036103
42992	0.036103
53726	0.036104
55978	0.036104
23962	0.036104
9956	0.036104
55087	0.036105
10843	0.036110
16048	0.036110
41586	0.036113
15623	0.036113
23897	0.036114
14701	0.036115
12674	0.036120
13039	0.036122
46914	0.036123
14993	0.036124
55610	0.036127
22917	0.036127
34485	0.036128
31771	0.036129
20891	0.036129
9865	0.036134
19382	0.036135
30834	0.036135
27593	0.036141
29212	0.036142
20907	0.036143
28861	0.036143
53401	0.036143
15762	0.036144
60294	0.036145
20633	0.036147
44480	0.036149
47114	0.036151
40038	0.036152
46766	0.036153
46986	0.036154
48132	0.036155
7072	0.036156
14544	0.036157
11049	0.036160
21831	0.036160
21422	0.036163
60813	0.036163
10819	0.036165
47254	0.036167
22615	0.036168
19859	0.036172
25673	0.036175
8612	0.036175
12520	0.036178
41447	0.036178
25389	0.036182
12242	0.036182
47031	0.036182
38715	0.036184
23261	0.036184
14946	0.036186
50122	0.036187
14590	0.036189
50987	0.036192
56621	0.036195
8607	0.036195
58200	0.036196
15788	0.036198
40905	0.036201
14797	0.036203
11277	0.036205
19200	0.036206
45415	0.036207
52358	0.036207
21379	0.036212
34479	0.036213
56353	0.036214
61037	0.036215
53466	0.036221
19482	0.036222
10580	0.036224
7176	0.036224
28708	0.036226
19258	0.036229
35265	0.036229
42140	0.036229
32368	0.036229
48143	0.036230
7868	0.036237
8456	0.036237
29869	0.036238
34380	0.036239
20174	0.036240
42676	0.036245
38750	0.036245
51276	0.036249
25215	0.036254
9250	0.036259
21159	0.036260
11800	0.036261
52941	0.036263
26144	0.036263
44438	0.036264
15186	0.036264
52860	0.036264
38685	0.036264
61400	0.036266
50160	0.036271
42075	0.036276
46671	0.036281
37037	0.036282
49330	0.036284
36186	0.036285
39181	0.036292
42681	0.036297
56920	0.036298
26802	0.036299
45839	0.036299
11022	0.036300
61326	0.036300
26670	0.036302
12977	0.036302
13448	0.036304
29176	0.036308
41705	0.036312
61134	0.036312
19629	0.036314
14368	0.036316
15129	0.036317
42954	0.036319
25543	0.036319
21150	0.036320
26933	0.036321
44137	0.036323
14688	0.036324
11820	0.036324
52137	0.036328
46897	0.036328
9523	0.036328
34015	0.036329
16559	0.036329
40485	0.036332
56898	0.036332
15925	0.036334
8777	0.036337
21244	0.036340
11879	0.036344
16694	0.036345
29001	0.036345
15426	0.036346
14303	0.036347
57355	0.036347
34138	0.036349
55441	0.036350
35976	0.036350
14859	0.036350
29068	0.036353
36852	0.036355
56330	0.036355
38266	0.036356
35455	0.036356
51159	0.036357
8558	0.036358
51025	0.036363
36767	0.036365
33667	0.036369
15775	0.036370
11176	0.036370
39030	0.036370
50299	0.036371
60420	0.036372
49328	0.036373
60275	0.036374
61664	0.036374
16554	0.036374
15306	0.036375
26585	0.036378
33453	0.036378
25739	0.036381
24950	0.036382
29888	0.036382
25473	0.036383
52848	0.036383
32677	0.036384
40732	0.036386
24733	0.036388
56336	0.036390
11278	0.036391
55223	0.036391
23394	0.036392
9444	0.036392
32958	0.036395
15082	0.036396
27338	0.036397
56411	0.036398
35283	0.036398
13806	0.036402
54967	0.036404
47340	0.036407
20607	0.036408
9192	0.036412
40043	0.036416
44691	0.036422
53799	0.036425
41965	0.036428
48217	0.036430
10961	0.036437
54618	0.036440
16662	0.036441
16690	0.036441
12152	0.036444
56157	0.036444
38969	0.036445
37354	0.036445
23079	0.036446
25762	0.036452
28362	0.036455
20655	0.036457
7586	0.036457
17681	0.036463
52915	0.036465
26182	0.036465
32545	0.036465
35545	0.036466
44104	0.036468
13250	0.036468
28866	0.036468
18378	0.036469
23164	0.036470
37795	0.036470
14878	0.036472
47606	0.036472
49048	0.036473
61162	0.036473
25034	0.036476
51149	0.036477
11801	0.036478
19228	0.036479
51994	0.036481
23297	0.036483
19958	0.036493
21642	0.036494
14521	0.036494
25406	0.036495
55966	0.036495
23756	0.036496
39091	0.036497
40499	0.036497
55117	0.036503
26058	0.036505
35010	0.036505
51249	0.036507
7914	0.036509
10476	0.036511
11441	0.036512
58312	0.036515
31338	0.036517
43110	0.036520
38732	0.036521
23737	0.036522
29080	0.036523
20732	0.036525
37441	0.036537
52110	0.036537
55514	0.036538
45301	0.036544
44117	0.036544
33020	0.036546
61470	0.036546
33422	0.036547
34998	0.036550
10834	0.036551
59161	0.036554
45417	0.036554
16209	0.036555
43864	0.036564
54379	0.036564
26849	0.036567
14628	0.036571
46809	0.036573
12237	0.036575
55622	0.036577
10713	0.036578
29192	0.036585
27491	0.036585
56421	0.036588
53076	0.036590
34436	0.036594
16320	0.036596
43323	0.036596
32946	0.036597
42652	0.036600
49704	0.036600
51599	0.036600
25355	0.036601
30759	0.036605
55114	0.036607
14552	0.036608
34876	0.036609
58135	0.036610
13729	0.036613
55479	0.036614
47116	0.036617
9287	0.036618
20029	0.036618
19266	0.036619
17379	0.036622
27970	0.036622
53405	0.036622
22569	0.036629
39840	0.036630
43923	0.036630
38711	0.036631
7763	0.036632
49366	0.036633
37199	0.036634
50140	0.036635
13079	0.036642
16833	0.036643
17063	0.036645
34348	0.036648
51862	0.036648
13948	0.036653
27347	0.036654
43048	0.036656
32867	0.036658
13520	0.036660
9827	0.036662
29949	0.036662
26791	0.036668
40872	0.036672
40556	0.036674
29976	0.036674
8554	0.036675
12689	0.036678
53836	0.036679
14660	0.036680
56760	0.036682
61593	0.036685
38578	0.036685
54346	0.036687
54014	0.036691
9078	0.036694
26980	0.036696
26620	0.036696
21130	0.036698
23450	0.036699
8145	0.036700
56703	0.036700
34244	0.036701
10854	0.036703
11967	0.036713
29066	0.036713
52141	0.036715
24024	0.036718
39324	0.036720
23472	0.036722
60547	0.036725
46372	0.036727
55987	0.036732
28809	0.036740
21579	0.036744
29928	0.036745
12725	0.036746
11290	0.036746
20419	0.036753
49756	0.036753
49255	0.036756
39705	0.036756
20256	0.036757
37589	0.036758
49353	0.036760
28706	0.036762
10542	0.036762
34345	0.036763
22367	0.036764
43910	0.036765
60117	0.036766
43488	0.036774
36259	0.036775
17020	0.036777
36726	0.036781
56063	0.036782
7171	0.036783
15130	0.036785
36441	0.036786
7783	0.036789
7510	0.036793
11399	0.036794
116978	0.036795
26101	0.036802
45346	0.036802
32273	0.036802
53907	0.036802
38317	0.036803
55930	0.036805
28284	0.036806
24270	0.036807
27791	0.036807
25013	0.036808
46298	0.036808
9755	0.036809
8255	0.036810
14565	0.036811
13263	0.036812
43568	0.036813
14638	0.036814
29075	0.036821
56663	0.036825
14948	0.036828
55695	0.036830
19898	0.036830
16429	0.036832
20588	0.036832
35379	0.036833
22806	0.036833
10584	0.036834
31003	0.036835
34824	0.036835
24937	0.036835
16385	0.036839
37225	0.036840
50155	0.036842
14440	0.036843
49822	0.036845
19334	0.036845
56355	0.036846
17030	0.036847
19736	0.036848
9222	0.036848
41572	0.036849
39449	0.036849
56053	0.036851
51377	0.036851
47845	0.036855
28755	0.036857
48078	0.036860
46289	0.036861
56589	0.036864
52910	0.036867
31652	0.036872
49811	0.036874
7204	0.036876
16634	0.036878
31481	0.036880
60487	0.036881
48757	0.036884
35675	0.036884
52594	0.036891
38798	0.036892
12572	0.036892
12836	0.036893
45520	0.036893
23281	0.036896
26945	0.036900
55605	0.036902
23442	0.036907
36900	0.036908
13803	0.036909
22290	0.036914
42997	0.036914
24539	0.036915
39617	0.036916
22747	0.036916
28882	0.036919
25100	0.036919
27638	0.036920
44975	0.036920
8599	0.036922
19609	0.036922
52600	0.036923
11814	0.036923
40128	0.036925
43129	0.036931
20350	0.036933
13096	0.036935
31219	0.036935
12074	0.036940
60454	0.036942
9776	0.036943
44628	0.036947
16872	0.036951
17354	0.036951
10218	0.036952
8727	0.036953
20453	0.036955
60352	0.036957
37468	0.036965
13233	0.036967
48119	0.036972
12557	0.036974
27278	0.036986
39666	0.036986
9218	0.036987
7241	0.036989
53593	0.036991
10056	0.036992
14522	0.036994
46739	0.036996
32599	0.036997
19872	0.036999
17165	0.037001
54877	0.037005
11827	0.037005
57557	0.037006
55469	0.037007
45297	0.037007
42431	0.037010
16125	0.037010
16316	0.037013
19190	0.037013
38803	0.037014
39566	0.037016
20313	0.037021
48528	0.037024
12157	0.037025
58249	0.037025
23570	0.037029
11275	0.037032
32014	0.037033
33085	0.037035
36009	0.037036
19836	0.037038
9524	0.037041
22148	0.037041
58559	0.037046
28278	0.037046
13038	0.037051
16929	0.037052
11071	0.037054
26103	0.037055
54296	0.037056
11144	0.037059
43451	0.037060
10397	0.037064
13343	0.037068
28167	0.037070
34986	0.037070
7219	0.037071
16698	0.037072
16903	0.037072
20446	0.037076
42032	0.037082
13558	0.037083
54965	0.037085
10642	0.037086
20423	0.037086
36465	0.037088
15064	0.037091
16649	0.037091
35873	0.037092
45219	0.037092
32493	0.037093
17127	0.037093
14264	0.037094
31832	0.037097
47025	0.037098
36800	0.037101
15453	0.037101
21405	0.037103
7410	0.037104
60691	0.037104
22544	0.037105
15633	0.037108
14661	0.037109
10571	0.037110
25053	0.037113
23730	0.037115
7573	0.037116
25823	0.037118
54003	0.037120
34989	0.037121
52080	0.037125
40295	0.037125
15215	0.037126
39293	0.037129
16653	0.037130
25225	0.037130
45943	0.037130
56956	0.037131
13787	0.037133
46056	0.037134
20049	0.037136
20978	0.037136
11182	0.037136
21233	0.037137
57710	0.037139
37900	0.037142
24400	0.037142
29871	0.037142
27369	0.037143
10639	0.037156
43906	0.037156
57577	0.037158
17442	0.037159
16259	0.037160
13162	0.037162
56979	0.037163
16420	0.037164
56556	0.037165
25950	0.037166
46793	0.037166
10971	0.037166
49522	0.037167
15015	0.037169
30354	0.037169
33326	0.037172
58057	0.037174
33069	0.037175
8188	0.037177
8231	0.037179
20898	0.037181
19034	0.037181
34656	0.037185
52823	0.037187
53611	0.037188
7224	0.037195
29946	0.037197
20036	0.037200
16354	0.037200
16909	0.037202
35748	0.037205
51950	0.037205
53144	0.037207
13615	0.037208
10919	0.037215
34088	0.037215
35655	0.037215
33558	0.037216
11972	0.037216
19223	0.037218
50487	0.037218
25075	0.037219
13667	0.037220
53096	0.037221
56512	0.037223
45712	0.037224
40211	0.037226
50575	0.037227
49470	0.037232
10552	0.037235
16880	0.037239
25220	0.037240
35910	0.037240
59821	0.037240
43603	0.037247
15877	0.037252
48589	0.037255
33336	0.037255
12738	0.037257
29054	0.037258
31139	0.037259
15896	0.037263
28701	0.037263
41454	0.037266
21905	0.037266
36378	0.037276
15600	0.037277
14517	0.037279
40571	0.037280
36753	0.037280
45467	0.037286
51313	0.037286
41253	0.037287
22262	0.037289
50887	0.037292
47514	0.037293
19453	0.037293
51639	0.037296
55424	0.037296
38950	0.037296
10214	0.037296
15086	0.037302
17057	0.037302
49700	0.037302
52377	0.037306
14848	0.037308
14114	0.037313
43055	0.037314
8960	0.037315
10681	0.037315
34162	0.037315
60153	0.037316
53127	0.037321
54107	0.037321
46243	0.037322
8683	0.037322
10739	0.037324
36884	0.037327
21343	0.037334
39716	0.037334
9484	0.037335
35396	0.037336
14922	0.037336
61207	0.037345
21795	0.037347
61384	0.037350
24605	0.037351
8827	0.037357
16640	0.037358
54880	0.037359
61567	0.037359
41373	0.037362
38183	0.037367
31114	0.037370
41181	0.037370
56880	0.037374
54248	0.037374
55147	0.037375
37782	0.037375
16540	0.037376
21059	0.037377
20828	0.037378
29856	0.037385
30648	0.037388
24272	0.037390
52498	0.037397
45085	0.037397
33316	0.037398
34657	0.037399
46957	0.037401
24550	0.037405
15950	0.037405
53891	0.037410
30907	0.037413
45923	0.037414
10718	0.037414
12789	0.037415
19906	0.037417
16970	0.037420
14323	0.037426
45807	0.037427
14455	0.037434
24448	0.037434
34035	0.037434
89938	0.037434
25109	0.037435
14745	0.037435
12284	0.037437
30556	0.037438
14839	0.037442
32738	0.037442
29904	0.037444
30436	0.037446
43812	0.037449
21147	0.037450
44134	0.037450
29125	0.037452
37009	0.037454
11234	0.037454
20739	0.037455
56182	0.037457
8608	0.037457
46751	0.037462
56700	0.037462
13066	0.037463
39172	0.037464
9292	0.037464
21302	0.037467
60545	0.037467
35769	0.037468
22683	0.037470
15351	0.037471
44613	0.037472
33665	0.037474
25705	0.037480
52637	0.037480
10298	0.037482
33496	0.037482
14658	0.037486
27497	0.037491
19529	0.037492
53900	0.037493
26428	0.037496
28129	0.037497
37646	0.037502
7931	0.037504
32956	0.037506
31064	0.037510
24151	0.037511
15787	0.037515
29132	0.037516
13757	0.037516
44597	0.037518
25442	0.037521
56950	0.037523
15809	0.037524
50098	0.037525
13889	0.037527
41968	0.037529
54804	0.037530
61661	0.037531
42433	0.037534
41566	0.037534
20529	0.037535
12601	0.037540
25145	0.037541
53268	0.037542
29890	0.037543
13383	0.037546
35561	0.037549
49078	0.037551
56654	0.037561
21541	0.037565
39715	0.037568
7886	0.037568
37621	0.037573
44235	0.037576
47704	0.037580
57399	0.037583
9228	0.037584
8050	0.037585
53344	0.037586
43310	0.037586
37246	0.037587
55004	0.037588
11497	0.037589
16724	0.037591
42000	0.037595
23363	0.037596
60239	0.037597
22420	0.037598
15366	0.037598
53927	0.037599
55794	0.037599
21054	0.037603
38282	0.037604
13885	0.037607
30170	0.037607
16696	0.037608
20924	0.037608
12911	0.037609
20921	0.037609
16560	0.037615
55709	0.037617
8503	0.037619
60465	0.037621
25826	0.037621
46220	0.037623
19479	0.037624
43148	0.037626
53925	0.037630
17064	0.037630
50079	0.037630
51323	0.037631
15889	0.037633
47611	0.037634
26350	0.037638
37294	0.037644
52318	0.037646
52416	0.037649
43512	0.037650
38670	0.037650
27502	0.037651
23039	0.037654
47550	0.037655
17040	0.037656
13302	0.037656
37197	0.037657
22168	0.037658
36224	0.037660
16570	0.037663
9122	0.037663
48764	0.037664
32059	0.037665
33976	0.037666
38377	0.037667
39360	0.037667
57772	0.037668
49650	0.037669
16588	0.037671
35213	0.037672
12173	0.037673
25518	0.037676
25806	0.037679
49596	0.037681
9020	0.037682
14664	0.037685
9762	0.037686
36877	0.037689
11426	0.037689
42080	0.037691
45098	0.037697
23805	0.037701
32543	0.037702
9933	0.037709
24949	0.037712
9843	0.037713
60410	0.037714
17103	0.037714
19450	0.037715
27026	0.037717
57870	0.037718
49174	0.037718
10210	0.037719
36003	0.037719
54183	0.037721
39288	0.037728
52065	0.037728
12741	0.037731
57425	0.037732
56190	0.037739
14939	0.037745
9937	0.037746
53926	0.037752
45397	0.037754
51325	0.037760
49337	0.037764
30774	0.037767
53122	0.037768
19597	0.037772
33176	0.037773
15715	0.037775
10625	0.037777
8416	0.037783
54164	0.037787
27345	0.037788
41594	0.037788
13662	0.037788
46075	0.037790
10176	0.037790
13936	0.037790
20658	0.037796
17080	0.037797
34532	0.037799
10365	0.037799
16345	0.037801
22355	0.037804
42870	0.037806
49547	0.037807
14994	0.037808
16834	0.037809
42217	0.037809
43352	0.037812
60932	0.037812
8379	0.037814
14549	0.037814
58082	0.037815
47434	0.037815
9073	0.037816
37977	0.037818
14725	0.037819
10171	0.037819
43159	0.037821
19655	0.037824
49261	0.037825
57218	0.037833
17530	0.037839
20412	0.037839
17402	0.037840
23057	0.037844
33981	0.037844
20533	0.037845
19672	0.037853
49563	0.037855
33538	0.037855
26302	0.037856
23828	0.037860
32985	0.037863
44148	0.037863
24336	0.037863
22900	0.037865
26341	0.037867
30766	0.037868
10771	0.037874
11958	0.037879
34315	0.037882
46748	0.037882
21507	0.037884
41666	0.037885
11211	0.037889
29346	0.037894
49173	0.037894
13072	0.037895
53935	0.037901
8894	0.037901
54467	0.037902
12946	0.037904
12184	0.037905
16805	0.037905
19305	0.037910
19895	0.037912
22737	0.037914
16612	0.037914
9332	0.037915
16542	0.037919
47283	0.037922
53439	0.037923
47979	0.037924
29070	0.037924
28720	0.037929
25898	0.037931
9041	0.037931
24577	0.037933
52582	0.037934
20887	0.037938
53969	0.037939
29195	0.037940
17188	0.037941
13209	0.037941
49906	0.037942
17427	0.037942
15484	0.037942
24487	0.037942
60841	0.037942
60914	0.037942
61304	0.037942
16864	0.037946
41818	0.037948
61364	0.037950
43115	0.037954
9674	0.037960
37788	0.037961
35695	0.037961
36978	0.037967
17045	0.037968
43140	0.037969
9298	0.037971
61242	0.037973
16301	0.037977
30660	0.037978
16422	0.037980
30567	0.037982
32818	0.037984
43121	0.037988
61114	0.037989
16443	0.037990
23902	0.037990
8581	0.037993
8454	0.037993
10688	0.037993
47248	0.037994
16897	0.037994
33288	0.037997
61484	0.037998
21527	0.038007
55458	0.038010
29090	0.038016
49891	0.038020
61260	0.038021
13466	0.038021
23172	0.038023
23875	0.038024
53936	0.038025
12091	0.038027
49498	0.038027
56720	0.038029
16524	0.038030
28008	0.038031
50772	0.038032
41748	0.038037
47675	0.038042
41622	0.038043
17187	0.038043
50258	0.038045
34958	0.038048
38467	0.038049
46879	0.038050
17100	0.038052
54459	0.038053
25147	0.038053
22828	0.038057
9069	0.038060
7810	0.038060
31751	0.038062
10112	0.038066
31106	0.038069
14793	0.038069
49667	0.038075
25666	0.038075
21777	0.038078
53723	0.038078
37619	0.038079
21940	0.038083
34080	0.038083
18971	0.038084
14967	0.038084
61345	0.038087
23376	0.038092
53933	0.038097
32892	0.038098
15409	0.038099
24147	0.038104
36704	0.038104
21544	0.038105
34357	0.038105
31842	0.038107
11803	0.038107
20065	0.038107
10837	0.038108
19993	0.038110
39105	0.038114
28177	0.038115
19402	0.038115
19733	0.038115
7961	0.038115
32001	0.038121
9582	0.038122
23222	0.038123
40998	0.038126
53676	0.038127
14800	0.038130
36067	0.038136
119477	0.038145
11560	0.038152
14326	0.038154
7371	0.038156
27254	0.038156
34499	0.038159
20181	0.038164
42931	0.038169
15194	0.038170
54110	0.038172
25557	0.038174
53729	0.038185
54918	0.038185
7593	0.038186
53869	0.038186
8247	0.038187
36205	0.038188
16948	0.038191
14558	0.038193
12281	0.038193
16444	0.038193
26643	0.038194
16910	0.038196
16367	0.038198
14419	0.038202
53430	0.038205
14332	0.038208
12384	0.038211
14557	0.038215
41611	0.038215
17369	0.038217
17372	0.038219
11142	0.038223
39082	0.038232
20876	0.038233
11284	0.038235
10898	0.038236
20455	0.038237
55767	0.038240
14025	0.038240
16128	0.038241
17065	0.038241
13279	0.038245
12434	0.038251
60534	0.038254
28973	0.038254
16820	0.038255
37374	0.038258
43848	0.038266
48858	0.038266
32094	0.038266
11401	0.038269
37909	0.038274
36629	0.038275
15549	0.038278
57868	0.038279
57221	0.038280
43850	0.038282
44061	0.038284
32632	0.038285
22580	0.038288
8918	0.038290
50466	0.038300
41012	0.038304
51072	0.038305
9694	0.038307
17168	0.038312
60832	0.038312
14977	0.038322
44920	0.038324
10455	0.038327
49586	0.038327
60815	0.038332
23002	0.038335
61290	0.038338
8323	0.038343
54020	0.038346
22627	0.038350
33545	0.038354
47244	0.038359
14781	0.038360
27554	0.038360
16925	0.038361
16555	0.038362
19114	0.038363
58330	0.038368
13379	0.038369
16822	0.038370
12859	0.038373
119450	0.038373
39673	0.038377
33204	0.038380
24889	0.038381
16713	0.038383
51529	0.038385
60333	0.038386
49292	0.038389
56928	0.038389
26773	0.038389
8818	0.038392
29596	0.038393
53986	0.038394
41665	0.038395
43912	0.038400
60808	0.038400
11081	0.038413
7884	0.038417
14894	0.038418
17098	0.038424
8108	0.038424
21429	0.038426
21425	0.038427
11472	0.038428
51067	0.038428
40429	0.038430
9154	0.038434
14534	0.038434
42101	0.038439
19645	0.038440
47505	0.038441
12838	0.038444
41630	0.038447
43346	0.038453
33298	0.038457
24635	0.038459
10559	0.038462
15567	0.038462
16823	0.038462
16937	0.038462
19246	0.038462
22498	0.038462
25481	0.038462
26257	0.038462
30140	0.038462
31589	0.038462
35375	0.038462
41260	0.038462
46953	0.038462
48107	0.038462
48848	0.038462
53775	0.038462
54487	0.038462
55151	0.038462
60459	0.038462
60783	0.038462
60935	0.038462
61527	0.038462
8031	0.038462
8038	0.038462
8491	0.038462
14731	0.038463
30066	0.038463
31476	0.038463
13807	0.038463
55512	0.038465
39440	0.038466
39149	0.038467
41007	0.038470
34984	0.038472
10548	0.038473
53973	0.038474
53137	0.038474
29528	0.038475
43606	0.038477
14850	0.038480
15673	0.038480
24886	0.038481
31470	0.038482
45927	0.038487
26237	0.038488
36683	0.038489
39490	0.038490
42707	0.038494
9895	0.038494
46972	0.038502
43340	0.038502
39562	0.038503
37162	0.038503
16821	0.038504
12863	0.038504
7915	0.038512
32630	0.038515
16890	0.038517
35100	0.038518
55415	0.038524
23425	0.038536
28824	0.038539
42572	0.038551
55608	0.038555
17199	0.038559
12215	0.038565
36052	0.038568
27922	0.038568
24022	0.038568
10978	0.038568
50100	0.038573
30655	0.038573
13133	0.038574
14627	0.038575
34982	0.038581
20094	0.038585
41595	0.038587
58461	0.038591
47584	0.038594
17055	0.038599
13965	0.038599
36032	0.038605
14071	0.038605
19170	0.038605
23719	0.038605
26465	0.038605
61074	0.038605
7311	0.038605
47613	0.038606
14551	0.038607
21494	0.038607
16099	0.038608
9586	0.038616
47294	0.038622
50542	0.038622
13765	0.038623
19036	0.038623
34386	0.038625
16961	0.038626
8701	0.038629
26004	0.038634
23105	0.038635
25538	0.038635
23466	0.038643
44006	0.038646
9740	0.038648
13893	0.038652
52676	0.038653
48225	0.038654
24947	0.038654
15778	0.038655
9359	0.038663
31290	0.038663
11200	0.038665
23477	0.038666
27474	0.038669
24818	0.038670
21179	0.038672
30533	0.038674
43417	0.038675
37004	0.038675
40121	0.038677
36744	0.038681
36429	0.038682
33362	0.038683
60617	0.038683
16280	0.038684
53917	0.038685
24019	0.038689
51687	0.038689
21077	0.038690
46467	0.038692
25301	0.038696
61652	0.038696
36448	0.038699
61438	0.038702
35053	0.038704
16219	0.038711
33628	0.038720
61512	0.038726
52634	0.038726
34271	0.038730
8741	0.038731
8778	0.038735
36619	0.038741
16893	0.038746
25241	0.038748
50053	0.038748
30749	0.038749
39283	0.038757
53239	0.038762
44284	0.038762
11384	0.038764
59062	0.038764
60887	0.038765
52347	0.038765
14605	0.038767
15009	0.038776
55698	0.038777
14457	0.038777
55347	0.038781
14721	0.038786
12703	0.038786
23113	0.038786
14217	0.038787
12734	0.038788
56697	0.038790
17227	0.038790
29127	0.038793
41513	0.038797
57372	0.038799
13566	0.038803
6921	0.038804
31804	0.038805
25703	0.038806
14280	0.038806
41117	0.038807
47951	0.038810
16744	0.038812
16869	0.038813
61233	0.038816
13513	0.038816
38019	0.038816
10823	0.038820
41064	0.038823
23704	0.038826
36242	0.038830
20306	0.038831
14279	0.038833
12835	0.038835
30531	0.038835
16544	0.038836
13723	0.038836
40913	0.038837
43554	0.038839
21616	0.038839
41243	0.038840
49272	0.038840
58466	0.038841
26152	0.038842
36181	0.038843
40390	0.038849
57082	0.038856
45626	0.038858
8370	0.038860
33995	0.038860
16428	0.038863
9741	0.038869
56118	0.038872
46250	0.038879
46375	0.038888
11509	0.038890
42567	0.038891
22331	0.038899
11199	0.038904
30683	0.038909
38957	0.038914
20184	0.038925
23094	0.038926
47511	0.038927
17345	0.038927
28992	0.038928
46798	0.038929
55168	0.038929
14469	0.038930
112655	0.038930
56852	0.038937
52246	0.038938
49967	0.038939
50545	0.038941
16546	0.038942
27087	0.038942
51019	0.038949
9873	0.038951
58335	0.038961
38766	0.038962
12539	0.038963
7516	0.038965
43917	0.038966
44095	0.038968
7532	0.038970
13601	0.038978
61238	0.038979
16459	0.038981
20707	0.038993
21185	0.038994
9795	0.038996
38891	0.038996
58202	0.038997
47136	0.039002
17524	0.039010
27983	0.039013
13560	0.039013
33168	0.039014
7642	0.039014
34099	0.039014
15984	0.039017
41238	0.039020
26780	0.039020
14115	0.039021
57163	0.039028
23192	0.039038
13724	0.039039
22388	0.039041
53347	0.039048
20859	0.039053
47124	0.039054
39444	0.039061
37487	0.039062
54609	0.039065
19651	0.039068
48952	0.039071
39312	0.039071
55335	0.039072
16434	0.039081
13198	0.039086
16564	0.039086
16204	0.039088
61203	0.039092
34509	0.039096
9561	0.039098
43993	0.039100
20744	0.039102
17086	0.039107
21432	0.039108
49602	0.039110
8745	0.039132
15291	0.039134
21464	0.039139
13354	0.039141
10087	0.039144
35711	0.039144
32219	0.039148
30991	0.039151
24933	0.039152
21231	0.039154
25336	0.039155
14757	0.039157
13129	0.039160
9940	0.039161
24001	0.039162
27387	0.039163
28350	0.039165
13972	0.039167
21997	0.039171
33710	0.039174
47960	0.039180
50016	0.039181
7205	0.039196
44261	0.039196
23860	0.039213
17015	0.039215
57120	0.039216
23435	0.039220
27431	0.039221
25050	0.039226
10530	0.039227
17096	0.039228
46035	0.039230
36472	0.039234
50917	0.039236
33246	0.039236
43866	0.039237
24286	0.039241
27545	0.039242
50822	0.039242
18898	0.039243
7799	0.039245
15492	0.039246
21030	0.039246
21721	0.039248
42122	0.039250
33564	0.039250
44942	0.039251
14028	0.039255
30512	0.039259
60308	0.039262
30276	0.039263
41010	0.039269
9411	0.039276
16907	0.039286
50359	0.039289
38744	0.039290
40959	0.039292
12815	0.039294
8341	0.039295
60206	0.039297
16236	0.039298
16852	0.039298
10766	0.039306
51595	0.039307
27041	0.039307
55328	0.039308
50319	0.039309
55058	0.039314
37995	0.039314
43104	0.039314
16956	0.039315
24626	0.039315
21538	0.039315
15004	0.039320
23940	0.039324
12527	0.039327
16860	0.039329
37372	0.039334
24507	0.039335
15878	0.039335
19796	0.039336
10272	0.039342
8709	0.039345
13815	0.039346
10972	0.039348
32438	0.039351
14958	0.039351
21937	0.039354
60222	0.039357
48793	0.039358
61027	0.039360
46988	0.039363
40726	0.039364
39302	0.039366
9481	0.039369
11545	0.039371
61383	0.039377
7672	0.039382
25585	0.039388
50764	0.039388
55091	0.039392
53281	0.039398
29202	0.039399
51321	0.039402
50280	0.039408
14360	0.039426
42798	0.039431
43613	0.039433
15595	0.039434
7194	0.039437
40320	0.039438
53427	0.039440
24752	0.039443
43497	0.039448
14225	0.039449
45423	0.039450
17171	0.039450
23572	0.039451
38707	0.039452
19281	0.039456
12277	0.039459
49653	0.039474
41083	0.039477
21553	0.039478
12581	0.039479
11025	0.039479
57768	0.039483
17460	0.039486
14019	0.039488
41627	0.039489
27824	0.039490
16721	0.039490
17070	0.039491
33567	0.039493
26277	0.039497
53679	0.039498
10248	0.039498
33519	0.039499
17010	0.039499
56602	0.039504
10714	0.039504
50504	0.039506
21793	0.039508
41638	0.039512
34591	0.039517
31535	0.039520
52250	0.039525
12301	0.039526
11257	0.039530
22032	0.039531
38659	0.039533
7011	0.039534
35811	0.039535
44441	0.039536
13206	0.039537
47859	0.039539
14177	0.039542
40496	0.039542
17067	0.039552
58818	0.039554
60426	0.039554
19362	0.039556
12656	0.039571
10809	0.039572
28669	0.039575
13265	0.039576
53598	0.039576
56059	0.039579
53364	0.039580
47194	0.039580
29283	0.039583
33705	0.039592
30589	0.039594
60666	0.039595
13822	0.039601
47350	0.039602
45939	0.039606
7786	0.039610
28322	0.039614
50327	0.039619
43150	0.039619
47886	0.039619
16824	0.039621
41515	0.039624
41379	0.039626
39553	0.039627
34542	0.039630
15196	0.039632
15396	0.039632
22641	0.039633
36652	0.039638
27886	0.039638
13319	0.039642
55074	0.039644
14555	0.039646
56174	0.039651
7835	0.039651
54666	0.039652
17422	0.039653
33686	0.039657
13735	0.039657
14978	0.039659
39709	0.039663
15694	0.039664
35209	0.039668
25101	0.039670
55228	0.039671
39973	0.039672
30818	0.039676
42437	0.039683
56134	0.039688
16638	0.039688
20466	0.039689
22127	0.039696
37522	0.039699
48101	0.039699
11765	0.039700
11458	0.039706
34871	0.039709
18218	0.039712
34391	0.039712
50523	0.039725
24012	0.039727
36997	0.039727
32819	0.039732
17131	0.039735
47930	0.039737
41459	0.039741
54993	0.039744
31847	0.039744
7528	0.039753
21406	0.039755
55276	0.039755
48664	0.039755
9871	0.039756
9485	0.039757
48792	0.039757
47339	0.039759
54543	0.039759
16598	0.039760
57057	0.039760
50257	0.039763
29220	0.039764
52565	0.039764
45095	0.039768
26167	0.039768
47926	0.039770
48622	0.039775
56073	0.039776
17267	0.039779
7647	0.039781
42843	0.039782
41937	0.039789
38899	0.039790
44234	0.039793
12740	0.039794
33233	0.039795
29174	0.039803
24503	0.039803
39080	0.039804
30101	0.039807
14876	0.039808
29203	0.039809
52392	0.039810
17006	0.039819
14113	0.039821
60356	0.039832
56661	0.039836
48332	0.039844
13802	0.039846
31099	0.039855
28359	0.039861
19946	0.039862
14254	0.039866
37653	0.039867
42664	0.039869
32675	0.039884
38789	0.039893
16150	0.039893
61553	0.039898
20697	0.039902
17443	0.039909
45224	0.039914
11068	0.039919
14381	0.039919
60202	0.039920
6963	0.039920
19106	0.039921
39466	0.039921
45817	0.039922
46893	0.039924
42841	0.039925
26094	0.039929
9870	0.039930
40473	0.039930
12961	0.039939
24589	0.039939
53147	0.039941
24406	0.039941
56532	0.039944
15679	0.039953
15728	0.039955
52835	0.039958
60135	0.039960
29956	0.039967
23278	0.039969
30674	0.039971
51299	0.039980
26537	0.039981
19927	0.039982
56450	0.039985
16234	0.039989
16359	0.039989
16116	0.039992
12869	0.039995
13845	0.039998
51332	0.040000
53947	0.040004
26831	0.040008
40951	0.040010
57239	0.040019
42569	0.040021
23384	0.040026
50942	0.040029
32886	0.040031
39898	0.040032
60579	0.040033
46854	0.040034
36392	0.040038
58181	0.040041
16894	0.040043
9920	0.040044
10449	0.040045
47498	0.040049
40417	0.040056
47489	0.040058
14391	0.040071
16465	0.040075
43251	0.040076
12751	0.040076
16439	0.040083
30572	0.040083
57876	0.040085
42240	0.040091
45245	0.040092
60313	0.040093
19503	0.040100
16906	0.040104
38421	0.040113
23541	0.040113
24561	0.040113
47121	0.040114
17126	0.040114
34133	0.040115
36654	0.040115
43541	0.040116
45647	0.040121
27547	0.040122
16633	0.040123
32672	0.040125
39314	0.040125
51062	0.040128
49427	0.040129
31916	0.040129
61121	0.040130
47420	0.040136
39896	0.040138
39011	0.040143
30928	0.040146
12000	0.040147
42397	0.040154
60233	0.040162
33300	0.040162
23203	0.040163
32074	0.040172
12467	0.040181
50162	0.040183
6966	0.040184
47590	0.040185
9089	0.040190
54585	0.040201
7770	0.040202
16749	0.040206
60462	0.040211
8611	0.040211
31606	0.040216
42583	0.040217
53303	0.040218
56192	0.040218
14347	0.040220
29966	0.040222
14058	0.040223
16589	0.040224
34664	0.040227
56605	0.040229
54991	0.040229
52534	0.040231
45651	0.040231
23236	0.040231
25077	0.040235
47994	0.040236
34513	0.040236
12202	0.040238
13876	0.040239
10266	0.040240
9016	0.040241
41745	0.040252
40143	0.040253
8921	0.040253
60988	0.040269
14250	0.040275
12758	0.040275
29771	0.040277
12571	0.040280
53091	0.040283
51475	0.040285
17076	0.040288
52664	0.040294
56409	0.040298
61642	0.040302
39526	0.040305
16342	0.040307
47090	0.040311
21489	0.040313
51213	0.040315
16875	0.040322
59533	0.040325
44956	0.040329
35559	0.040329
60974	0.040333
13387	0.040335
21132	0.040340
12933	0.040341
28145	0.040349
42912	0.040349
38547	0.040352
9469	0.040353
42357	0.040355
11496	0.040357
21064	0.040359
20071	0.040361
49817	0.040362
40118	0.040363
31922	0.040371
10269	0.040375
22981	0.040379
20074	0.040386
41603	0.040396
54969	0.040397
34470	0.040398
35914	0.040400
40884	0.040404
23820	0.040405
16021	0.040409
48500	0.040410
50570	0.040416
30160	0.040416
19961	0.040418
39295	0.040420
38134	0.040425
40889	0.040429
7967	0.040430
8364	0.040430
22932	0.040435
9077	0.040435
16651	0.040443
16430	0.040444
48140	0.040446
17233	0.040447
15669	0.040449
46833	0.040454
25922	0.040456
47626	0.040456
40412	0.040459
10129	0.040461
30727	0.040463
44596	0.040465
16567	0.040467
44277	0.040472
60799	0.040475
30527	0.040484
30535	0.040489
55575	0.040491
11155	0.040493
43942	0.040501
57290	0.040504
44730	0.040504
38755	0.040506
60938	0.040506
38780	0.040507
23882	0.040507
14535	0.040516
14001	0.040518
60679	0.040521
61193	0.040522
45725	0.040522
47459	0.040526
48704	0.040527
41014	0.040534
113803	0.040535
36735	0.040536
47270	0.040536
33000	0.040537
32952	0.040539
11405	0.040542
20594	0.040544
50965	0.040549
8469	0.040549
30407	0.040551
48228	0.040552
9968	0.040553
50005	0.040554
35980	0.040555
17373	0.040556
29168	0.040561
53629	0.040565
16800	0.040565
55700	0.040567
52922	0.040575
43852	0.040576
25580	0.040578
55125	0.040592
55204	0.040601
30244	0.040604
38561	0.040605
27321	0.040609
44786	0.040610
25927	0.040612
29994	0.040614
14913	0.040615
40164	0.040615
26362	0.040634
10231	0.040634
25664	0.040645
11440	0.040647
49605	0.040649
37807	0.040658
20998	0.040664
23997	0.040664
21505	0.040670
13640	0.040673
13858	0.040674
49664	0.040678
56609	0.040680
20637	0.040682
54011	0.040682
14362	0.040682
53140	0.040693
46945	0.040696
25529	0.040697
25110	0.040704
30386	0.040704
32861	0.040709
12558	0.040715
16575	0.040730
44789	0.040731
53845	0.040741
35184	0.040744
8287	0.040745
46124	0.040748
23455	0.040748
25316	0.040750
37007	0.040753
44725	0.040759
27652	0.040763
55913	0.040763
9866	0.040765
53081	0.040767
44047	0.040767
41161	0.040774
24822	0.040781
38149	0.040784
37948	0.040785
49019	0.040787
61307	0.040792
13899	0.040794
25771	0.040801
51268	0.040803
9909	0.040803
40414	0.040807
10106	0.040808
19435	0.040812
52795	0.040821
31837	0.040826
38465	0.040833
55341	0.040836
53272	0.040837
56309	0.040838
31044	0.040839
11206	0.040843
51114	0.040843
20751	0.040844
33948	0.040851
17107	0.040853
22008	0.040855
30181	0.040857
56614	0.040864
7137	0.040867
26829	0.040870
27152	0.040871
57023	0.040871
61205	0.040871
8420	0.040875
60403	0.040875
29768	0.040878
24204	0.040883
7115	0.040884
35431	0.040894
50746	0.040903
47502	0.040906
16304	0.040906
46326	0.040913
8210	0.040918
25985	0.040924
52641	0.040925
14975	0.040928
42704	0.040931
53274	0.040931
27973	0.040932
15451	0.040933
54201	0.040937
49926	0.040939
44530	0.040942
47004	0.040946
9839	0.040946
20003	0.040946
11350	0.040948
37422	0.040949
24045	0.040950
34409	0.040959
60267	0.040964
56563	0.040964
46572	0.040967
37028	0.040973
25566	0.040985
41810	0.040987
58346	0.040988
35051	0.040992
47327	0.040996
17432	0.040996
15474	0.041011
17393	0.041030
21229	0.041034
60819	0.041035
7865	0.041037
45552	0.041038
53290	0.041040
54710	0.041041
28163	0.041048
39975	0.041048
49005	0.041060
17125	0.041064
54355	0.041065
7866	0.041066
33974	0.041067
26623	0.041069
11053	0.041072
39569	0.041078
38243	0.041084
28376	0.041084
17439	0.041088
47523	0.041093
15505	0.041095
43677	0.041096
8446	0.041098
16552	0.041098
14604	0.041098
39073	0.041105
14886	0.041105
16847	0.041108
8897	0.041111
41686	0.041113
29844	0.041117
14045	0.041118
25591	0.041122
13364	0.041125
17389	0.041125
16684	0.041126
53332	0.041127
38870	0.041131
60524	0.041134
38845	0.041136
20635	0.041137
27203	0.041144
46323	0.041147
22220	0.041151
38887	0.041162
47108	0.041165
23365	0.041167
47139	0.041169
15800	0.041172
55573	0.041176
10570	0.041178
16989	0.041179
27621	0.041184
10905	0.041192
13521	0.041195
15218	0.041200
11880	0.041205
41523	0.041216
22122	0.041220
61265	0.041220
11307	0.041220
22574	0.041224
24926	0.041230
18411	0.041233
31143	0.041233
37777	0.041233
23690	0.041244
29049	0.041247
21455	0.041249
53959	0.041256
13718	0.041259
50607	0.041260
39066	0.041269
61663	0.041273
28309	0.041277
48390	0.041280
13660	0.041282
14150	0.041289
52920	0.041290
42683	0.041296
15629	0.041298
32564	0.041304
7217	0.041306
8808	0.041309
19029	0.041309
17118	0.041310
28043	0.041329
39375	0.041329
19706	0.041330
16292	0.041331
31074	0.041334
54231	0.041339
40215	0.041339
35775	0.041343
16883	0.041347
29393	0.041347
50464	0.041348
9015	0.041358
53078	0.041359
12423	0.041367
12293	0.041374
20971	0.041384
14060	0.041384
40365	0.041386
16436	0.041386
25983	0.041390
9857	0.041393
14880	0.041396
61674	0.041403
23011	0.041412
41248	0.041416
37981	0.041418
54567	0.041420
29800	0.041431
50641	0.041433
21970	0.041443
40748	0.041447
16867	0.041450
48272	0.041450
55467	0.041451
28795	0.041452
14152	0.041462
29402	0.041462
28761	0.041469
61217	0.041470
60708	0.041473
23744	0.041474
58104	0.041478
40418	0.041478
15393	0.041478
25568	0.041481
32099	0.041482
52748	0.041483
38164	0.041483
23494	0.041484
30058	0.041499
60466	0.041506
35718	0.041509
8791	0.041509
36216	0.041515
40756	0.041518
15438	0.041523
27483	0.041523
8466	0.041523
26590	0.041524
7715	0.041529
9185	0.041529
14562	0.041539
33332	0.041542
43626	0.041549
51643	0.041551
29361	0.041552
40812	0.041553
39241	0.041558
16697	0.041558
17073	0.041558
45777	0.041561
20092	0.041563
16276	0.041564
17046	0.041564
44732	0.041565
26633	0.041572
58274	0.041572
9404	0.041582
8566	0.041590
32906	0.041600
57939	0.041603
53579	0.041604
40416	0.041604
40367	0.041609
32242	0.041627
57154	0.041628
7850	0.041639
24913	0.041645
30158	0.041646
33861	0.041652
51048	0.041652
16652	0.041653
21921	0.041653
27429	0.041654
17079	0.041655
51411	0.041655
51294	0.041661
60304	0.041664
55367	0.041665
9438	0.041666
28188	0.041670
53285	0.041671
14854	0.041675
14296	0.041679
14022	0.041689
38639	0.041691
43260	0.041698
10914	0.041700
17054	0.041704
55737	0.041710
12432	0.041717
15178	0.041724
25564	0.041727
54590	0.041732
16291	0.041732
23750	0.041738
48818	0.041739
31809	0.041739
16885	0.041743
27291	0.041745
61302	0.041750
42648	0.041756
35857	0.041756
48990	0.041759
45261	0.041763
33984	0.041763
40213	0.041776
27608	0.041779
44656	0.041781
8959	0.041786
46617	0.041794
60255	0.041798
40639	0.041798
9988	0.041806
12724	0.041815
8352	0.041817
47319	0.041824
48411	0.041824
12525	0.041829
7229	0.041830
22242	0.041836
45305	0.041837
50991	0.041837
8363	0.041838
14577	0.041842
60812	0.041843
11459	0.041851
22518	0.041853
13760	0.041853
38628	0.041856
61624	0.041856
57032	0.041876
27382	0.041877
14903	0.041888
16992	0.041897
55085	0.041899
30575	0.041900
49631	0.041909
33509	0.041911
28289	0.041911
7760	0.041917
12814	0.041918
14046	0.041922
14801	0.041925
55036	0.041946
21448	0.041948
60212	0.041950
15443	0.041954
16797	0.041956
32720	0.041958
25812	0.041965
30832	0.041967
9654	0.041972
39153	0.041979
61167	0.041982
25127	0.041991
23234	0.041996
38350	0.041997
10917	0.041999
14750	0.042007
56176	0.042014
31826	0.042022
54382	0.042024
11772	0.042028
32943	0.042030
45971	0.042033
57978	0.042033
23197	0.042043
41758	0.042044
29051	0.042049
39224	0.042050
52046	0.042053
34076	0.042058
35861	0.042062
21626	0.042069
51362	0.042074
24915	0.042080
14129	0.042083
50710	0.042086
46417	0.042089
23696	0.042094
16932	0.042101
53102	0.042101
55218	0.042107
47375	0.042111
16603	0.042116
9347	0.042119
11425	0.042123
50303	0.042125
56616	0.042126
10472	0.042131
52829	0.042135
54002	0.042135
50840	0.042139
23462	0.042142
16584	0.042143
10031	0.042147
21418	0.042150
60955	0.042155
25371	0.042168
21835	0.042169
54376	0.042175
28905	0.042176
19649	0.042180
33765	0.042180
37228	0.042181
33703	0.042181
25981	0.042184
61234	0.042185
16722	0.042193
18369	0.042203
16331	0.042214
55845	0.042216
53258	0.042217
27892	0.042230
9046	0.042233
40750	0.042235
46339	0.042236
40053	0.042236
45455	0.042242
37111	0.042244
60612	0.042258
26659	0.042262
10743	0.042263
27884	0.042265
11335	0.042268
34640	0.042273
14251	0.042279
52366	0.042286
31117	0.042294
12569	0.042297
55628	0.042305
16958	0.042308
16075	0.042318
16561	0.042319
35966	0.042320
47457	0.042323
21779	0.042324
12385	0.042331
9076	0.042334
26239	0.042336
22993	0.042337
27167	0.042340
26392	0.042358
34847	0.042376
7261	0.042378
60507	0.042390
50756	0.042407
24489	0.042419
13810	0.042421
58153	0.042427
58409	0.042427
46413	0.042432
38997	0.042435
41158	0.042436
8867	0.042446
47500	0.042456
16274	0.042462
40608	0.042463
17018	0.042466
9726	0.042468
29801	0.042468
49773	0.042469
51433	0.042469
32247	0.042479
17285	0.042483
23125	0.042487
58303	0.042494
45948	0.042494
23353	0.042498
12723	0.042501
14056	0.042507
17016	0.042509
22659	0.042518
23209	0.042523
12108	0.042544
40740	0.042548
15652	0.042548
42327	0.042549
44247	0.042553
22201	0.042557
30627	0.042562
17028	0.042565
16873	0.042575
16115	0.042577
53342	0.042578
27097	0.042578
40943	0.042583
40411	0.042588
21413	0.042588
44960	0.042595
16049	0.042598
35973	0.042600
43630	0.042601
25445	0.042606
8424	0.042608
13489	0.042611
15364	0.042613
30461	0.042615
9797	0.042626
53279	0.042627
57482	0.042633
32071	0.042646
39049	0.042648
13650	0.042651
44967	0.042668
23369	0.042679
39230	0.042685
57626	0.042688
10113	0.042691
60643	0.042695
11465	0.042698
25845	0.042702
15839	0.042712
31089	0.042722
28302	0.042723
24673	0.042726
12376	0.042736
60849	0.042750
37997	0.042751
11738	0.042760
14077	0.042763
13669	0.042765
21968	0.042767
57021	0.042768
56576	0.042773
40683	0.042773
49413	0.042775
48812	0.042778
8830	0.042782
22856	0.042783
19415	0.042787
12990	0.042789
30438	0.042791
52132	0.042799
55542	0.042813
12493	0.042814
60750	0.042818
39721	0.042820
51878	0.042820
36731	0.042830
39587	0.042831
23382	0.042841
19792	0.042844
25463	0.042847
34438	0.042850
21775	0.042850
61605	0.042850
47416	0.042857
52211	0.042862
40413	0.042862
48692	0.042865
52978	0.042869
58354	0.042880
54299	0.042880
40227	0.042894
49424	0.042895
15544	0.042896
50989	0.042901
13609	0.042908
8604	0.042909
9217	0.042909
22899	0.042915
43133	0.042916
8209	0.042916
46865	0.042924
40747	0.042930
33393	0.042934
13981	0.042937
15452	0.042944
42909	0.042962
8728	0.042962
10745	0.042987
30822	0.042987
46772	0.042988
53888	0.042991
13262	0.042993
27484	0.043005
11499	0.043005
53119	0.043006
16136	0.043006
32380	0.043008
44719	0.043012
12782	0.043017
54149	0.043019
43108	0.043024
40731	0.043026
13296	0.043036
24750	0.043037
39237	0.043050
13596	0.043051
39063	0.043054
12614	0.043057
15334	0.043059
16815	0.043060
29064	0.043061
12896	0.043068
38001	0.043077
40971	0.043081
47029	0.043082
41633	0.043095
38174	0.043099
16981	0.043101
46943	0.043103
23018	0.043135
16210	0.043139
28648	0.043143
49618	0.043153
16579	0.043158
34078	0.043162
46607	0.043165
43641	0.043172
33794	0.043178
7909	0.043181
60665	0.043187
29765	0.043204
15884	0.043224
47373	0.043234
16934	0.043238
7872	0.043241
12252	0.043248
17246	0.043251
23127	0.043259
56558	0.043265
60218	0.043268
15136	0.043276
8616	0.043278
10295	0.043279
26819	0.043283
7323	0.043313
42729	0.043330
22069	0.043334
20448	0.043338
52048	0.043340
30609	0.043353
47972	0.043364
40742	0.043374
42267	0.043386
12752	0.043387
53315	0.043389
30031	0.043401
12106	0.043402
16574	0.043406
59555	0.043412
17085	0.043419
10779	0.043424
49890	0.043428
14247	0.043434
12393	0.043441
14947	0.043450
57591	0.043454
17196	0.043463
48557	0.043465
19024	0.043471
58597	0.043473
25953	0.043486
7598	0.043487
47417	0.043487
23535	0.043490
25234	0.043491
7938	0.043513
18291	0.043517
14367	0.043517
10035	0.043521
35258	0.043529
57285	0.043533
19938	0.043533
41477	0.043538
41780	0.043539
30931	0.043548
24275	0.043551
14885	0.043564
21483	0.043566
55406	0.043567
23652	0.043568
21518	0.043572
53022	0.043575
9965	0.043580
52850	0.043581
41236	0.043585
45792	0.043585
7684	0.043588
19458	0.043598
29820	0.043610
49934	0.043616
16506	0.043630
14670	0.043634
13169	0.043643
14329	0.043644
15926	0.043650
47033	0.043668
45733	0.043672
30333	0.043673
38405	0.043675
16000	0.043676
8878	0.043686
60168	0.043688
26569	0.043689
55928	0.043689
14189	0.043696
21454	0.043702
9143	0.043707
8289	0.043710
41673	0.043712
25500	0.043723
33929	0.043727
34956	0.043727
47445	0.043728
21096	0.043734
7406	0.043736
17502	0.043742
54037	0.043746
12783	0.043750
10531	0.043768
37451	0.043772
19653	0.043775
26991	0.043782
56612	0.043785
17041	0.043788
13227	0.043793
9252	0.043806
13417	0.043806
16222	0.043807
47042	0.043813
13940	0.043824
7245	0.043838
54385	0.043842
29732	0.043844
48200	0.043846
15103	0.043849
6908	0.043867
28119	0.043882
21061	0.043883
37342	0.043890
13044	0.043891
10437	0.043893
15395	0.043894
17244	0.043899
50371	0.043901
11831	0.043913
56004	0.043936
56526	0.043952
58341	0.043959
9570	0.043961
35340	0.043961
25605	0.043961
24171	0.043966
30358	0.043973
32512	0.043973
43545	0.043985
27222	0.043990
15382	0.043997
56603	0.043999
14269	0.043999
16774	0.044000
56349	0.044001
40744	0.044018
42083	0.044026
32192	0.044040
16778	0.044040
57042	0.044046
16137	0.044053
15123	0.044059
8021	0.044059
28673	0.044062
8187	0.044062
53498	0.044077
11802	0.044077
11258	0.044093
10535	0.044107
36475	0.044116
20753	0.044123
24028	0.044127
16858	0.044137
42918	0.044146
14137	0.044149
9753	0.044154
46996	0.044170
41155	0.044175
47225	0.044180
53944	0.044192
61406	0.044195
14663	0.044207
44282	0.044210
33334	0.044214
58088	0.044223
27495	0.044228
44433	0.044230
17036	0.044230
45827	0.044242
21447	0.044265
15895	0.044269
52281	0.044271
51833	0.044275
23624	0.044278
33224	0.044288
48553	0.044291
47006	0.044292
60217	0.044298
23052	0.044302
13575	0.044316
12913	0.044317
10810	0.044331
10715	0.044346
45781	0.044347
26109	0.044350
40224	0.044372
17381	0.044374
55325	0.044380
9796	0.044390
8412	0.044391
25888	0.044400
19995	0.044410
44365	0.044420
12832	0.044423
38410	0.044435
16935	0.044438
15003	0.044453
19419	0.044460
40433	0.044473
40685	0.044478
7294	0.044483
30374	0.044486
37683	0.044491
47565	0.044505
31244	0.044506
10441	0.044509
22606	0.044511
21786	0.044513
22540	0.044516
47833	0.044516
39313	0.044518
37091	0.044525
13728	0.044535
26665	0.044540
28952	0.044550
51683	0.044562
14674	0.044574
17162	0.044581
11994	0.044592
31076	0.044593
52044	0.044599
6945	0.044611
16327	0.044639
60124	0.044642
36063	0.044645
61252	0.044645
20755	0.044652
59132	0.044653
17034	0.044654
47465	0.044655
14310	0.044659
44263	0.044660
49503	0.044668
14669	0.044688
14944	0.044708
38637	0.044713
35997	0.044719
34074	0.044721
23815	0.044725
9542	0.044737
7688	0.044738
13604	0.044739
40180	0.044744
15411	0.044749
15727	0.044750
11662	0.044750
10083	0.044752
17068	0.044753
47910	0.044757
60214	0.044757
31849	0.044764
15394	0.044764
9305	0.044765
36264	0.044772
44546	0.044778
57114	0.044785
13804	0.044787
48896	0.044792
30284	0.044797
56500	0.044800
7722	0.044803
13437	0.044806
35035	0.044816
7489	0.044818
13721	0.044821
13123	0.044831
46842	0.044838
21118	0.044842
61031	0.044847
19804	0.044855
42364	0.044856
61163	0.044860
60648	0.044874
40415	0.044876
8258	0.044885
55855	0.044890
13207	0.044895
47520	0.044909
11805	0.044921
7050	0.044922
15125	0.044939
30602	0.044942
7892	0.044950
9128	0.044961
28666	0.044974
16437	0.044975
30124	0.044986
10839	0.044995
57567	0.045002
42673	0.045003
47100	0.045007
10453	0.045009
16088	0.045030
44522	0.045047
33314	0.045048
42040	0.045052
60682	0.045071
34112	0.045073
12363	0.045074
54125	0.045074
39075	0.045102
21514	0.045103
48281	0.045110
36590	0.045113
27505	0.045113
48448	0.045122
61591	0.045134
46977	0.045149
40649	0.045156
30296	0.045158
24911	0.045160
55780	0.045163
52248	0.045167
31038	0.045177
13855	0.045200
37727	0.045204
40427	0.045209
56992	0.045233
53919	0.045245
39779	0.045247
34101	0.045252
10524	0.045258
60971	0.045262
56626	0.045272
17283	0.045273
15311	0.045274
36608	0.045288
26640	0.045294
53902	0.045300
22369	0.045302
12388	0.045303
16080	0.045307
13742	0.045331
36262	0.045335
36152	0.045348
33003	0.045349
24219	0.045372
40897	0.045388
12712	0.045394
9571	0.045397
14290	0.045411
61565	0.045417
24632	0.045421
16184	0.045421
36443	0.045431
16938	0.045432
30736	0.045446
61127	0.045454
24066	0.045465
20816	0.045479
13846	0.045513
37420	0.045515
30222	0.045518
35220	0.045535
19812	0.045538
55525	0.045542
39305	0.045567
53477	0.045577
25105	0.045584
13452	0.045595
43142	0.045612
37918	0.045616
11320	0.045618
26010	0.045627
49909	0.045627
48415	0.045633
11469	0.045639
40956	0.045640
8792	0.045645
20450	0.045656
16485	0.045664
33082	0.045667
30458	0.045670
37093	0.045675
48660	0.045686
42400	0.045686
32116	0.045687
8319	0.045687
31478	0.045688
17482	0.045700
20630	0.045709
13730	0.045722
13490	0.045748
32382	0.045759
10392	0.045772
15297	0.045772
26129	0.045787
40746	0.045791
52668	0.045793
16127	0.045802
26098	0.045822
19668	0.045825
22019	0.045826
33171	0.045828
11213	0.045840
57161	0.045843
49418	0.045844
24972	0.045857
55344	0.045864
10120	0.045888
11744	0.045914
7996	0.045934
42874	0.045938
40929	0.045943
34920	0.045950
37875	0.045951
40310	0.045970
15352	0.045979
37424	0.045985
23115	0.045986
16772	0.045992
22036	0.046000
61261	0.046002
30942	0.046004
36252	0.046013
16826	0.046024
34122	0.046032
13085	0.046047
9872	0.046052
21420	0.046066
30706	0.046077
7913	0.046085
33165	0.046088
50891	0.046089
52099	0.046105
43615	0.046109
16642	0.046114
12837	0.046138
15398	0.046145
46058	0.046147
30273	0.046155
34116	0.046156
56624	0.046160
50322	0.046176
15698	0.046190
46308	0.046193
44295	0.046195
14094	0.046207
12936	0.046212
44108	0.046267
14334	0.046279
14059	0.046288
57348	0.046293
12521	0.046301
34130	0.046308
25577	0.046328
37209	0.046337
53108	0.046343
41435	0.046363
29286	0.046376
46300	0.046397
57003	0.046403
48278	0.046413
12591	0.046436
60149	0.046441
8447	0.046449
49066	0.046467
45132	0.046476
12104	0.046476
9004	0.046482
56227	0.046528
57525	0.046533
8468	0.046544
25900	0.046545
14837	0.046550
55365	0.046559
44689	0.046559
11470	0.046571
29851	0.046575
25103	0.046579
8557	0.046581
57276	0.046588
40233	0.046596
60796	0.046599
52007	0.046617
49820	0.046632
61082	0.046635
24976	0.046639
55784	0.046654
37024	0.046678
55944	0.046682
10261	0.046684
22655	0.046684
60399	0.046684
9750	0.046684
51445	0.046705
61546	0.046726
48834	0.046766
13589	0.046771
7007	0.046772
12691	0.046781
16550	0.046783
16124	0.046785
32856	0.046799
43565	0.046804
35189	0.046825
36267	0.046832
15133	0.046859
42879	0.046873
26636	0.046884
25569	0.046893
54416	0.046914
16211	0.046916
10999	0.046917
37492	0.046924
15821	0.046926
12371	0.046928
8142	0.046931
60715	0.046938
26377	0.046940
38582	0.046947
44250	0.046950
22830	0.046972
53105	0.046972
24843	0.046975
55584	0.046986
16966	0.046994
16919	0.047014
58401	0.047023
13639	0.047031
7225	0.047038
14309	0.047059
36452	0.047063
44950	0.047066
36210	0.047070
44854	0.047096
58094	0.047106
35528	0.047115
31112	0.047120
14748	0.047137
30893	0.047147
37167	0.047180
28244	0.047195
34158	0.047198
22510	0.047202
43501	0.047214
37043	0.047219
31855	0.047245
36457	0.047246
15454	0.047256
13165	0.047265
30857	0.047274
16999	0.047280
60940	0.047292
16845	0.047295
21865	0.047299
17182	0.047316
57076	0.047320
55289	0.047323
12917	0.047326
51288	0.047341
16899	0.047397
14085	0.047413
26108	0.047415
36086	0.047439
33229	0.047440
47822	0.047473
11828	0.047475
8326	0.047478
15497	0.047479
43117	0.047491
46393	0.047495
12183	0.047507
11664	0.047507
22763	0.047524
28103	0.047527
44962	0.047553
14476	0.047561
9219	0.047561
16795	0.047566
46777	0.047589
36245	0.047593
14884	0.047597
61180	0.047602
57649	0.047611
16608	0.047625
16641	0.047629
50074	0.047632
10235	0.047634
12646	0.047663
35955	0.047683
53266	0.047732
11571	0.047733
29427	0.047751
9249	0.047761
17114	0.047766
40728	0.047783
14433	0.047790
14194	0.047792
12771	0.047800
9806	0.047801
50185	0.047804
51057	0.047838
61412	0.047843
40031	0.047847
25723	0.047852
12927	0.047857
15919	0.047861
56560	0.047871
14765	0.047894
35786	0.047904
40751	0.047909
17505	0.047918
36248	0.047922
35013	0.047939
9924	0.047965
52542	0.047974
8916	0.047977
15444	0.047983
25960	0.047985
53446	0.048000
13030	0.048007
14794	0.048019
25339	0.048026
7660	0.048039
32680	0.048048
25494	0.048070
12458	0.048073
52361	0.048079
12285	0.048091
42556	0.048095
37325	0.048101
32125	0.048108
54005	0.048112
49029	0.048119
11321	0.048123
9360	0.048129
15477	0.048144
40737	0.048144
55312	0.048148
11635	0.048183
28841	0.048185
9581	0.048188
8346	0.048188
19112	0.048190
26755	0.048191
44292	0.048193
40749	0.048193
48018	0.048202
28901	0.048209
38902	0.048225
53275	0.048230
37088	0.048257
8453	0.048263
54563	0.048274
24552	0.048276
61152	0.048279
28332	0.048284
19664	0.048288
7947	0.048308
40441	0.048312
11194	0.048314
48263	0.048317
13823	0.048321
11402	0.048327
37753	0.048329
15806	0.048350
50459	0.048355
60471	0.048363
49765	0.048375
7213	0.048380
14834	0.048382
11180	0.048390
8250	0.048396
53329	0.048426
54604	0.048440
58111	0.048442
35216	0.048443
53099	0.048461
11535	0.048462
38650	0.048466
24497	0.048469
54768	0.048507
19117	0.048515
36923	0.048532
13692	0.048550
21648	0.048566
19600	0.048567
28077	0.048570
13627	0.048610
7953	0.048619
12069	0.048623
53206	0.048627
39984	0.048633
42598	0.048658
7589	0.048660
52452	0.048669
46337	0.048685
43656	0.048702
13515	0.048708
15465	0.048708
54947	0.048727
16299	0.048727
58051	0.048756
25829	0.048770
8863	0.048791
60237	0.048796
7367	0.048797
48167	0.048805
12901	0.048820
13770	0.048825
35173	0.048833
14108	0.048836
33161	0.048836
52474	0.048838
40220	0.048856
14640	0.048883
57797	0.048897
40682	0.048905
52368	0.048911
57036	0.048965
7303	0.049002
21128	0.049011
40973	0.049029
9862	0.049037
36462	0.049037
17407	0.049060
36738	0.049060
56074	0.049065
17499	0.049067
40727	0.049069
12468	0.049081
43235	0.049086
58589	0.049092
48338	0.049108
40735	0.049117
21497	0.049123
10818	0.049142
56933	0.049162
39876	0.049170
44240	0.049185
16305	0.049185
44545	0.049213
21966	0.049261
24535	0.049292
54396	0.049314
51652	0.049315
44129	0.049356
34545	0.049357
33867	0.049378
8613	0.049383
33038	0.049383
41591	0.049390
13743	0.049394
10774	0.049395
35134	0.049444
13336	0.049448
31945	0.049452
7189	0.049464
39578	0.049466
31892	0.049477
58451	0.049498
42137	0.049507
15882	0.049541
14016	0.049554
9107	0.049556
40745	0.049570
9892	0.049592
50157	0.049621
17050	0.049623
11483	0.049633
9492	0.049640
21624	0.049640
21239	0.049645
11962	0.049662
33970	0.049672
53089	0.049681
56594	0.049683
31924	0.049701
28275	0.049707
13254	0.049712
11819	0.049716
28343	0.049722
45622	0.049741
47452	0.049755
26826	0.049769
28237	0.049771
16705	0.049819
21441	0.049839
7370	0.049848
42725	0.049848
56607	0.049878
34440	0.049888
15791	0.049889
6989	0.049899
8317	0.049933
15632	0.049947
25962	0.049953
48274	0.049987
13316	0.050005
48551	0.050007
31000	0.050008
46663	0.050012
10872	0.050031
53287	0.050039
43481	0.050045
36046	0.050048
55376	0.050073
38702	0.050075
16084	0.050075
22106	0.050101
15707	0.050106
10262	0.050118
40758	0.050141
53182	0.050144
41575	0.050184
21247	0.050185
28258	0.050186
39962	0.050235
20496	0.050283
12995	0.050283
31586	0.050292
57635	0.050293
7823	0.050301
17435	0.050305
17102	0.050314
19110	0.050328
11205	0.050339
19677	0.050342
25768	0.050347
21090	0.050356
47123	0.050365
47051	0.050391
24397	0.050393
23231	0.050398
16391	0.050406
22713	0.050408
36370	0.050458
15888	0.050476
53283	0.050489
25124	0.050497
33173	0.050542
33449	0.050573
38244	0.050592
13073	0.050600
9257	0.050600
37650	0.050603
15187	0.050639
16235	0.050697
52554	0.050697
13048	0.050747
40977	0.050752
21004	0.050761
38459	0.050763
38873	0.050781
13467	0.050813
50697	0.050817
53209	0.050834
40729	0.050855
23240	0.050866
21511	0.050872
52706	0.050886
14662	0.050895
15740	0.050910
16790	0.050924
13465	0.050951
40388	0.050978
55829	0.050978
13623	0.051019
34948	0.051020
12251	0.051033
53165	0.051045
8054	0.051062
14416	0.051086
31180	0.051087
49448	0.051110
15295	0.051116
61671	0.051144
45549	0.051158
49047	0.051160
8443	0.051166
30204	0.051168
17683	0.051170
14668	0.051187
21546	0.051192
24156	0.051208
50356	0.051235
41615	0.051248
12457	0.051306
13808	0.051328
27523	0.051331
44219	0.051338
47964	0.051346
11833	0.051360
28239	0.051417
22174	0.051421
55408	0.051476
54330	0.051504
58090	0.051513
15406	0.051522
16358	0.051569
28890	0.051571
41233	0.051572
21912	0.051573
7214	0.051609
25742	0.051621
34104	0.051622
6996	0.051626
9190	0.051633
28251	0.051647
12112	0.051651
41598	0.051675
10627	0.051684
38620	0.051684
60366	0.051692
7114	0.051697
40687	0.051753
55260	0.051763
12760	0.051768
15920	0.051776
8692	0.051779
21289	0.051781
55600	0.051806
57947	0.051824
36685	0.051851
27100	0.051884
28382	0.051934
27433	0.051949
60492	0.051955
9270	0.051991
54141	0.052017
15843	0.052033
52869	0.052045
47646	0.052066
10016	0.052084
44979	0.052087
37126	0.052088
6974	0.052091
57052	0.052098
12963	0.052128
15495	0.052134
60299	0.052141
16180	0.052156
7831	0.052167
49674	0.052169
7905	0.052182
49692	0.052210
50285	0.052211
23248	0.052212
32928	0.052228
32691	0.052256
47496	0.052256
23167	0.052274
15504	0.052298
38139	0.052325
40755	0.052325
52867	0.052331
9244	0.052348
34202	0.052354
13488	0.052366
44077	0.052377
10912	0.052382
50367	0.052384
25955	0.052384
56987	0.052385
42014	0.052393
20474	0.052397
14809	0.052412
30189	0.052432
54399	0.052451
13985	0.052451
32686	0.052463
40734	0.052503
48740	0.052517
45006	0.052520
46569	0.052529
55900	0.052531
7028	0.052534
45321	0.052541
24516	0.052548
47291	0.052584
56583	0.052600
14111	0.052612
16212	0.052619
30559	0.052621
20821	0.052622
12003	0.052629
10092	0.052630
31050	0.052725
22537	0.052748
36317	0.052795
32665	0.052811
23200	0.052832
49789	0.052845
7994	0.052857
6981	0.052858
39309	0.052879
14434	0.052894
47027	0.052908
28990	0.052909
9339	0.052935
30622	0.052970
23146	0.052987
31873	0.053015
15682	0.053029
33501	0.053052
51792	0.053077
39957	0.053083
10299	0.053095
20641	0.053131
55302	0.053149
16034	0.053159
48129	0.053175
11080	0.053213
12487	0.053222
27560	0.053223
15016	0.053255
14300	0.053297
8206	0.053299
10130	0.053363
11670	0.053366
15597	0.053371
28139	0.053371
43771	0.053376
32110	0.053383
13626	0.053395
8377	0.053400
12211	0.053412
20043	0.053424
34425	0.053474
35320	0.053476
53881	0.053476
20360	0.053479
22576	0.053485
19556	0.053487
13352	0.053492
35179	0.053506
20336	0.053512
9800	0.053512
36048	0.053523
34107	0.053528
15506	0.053549
42786	0.053564
11769	0.053650
25866	0.053666
7009	0.053698
43543	0.053721
58626	0.053791
8790	0.053810
23346	0.053817
52857	0.053830
43765	0.053832
31372	0.053851
53990	0.053898
38383	0.053913
30982	0.053916
7039	0.053917
49410	0.053974
52660	0.053978
6980	0.053990
52751	0.054015
8809	0.054018
52203	0.054036
21509	0.054049
12387	0.054050
10434	0.054069
9441	0.054073
44065	0.054076
10677	0.054083
48864	0.054098
35002	0.054117
40733	0.054121
11323	0.054149
55903	0.054191
44874	0.054191
15819	0.054204
40730	0.054212
14127	0.054226
14437	0.054233
17012	0.054241
35801	0.054253
40739	0.054254
26185	0.054263
13766	0.054264
16086	0.054265
16928	0.054302
44125	0.054303
13993	0.054324
7107	0.054325
13366	0.054333
28072	0.054356
7298	0.054376
13987	0.054384
56888	0.054428
6987	0.054478
53911	0.054479
29300	0.054498
19950	0.054504
11986	0.054505
50031	0.054522
43335	0.054528
45822	0.054530
21408	0.054540
47815	0.054543
44914	0.054560
13651	0.054568
31468	0.054602
27441	0.054603
16455	0.054608
13999	0.054616
12001	0.054618
13361	0.054622
10009	0.054632
12013	0.054666
50753	0.054668
29982	0.054687
31176	0.054692
44067	0.054762
31862	0.054767
11830	0.054770
42815	0.054780
41663	0.054795
21916	0.054832
27519	0.054888
12174	0.054921
13712	0.054927
40738	0.054943
23974	0.054966
12002	0.054970
9525	0.054978
28982	0.055013
16335	0.055027
11617	0.055048
49920	0.055052
48786	0.055053
15718	0.055067
12092	0.055125
10313	0.055130
31868	0.055133
19058	0.055176
53582	0.055178
40961	0.055182
48315	0.055196
8617	0.055213
35312	0.055218
20802	0.055218
15197	0.055237
24991	0.055239
6931	0.055239
43989	0.055270
45022	0.055289
44532	0.055292
15593	0.055304
15372	0.055323
31616	0.055335
15287	0.055349
13224	0.055357
10053	0.055366
9337	0.055382
19348	0.055392
15143	0.055419
13874	0.055427
10410	0.055434
7016	0.055435
7003	0.055463
16733	0.055469
32258	0.055478
40953	0.055484
58131	0.055485
29012	0.055487
48993	0.055495
42134	0.055502
19054	0.055504
7000	0.055532
14976	0.055549
26062	0.055575
7575	0.055590
37155	0.055634
26458	0.055640
12015	0.055656
42927	0.055657
8378	0.055678
6975	0.055694
12903	0.055695
47976	0.055697
44322	0.055698
27624	0.055752
12133	0.055765
52626	0.055784
11832	0.055784
25795	0.055811
53863	0.055822
47824	0.055848
6985	0.055888
58295	0.055896
10229	0.055903
24930	0.055966
58343	0.055988
9159	0.056009
53923	0.056020
15442	0.056039
7019	0.056042
43763	0.056048
6986	0.056070
11536	0.056100
12008	0.056132
7837	0.056151
10927	0.056167
15405	0.056219
30491	0.056224
9963	0.056225
12610	0.056246
14997	0.056252
40347	0.056266
12657	0.056271
7191	0.056288
39986	0.056291
10932	0.056340
12641	0.056378
61301	0.056457
9211	0.056526
46434	0.056533
22185	0.056547
12746	0.056572
22466	0.056582
7025	0.056594
10572	0.056605
37489	0.056611
7927	0.056621
54034	0.056648
15758	0.056679
9804	0.056690
47788	0.056701
50120	0.056726
12016	0.056744
48044	0.056789
30921	0.056805
37048	0.056809
15744	0.056811
20798	0.056827
12757	0.056840
51172	0.056847
10658	0.056868
46207	0.056884
24289	0.056888
57231	0.056899
35314	0.056901
58229	0.056971
15085	0.056995
46188	0.057018
7907	0.057042
13278	0.057043
29396	0.057080
11404	0.057087
11089	0.057104
54729	0.057116
10249	0.057128
14395	0.057129
55557	0.057136
6971	0.057152
6977	0.057163
57158	0.057192
11957	0.057195
58595	0.057220
16978	0.057254
13225	0.057308
30299	0.057317
40359	0.057362
49711	0.057367
33303	0.057385
47820	0.057404
22572	0.057419
58403	0.057448
26941	0.057476
7757	0.057495
14596	0.057504
32935	0.057521
48052	0.057694
14394	0.057700
9111	0.057713
12899	0.057759
22554	0.057767
38366	0.057814
12902	0.057829
25713	0.057886
44953	0.057889
39654	0.057890
7033	0.057894
16068	0.057899
13722	0.057913
7018	0.057921
14219	0.057922
14027	0.057947
24513	0.057969
26082	0.057991
28217	0.058007
55287	0.058015
10347	0.058042
54096	0.058045
24149	0.058085
22081	0.058110
55588	0.058129
14196	0.058173
58189	0.058183
14398	0.058184
15338	0.058188
15309	0.058224
14126	0.058297
13475	0.058308
24942	0.058398
38502	0.058421
50101	0.058434
14810	0.058438
57609	0.058440
11971	0.058461
11989	0.058485
23306	0.058625
13877	0.058633
51394	0.058671
8335	0.058690
7030	0.058729
49429	0.058741
60449	0.058762
48648	0.058838
43524	0.058844
33768	0.058849
58093	0.058865
55980	0.058908
10764	0.058919
32860	0.058942
50959	0.058951
39070	0.058958
15388	0.058997
33599	0.059040
12007	0.059066
42833	0.059077
22756	0.059099
52592	0.059100
14970	0.059116
6999	0.059151
40752	0.059169
8252	0.059240
55834	0.059255
13249	0.059285
55762	0.059299
8656	0.059313
41519	0.059329
8473	0.059350
9293	0.059383
25157	0.059389
42830	0.059393
51398	0.059398
14229	0.059415
26761	0.059449
7031	0.059462
37063	0.059553
7022	0.059555
28159	0.059558
40525	0.059574
52799	0.059575
7004	0.059632
42345	0.059644
19499	0.059646
39670	0.059657
14623	0.059678
37988	0.059725
60515	0.059837
11315	0.059848
10760	0.059939
16270	0.059964
56435	0.059978
15881	0.060029
37208	0.060080
6984	0.060101
6994	0.060163
56781	0.060167
15070	0.060235
29225	0.060243
26928	0.060247
10088	0.060261
14029	0.060265
7037	0.060304
23084	0.060312
16203	0.060362
7010	0.060390
61370	0.060392
7130	0.060508
7861	0.060527
11969	0.060592
6972	0.060595
15310	0.060661
30620	0.060671
41845	0.060735
7005	0.060766
30808	0.060770
13791	0.060831
51290	0.060859
25141	0.060872
8600	0.060896
51897	0.061017
32589	0.061040
15602	0.061057
10399	0.061107
12823	0.061109
8620	0.061160
7143	0.061160
40522	0.061182
7590	0.061184
9142	0.061228
54320	0.061261
15675	0.061261
48354	0.061283
29062	0.061366
42107	0.061376
54541	0.061449
23638	0.061467
21630	0.061476
46998	0.061500
35714	0.061514
13620	0.061539
54826	0.061547
44265	0.061560
28911	0.061583
46101	0.061608
8614	0.061626
44241	0.061626
14430	0.061651
56942	0.061693
12136	0.061742
10162	0.061837
32531	0.061859
14117	0.061867
10119	0.061882
12731	0.061896
33058	0.061950
7690	0.061962
7079	0.062013
11214	0.062020
8864	0.062029
10026	0.062057
60262	0.062083
6973	0.062099
10750	0.062265
20590	0.062271
52794	0.062293
47853	0.062295
49624	0.062304
12745	0.062324
8896	0.062342
24584	0.062344
25802	0.062469
10569	0.062509
11015	0.062514
61522	0.062526
42465	0.062530
12006	0.062573
11446	0.062590
15307	0.062602
15631	0.062688
12175	0.062690
31081	0.062692
22988	0.062700
11413	0.062718
49639	0.062736
26044	0.062892
44238	0.062895
6983	0.062969
15700	0.062969
43633	0.062998
41644	0.063000
30569	0.063006
13203	0.063015
32069	0.063036
14614	0.063050
60232	0.063052
32613	0.063059
9407	0.063078
6993	0.063146
33612	0.063157
6939	0.063168
8787	0.063198
15552	0.063206
57017	0.063218
15907	0.063309
12730	0.063359
24510	0.063406
8332	0.063437
24521	0.063482
27426	0.063528
7077	0.063546
21462	0.063572
10765	0.063593
7017	0.063599
7568	0.063607
13614	0.063633
50369	0.063659
43466	0.063699
49610	0.063785
7020	0.063791
13350	0.063793
24988	0.063815
12669	0.063830
8793	0.063870
31986	0.063883
49937	0.063896
10398	0.063980
14665	0.064006
40520	0.064034
31365	0.064142
41951	0.064143
15104	0.064165
31156	0.064251
7934	0.064267
13436	0.064343
12009	0.064348
35159	0.064356
15293	0.064358
53253	0.064444
50109	0.064536
12012	0.064549
26000	0.064588
24831	0.064653
14118	0.064766
46665	0.064786
22391	0.064846
44294	0.064861
13597	0.064871
49101	0.064878
9898	0.064911
58550	0.064951
23322	0.065017
21475	0.065097
7220	0.065118
7546	0.065251
37717	0.065296
9113	0.065337
39461	0.065370
43499	0.065374
8893	0.065385
12609	0.065440
11108	0.065544
27541	0.065545
16271	0.065547
21047	0.065589
36162	0.065609
35154	0.065666
6982	0.065700
7240	0.065717
8851	0.065754
57857	0.065803
45460	0.065841
12444	0.065876
14838	0.065926
53909	0.065970
30789	0.066018
10682	0.066102
8017	0.066110
16100	0.066135
9352	0.066243
14653	0.066263
12822	0.066325
15437	0.066353
30839	0.066390
12748	0.066424
51624	0.066463
51590	0.066474
44317	0.066495
51829	0.066498
15354	0.066508
14791	0.066512
30976	0.066528
9844	0.066529
14239	0.066538
16326	0.066584
37117	0.066595
10808	0.066702
9338	0.066712
30797	0.066752
12210	0.066771
13557	0.066843
61015	0.066946
13259	0.066954
11963	0.066955
15935	0.067008
39099	0.067056
55963	0.067067
13962	0.067096
36741	0.067130
7631	0.067146
11991	0.067154
13056	0.067156
23042	0.067198
45174	0.067223
11838	0.067301
34802	0.067311
7498	0.067324
7014	0.067330
38999	0.067391
46137	0.067465
14699	0.067465
34911	0.067467
41563	0.067513
26678	0.067553
6934	0.067564
56075	0.067643
35759	0.067666
44259	0.067747
13600	0.067784
56439	0.067787
25621	0.067795
8895	0.067802
13924	0.067808
8570	0.067896
15695	0.067927
15390	0.067943
21024	0.067994
23979	0.068009
13875	0.068045
8338	0.068087
6944	0.068133
37672	0.068220
42810	0.068226
14277	0.068266
6967	0.068274
13603	0.068319
44313	0.068320
8106	0.068323
41605	0.068344
26917	0.068357
12862	0.068460
19941	0.068564
51443	0.068582
27428	0.068659
15407	0.068685
14879	0.068785
50180	0.068804
9074	0.068806
47580	0.068814
36084	0.068822
8869	0.068866
33882	0.068934
19369	0.068937
16341	0.068949
7853	0.068976
6969	0.068986
15737	0.069126
14964	0.069178
21522	0.069245
26557	0.069259
15627	0.069261
40754	0.069280
8527	0.069289
14453	0.069331
21524	0.069357
9155	0.069398
39392	0.069407
46520	0.069437
9370	0.069442
55089	0.069459
52797	0.069546
14741	0.069617
24615	0.069692
16253	0.069713
9938	0.069713
15672	0.069757
13534	0.069771
22566	0.069883
7006	0.069918
10687	0.070038
24781	0.070069
13961	0.070086
14982	0.070138
40506	0.070161
7724	0.070202
31327	0.070246
46507	0.070378
9930	0.070389
52986	0.070447
39493	0.070515
60424	0.070564
7125	0.070571
36957	0.070575
8722	0.070610
24619	0.070688
10121	0.070706
9022	0.070745
10598	0.070771
41228	0.070777
12769	0.070847
35203	0.070898
23503	0.070912
12116	0.070981
7859	0.070987
57029	0.071069
8440	0.071075
56772	0.071098
44310	0.071144
8449	0.071197
39195	0.071204
54531	0.071331
41620	0.071365
44299	0.071448
8575	0.071513
56669	0.071522
12391	0.071595
30553	0.071624
13435	0.071632
6995	0.071708
9189	0.071744
35335	0.071763
32399	0.071765
43985	0.071821
35194	0.071822
8958	0.071874
49452	0.071892
19622	0.071970
55572	0.071998
15594	0.071999
26675	0.072100
13362	0.072176
10220	0.072197
16289	0.072255
11380	0.072271
7721	0.072290
20119	0.072450
6991	0.072458
28979	0.072493
9662	0.072558
19570	0.072578
19237	0.072628
13812	0.072660
21692	0.072674
32502	0.072707
11987	0.072746
9805	0.072889
56840	0.072956
47037	0.072975
6976	0.073049
8891	0.073078
50994	0.073142
35392	0.073228
15592	0.073286
13027	0.073288
10545	0.073332
13595	0.073404
49075	0.073444
26811	0.073549
8336	0.073676
28738	0.073701
9072	0.073781
31133	0.073807
7377	0.073807
25243	0.073892
9556	0.074005
50351	0.074081
7008	0.074106
51344	0.074165
7081	0.074313
9465	0.074423
24353	0.074579
30125	0.074614
12579	0.074678
13052	0.074739
10772	0.074843
10704	0.074969
55232	0.075010
15561	0.075088
13468	0.075162
44217	0.075195
30476	0.075196
42828	0.075246
42439	0.075540
7210	0.075552
14186	0.075571
12852	0.075598
11132	0.075637
12213	0.075663
44064	0.075752
21040	0.075821
10657	0.075910
9176	0.075949
53524	0.075989
20081	0.076059
25905	0.076178
11990	0.076216
13523	0.076354
8994	0.076432
13011	0.076452
11558	0.076495
11589	0.076757
35249	0.076811
25834	0.077089
14197	0.077221
49915	0.077266
13943	0.077323
35252	0.077393
8982	0.077395
34937	0.077657
41721	0.077679
30717	0.077695
17207	0.077749
30479	0.077797
41588	0.077945
40103	0.077993
8889	0.078015
30529	0.078035
24904	0.078066
6979	0.078181
11968	0.078231
40753	0.078295
17464	0.078359
9179	0.078556
55778	0.078595
19364	0.078658
13228	0.078774
61392	0.078918
13396	0.078936
40768	0.079003
15571	0.079084
12951	0.079134
48319	0.079141
20246	0.079172
9695	0.079189
10707	0.079251
19409	0.079304
15776	0.079480
39175	0.079485
18287	0.079494
42995	0.079505
20479	0.079595
30971	0.079679
7036	0.079797
26030	0.079809
8395	0.079892
10555	0.080006
14613	0.080142
56580	0.080196
7600	0.080204
11840	0.080222
44208	0.080456
28132	0.080514
11549	0.080686
7551	0.080720
12077	0.080771
57012	0.080892
48311	0.080897
24835	0.081048
8246	0.081119
7012	0.081181
45969	0.081227
14484	0.081342
41655	0.081369
12817	0.081393
55774	0.081411
26965	0.081427
29092	0.081442
43531	0.081446
14131	0.081456
36333	0.081619
55681	0.081625
49533	0.081646
16221	0.081675
53692	0.081707
57404	0.081735
15370	0.081798
38308	0.081833
16849	0.081837
11992	0.081919
12747	0.082012
6998	0.082081
48823	0.082089
16076	0.082195
12920	0.082221
26554	0.082245
25403	0.082262
29095	0.082412
25119	0.082431
14048	0.082472
16753	0.082479
46924	0.082847
15511	0.082858
47586	0.082892
21622	0.082932
12017	0.082937
47764	0.082961
48906	0.082966
38867	0.082992
37751	0.083041
9160	0.083221
17453	0.083285
10980	0.083286
14566	0.083288
7965	0.083298
48969	0.083337
14969	0.083348
58086	0.083389
27408	0.083402
60272	0.083483
11423	0.083528
30548	0.083706
11615	0.083824
12141	0.083894
14255	0.083984
12733	0.084015
9799	0.084049
48366	0.084082
28766	0.084095
54743	0.084153
44242	0.084187
31102	0.084259
53981	0.084282
55455	0.084382
30537	0.084485
31901	0.084490
9863	0.084531
7824	0.084550
10717	0.084564
32562	0.084578
39061	0.084740
24884	0.084764
43546	0.084828
16079	0.084909
48382	0.084926
13229	0.084951
10487	0.085013
20773	0.085074
43854	0.085088
48767	0.085239
36905	0.085286
30667	0.085348
13598	0.085446
12513	0.085455
7058	0.085466
24642	0.085467
24765	0.085488
16807	0.085497
6997	0.085513
45791	0.085533
60676	0.085565
20893	0.085639
31906	0.085641
23555	0.085742
52984	0.085896
14017	0.085932
38592	0.085945
17459	0.085971
50378	0.086060
14124	0.086188
7021	0.086358
40979	0.086468
37189	0.086494
11787	0.086545
14622	0.086577
39959	0.086614
40486	0.086647
17503	0.086728
40018	0.086755
52683	0.086794
21312	0.086802
47150	0.086859
16624	0.086891
20476	0.087005
26497	0.087037
45669	0.087122
12612	0.087130
29153	0.087137
16213	0.087158
39703	0.087226
36580	0.087244
35557	0.087273
26503	0.087348
37430	0.087364
16562	0.087425
9199	0.087465
12071	0.087489
7026	0.087534
14134	0.087582
26938	0.087584
35358	0.087605
46149	0.087643
43552	0.087653
30810	0.087659
36010	0.087668
20895	0.087723
38478	0.087728
15192	0.087734
50174	0.087807
45989	0.087831
56486	0.088000
8866	0.088019
38337	0.088051
21877	0.088092
17049	0.088095
11201	0.088132
58213	0.088245
50582	0.088247
24777	0.088304
56749	0.088430
13092	0.088439
37903	0.088448
42978	0.088506
49355	0.088560
46527	0.088566
7186	0.088569
21093	0.088602
58101	0.088676
15939	0.088702
14724	0.088733
7180	0.088809
47161	0.088829
56774	0.088834
12024	0.088851
47889	0.088870
27859	0.088938
25459	0.088939
11515	0.088971
40678	0.088974
52354	0.088993
15053	0.089046
46908	0.089125
51318	0.089149
11334	0.089175
13544	0.089193
49145	0.089229
55817	0.089262
36615	0.089284
26520	0.089296
11663	0.089305
35024	0.089380
23964	0.089432
11094	0.089476
49240	0.089481
33771	0.089494
23474	0.089511
21529	0.089530
46253	0.089547
49446	0.089558
26042	0.089586
15391	0.089615
30454	0.089663
12093	0.089669
60328	0.089670
32727	0.089700
41601	0.089834
39252	0.089839
13024	0.089845
49148	0.089854
9434	0.089933
30606	0.089949
38374	0.090021
13548	0.090024
54159	0.090041
14624	0.090165
23895	0.090167
46623	0.090168
30624	0.090193
14905	0.090203
31061	0.090267
52278	0.090279
18876	0.090288
12011	0.090297
38880	0.090327
9493	0.090448
47383	0.090450
55066	0.090564
52640	0.090576
8450	0.090644
47277	0.090645
8591	0.090646
13382	0.090731
32566	0.090761
12201	0.090784
14513	0.090809
32410	0.090821
12895	0.090871
15696	0.090917
44164	0.091089
15854	0.091114
58114	0.091117
49150	0.091133
11442	0.091181
17027	0.091236
32476	0.091276
56708	0.091318
41904	0.091377
45472	0.091400
54847	0.091441
41001	0.091477
6992	0.091502
13420	0.091568
54486	0.091582
16355	0.091624
56715	0.091648
11406	0.091666
47386	0.091682
9023	0.091708
16759	0.091746
60155	0.091827
16763	0.091873
12494	0.091908
39947	0.091933
37204	0.091934
25117	0.092080
35625	0.092126
58073	0.092186
45489	0.092238
34643	0.092269
26962	0.092476
10046	0.092505
39464	0.092593
23655	0.092593
10388	0.092602
43506	0.092660
58218	0.092688
14855	0.092768
32406	0.092778
38234	0.092778
47531	0.092781
23391	0.092825
51737	0.092864
15933	0.092874
9024	0.092925
11825	0.092934
14968	0.093007
13641	0.093009
11345	0.093011
7032	0.093019
6978	0.093101
33157	0.093105
27290	0.093126
49762	0.093164
15436	0.093267
35145	0.093313
47010	0.093329
31429	0.093352
37035	0.093371
40504	0.093453
9280	0.093455
11993	0.093565
51824	0.093606
9682	0.093632
51815	0.093641
54373	0.093653
7997	0.093684
55586	0.093707
33876	0.093715
51732	0.093722
48710	0.093821
21999	0.093878
47759	0.093905
42770	0.093923
53540	0.093984
25550	0.093988
7325	0.094035
29872	0.094052
44559	0.094086
53327	0.094097
11998	0.094119
7158	0.094123
9335	0.094212
25599	0.094235
54265	0.094276
53695	0.094284
14934	0.094307
21696	0.094339
8571	0.094465
8804	0.094510
50657	0.094537
41768	0.094550
23357	0.094559
10565	0.094607
13138	0.094610
53734	0.094624
11795	0.094639
9802	0.094656
15731	0.094657
39989	0.094680
7962	0.094754
15441	0.094767
17025	0.094776
7302	0.094779
60474	0.094780
10816	0.094820
28977	0.094840
16631	0.094921
14907	0.094990
39365	0.095139
17455	0.095154
6910	0.095179
42820	0.095185
44445	0.095192
48360	0.095401
20252	0.095525
53793	0.095596
51810	0.095723
48344	0.095728
28676	0.095733
10066	0.095794
12004	0.095795
49294	0.095797
34551	0.095819
11484	0.095842
23351	0.095854
12409	0.095886
10974	0.095891
23326	0.095913
30820	0.095924
29758	0.095989
6965	0.096048
9334	0.096080
36721	0.096094
24432	0.096141
51807	0.096157
12367	0.096168
10679	0.096213
12604	0.096236
41576	0.096281
36145	0.096318
28015	0.096338
29762	0.096351
13419	0.096397
15855	0.096405
41585	0.096446
9723	0.096455
56658	0.096459
52455	0.096526
11988	0.096561
42589	0.096661
9157	0.096668
37392	0.096945
60556	0.096963
8500	0.096965
12679	0.096968
35791	0.096976
12165	0.096977
8507	0.097020
14887	0.097057
8373	0.097078
14643	0.097087
30520	0.097139
12629	0.097154
12205	0.097218
11181	0.097250
15289	0.097281
14563	0.097400
23336	0.097442
42824	0.097475
54882	0.097514
7023	0.097525
13210	0.097565
17424	0.097586
46955	0.098028
29255	0.098029
23309	0.098067
23710	0.098106
7514	0.098149
11566	0.098150
14518	0.098237
13196	0.098250
6990	0.098350
25361	0.098423
15807	0.098460
8502	0.098487
40469	0.098556
14607	0.098558
13552	0.098559
39992	0.098559
7034	0.098571
10560	0.098637
27140	0.098646
13380	0.098877
26020	0.099009
11220	0.099035
10093	0.099051
40655	0.099073
50982	0.099078
15299	0.099105
26794	0.099155
28995	0.099400
58648	0.099414
9094	0.099492
15423	0.099620
8567	0.099670
15509	0.099797
19749	0.099814
7300	0.099816
48571	0.099847
9936	0.099916
13001	0.099932
22172	0.099988
10059	0.100015
44659	0.100102
11737	0.100144
16160	0.100155
49361	0.100348
14441	0.100507
12900	0.100526
13087	0.100811
54777	0.100820
10096	0.100915
7027	0.101002
13195	0.101201
26298	0.101468
43534	0.101480
15887	0.101501
15998	0.101853
20868	0.101989
52956	0.102021
26909	0.102033
24727	0.102036
61628	0.102385
38172	0.102476
48349	0.102491
8797	0.102986
36395	0.103122
48112	0.103427
38616	0.103472
26683	0.103560
11477	0.103582
13960	0.103668
9969	0.103744
50012	0.103865
41765	0.103887
42695	0.103964
39169	0.104066
24416	0.104139
14792	0.104166
7766	0.104283
11999	0.104429
41652	0.104434
28931	0.104542
43679	0.104852
14564	0.104946
28016	0.104975
54280	0.105125
9929	0.105190
46567	0.105395
25764	0.105525
44216	0.105718
15918	0.105909
51300	0.105922
7671	0.105987
52371	0.106000
14088	0.106028
55579	0.106498
13136	0.106534
7945	0.106544
15288	0.106812
42254	0.106864
52819	0.107131
45744	0.107165
11393	0.107201
17056	0.107734
8666	0.107788
12130	0.108189
26833	0.108199
47653	0.108219
40222	0.108308
13088	0.108347
35757	0.108353
9153	0.108455
43503	0.108543
14682	0.108775
44244	0.109722
49098	0.109848
10373	0.109997
12608	0.110145
55643	0.110217
41625	0.110225
14431	0.110376
47748	0.110846
12395	0.110941
9699	0.111064
26025	0.111133
6970	0.111533
12214	0.111921
28848	0.112165
15658	0.112197
13431	0.112718
33525	0.112939
21932	0.113410
13543	0.113454
19977	0.113702
53154	0.113865
43819	0.113897
41641	0.113969
8156	0.114174
17177	0.114734
58448	0.114882
40689	0.115104
15951	0.115263
15128	0.115426
34669	0.115470
14818	0.115884
61029	0.115968
11198	0.116040
45105	0.116145
14514	0.116371
28879	0.117068
25525	0.117271
9668	0.117293
13231	0.117565
21434	0.117687
20766	0.118172
15399	0.118201
14619	0.119200
49415	0.119498
14786	0.120004
12254	0.120484
48636	0.120569
28151	0.121421
14639	0.121423
19404	0.121726
35247	0.121739
14644	0.122086
10525	0.122524
49690	0.122660
29736	0.123694
48496	0.124280
60404	0.124294
15656	0.124729
13556	0.125135
21499	0.125265
23148	0.126083
12394	0.126324
15290	0.126797
48876	0.127280
13295	0.127532
56315	0.127819
16731	0.127875
31948	0.128044
35662	0.128053
41612	0.128561
61063	0.128594
15305	0.129518
20108	0.129672
21479	0.131172
38046	0.131262
32569	0.131992
51392	0.132355
13549	0.133852
19379	0.134450
15789	0.135821
10020	0.136270
15282	0.136583
47536	0.137232
41716	0.137382
7618	0.137528
33944	0.137764
13545	0.138553
44320	0.139011
15440	0.139074
10496	0.139621
21532	0.139638
16078	0.139859
41658	0.140042
7549	0.140459
30866	0.140694
15397	0.140780
13550	0.140928
12370	0.141825
51734	0.142090
7576	0.142598
49154	0.142630
15601	0.142744
15147	0.142787
41649	0.143360
7141	0.143745
10561	0.144117
53094	0.144222
11809	0.144393
13621	0.145166
20624	0.145765
9708	0.146037
16264	0.146702
8202	0.147094
10897	0.147507
23341	0.147543
37905	0.147694
11316	0.147775
13553	0.148433
34119	0.150367
58107	0.150940
9901	0.150962
8462	0.153962
44229	0.155420
15622	0.155904
17327	0.156956
50189	0.157571
14463	0.157948
15936	0.158782
15783	0.159005
40757	0.160340
10792	0.162753
37302	0.163734
43330	0.164328
10469	0.165061
9852	0.165471
21478	0.166198
13546	0.166853
7002	0.166974
14052	0.167024
12651	0.167073
46226	0.167272
16623	0.167310
15292	0.168770
7381	0.169118
9316	0.170260
31012	0.173058
39601	0.175891
46668	0.177612
15298	0.178203
43167	0.180991
51730	0.181559
33153	0.183294
13643	0.185167
13480	0.187575
9584	0.188660
15570	0.192227
57774	0.192763
35628	0.193555
21628	0.194784
14195	0.200456
44965	0.211719
11084	0.215500
36345	0.221926
19377	0.222375
11875	0.233864
30319	0.240524
22929	0.244051
14018	0.246571
13256	0.250365
59673	0.267252
13416	0.281507
51179	0.297094
8284	0.327307
15369	0.337975
38614	0.359189
69022	0.435230
52104	0.435353
30207	0.580811
30211	0.592178
49123	0.930533
40626	0.938277
28366	0.942520
48891	0.958526
43053	0.958877
25505	0.961098
50477	0.968920
53173	0.969647
28764	0.970127
53013	0.971136
17111	0.973505
54022	0.977683
49118	0.995828
28369	1.000000
