17316	0.000000
25260	0.000000
20388	0.003455
61147	0.003632
21226	0.003669
46182	0.003669
21576	0.003879
7890	0.004334
54103	0.004880
54106	0.004880
27758	0.004927
33451	0.005079
16348	0.005146
12511	0.005339
42545	0.005339
61578	0.005379
15885	0.005442
60602	0.005453
14335	0.005589
61289	0.005589
24420	0.005901
61273	0.005914
27782	0.006388
36912	0.006388
13457	0.006388
52001	0.006489
16850	0.006635
8529	0.006826
10158	0.006969
7332	0.007037
22048	0.007053
43171	0.007169
49616	0.007319
13937	0.007434
10721	0.007703
14386	0.007725
57818	0.007743
60584	0.007882
9692	0.008024
37560	0.008048
12212	0.008106
57358	0.008106
60898	0.008106
37700	0.008217
9749	0.008250
16189	0.008324
8758	0.008339
60332	0.008417
48520	0.008522
61498	0.008573
7152	0.008604
61227	0.008661
9528	0.008757
41326	0.008763
11590	0.008827
22059	0.008827
60837	0.008835
21345	0.008924
30084	0.008924
51728	0.008934
54029	0.008947
61379	0.008999
11236	0.009039
49289	0.009103
48020	0.009206
137745	0.009255
46852	0.009424
13402	0.009429
11270	0.009431
15683	0.009431
51236	0.009436
8028	0.009436
13536	0.009559
57291	0.009569
24347	0.009600
39651	0.009609
26768	0.009712
49529	0.009712
60481	0.009717
36637	0.009735
13219	0.009821
27764	0.009863
27776	0.009863
49140	0.009936
60636	0.009954
43144	0.009974
61033	0.009979
61106	0.009979
16135	0.010026
55659	0.010093
11209	0.010099
54100	0.010113
7871	0.010245
52584	0.010278
61422	0.010312
13628	0.010339
61645	0.010388
27678	0.010523
60246	0.010561
16238	0.010603
12478	0.010620
13906	0.010627
61132	0.010698
58902	0.010699
61064	0.010708
8125	0.010743
12777	0.010754
60726	0.010785
40454	0.010786
43008	0.010801
14198	0.010813
15799	0.010840
17304	0.010852
22138	0.010870
11539	0.010935
60146	0.010938
60875	0.010938
34573	0.011008
30348	0.011018
31934	0.011038
61536	0.011074
22504	0.011088
11291	0.011091
40579	0.011094
9967	0.011104
24907	0.011188
47727	0.011202
60845	0.011213
27800	0.011217
7972	0.011254
50402	0.011290
14716	0.011419
60630	0.011420
60179	0.011438
22438	0.011444
45292	0.011572
29973	0.011586
43001	0.011605
55669	0.011646
57819	0.011663
41962	0.011722
47473	0.011776
52394	0.011783
8739	0.011790
61150	0.011829
44519	0.011840
52511	0.011876
7226	0.011878
84649	0.011929
52893	0.011931
8004	0.011950
35501	0.012017
31268	0.012034
53259	0.012053
60711	0.012113
10244	0.012125
26742	0.012210
22406	0.012246
61534	0.012278
61397	0.012302
12096	0.012309
61665	0.012328
52405	0.012369
15115	0.012385
15107	0.012422
53930	0.012460
10148	0.012493
52484	0.012511
60596	0.012528
11586	0.012539
60724	0.012539
61038	0.012539
33124	0.012602
61058	0.012622
51150	0.012684
27436	0.012758
13979	0.012762
52774	0.012781
61402	0.012786
9005	0.012805
60960	0.012813
26242	0.012820
54833	0.012852
53575	0.012863
24142	0.012869
9231	0.012874
38493	0.012899
9025	0.012903
9294	0.012940
43135	0.012974
26354	0.012978
24639	0.013051
13631	0.013068
16052	0.013104
54408	0.013160
61616	0.013170
40235	0.013172
20849	0.013173
22182	0.013194
10542	0.013224
34233	0.013270
21192	0.013310
9983	0.013311
22165	0.013386
60365	0.013430
15859	0.013483
55932	0.013483
35534	0.013542
50703	0.013545
8304	0.013554
60938	0.013562
61008	0.013642
60857	0.013739
54891	0.013749
51175	0.013771
61485	0.013802
50506	0.013883
22583	0.013904
19010	0.013907
14215	0.013944
43057	0.013977
35029	0.013994
38442	0.014012
58920	0.014027
15850	0.014028
24126	0.014046
58859	0.014049
16015	0.014060
36306	0.014068
46845	0.014089
61601	0.014092
7685	0.014124
9667	0.014140
52285	0.014143
36039	0.014187
7329	0.014229
9899	0.014241
50364	0.014259
21183	0.014259
59176	0.014259
60498	0.014267
14957	0.014270
52424	0.014288
49137	0.014298
21177	0.014304
58941	0.014312
51514	0.014342
50685	0.014357
46494	0.014360
27812	0.014380
10583	0.014411
52449	0.014428
61211	0.014445
46844	0.014449
36879	0.014497
44934	0.014511
27967	0.014544
61401	0.014558
26723	0.014564
39916	0.014567
27257	0.014594
60486	0.014596
51611	0.014631
11099	0.014651
22308	0.014665
25977	0.014670
16133	0.014673
9002	0.014708
10471	0.014727
48656	0.014735
14405	0.014752
12988	0.014759
61111	0.014774
7499	0.014774
56187	0.014781
42600	0.014783
60695	0.014788
58933	0.014851
22142	0.014860
61462	0.014867
60369	0.014885
16201	0.014981
61394	0.014983
44398	0.015000
14760	0.015013
17321	0.015039
43588	0.015063
56161	0.015091
60791	0.015117
27019	0.015123
56385	0.015142
61063	0.015157
60807	0.015195
53323	0.015215
39850	0.015232
38977	0.015238
61551	0.015256
37884	0.015307
16319	0.015334
60288	0.015345
60976	0.015348
53065	0.015362
60878	0.015375
26449	0.015402
52509	0.015418
10820	0.015437
19507	0.015443
22473	0.015460
7202	0.015471
26900	0.015481
16427	0.015486
61552	0.015520
39547	0.015525
46078	0.015554
41796	0.015656
22646	0.015676
45391	0.015694
24070	0.015697
10125	0.015715
28005	0.015731
81075	0.015744
14689	0.015779
60136	0.015814
42194	0.015822
60123	0.015839
46597	0.015860
50679	0.015881
43878	0.015890
60817	0.015925
23853	0.015995
60645	0.016008
61562	0.016030
61372	0.016038
61561	0.016048
16816	0.016058
61185	0.016058
9737	0.016062
61342	0.016108
56207	0.016171
60709	0.016175
54844	0.016195
41123	0.016206
35388	0.016218
11344	0.016225
16329	0.016229
61532	0.016229
12989	0.016232
38007	0.016235
12698	0.016239
9906	0.016252
60230	0.016268
15420	0.016274
28022	0.016300
40502	0.016340
31898	0.016365
60862	0.016379
60706	0.016398
60228	0.016422
30680	0.016441
43816	0.016478
7188	0.016520
45315	0.016535
32815	0.016540
9966	0.016581
21603	0.016604
37895	0.016632
61256	0.016638
53672	0.016652
31809	0.016662
16242	0.016667
60522	0.016671
60977	0.016694
21205	0.016699
31187	0.016699
7330	0.016699
50618	0.016715
52399	0.016723
46224	0.016783
60650	0.016788
28957	0.016794
22140	0.016823
58956	0.016826
59397	0.016920
60293	0.016920
61424	0.016920
8654	0.016920
15898	0.016929
27798	0.016956
7888	0.016969
13199	0.016975
44630	0.016976
31226	0.016999
60704	0.017024
52162	0.017027
23217	0.017042
53595	0.017056
58969	0.017057
15471	0.017123
7700	0.017207
10464	0.017226
15092	0.017252
52389	0.017253
52003	0.017283
20240	0.017296
39649	0.017320
43111	0.017328
14448	0.017340
31817	0.017377
14779	0.017382
27873	0.017384
36037	0.017386
60769	0.017386
16484	0.017421
7131	0.017430
19176	0.017430
52428	0.017437
26512	0.017453
57380	0.017475
25991	0.017480
58365	0.017481
55360	0.017504
23302	0.017506
13860	0.017516
60121	0.017523
60741	0.017568
43106	0.017585
58509	0.017587
60952	0.017599
40845	0.017604
60959	0.017676
51794	0.017679
49993	0.017720
37641	0.017807
12886	0.017813
32323	0.017827
20990	0.017876
61136	0.017903
8411	0.017907
21211	0.017909
25522	0.017974
11585	0.017987
60453	0.018009
45148	0.018014
10789	0.018020
20400	0.018027
52387	0.018029
12532	0.018033
60534	0.018108
11855	0.018118
10998	0.018142
9175	0.018156
16682	0.018165
34536	0.018166
48125	0.018196
60777	0.018213
40955	0.018237
20239	0.018244
52513	0.018252
42946	0.018260
60757	0.018276
8064	0.018277
61094	0.018284
8532	0.018289
52324	0.018293
10847	0.018293
22162	0.018312
44151	0.018315
22179	0.018324
58851	0.018331
46882	0.018337
11292	0.018376
60861	0.018376
54178	0.018377
10873	0.018383
13220	0.018387
57156	0.018431
61123	0.018432
34397	0.018443
15674	0.018444
60931	0.018458
9531	0.018468
19081	0.018481
9931	0.018521
56969	0.018532
10503	0.018564
60243	0.018580
46593	0.018589
19840	0.018604
36821	0.018612
47389	0.018619
43010	0.018660
12031	0.018697
30711	0.018709
60355	0.018712
26093	0.018735
34229	0.018746
16441	0.018763
34954	0.018763
9908	0.018769
10439	0.018789
18381	0.018792
22444	0.018814
23717	0.018814
6913	0.018814
17296	0.018830
16719	0.018844
22090	0.018871
48518	0.018881
37893	0.018887
33089	0.018913
22430	0.018919
35889	0.018925
10233	0.018933
56124	0.018934
26262	0.018942
60984	0.018959
45195	0.018970
17477	0.018978
12304	0.018985
60338	0.019002
29082	0.019011
13555	0.019056
60744	0.019073
13009	0.019074
33435	0.019074
50841	0.019074
51349	0.019135
60397	0.019175
18384	0.019183
27640	0.019194
34785	0.019194
16141	0.019199
37750	0.019221
38427	0.019237
27236	0.019243
42094	0.019256
39521	0.019274
61109	0.019291
19986	0.019293
32709	0.019294
27728	0.019301
32418	0.019304
9167	0.019311
16153	0.019316
26749	0.019327
8621	0.019330
61653	0.019332
15051	0.019345
44028	0.019345
33460	0.019361
11640	0.019371
12115	0.019377
40273	0.019391
30360	0.019396
22298	0.019396
42876	0.019416
11821	0.019421
29832	0.019435
7695	0.019448
60382	0.019457
22335	0.019464
56769	0.019479
31928	0.019484
27683	0.019489
52491	0.019489
35542	0.019497
10248	0.019500
7769	0.019512
27878	0.019521
54098	0.019526
13542	0.019533
14087	0.019545
39685	0.019546
52882	0.019581
53041	0.019598
60811	0.019601
7694	0.019606
17319	0.019608
7964	0.019632
24057	0.019633
26745	0.019636
53516	0.019639
27747	0.019643
17012	0.019649
21976	0.019726
38467	0.019728
35447	0.019736
11358	0.019767
13076	0.019787
7301	0.019789
59461	0.019812
27701	0.019860
32973	0.019873
13859	0.019874
44379	0.019876
24254	0.019886
61224	0.019887
9527	0.019893
36785	0.019904
8897	0.019905
22371	0.019908
8861	0.019909
16004	0.019922
54026	0.019931
7841	0.019943
27880	0.019950
8716	0.019951
25307	0.019957
20950	0.019961
27983	0.019964
48088	0.019965
59199	0.019973
11488	0.019983
46700	0.020002
61428	0.020014
15997	0.020050
60132	0.020053
55673	0.020055
8817	0.020071
47588	0.020077
8524	0.020096
16263	0.020109
22146	0.020116
45003	0.020137
39122	0.020151
13376	0.020162
39542	0.020185
20949	0.020188
29862	0.020190
55667	0.020197
14071	0.020259
19170	0.020259
23719	0.020259
26465	0.020259
61074	0.020259
7311	0.020259
16407	0.020279
61195	0.020282
52536	0.020295
8546	0.020298
19989	0.020298
29026	0.020306
53760	0.020313
27580	0.020340
11780	0.020362
14712	0.020383
52489	0.020383
34231	0.020385
54739	0.020388
37644	0.020389
50196	0.020399
15479	0.020399
42668	0.020400
9576	0.020447
60236	0.020450
11587	0.020490
12972	0.020513
42359	0.020522
34691	0.020526
56272	0.020544
61130	0.020548
35625	0.020565
26649	0.020578
53043	0.020578
15853	0.020581
28165	0.020581
27377	0.020589
61625	0.020590
36035	0.020607
45194	0.020631
9001	0.020659
60209	0.020678
60559	0.020691
8390	0.020691
46362	0.020695
29207	0.020737
16578	0.020739
30253	0.020749
20928	0.020762
52606	0.020778
15858	0.020778
9226	0.020783
20842	0.020787
7227	0.020792
56200	0.020806
22358	0.020850
58047	0.020910
50330	0.020913
52159	0.020923
25734	0.020952
57759	0.020989
27955	0.021004
17093	0.021028
30322	0.021058
50650	0.021061
30153	0.021062
61327	0.021065
49808	0.021066
7526	0.021070
14524	0.021091
17290	0.021093
38472	0.021094
22532	0.021097
24691	0.021099
57407	0.021101
53750	0.021106
22431	0.021112
14153	0.021117
23574	0.021123
27936	0.021143
61275	0.021152
53963	0.021160
14973	0.021190
61580	0.021194
13209	0.021207
10089	0.021228
24847	0.021231
60802	0.021240
10754	0.021256
14990	0.021257
22413	0.021264
27730	0.021288
61347	0.021290
24094	0.021290
10295	0.021292
58856	0.021295
20112	0.021301
31653	0.021301
47358	0.021301
27960	0.021308
59021	0.021308
9657	0.021310
52760	0.021314
60591	0.021320
10893	0.021322
31583	0.021326
35118	0.021341
85307	0.021345
34662	0.021357
61640	0.021359
39887	0.021372
52148	0.021374
14139	0.021374
21173	0.021385
26259	0.021400
12605	0.021407
61426	0.021409
21579	0.021412
51220	0.021419
55201	0.021420
39414	0.021421
7056	0.021423
49932	0.021455
16622	0.021519
27244	0.021519
34878	0.021520
60677	0.021523
13315	0.021535
47865	0.021541
45893	0.021547
47973	0.021552
29998	0.021559
57073	0.021571
51943	0.021575
40011	0.021579
45538	0.021592
50484	0.021600
23977	0.021606
25026	0.021610
20284	0.021615
27719	0.021618
50688	0.021623
60482	0.021623
8653	0.021626
20171	0.021637
27842	0.021651
21203	0.021669
16283	0.021680
20222	0.021715
56193	0.021723
11317	0.021723
9119	0.021724
15861	0.021728
24728	0.021732
7535	0.021744
22137	0.021745
15891	0.021747
46780	0.021748
61483	0.021750
17329	0.021756
33749	0.021759
138102	0.021762
60761	0.021762
33450	0.021765
39319	0.021765
54890	0.021775
50982	0.021809
61329	0.021812
32822	0.021834
40078	0.021835
7703	0.021836
7706	0.021836
37268	0.021846
61345	0.021852
54972	0.021881
54672	0.021883
26337	0.021902
10907	0.021905
50655	0.021908
8096	0.021911
38161	0.021916
61455	0.021916
24390	0.021944
17043	0.021947
21189	0.021951
28417	0.021979
34348	0.021989
16768	0.022003
53034	0.022005
43742	0.022008
42021	0.022009
16503	0.022020
36055	0.022034
8245	0.022050
14188	0.022051
60610	0.022053
59011	0.022054
14652	0.022054
35952	0.022054
57377	0.022054
61116	0.022054
27814	0.022064
56185	0.022065
40262	0.022066
14928	0.022071
42740	0.022071
47353	0.022077
61331	0.022093
59196	0.022097
21610	0.022103
38979	0.022110
42484	0.022112
45350	0.022114
41871	0.022129
14974	0.022138
22544	0.022139
27380	0.022150
61235	0.022169
16777	0.022172
25821	0.022177
22524	0.022187
60594	0.022188
9389	0.022192
8210	0.022196
60902	0.022200
10724	0.022201
42505	0.022215
22347	0.022221
14151	0.022225
15038	0.022226
11982	0.022249
21988	0.022253
26433	0.022259
23904	0.022261
45788	0.022272
60806	0.022281
50363	0.022284
33553	0.022284
14489	0.022294
42634	0.022294
35580	0.022297
22476	0.022302
54371	0.022303
11126	0.022312
61375	0.022312
8060	0.022312
34235	0.022330
61305	0.022335
52547	0.022339
19268	0.022341
24644	0.022341
20070	0.022365
23832	0.022370
25972	0.022407
49129	0.022427
21213	0.022442
22295	0.022442
49978	0.022445
41965	0.022446
10332	0.022451
17445	0.022451
61024	0.022451
46687	0.022451
60658	0.022454
12570	0.022456
27864	0.022461
22337	0.022466
42727	0.022468
23492	0.022474
27738	0.022491
22754	0.022503
27762	0.022511
23846	0.022520
16656	0.022525
100337	0.022527
14409	0.022544
22087	0.022553
52898	0.022558
52929	0.022561
9644	0.022588
27836	0.022592
14178	0.022598
27853	0.022603
25939	0.022608
25640	0.022611
25502	0.022617
60854	0.022627
17013	0.022640
19862	0.022644
29169	0.022646
56450	0.022653
42690	0.022672
15063	0.022675
10261	0.022684
22655	0.022684
60399	0.022684
9750	0.022684
45865	0.022685
12261	0.022685
16431	0.022709
20885	0.022709
7702	0.022710
9907	0.022710
33217	0.022715
33616	0.022715
11052	0.022716
68235	0.022727
60912	0.022743
60247	0.022746
60774	0.022746
45089	0.022747
15489	0.022748
14608	0.022768
46843	0.022772
35992	0.022788
24441	0.022801
49547	0.022801
60686	0.022803
35938	0.022804
33446	0.022807
13381	0.022807
23036	0.022811
54572	0.022811
33462	0.022811
33128	0.022812
50452	0.022818
39158	0.022818
25108	0.022819
42795	0.022820
43098	0.022823
60166	0.022826
35998	0.022835
14468	0.022843
57310	0.022847
41709	0.022850
41689	0.022859
60600	0.022861
23925	0.022879
11646	0.022880
60746	0.022882
61297	0.022884
9324	0.022891
8175	0.022893
42746	0.022896
57708	0.022902
28050	0.022903
30051	0.022907
10274	0.022911
19323	0.022916
42263	0.022927
18099	0.022979
54630	0.022979
56794	0.022992
16087	0.022993
32640	0.023000
38485	0.023000
53410	0.023000
60256	0.023000
61068	0.023000
16987	0.023003
60626	0.023003
32699	0.023005
24028	0.023007
61018	0.023008
44696	0.023018
12843	0.023025
26339	0.023029
26244	0.023030
34352	0.023030
43754	0.023054
17023	0.023063
10758	0.023090
29860	0.023092
51114	0.023094
16432	0.023100
21599	0.023101
12107	0.023107
34010	0.023112
26476	0.023131
26997	0.023131
61604	0.023135
41250	0.023137
29986	0.023138
52446	0.023174
44893	0.023174
61390	0.023177
8216	0.023177
49326	0.023188
33116	0.023194
40268	0.023198
8058	0.023205
22403	0.023214
12030	0.023218
29008	0.023218
44381	0.023218
61280	0.023218
61549	0.023218
21683	0.023223
39161	0.023226
49472	0.023232
30058	0.023234
52761	0.023238
58267	0.023241
26193	0.023247
10868	0.023251
27829	0.023266
20954	0.023267
58438	0.023267
60816	0.023272
27933	0.023288
17529	0.023289
61223	0.023289
22363	0.023293
46452	0.023296
61647	0.023318
54865	0.023320
19479	0.023323
18096	0.023332
43718	0.023344
48094	0.023347
44877	0.023348
39833	0.023359
13800	0.023360
53975	0.023362
39862	0.023377
19794	0.023377
19127	0.023390
60616	0.023390
31235	0.023400
58264	0.023400
8059	0.023407
16322	0.023410
52943	0.023411
47979	0.023429
8840	0.023431
61073	0.023433
61445	0.023434
33074	0.023443
14455	0.023446
24448	0.023446
34035	0.023446
89938	0.023446
13936	0.023454
33458	0.023463
43029	0.023468
24024	0.023484
12576	0.023487
60415	0.023490
60460	0.023490
46503	0.023491
6943	0.023492
53010	0.023498
10528	0.023503
14527	0.023504
52337	0.023542
60948	0.023544
27849	0.023546
61337	0.023550
20065	0.023551
25608	0.023554
34689	0.023558
43220	0.023568
24959	0.023571
60416	0.023572
7739	0.023573
46990	0.023588
54975	0.023597
50700	0.023603
21166	0.023605
17057	0.023609
49700	0.023609
53602	0.023620
34693	0.023620
14912	0.023625
9090	0.023626
57725	0.023633
54706	0.023639
26894	0.023641
23919	0.023645
32241	0.023647
8584	0.023654
9842	0.023655
50501	0.023657
22307	0.023677
27773	0.023677
9941	0.023679
10381	0.023687
10822	0.023687
11634	0.023687
12156	0.023687
12362	0.023687
13532	0.023687
15794	0.023687
22046	0.023687
22098	0.023687
22459	0.023687
24078	0.023687
27029	0.023687
27054	0.023687
32452	0.023687
32622	0.023687
33092	0.023687
33466	0.023687
37032	0.023687
39217	0.023687
39758	0.023687
40492	0.023687
41970	0.023687
43842	0.023687
46166	0.023687
46545	0.023687
46549	0.023687
47996	0.023687
50499	0.023687
52052	0.023687
52712	0.023687
52729	0.023687
52735	0.023687
52932	0.023687
55144	0.023687
55637	0.023687
55640	0.023687
55651	0.023687
58985	0.023687
60408	0.023687
60526	0.023687
60566	0.023687
60903	0.023687
61100	0.023687
61395	0.023687
61404	0.023687
7221	0.023687
7603	0.023687
9229	0.023687
9267	0.023687
9734	0.023687
9832	0.023687
60477	0.023695
9091	0.023703
8276	0.023704
60625	0.023709
25426	0.023709
58443	0.023710
27666	0.023712
20921	0.023713
45954	0.023715
30677	0.023716
32990	0.023727
11091	0.023729
53186	0.023732
39038	0.023734
7988	0.023738
16764	0.023744
16927	0.023752
43982	0.023755
9923	0.023756
22483	0.023769
11946	0.023774
24386	0.023794
14992	0.023798
8966	0.023800
53214	0.023803
7936	0.023807
55358	0.023807
39056	0.023807
16054	0.023810
56684	0.023811
41991	0.023812
21703	0.023814
15355	0.023814
24344	0.023820
41029	0.023830
16340	0.023842
10364	0.023844
75940	0.023844
8475	0.023846
46292	0.023846
118557	0.023850
27404	0.023851
45286	0.023851
8829	0.023851
14379	0.023854
47601	0.023855
41693	0.023856
22491	0.023862
49366	0.023865
34807	0.023865
43020	0.023868
40975	0.023873
23721	0.023875
13028	0.023875
19779	0.023882
17457	0.023884
39218	0.023885
61310	0.023892
47778	0.023897
40036	0.023897
56334	0.023918
61434	0.023923
10843	0.023938
113199	0.023941
77486	0.023941
13465	0.023942
53544	0.023962
52482	0.023968
12727	0.023970
22331	0.023971
11602	0.023976
60423	0.023977
15487	0.023977
15554	0.023982
33404	0.023986
20836	0.023987
51730	0.023992
8712	0.023994
35997	0.023994
25252	0.023994
10722	0.023996
27755	0.024006
61080	0.024006
53187	0.024007
30319	0.024014
22304	0.024028
29908	0.024035
60198	0.024044
22145	0.024049
52440	0.024051
29326	0.024058
17447	0.024063
26537	0.024063
61320	0.024068
14378	0.024076
23858	0.024081
16945	0.024086
11429	0.024087
10182	0.024092
35693	0.024098
22385	0.024105
56789	0.024106
61087	0.024116
26343	0.024121
19788	0.024122
14814	0.024124
60290	0.024136
61296	0.024138
30064	0.024148
40938	0.024148
27869	0.024149
22471	0.024153
47236	0.024172
27444	0.024173
59161	0.024173
52397	0.024186
33757	0.024189
61454	0.024190
12110	0.024193
23849	0.024203
12797	0.024208
30412	0.024217
23457	0.024218
7132	0.024220
41031	0.024221
37240	0.024221
47314	0.024225
23851	0.024225
11792	0.024230
61622	0.024234
22489	0.024245
50338	0.024246
9746	0.024247
137382	0.024250
22749	0.024260
26035	0.024262
53521	0.024263
45328	0.024269
9248	0.024271
27575	0.024276
52534	0.024278
11338	0.024278
13140	0.024282
35980	0.024287
49279	0.024289
60928	0.024295
11518	0.024296
31195	0.024298
15129	0.024301
54131	0.024306
10184	0.024309
10859	0.024309
60659	0.024315
51173	0.024315
38239	0.024315
44528	0.024316
11771	0.024320
15693	0.024328
22801	0.024328
16713	0.024331
47306	0.024336
48641	0.024352
54840	0.024380
16647	0.024381
22888	0.024384
9664	0.024384
26897	0.024385
57367	0.024389
51665	0.024401
45853	0.024404
60461	0.024410
72711	0.024410
22383	0.024411
35907	0.024411
52342	0.024412
60296	0.024420
40821	0.024427
60957	0.024433
60882	0.024435
50267	0.024435
29046	0.024437
19096	0.024439
34477	0.024441
17313	0.024447
41714	0.024453
52005	0.024469
55662	0.024473
32611	0.024473
29142	0.024476
25528	0.024477
60703	0.024477
61403	0.024489
14477	0.024492
14917	0.024492
15569	0.024492
60583	0.024492
16642	0.024496
10228	0.024498
20819	0.024501
19252	0.024503
14920	0.024505
40448	0.024505
37453	0.024516
8636	0.024522
60951	0.024527
17160	0.024535
61161	0.024536
60631	0.024538
17437	0.024556
13464	0.024557
40160	0.024558
21415	0.024560
8090	0.024561
40651	0.024567
51853	0.024579
19477	0.024585
34605	0.024593
47230	0.024595
7921	0.024612
10221	0.024627
24113	0.024627
56127	0.024628
9532	0.024636
11073	0.024641
39084	0.024641
27809	0.024658
26480	0.024659
43153	0.024664
16181	0.024664
21249	0.024664
27586	0.024664
32194	0.024664
32553	0.024664
42309	0.024664
60790	0.024664
8192	0.024672
42321	0.024674
47418	0.024683
22253	0.024690
16834	0.024694
31133	0.024702
7377	0.024702
60269	0.024707
36633	0.024708
16041	0.024709
22194	0.024709
30102	0.024709
38432	0.024713
60187	0.024714
56846	0.024715
13531	0.024715
51096	0.024715
14526	0.024720
16893	0.024729
52676	0.024735
42289	0.024735
29172	0.024736
21049	0.024736
38681	0.024747
13736	0.024752
23099	0.024762
37712	0.024765
27826	0.024766
41790	0.024767
24740	0.024772
39636	0.024772
44781	0.024775
44166	0.024776
8585	0.024785
22160	0.024791
30343	0.024794
25994	0.024809
27308	0.024810
42075	0.024810
38470	0.024814
80826	0.024814
39146	0.024815
13872	0.024816
7142	0.024820
11751	0.024826
48522	0.024840
61312	0.024842
61360	0.024842
14926	0.024844
17493	0.024845
46695	0.024849
72958	0.024857
11387	0.024866
57949	0.024866
57144	0.024867
49374	0.024869
56821	0.024869
61612	0.024870
8563	0.024870
32808	0.024883
42586	0.024892
137847	0.024892
33284	0.024892
58222	0.024892
30103	0.024896
35516	0.024896
37699	0.024896
9215	0.024897
35699	0.024899
58390	0.024902
33978	0.024907
12456	0.024908
49804	0.024914
41882	0.024927
22029	0.024933
13535	0.024940
10360	0.024941
9018	0.024944
27649	0.024980
11125	0.024984
21711	0.024989
26571	0.024991
43802	0.025001
43395	0.025009
47114	0.025013
36433	0.025015
55709	0.025019
18375	0.025026
52766	0.025027
11235	0.025030
39163	0.025032
27059	0.025035
39480	0.025038
61056	0.025041
20122	0.025043
56478	0.025045
36183	0.025048
22344	0.025055
44615	0.025068
19404	0.025070
34532	0.025074
41378	0.025084
13663	0.025091
14089	0.025092
10753	0.025103
30003	0.025108
60134	0.025110
60122	0.025113
25855	0.025114
51874	0.025114
25810	0.025115
60320	0.025124
61009	0.025124
61263	0.025124
8796	0.025126
15643	0.025128
9953	0.025132
53613	0.025135
14642	0.025137
16047	0.025138
23313	0.025143
46650	0.025144
9166	0.025146
31040	0.025147
40251	0.025147
42006	0.025151
16500	0.025151
20441	0.025153
15810	0.025154
12693	0.025159
22468	0.025160
38509	0.025166
52430	0.025167
22908	0.025170
55676	0.025172
27342	0.025173
15599	0.025178
39810	0.025182
36838	0.025192
15039	0.025193
15176	0.025193
47240	0.025193
54499	0.025209
12785	0.025214
9220	0.025214
39311	0.025214
27760	0.025218
9237	0.025219
38075	0.025223
50622	0.025234
48387	0.025236
57455	0.025245
31651	0.025248
61642	0.025249
27141	0.025257
61025	0.025259
37438	0.025265
14306	0.025265
15976	0.025265
16607	0.025265
16794	0.025265
25943	0.025265
32334	0.025265
34744	0.025265
34783	0.025265
43364	0.025265
43903	0.025265
46764	0.025265
47268	0.025265
51452	0.025265
13799	0.025271
43800	0.025272
39968	0.025275
47958	0.025279
22535	0.025280
48445	0.025280
38065	0.025282
47781	0.025285
43223	0.025303
7971	0.025304
25736	0.025310
14531	0.025310
22292	0.025313
60723	0.025320
61624	0.025323
52104	0.025325
69022	0.025325
49524	0.025325
9943	0.025328
45294	0.025330
30364	0.025330
10577	0.025335
26859	0.025338
29739	0.025341
12387	0.025342
12996	0.025347
9112	0.025348
54057	0.025350
6902	0.025352
46745	0.025353
41025	0.025354
22841	0.025358
16708	0.025369
31967	0.025370
53723	0.025373
48926	0.025377
46332	0.025379
25378	0.025393
10554	0.025406
21155	0.025410
21855	0.025411
17145	0.025411
35982	0.025415
29060	0.025417
51857	0.025418
48424	0.025419
33790	0.025422
19391	0.025430
50025	0.025431
27839	0.025434
21573	0.025436
42486	0.025436
16820	0.025440
12987	0.025442
36855	0.025445
16597	0.025456
16792	0.025460
45343	0.025463
7383	0.025463
60965	0.025464
50069	0.025464
7693	0.025465
46380	0.025469
31507	0.025469
11394	0.025472
49953	0.025474
37168	0.025477
12462	0.025480
16623	0.025483
13740	0.025486
14248	0.025499
46177	0.025504
16446	0.025512
16601	0.025512
16920	0.025512
17022	0.025512
8997	0.025513
55379	0.025520
29333	0.025528
40862	0.025529
15032	0.025539
50682	0.025539
26345	0.025540
59332	0.025554
35812	0.025560
47983	0.025560
56312	0.025563
21187	0.025566
26843	0.025567
47904	0.025567
25475	0.025570
56079	0.025571
35359	0.025571
50374	0.025571
42651	0.025572
15875	0.025575
38217	0.025587
10725	0.025593
29830	0.025594
19099	0.025595
32217	0.025597
22688	0.025599
22105	0.025599
21114	0.025601
15302	0.025602
10982	0.025605
53642	0.025609
12841	0.025610
30944	0.025611
12272	0.025620
29187	0.025624
47999	0.025626
35510	0.025628
39289	0.025630
16951	0.025631
25336	0.025631
22110	0.025635
23642	0.025635
16216	0.025643
20170	0.025643
58097	0.025646
43200	0.025649
20197	0.025658
9114	0.025661
35499	0.025662
53967	0.025663
52715	0.025664
39977	0.025665
8212	0.025666
34924	0.025668
21479	0.025668
16039	0.025674
60391	0.025680
8266	0.025681
53336	0.025682
46611	0.025691
57681	0.025696
40201	0.025697
34903	0.025698
15897	0.025698
19379	0.025698
11778	0.025699
16881	0.025704
27360	0.025707
28167	0.025710
22388	0.025710
9387	0.025712
13251	0.025712
9061	0.025713
17339	0.025713
39512	0.025717
29189	0.025717
22151	0.025719
60325	0.025722
21154	0.025728
53998	0.025729
14268	0.025731
39151	0.025735
44449	0.025745
50716	0.025749
60331	0.025749
60836	0.025754
16842	0.025758
61200	0.025762
31674	0.025762
52422	0.025767
10848	0.025768
109539	0.025768
11548	0.025768
125658	0.025768
13202	0.025768
137880	0.025768
27915	0.025768
32034	0.025768
47394	0.025768
49044	0.025768
56170	0.025768
60719	0.025768
60787	0.025768
61585	0.025768
13496	0.025768
50329	0.025768
61369	0.025768
67539	0.025768
8768	0.025768
51162	0.025770
13031	0.025770
38223	0.025770
30095	0.025772
19364	0.025773
12825	0.025776
16321	0.025776
60818	0.025776
27406	0.025782
23971	0.025784
42200	0.025789
29156	0.025792
14759	0.025798
50401	0.025806
50900	0.025815
31814	0.025819
57461	0.025822
7989	0.025825
33207	0.025825
33920	0.025825
13798	0.025826
53156	0.025828
39604	0.025828
27450	0.025831
49566	0.025838
6904	0.025860
7538	0.025863
50518	0.025863
46222	0.025863
16910	0.025867
30118	0.025867
19377	0.025874
51352	0.025875
26438	0.025875
58153	0.025876
25635	0.025879
10076	0.025881
36309	0.025882
10933	0.025889
16144	0.025896
13051	0.025899
40868	0.025902
7536	0.025904
46733	0.025909
37370	0.025917
61413	0.025921
14995	0.025924
33916	0.025928
26949	0.025930
37401	0.025936
13530	0.025940
37317	0.025942
9315	0.025942
24490	0.025946
60295	0.025946
35628	0.025950
52704	0.025952
53632	0.025957
14817	0.025961
60249	0.025968
45451	0.025982
36206	0.025984
20546	0.025989
20962	0.025998
16936	0.026003
54636	0.026006
29336	0.026012
47568	0.026016
30616	0.026017
61513	0.026021
23834	0.026038
26415	0.026042
52426	0.026042
14610	0.026052
31332	0.026054
7923	0.026058
19966	0.026059
11247	0.026060
16791	0.026060
14297	0.026061
60858	0.026066
34745	0.026075
35088	0.026083
32704	0.026090
15704	0.026090
16362	0.026096
10638	0.026101
36574	0.026102
23957	0.026104
35126	0.026105
40718	0.026108
53325	0.026108
37513	0.026110
47261	0.026111
14175	0.026116
20174	0.026118
22198	0.026118
37882	0.026125
60814	0.026126
19104	0.026128
60889	0.026129
9529	0.026131
37165	0.026136
39929	0.026139
16730	0.026143
15637	0.026157
30384	0.026157
30608	0.026158
17220	0.026160
14492	0.026164
16602	0.026164
12084	0.026172
47294	0.026181
50542	0.026181
26770	0.026187
38646	0.026191
15805	0.026202
16347	0.026202
19491	0.026202
34638	0.026202
52049	0.026202
60172	0.026202
48116	0.026206
54146	0.026210
36741	0.026212
35961	0.026228
7337	0.026231
27327	0.026232
12567	0.026234
48730	0.026235
35670	0.026238
52336	0.026238
52322	0.026240
51617	0.026251
15344	0.026253
25117	0.026256
33583	0.026257
56634	0.026259
48771	0.026260
29158	0.026271
45477	0.026274
10386	0.026276
27769	0.026277
55563	0.026280
16474	0.026280
46879	0.026287
23439	0.026296
49063	0.026297
28951	0.026298
36345	0.026302
55991	0.026302
52223	0.026303
43148	0.026304
38256	0.026306
42004	0.026308
10237	0.026313
10240	0.026315
54018	0.026316
47609	0.026318
8645	0.026326
13695	0.026330
16720	0.026334
25683	0.026339
44789	0.026341
11595	0.026345
39538	0.026346
17203	0.026348
44503	0.026349
29110	0.026356
57133	0.026360
22188	0.026363
31310	0.026371
13159	0.026374
14090	0.026374
21859	0.026374
16698	0.026375
50018	0.026380
29178	0.026383
15337	0.026391
39853	0.026394
21952	0.026396
9319	0.026401
57123	0.026406
47311	0.026408
10035	0.026412
41290	0.026415
8126	0.026418
51849	0.026419
38864	0.026420
12720	0.026425
22230	0.026425
25730	0.026425
27785	0.026426
58448	0.026440
9585	0.026441
43424	0.026450
15206	0.026462
51745	0.026463
19256	0.026464
14924	0.026467
47062	0.026477
50926	0.026477
71563	0.026477
7054	0.026478
52042	0.026483
15899	0.026483
26536	0.026490
9297	0.026491
9947	0.026491
13769	0.026501
27231	0.026503
47594	0.026504
41426	0.026504
50019	0.026508
9172	0.026510
44168	0.026517
9853	0.026519
47169	0.026519
8424	0.026519
9077	0.026521
34824	0.026527
18369	0.026529
26847	0.026534
9711	0.026540
55027	0.026541
12129	0.026550
16112	0.026554
14054	0.026561
57254	0.026563
17193	0.026564
17496	0.026567
47736	0.026567
61099	0.026568
54708	0.026569
44564	0.026570
32190	0.026570
9814	0.026573
45341	0.026573
32456	0.026588
12144	0.026591
26514	0.026595
7691	0.026599
11436	0.026605
27831	0.026608
15017	0.026609
32172	0.026609
12305	0.026615
12186	0.026615
26360	0.026619
11552	0.026621
22966	0.026622
7272	0.026624
9211	0.026625
8883	0.026626
60480	0.026630
32780	0.026633
23790	0.026634
34460	0.026639
55794	0.026651
35526	0.026653
25400	0.026654
14256	0.026664
16592	0.026664
33863	0.026665
58943	0.026666
13133	0.026667
39487	0.026668
24605	0.026668
17469	0.026673
125308	0.026674
44371	0.026674
51079	0.026674
42516	0.026676
60692	0.026676
56190	0.026685
61352	0.026687
39030	0.026690
58526	0.026690
49544	0.026698
42906	0.026704
14446	0.026706
60208	0.026708
40295	0.026712
37804	0.026717
16712	0.026717
15419	0.026718
55104	0.026721
34889	0.026722
9081	0.026722
17298	0.026723
27805	0.026724
20517	0.026730
47980	0.026731
36817	0.026733
59642	0.026733
58818	0.026740
60426	0.026740
30055	0.026748
45525	0.026754
34244	0.026756
46354	0.026757
48018	0.026759
41885	0.026759
23531	0.026761
13966	0.026762
32949	0.026769
15333	0.026770
16849	0.026771
57142	0.026773
60609	0.026773
34869	0.026773
53736	0.026777
22480	0.026781
43159	0.026785
9653	0.026791
23134	0.026793
14061	0.026793
52332	0.026795
12620	0.026800
32326	0.026811
11493	0.026819
125253	0.026819
19461	0.026819
23265	0.026819
27821	0.026819
30440	0.026819
31261	0.026819
40108	0.026819
30048	0.026820
39228	0.026824
21571	0.026825
57854	0.026825
7243	0.026825
34595	0.026825
19790	0.026828
7147	0.026830
12036	0.026835
54352	0.026838
11624	0.026854
45758	0.026855
15094	0.026857
44376	0.026857
53753	0.026857
60485	0.026857
25995	0.026857
17067	0.026857
52057	0.026857
12216	0.026858
20924	0.026859
30746	0.026865
49328	0.026867
42602	0.026868
41451	0.026872
26361	0.026876
55370	0.026881
54616	0.026882
43568	0.026884
57570	0.026886
10491	0.026886
61359	0.026888
61086	0.026889
26585	0.026892
61110	0.026893
46409	0.026894
49573	0.026894
22659	0.026894
16679	0.026897
16491	0.026898
47118	0.026898
27286	0.026898
13649	0.026900
24392	0.026903
21470	0.026905
34482	0.026906
49718	0.026906
46317	0.026914
12799	0.026918
48250	0.026920
38331	0.026927
12442	0.026928
10173	0.026932
34753	0.026933
52404	0.026934
34400	0.026942
12529	0.026944
15864	0.026948
10923	0.026948
46321	0.026955
60606	0.026963
33823	0.026966
60181	0.026967
29198	0.026968
8667	0.026990
14039	0.026992
16330	0.026993
58778	0.027003
60396	0.027003
30079	0.027004
50653	0.027006
42090	0.027007
23220	0.027009
16872	0.027011
60444	0.027016
53048	0.027020
47414	0.027024
13432	0.027024
26197	0.027024
50511	0.027024
51998	0.027024
52494	0.027024
53779	0.027024
60116	0.027024
60448	0.027024
60535	0.027024
61349	0.027024
8417	0.027024
9905	0.027024
19103	0.027025
39192	0.027029
58754	0.027030
8662	0.027030
33007	0.027035
33680	0.027036
37905	0.027038
24746	0.027038
23005	0.027041
43830	0.027042
55254	0.027044
28091	0.027047
56403	0.027047
31219	0.027058
56309	0.027059
21180	0.027059
14439	0.027062
17034	0.027064
29145	0.027075
55657	0.027075
49495	0.027081
51952	0.027083
69075	0.027087
56598	0.027095
45976	0.027099
16614	0.027099
55801	0.027099
13865	0.027100
10946	0.027104
61581	0.027104
6903	0.027106
16240	0.027106
38559	0.027107
26482	0.027117
16533	0.027117
51210	0.027117
24316	0.027119
60699	0.027119
19851	0.027120
32208	0.027124
13481	0.027132
16234	0.027132
16359	0.027132
11481	0.027133
54129	0.027134
39181	0.027135
13968	0.027143
49995	0.027143
8602	0.027145
15542	0.027150
9453	0.027160
48820	0.027166
27912	0.027167
16506	0.027177
7925	0.027178
48769	0.027179
51509	0.027179
23417	0.027180
35608	0.027183
8088	0.027184
45694	0.027186
42628	0.027186
51945	0.027188
27939	0.027188
17128	0.027201
13720	0.027202
22450	0.027208
61281	0.027209
61442	0.027209
45692	0.027213
14299	0.027216
32997	0.027217
51009	0.027225
40970	0.027231
15796	0.027236
8339	0.027236
60876	0.027238
17336	0.027241
9150	0.027242
27061	0.027248
13283	0.027248
36336	0.027252
9887	0.027253
29329	0.027255
45908	0.027258
30584	0.027268
43624	0.027271
21159	0.027275
14452	0.027279
7719	0.027292
29183	0.027293
34563	0.027293
39155	0.027293
61031	0.027294
11645	0.027304
56801	0.027304
48306	0.027306
40170	0.027309
26409	0.027315
60525	0.027316
60475	0.027324
11641	0.027327
51129	0.027327
34786	0.027328
54525	0.027329
27726	0.027333
9236	0.027334
10844	0.027335
55648	0.027337
55797	0.027337
11524	0.027340
14892	0.027345
8631	0.027349
9151	0.027350
44573	0.027350
46029	0.027350
35985	0.027351
23466	0.027353
15685	0.027357
60312	0.027363
50602	0.027377
26206	0.027379
60168	0.027380
30017	0.027381
119426	0.027387
41750	0.027391
30531	0.027393
27910	0.027393
17412	0.027396
22258	0.027398
7761	0.027402
13840	0.027403
20270	0.027404
34067	0.027410
22569	0.027416
60117	0.027421
20077	0.027423
40270	0.027423
56930	0.027423
28117	0.027425
16865	0.027429
60374	0.027434
7946	0.027439
41786	0.027446
9455	0.027456
33387	0.027460
37576	0.027460
60300	0.027460
60698	0.027460
61017	0.027460
19287	0.027461
45346	0.027463
7477	0.027465
16870	0.027469
17070	0.027470
23442	0.027472
36860	0.027472
19258	0.027473
9437	0.027475
15746	0.027477
10708	0.027479
52546	0.027479
46061	0.027481
9183	0.027490
54522	0.027494
55315	0.027494
46274	0.027496
60513	0.027498
43002	0.027500
15909	0.027500
33976	0.027503
22477	0.027506
39294	0.027507
58096	0.027509
95884	0.027509
34791	0.027510
33023	0.027513
9468	0.027514
34050	0.027515
23628	0.027519
8360	0.027523
17476	0.027536
56861	0.027544
26652	0.027545
51993	0.027545
59818	0.027545
61528	0.027545
41166	0.027545
9207	0.027545
9390	0.027545
16840	0.027547
42626	0.027549
38287	0.027549
31775	0.027556
47606	0.027559
54756	0.027565
58303	0.027569
9813	0.027570
13748	0.027575
53056	0.027582
39609	0.027585
8146	0.027591
27056	0.027593
61571	0.027600
24815	0.027603
21663	0.027610
16684	0.027612
17400	0.027617
41739	0.027627
43125	0.027628
21480	0.027632
15151	0.027633
8341	0.027636
33683	0.027640
10171	0.027640
61047	0.027648
23945	0.027649
16123	0.027656
53160	0.027661
33121	0.027664
9902	0.027665
8002	0.027665
36052	0.027666
16258	0.027667
16588	0.027670
22692	0.027672
12027	0.027676
16336	0.027677
26617	0.027682
9171	0.027689
29135	0.027689
61293	0.027690
26528	0.027694
26341	0.027697
21788	0.027699
30362	0.027709
7099	0.027710
25766	0.027711
22461	0.027713
39739	0.027716
57838	0.027717
7983	0.027719
61613	0.027720
8724	0.027721
26782	0.027723
27140	0.027723
17512	0.027724
21852	0.027724
23405	0.027724
50309	0.027724
74651	0.027725
6952	0.027726
53965	0.027727
27021	0.027734
55063	0.027735
42167	0.027736
60315	0.027738
11799	0.027738
56047	0.027742
61183	0.027746
61443	0.027748
50638	0.027748
23855	0.027750
60280	0.027759
48185	0.027760
28197	0.027761
61610	0.027762
59673	0.027769
50720	0.027771
10716	0.027775
61656	0.027775
19956	0.027781
14471	0.027783
16643	0.027783
40902	0.027791
8007	0.027797
16323	0.027800
46792	0.027801
13793	0.027805
50667	0.027805
43388	0.027809
37622	0.027813
33589	0.027820
46041	0.027823
24816	0.027825
52412	0.027825
15714	0.027826
53411	0.027826
41939	0.027828
24385	0.027830
32020	0.027831
35958	0.027832
22530	0.027840
7683	0.027842
8303	0.027845
47471	0.027846
7839	0.027852
13269	0.027854
23119	0.027857
47590	0.027863
17263	0.027864
33991	0.027865
44871	0.027868
41404	0.027869
9017	0.027879
37283	0.027880
57490	0.027886
42030	0.027888
10643	0.027888
16650	0.027900
60780	0.027901
43150	0.027916
43785	0.027917
16760	0.027918
30247	0.027918
32755	0.027919
49819	0.027922
61479	0.027922
8464	0.027922
57764	0.027923
17187	0.027935
7097	0.027935
60868	0.027938
13068	0.027940
7835	0.027943
16974	0.027952
47054	0.027953
54698	0.027962
8598	0.027964
56828	0.027965
52662	0.027966
46006	0.027967
16543	0.027971
16903	0.027975
13054	0.027981
36460	0.027985
46965	0.027987
24822	0.027987
54216	0.027988
20982	0.027989
12787	0.027996
42870	0.027996
33028	0.027997
14721	0.028003
21195	0.028003
60742	0.028009
34880	0.028015
15401	0.028017
17047	0.028017
54684	0.028020
13463	0.028022
7778	0.028022
45098	0.028023
61214	0.028023
44582	0.028024
23076	0.028025
38475	0.028030
56843	0.028032
52658	0.028032
41544	0.028039
26132	0.028042
16694	0.028044
16358	0.028047
38477	0.028050
60753	0.028055
40110	0.028056
35971	0.028056
13839	0.028062
20828	0.028063
60633	0.028064
39403	0.028065
23626	0.028067
54888	0.028072
55798	0.028073
27688	0.028079
25220	0.028082
35910	0.028082
59821	0.028082
34349	0.028083
12911	0.028085
61566	0.028090
16800	0.028098
30072	0.028098
30423	0.028099
21790	0.028101
9671	0.028106
16626	0.028107
21120	0.028111
53781	0.028117
58051	0.028118
12526	0.028120
38299	0.028123
8044	0.028123
24081	0.028125
61488	0.028126
43438	0.028127
60232	0.028131
12780	0.028139
44137	0.028141
14068	0.028141
34599	0.028141
41974	0.028141
61126	0.028141
61245	0.028141
8211	0.028141
44654	0.028145
20624	0.028146
17480	0.028154
57272	0.028160
36719	0.028161
14245	0.028162
61600	0.028166
7679	0.028173
46228	0.028177
39086	0.028186
26738	0.028186
12488	0.028190
15635	0.028192
31860	0.028199
42572	0.028204
55439	0.028205
30729	0.028207
25580	0.028208
30099	0.028211
41887	0.028211
12386	0.028213
40743	0.028213
55822	0.028227
61619	0.028234
56315	0.028236
9715	0.028237
40378	0.028245
46097	0.028246
10329	0.028251
34369	0.028251
38285	0.028252
38666	0.028254
37292	0.028255
42500	0.028263
10841	0.028265
61419	0.028265
20243	0.028268
8305	0.028268
29731	0.028271
38082	0.028272
47252	0.028272
15502	0.028278
60554	0.028279
46289	0.028281
17466	0.028283
61555	0.028285
50021	0.028286
21799	0.028297
56858	0.028299
55467	0.028299
13034	0.028302
53423	0.028302
22465	0.028309
60454	0.028309
39681	0.028310
26189	0.028316
57410	0.028316
56850	0.028316
9951	0.028321
30034	0.028323
6898	0.028324
39307	0.028329
9891	0.028329
69035	0.028329
34133	0.028331
60756	0.028331
10523	0.028334
56184	0.028336
13450	0.028337
16637	0.028337
60800	0.028337
47343	0.028339
60754	0.028339
14464	0.028341
8691	0.028341
47412	0.028342
10181	0.028343
33020	0.028345
13109	0.028348
39443	0.028349
14155	0.028350
42191	0.028351
7286	0.028353
42867	0.028356
22521	0.028363
55362	0.028366
27208	0.028371
49272	0.028371
54547	0.028377
34766	0.028378
23979	0.028393
53125	0.028393
53198	0.028395
46035	0.028398
14991	0.028398
43152	0.028404
41774	0.028407
56927	0.028407
12765	0.028410
17148	0.028410
17481	0.028414
7292	0.028415
16422	0.028415
26090	0.028415
27998	0.028416
8847	0.028417
54143	0.028419
23922	0.028432
34391	0.028436
57997	0.028441
49093	0.028441
16618	0.028449
47440	0.028455
21701	0.028458
58240	0.028458
61380	0.028458
55512	0.028459
41866	0.028460
32830	0.028469
10477	0.028470
48302	0.028470
52266	0.028471
48489	0.028472
14938	0.028476
36343	0.028477
46302	0.028480
52610	0.028484
34647	0.028485
39767	0.028485
74517	0.028485
7255	0.028490
36516	0.028494
16478	0.028498
39142	0.028499
25756	0.028500
8547	0.028511
60826	0.028511
25310	0.028513
16317	0.028514
40276	0.028516
25721	0.028518
57476	0.028519
58357	0.028519
22057	0.028522
38429	0.028524
7246	0.028525
7561	0.028527
9541	0.028530
61418	0.028531
60846	0.028531
10970	0.028533
21534	0.028534
32910	0.028534
60737	0.028542
55993	0.028544
46395	0.028547
21051	0.028552
48389	0.028552
38010	0.028553
46751	0.028554
35978	0.028558
53407	0.028559
14819	0.028568
27779	0.028572
49748	0.028573
48147	0.028574
22223	0.028575
61399	0.028575
58006	0.028580
25596	0.028583
21198	0.028587
15153	0.028592
43320	0.028593
42254	0.028600
55195	0.028602
60678	0.028604
41877	0.028604
44416	0.028604
16217	0.028605
40722	0.028607
22255	0.028618
55655	0.028619
31999	0.028619
26103	0.028622
15893	0.028629
7133	0.028633
52157	0.028633
52281	0.028635
27040	0.028635
26878	0.028637
60586	0.028637
9964	0.028638
11512	0.028639
22925	0.028643
44120	0.028645
53847	0.028647
50936	0.028649
11808	0.028651
61584	0.028652
23911	0.028655
60159	0.028658
36567	0.028659
56182	0.028660
16864	0.028660
29835	0.028663
46635	0.028664
13132	0.028668
24686	0.028669
23181	0.028680
15567	0.028682
16823	0.028682
16937	0.028682
19246	0.028682
22498	0.028682
25481	0.028682
26257	0.028682
30140	0.028682
31589	0.028682
35375	0.028682
41260	0.028682
46953	0.028682
48107	0.028682
48848	0.028682
53775	0.028682
54487	0.028682
55151	0.028682
60459	0.028682
60783	0.028682
60935	0.028682
61527	0.028682
8031	0.028682
8038	0.028682
8491	0.028682
28357	0.028683
16511	0.028686
30523	0.028687
16664	0.028688
22157	0.028691
60760	0.028695
17020	0.028697
54271	0.028697
39918	0.028699
40565	0.028700
45651	0.028702
15745	0.028704
54614	0.028706
45896	0.028709
37512	0.028711
22135	0.028712
30145	0.028721
23088	0.028724
12452	0.028729
13285	0.028729
33481	0.028729
34071	0.028729
60407	0.028729
60986	0.028729
24595	0.028732
10379	0.028740
60250	0.028740
49826	0.028742
54704	0.028744
53969	0.028745
52022	0.028748
34350	0.028755
15220	0.028757
43783	0.028761
43138	0.028761
55033	0.028761
51131	0.028765
60151	0.028767
10823	0.028772
50599	0.028776
25037	0.028777
61209	0.028779
40133	0.028779
36833	0.028782
50373	0.028782
41349	0.028782
34351	0.028782
60328	0.028786
61229	0.028790
27114	0.028791
43121	0.028794
37389	0.028795
15281	0.028802
16311	0.028806
57470	0.028806
10601	0.028808
36894	0.028809
54323	0.028815
26484	0.028816
40886	0.028817
54918	0.028821
12826	0.028822
22062	0.028823
40257	0.028825
10200	0.028827
28212	0.028830
16662	0.028832
61514	0.028833
46831	0.028834
52271	0.028836
27424	0.028837
58393	0.028840
47179	0.028841
49505	0.028846
42117	0.028849
36839	0.028855
50275	0.028857
8822	0.028858
52083	0.028861
53900	0.028864
57204	0.028872
42532	0.028878
40911	0.028878
53622	0.028878
58524	0.028879
55333	0.028889
42042	0.028897
46298	0.028898
56289	0.028899
20599	0.028904
32956	0.028913
26362	0.028917
11131	0.028921
17332	0.028928
9191	0.028932
36003	0.028933
12628	0.028934
28773	0.028934
9922	0.028938
55535	0.028941
18409	0.028946
60750	0.028949
7656	0.028955
36322	0.028961
16103	0.028962
7783	0.028964
13866	0.028969
15924	0.028970
7237	0.028972
36739	0.028976
44526	0.028977
19799	0.028977
22753	0.028978
31249	0.028979
50470	0.028980
49334	0.028984
56357	0.028985
35648	0.028987
22799	0.028988
104603	0.028993
46400	0.028994
54125	0.028995
22502	0.028995
47798	0.028999
11006	0.029000
41377	0.029003
61021	0.029003
55415	0.029006
39107	0.029010
50525	0.029010
16593	0.029010
16676	0.029010
17510	0.029010
24266	0.029010
32025	0.029010
41667	0.029010
57749	0.029010
60672	0.029010
60735	0.029010
61524	0.029010
49849	0.029010
29926	0.029014
17424	0.029019
45283	0.029026
9919	0.029028
26909	0.029029
13667	0.029031
49694	0.029036
12888	0.029040
46736	0.029041
29222	0.029042
55356	0.029048
13421	0.029051
52538	0.029052
14611	0.029054
41732	0.029054
29736	0.029055
43488	0.029057
30432	0.029059
43882	0.029066
61429	0.029072
8981	0.029073
19133	0.029073
21219	0.029078
30127	0.029079
10617	0.029085
10786	0.029085
13094	0.029085
13277	0.029085
13389	0.029085
16766	0.029085
21819	0.029085
35117	0.029085
39762	0.029085
46979	0.029085
47729	0.029085
50491	0.029085
60472	0.029085
60847	0.029085
61465	0.029085
61526	0.029085
8826	0.029085
36793	0.029088
47402	0.029099
33113	0.029102
26419	0.029106
60519	0.029107
16598	0.029110
40063	0.029110
40065	0.029110
40066	0.029110
12171	0.029110
44392	0.029112
24788	0.029112
8263	0.029114
46921	0.029119
23605	0.029120
11810	0.029120
11872	0.029121
61163	0.029125
42209	0.029126
42203	0.029133
30067	0.029138
31139	0.029140
35347	0.029140
37376	0.029142
10928	0.029144
24891	0.029147
60894	0.029148
47110	0.029149
45807	0.029152
27246	0.029157
12749	0.029159
9470	0.029159
15154	0.029159
16660	0.029161
16259	0.029162
12146	0.029164
51338	0.029164
21460	0.029166
60624	0.029169
35664	0.029175
13459	0.029180
43246	0.029181
27870	0.029181
45589	0.029183
10869	0.029187
34040	0.029188
48041	0.029190
35518	0.029194
37926	0.029198
42226	0.029202
60852	0.029213
54385	0.029215
52709	0.029221
25566	0.029227
32487	0.029229
60126	0.029231
15091	0.029231
52071	0.029235
27904	0.029236
57061	0.029238
40555	0.029239
32053	0.029246
43780	0.029247
8207	0.029248
48894	0.029262
58319	0.029263
20459	0.029263
22983	0.029263
23273	0.029266
57730	0.029270
55975	0.029271
13110	0.029271
50497	0.029274
43108	0.029275
26580	0.029275
22072	0.029276
25331	0.029276
41382	0.029280
60728	0.029280
15728	0.029283
59693	0.029284
8907	0.029284
60356	0.029285
42608	0.029286
29893	0.029286
32738	0.029286
19197	0.029291
61252	0.029293
25758	0.029293
13458	0.029298
26474	0.029298
41526	0.029298
15928	0.029301
6899	0.029303
45388	0.029303
60815	0.029306
55665	0.029308
10039	0.029313
38923	0.029313
44940	0.029316
25536	0.029317
14951	0.029319
43343	0.029321
13763	0.029324
60980	0.029325
22196	0.029328
54873	0.029330
16986	0.029331
34769	0.029331
9699	0.029331
8725	0.029333
61053	0.029338
8926	0.029340
33579	0.029343
39026	0.029346
11525	0.029347
27249	0.029349
60189	0.029356
44773	0.029362
40940	0.029365
13852	0.029375
45959	0.029382
10071	0.029387
48419	0.029391
44613	0.029395
47334	0.029405
24817	0.029407
37405	0.029408
44899	0.029410
51460	0.029410
60994	0.029412
56113	0.029421
60171	0.029424
33707	0.029425
14605	0.029427
60739	0.029429
27138	0.029432
43910	0.029433
41510	0.029438
61550	0.029441
35522	0.029442
9656	0.029448
39716	0.029449
43192	0.029450
27824	0.029451
12237	0.029451
9571	0.029454
41909	0.029463
44969	0.029463
60063	0.029463
60346	0.029463
15499	0.029463
44567	0.029465
30430	0.029468
14465	0.029473
11854	0.029475
22315	0.029476
11400	0.029486
21054	0.029487
17307	0.029490
33902	0.029492
15435	0.029495
11955	0.029498
26773	0.029501
55645	0.029506
25902	0.029507
57939	0.029510
15216	0.029517
16517	0.029523
39645	0.029525
40948	0.029525
24338	0.029526
26886	0.029530
39357	0.029531
56832	0.029532
21669	0.029534
55742	0.029540
39518	0.029543
56831	0.029545
45217	0.029546
19866	0.029548
37131	0.029548
10446	0.029552
36277	0.029565
26254	0.029568
12043	0.029572
28392	0.029572
29919	0.029572
41977	0.029572
44016	0.029572
60347	0.029572
60512	0.029572
60990	0.029572
16129	0.029579
60191	0.029579
16564	0.029581
14953	0.029582
56819	0.029583
21179	0.029583
32157	0.029585
50834	0.029586
20359	0.029590
16435	0.029590
11269	0.029594
57870	0.029594
45446	0.029595
14099	0.029600
49045	0.029605
8879	0.029608
8152	0.029610
47783	0.029615
24163	0.029616
20215	0.029617
23544	0.029618
42853	0.029619
61663	0.029626
16186	0.029628
10757	0.029628
25366	0.029628
39269	0.029630
48962	0.029633
10210	0.029636
38445	0.029640
43044	0.029644
26587	0.029645
11116	0.029650
46798	0.029655
11313	0.029663
11410	0.029663
24147	0.029665
53770	0.029670
41181	0.029673
55447	0.029674
51732	0.029692
21728	0.029698
9435	0.029700
9378	0.029701
51854	0.029709
38214	0.029709
10123	0.029712
33321	0.029713
48615	0.029717
16944	0.029718
14981	0.029719
55711	0.029723
31183	0.029724
61473	0.029724
21515	0.029725
32177	0.029726
9240	0.029728
58053	0.029737
6938	0.029741
16829	0.029741
22342	0.029741
35006	0.029741
43954	0.029747
44784	0.029748
29238	0.029748
46172	0.029756
13446	0.029756
14963	0.029758
61446	0.029759
43484	0.029764
35399	0.029769
8278	0.029770
10004	0.029773
12446	0.029781
23754	0.029782
15568	0.029785
34446	0.029791
52263	0.029793
16839	0.029794
44623	0.029796
14556	0.029796
50312	0.029801
22132	0.029804
31864	0.029804
51671	0.029806
58579	0.029807
56115	0.029812
48957	0.029815
13729	0.029815
16206	0.029815
50953	0.029817
54570	0.029820
23929	0.029821
28701	0.029825
8567	0.029826
21862	0.029827
16824	0.029832
21087	0.029833
30224	0.029836
34361	0.029843
19158	0.029844
13970	0.029845
44829	0.029851
37120	0.029866
42583	0.029866
35053	0.029867
14540	0.029872
57745	0.029873
31650	0.029874
56071	0.029876
16553	0.029878
27986	0.029878
14543	0.029881
57833	0.029888
53257	0.029888
58528	0.029892
60527	0.029892
42743	0.029893
54529	0.029894
14686	0.029901
40390	0.029902
25063	0.029902
46407	0.029903
7743	0.029905
39789	0.029913
23062	0.029915
47087	0.029917
45995	0.029918
58446	0.029927
16494	0.029928
54726	0.029928
53925	0.029933
27750	0.029936
10194	0.029940
50027	0.029941
7737	0.029944
58559	0.029947
54276	0.029950
6921	0.029954
52409	0.029959
61257	0.029961
15770	0.029961
48528	0.029962
14954	0.029966
16312	0.029969
9118	0.029971
57069	0.029972
56411	0.029975
19190	0.029976
9669	0.029976
30486	0.029981
22330	0.029983
8046	0.029985
10325	0.029986
15462	0.029988
52137	0.029988
19183	0.029990
57243	0.029994
30394	0.029995
50873	0.029995
58513	0.030005
44443	0.030005
38555	0.030011
57550	0.030021
46904	0.030022
61589	0.030028
49244	0.030029
21018	0.030031
61363	0.030033
21636	0.030035
10570	0.030036
9959	0.030038
23808	0.030043
13106	0.030045
42044	0.030046
31297	0.030049
58292	0.030050
41100	0.030053
60508	0.030056
55968	0.030060
61353	0.030061
16861	0.030066
35005	0.030066
51135	0.030066
21612	0.030069
45580	0.030076
40870	0.030078
16892	0.030083
11599	0.030084
46026	0.030084
32124	0.030084
22623	0.030086
12768	0.030089
16701	0.030091
7406	0.030094
29924	0.030096
22199	0.030098
34845	0.030100
49382	0.030107
44621	0.030108
13831	0.030108
14591	0.030110
53137	0.030111
26324	0.030115
55698	0.030121
31078	0.030121
29023	0.030122
22733	0.030123
46359	0.030126
35286	0.030126
14733	0.030128
11865	0.030130
31652	0.030131
57026	0.030132
53471	0.030137
57213	0.030137
19503	0.030137
38236	0.030144
41869	0.030146
17069	0.030146
27672	0.030148
43769	0.030148
59692	0.030148
28002	0.030148
28100	0.030148
19482	0.030153
35396	0.030153
9224	0.030155
55491	0.030156
28187	0.030157
39747	0.030158
7928	0.030158
55538	0.030159
51364	0.030160
25564	0.030161
7786	0.030166
9754	0.030168
8521	0.030170
58431	0.030171
21124	0.030175
56195	0.030179
53319	0.030186
11065	0.030187
15149	0.030187
60932	0.030190
54612	0.030193
15018	0.030193
10290	0.030194
13098	0.030194
7677	0.030194
14314	0.030201
27421	0.030201
12784	0.030203
21495	0.030206
55701	0.030213
45153	0.030220
55074	0.030220
21426	0.030224
13517	0.030228
32187	0.030231
7604	0.030232
17168	0.030234
19036	0.030237
58035	0.030240
61654	0.030241
11141	0.030241
35849	0.030244
31656	0.030247
37928	0.030248
26835	0.030253
31188	0.030262
42032	0.030266
13754	0.030266
53004	0.030271
25851	0.030274
7222	0.030275
54514	0.030277
34820	0.030278
11009	0.030278
24886	0.030278
61189	0.030279
33777	0.030290
21233	0.030293
9430	0.030293
14078	0.030294
14192	0.030298
9942	0.030299
56605	0.030301
7198	0.030301
46906	0.030306
13942	0.030306
25342	0.030309
22904	0.030309
38391	0.030314
38882	0.030323
41353	0.030325
22507	0.030329
22164	0.030332
32706	0.030334
21354	0.030334
53960	0.030335
39589	0.030337
54877	0.030337
48959	0.030342
51529	0.030342
15686	0.030343
19255	0.030347
48716	0.030348
12652	0.030350
23455	0.030358
40033	0.030360
17041	0.030366
51034	0.030374
15724	0.030374
14062	0.030376
54909	0.030380
14775	0.030383
16956	0.030383
14718	0.030385
60832	0.030387
14525	0.030387
61255	0.030390
16017	0.030391
38438	0.030392
43305	0.030394
33111	0.030396
10865	0.030397
27959	0.030398
54674	0.030399
31535	0.030399
42008	0.030399
60752	0.030401
34002	0.030408
9879	0.030411
16313	0.030413
49269	0.030414
47480	0.030415
55279	0.030418
58269	0.030420
47323	0.030420
33994	0.030422
16190	0.030426
38436	0.030426
51846	0.030427
12753	0.030428
52352	0.030431
16890	0.030431
16690	0.030432
15353	0.030439
37753	0.030439
42333	0.030440
47001	0.030442
19165	0.030445
48056	0.030448
51950	0.030455
36395	0.030459
9976	0.030463
49923	0.030463
14900	0.030465
53799	0.030468
52392	0.030468
17414	0.030469
16469	0.030471
19522	0.030475
61393	0.030475
36569	0.030488
41768	0.030491
30994	0.030492
22885	0.030496
39807	0.030498
37250	0.030503
42148	0.030504
52321	0.030504
16174	0.030504
14962	0.030505
22587	0.030507
47131	0.030507
17236	0.030509
61160	0.030509
59264	0.030511
15089	0.030513
46113	0.030518
52065	0.030520
45374	0.030520
51437	0.030520
39227	0.030523
14370	0.030523
17229	0.030531
12152	0.030531
14910	0.030534
9124	0.030538
14597	0.030550
44902	0.030550
32142	0.030550
38766	0.030551
15180	0.030551
61593	0.030552
10241	0.030554
46194	0.030555
58892	0.030555
14966	0.030561
10216	0.030561
37573	0.030565
57895	0.030566
54914	0.030567
22218	0.030567
13344	0.030568
26487	0.030571
43324	0.030572
60705	0.030572
13033	0.030574
42563	0.030577
53530	0.030577
58412	0.030578
56172	0.030583
53933	0.030583
46066	0.030590
11330	0.030591
36386	0.030594
37180	0.030594
27023	0.030594
15200	0.030596
42080	0.030600
16559	0.030600
16565	0.030606
13811	0.030617
16443	0.030618
50468	0.030627
37007	0.030627
31423	0.030628
15285	0.030628
34382	0.030628
30308	0.030630
45427	0.030632
47020	0.030634
16251	0.030643
31489	0.030643
17086	0.030646
22276	0.030646
58004	0.030647
11745	0.030647
10005	0.030652
31379	0.030657
55575	0.030660
50142	0.030663
8706	0.030663
30985	0.030667
25764	0.030669
35122	0.030671
22617	0.030679
31087	0.030682
13486	0.030684
55625	0.030686
7634	0.030687
60318	0.030688
52176	0.030691
14086	0.030695
60745	0.030700
56687	0.030702
31270	0.030703
14641	0.030708
9829	0.030708
24358	0.030710
7639	0.030711
31570	0.030713
45061	0.030715
36181	0.030717
42581	0.030719
60973	0.030722
52739	0.030727
53405	0.030731
7501	0.030731
10976	0.030731
34977	0.030733
9181	0.030733
39575	0.030737
37966	0.030737
56945	0.030738
61460	0.030740
45563	0.030740
54008	0.030740
39830	0.030743
28722	0.030744
49234	0.030755
20584	0.030760
11295	0.030762
17077	0.030762
30167	0.030765
56953	0.030766
56180	0.030766
56920	0.030770
37214	0.030771
33453	0.030776
51994	0.030777
8157	0.030786
34374	0.030788
33714	0.030790
54723	0.030791
38317	0.030792
16237	0.030793
35137	0.030793
47868	0.030794
49332	0.030794
13658	0.030795
13492	0.030800
46308	0.030810
21157	0.030812
38321	0.030812
54561	0.030813
33904	0.030820
50669	0.030821
12519	0.030826
40936	0.030826
25804	0.030828
17345	0.030828
60144	0.030832
21685	0.030835
11211	0.030837
14590	0.030842
9977	0.030844
55956	0.030852
41268	0.030856
28108	0.030857
60615	0.030858
45773	0.030861
13739	0.030864
51424	0.030866
44945	0.030868
60713	0.030868
17369	0.030876
46365	0.030881
19708	0.030882
44092	0.030885
34167	0.030892
30772	0.030894
22302	0.030897
49980	0.030898
13066	0.030900
15375	0.030904
46640	0.030907
17050	0.030916
11794	0.030917
31225	0.030918
54565	0.030920
39245	0.030922
51241	0.030923
51968	0.030926
60130	0.030926
11329	0.030929
29705	0.030932
27371	0.030934
35070	0.030934
60623	0.030951
21829	0.030958
61265	0.030959
57234	0.030960
54440	0.030963
25848	0.030963
35673	0.030964
44530	0.030965
53199	0.030965
60118	0.030970
50034	0.030972
14919	0.030974
38513	0.030976
19906	0.030976
7782	0.030978
25538	0.030979
16776	0.030981
14941	0.030982
11385	0.030984
10539	0.030992
42040	0.030993
12740	0.030997
10057	0.031000
61636	0.031007
40987	0.031008
39328	0.031008
12071	0.031010
40552	0.031011
47688	0.031012
56238	0.031013
48272	0.031016
116820	0.031016
125366	0.031016
125720	0.031016
21446	0.031016
33999	0.031016
34000	0.031016
34003	0.031016
34004	0.031016
45146	0.031016
60298	0.031016
60500	0.031016
60544	0.031016
61011	0.031016
89461	0.031016
22078	0.031016
21035	0.031017
34515	0.031019
8108	0.031021
25328	0.031023
53256	0.031025
20527	0.031025
15193	0.031035
34669	0.031036
29121	0.031037
22313	0.031039
22927	0.031039
48099	0.031040
30761	0.031044
16905	0.031048
46931	0.031050
57040	0.031053
40866	0.031055
22232	0.031062
15188	0.031062
41441	0.031065
43739	0.031065
22367	0.031067
41517	0.031068
21562	0.031071
45950	0.031079
51228	0.031081
14637	0.031083
21782	0.031084
61290	0.031087
49620	0.031092
57260	0.031095
32302	0.031095
54208	0.031095
30449	0.031099
23916	0.031100
42705	0.031100
16447	0.031100
44524	0.031106
9163	0.031109
38732	0.031111
22662	0.031114
9756	0.031116
40876	0.031118
9300	0.031119
16619	0.031121
17244	0.031125
26489	0.031126
31152	0.031128
17120	0.031129
39396	0.031134
32508	0.031136
40062	0.031139
35586	0.031142
23764	0.031142
8855	0.031145
44594	0.031146
33984	0.031147
43944	0.031153
57125	0.031153
50446	0.031156
10179	0.031161
20988	0.031163
55886	0.031165
13491	0.031166
26776	0.031171
37310	0.031174
9086	0.031174
14631	0.031176
48636	0.031177
51346	0.031178
17065	0.031180
46481	0.031182
54754	0.031182
61328	0.031184
23568	0.031185
43119	0.031193
9868	0.031195
20410	0.031200
60275	0.031202
61664	0.031202
57127	0.031202
11366	0.031205
16741	0.031208
24767	0.031208
10351	0.031210
36847	0.031213
52763	0.031213
49070	0.031214
40585	0.031217
31290	0.031218
61453	0.031220
10597	0.031221
57112	0.031227
38385	0.031227
47597	0.031231
20748	0.031234
14553	0.031246
28974	0.031248
60834	0.031248
16666	0.031249
30244	0.031250
52890	0.031250
39775	0.031254
14603	0.031256
50964	0.031256
54770	0.031260
53767	0.031264
14147	0.031265
13447	0.031266
22580	0.031267
49726	0.031268
61631	0.031268
13883	0.031269
50903	0.031274
23371	0.031276
50870	0.031279
53248	0.031279
30687	0.031282
18372	0.031286
10767	0.031288
12447	0.031288
40211	0.031290
11008	0.031292
13723	0.031295
10055	0.031300
28962	0.031300
37378	0.031302
21056	0.031307
17422	0.031311
54456	0.031311
61535	0.031311
9710	0.031311
32904	0.031312
15445	0.031313
7381	0.031316
61477	0.031317
18378	0.031317
61611	0.031318
46590	0.031320
27533	0.031321
60427	0.031322
17472	0.031327
29992	0.031331
20283	0.031332
9822	0.031334
30315	0.031337
15463	0.031338
50627	0.031339
50998	0.031344
8171	0.031344
39230	0.031347
22396	0.031356
39241	0.031362
47352	0.031366
60342	0.031368
58200	0.031370
52975	0.031370
11748	0.031373
10110	0.031373
57171	0.031374
27053	0.031376
8403	0.031376
9282	0.031377
25963	0.031377
34104	0.031379
30324	0.031380
46486	0.031383
16653	0.031387
16759	0.031388
38695	0.031391
15874	0.031392
30997	0.031392
43113	0.031393
23047	0.031399
22961	0.031402
45271	0.031404
43169	0.031407
22120	0.031407
29779	0.031408
29773	0.031409
9911	0.031413
13857	0.031419
25529	0.031421
39979	0.031424
9285	0.031424
23811	0.031425
60202	0.031430
6963	0.031430
52093	0.031432
23118	0.031433
36392	0.031437
24486	0.031438
31394	0.031442
53401	0.031442
49330	0.031442
39349	0.031443
44649	0.031444
33523	0.031447
55068	0.031450
38600	0.031455
43852	0.031459
13901	0.031460
8737	0.031460
24612	0.031461
48245	0.031461
17058	0.031463
30844	0.031466
45313	0.031471
9826	0.031474
8070	0.031475
9945	0.031475
17066	0.031475
23063	0.031476
61193	0.031476
7777	0.031478
14042	0.031480
10936	0.031487
36836	0.031487
30068	0.031488
19512	0.031491
35993	0.031492
60766	0.031493
7922	0.031494
43965	0.031495
38739	0.031496
13838	0.031498
26993	0.031500
37516	0.031501
24115	0.031503
39363	0.031504
16774	0.031507
17372	0.031507
46962	0.031511
47845	0.031511
8421	0.031511
17039	0.031512
47308	0.031512
42190	0.031520
40998	0.031522
61004	0.031525
13438	0.031529
47857	0.031531
48075	0.031531
10804	0.031534
53038	0.031536
21714	0.031540
40070	0.031541
8552	0.031542
55532	0.031544
48248	0.031544
11611	0.031544
12976	0.031544
19161	0.031544
21466	0.031544
29951	0.031544
40241	0.031544
8729	0.031544
12173	0.031546
61029	0.031547
15596	0.031549
36603	0.031551
49963	0.031551
47626	0.031564
21389	0.031565
46684	0.031566
9003	0.031566
23423	0.031571
58287	0.031574
15403	0.031578
34015	0.031580
16120	0.031582
47611	0.031593
54887	0.031596
60895	0.031596
35976	0.031596
14021	0.031600
43422	0.031603
23224	0.031605
54339	0.031607
50354	0.031609
11633	0.031617
49123	0.031618
28809	0.031619
15773	0.031626
12754	0.031627
33298	0.031630
17253	0.031631
60336	0.031633
14587	0.031635
22234	0.031636
24608	0.031637
49553	0.031637
35468	0.031642
27976	0.031643
23787	0.031645
38491	0.031646
14785	0.031648
60947	0.031651
12819	0.031658
12365	0.031659
11399	0.031659
51588	0.031660
36429	0.031665
55824	0.031670
20535	0.031670
46936	0.031671
46901	0.031674
116978	0.031679
45254	0.031679
36678	0.031680
28362	0.031683
23067	0.031683
17088	0.031684
51862	0.031688
41932	0.031689
17016	0.031690
17116	0.031691
30474	0.031692
57715	0.031697
28807	0.031702
41968	0.031704
47103	0.031705
53196	0.031708
29969	0.031709
17685	0.031711
10867	0.031718
11281	0.031719
35461	0.031721
29165	0.031722
49780	0.031723
24733	0.031723
56903	0.031723
42999	0.031724
52879	0.031724
31931	0.031725
49636	0.031731
25305	0.031732
39325	0.031735
53726	0.031736
55978	0.031736
38552	0.031738
60308	0.031745
15345	0.031746
57928	0.031749
32811	0.031751
14776	0.031759
48891	0.031759
16940	0.031764
36897	0.031765
15750	0.031769
61091	0.031772
43361	0.031776
58276	0.031778
44860	0.031779
56981	0.031781
46595	0.031787
38776	0.031792
46054	0.031795
39105	0.031796
56106	0.031798
60730	0.031798
60842	0.031798
61542	0.031798
7781	0.031798
8903	0.031799
20068	0.031800
11257	0.031801
12366	0.031803
55055	0.031805
34840	0.031808
37763	0.031808
60683	0.031810
45529	0.031811
14111	0.031814
42693	0.031814
11013	0.031814
31114	0.031821
12816	0.031822
11970	0.031826
51990	0.031826
55228	0.031833
36331	0.031836
50049	0.031838
14744	0.031838
8005	0.031843
42229	0.031843
27536	0.031844
15014	0.031844
16085	0.031846
15892	0.031847
38771	0.031848
9578	0.031848
33438	0.031850
16993	0.031852
56120	0.031855
13456	0.031856
16108	0.031866
46214	0.031866
26752	0.031868
16715	0.031870
42695	0.031870
54424	0.031873
53861	0.031873
34986	0.031873
41461	0.031881
57163	0.031881
25548	0.031881
9956	0.031888
56255	0.031891
24814	0.031892
57843	0.031892
57149	0.031897
42362	0.031897
26068	0.031899
38670	0.031902
25229	0.031903
55154	0.031904
57118	0.031905
48073	0.031908
57177	0.031909
33443	0.031910
20832	0.031912
13058	0.031912
22511	0.031914
13805	0.031916
49845	0.031918
10925	0.031924
8820	0.031926
41804	0.031927
45095	0.031928
13439	0.031933
53852	0.031934
21164	0.031936
20835	0.031936
25395	0.031937
35842	0.031938
13996	0.031939
44769	0.031941
24617	0.031944
8482	0.031944
32023	0.031947
60205	0.031949
22215	0.031953
50381	0.031953
55949	0.031954
58125	0.031956
29195	0.031957
14472	0.031958
26295	0.031959
57451	0.031962
7523	0.031964
14988	0.031967
57437	0.031967
51606	0.031970
32096	0.031972
23158	0.031973
60541	0.031973
16975	0.031975
39290	0.031980
16939	0.031983
45636	0.031987
15304	0.031993
49308	0.031995
45729	0.031997
61452	0.031999
41531	0.032001
9659	0.032004
8188	0.032005
37514	0.032009
20201	0.032012
33942	0.032016
49832	0.032016
24012	0.032020
54517	0.032020
43412	0.032021
27041	0.032023
55890	0.032023
14589	0.032023
30416	0.032024
7399	0.032028
26510	0.032034
16060	0.032034
13503	0.032036
9491	0.032036
58152	0.032040
30379	0.032044
46536	0.032049
43391	0.032049
28366	0.032051
38723	0.032053
16328	0.032054
49205	0.032058
27418	0.032060
57314	0.032067
27162	0.032073
23947	0.032075
16207	0.032075
47704	0.032077
36926	0.032079
49662	0.032081
36811	0.032082
8756	0.032083
55121	0.032083
25588	0.032084
24336	0.032087
21556	0.032090
41443	0.032090
52853	0.032092
12915	0.032096
42848	0.032097
29980	0.032097
26522	0.032100
14177	0.032100
23122	0.032101
16961	0.032102
37621	0.032103
17103	0.032107
20006	0.032117
48109	0.032118
37960	0.032126
55514	0.032127
22954	0.032131
37275	0.032135
53217	0.032137
32701	0.032139
16589	0.032145
14218	0.032151
38678	0.032155
54074	0.032157
38676	0.032159
16430	0.032161
38347	0.032162
38132	0.032170
23993	0.032173
27908	0.032174
30864	0.032175
34658	0.032176
17502	0.032176
23376	0.032179
26666	0.032181
49248	0.032184
54433	0.032186
21502	0.032188
33100	0.032188
53928	0.032188
43110	0.032189
29123	0.032192
54477	0.032194
48392	0.032195
11359	0.032197
16113	0.032198
35926	0.032199
40847	0.032200
42567	0.032204
10187	0.032206
50853	0.032206
10736	0.032207
23584	0.032207
16749	0.032210
10061	0.032211
33278	0.032214
30420	0.032220
27669	0.032224
9896	0.032224
16314	0.032225
19958	0.032228
47437	0.032229
11254	0.032229
15644	0.032230
47068	0.032231
7802	0.032232
22327	0.032235
40732	0.032238
28190	0.032240
56639	0.032241
13521	0.032248
22290	0.032250
36374	0.032253
10475	0.032254
11652	0.032258
17165	0.032260
21541	0.032269
17292	0.032269
22379	0.032270
32660	0.032271
34072	0.032276
23065	0.032276
20103	0.032276
11863	0.032276
11454	0.032277
31257	0.032278
34651	0.032279
61678	0.032280
57006	0.032280
51581	0.032281
55876	0.032287
11444	0.032289
17130	0.032292
7597	0.032292
10350	0.032292
12798	0.032293
9536	0.032293
17526	0.032295
33998	0.032296
19074	0.032297
47907	0.032297
54181	0.032299
39736	0.032302
14918	0.032302
26418	0.032305
10112	0.032307
26412	0.032307
27457	0.032307
11801	0.032307
42699	0.032308
48103	0.032314
39793	0.032316
7955	0.032321
56937	0.032323
16769	0.032324
31095	0.032325
48390	0.032325
17530	0.032327
9981	0.032328
11877	0.032332
26785	0.032332
16959	0.032332
53332	0.032334
16286	0.032334
17037	0.032337
15607	0.032338
49696	0.032338
23660	0.032338
47166	0.032339
10328	0.032343
53572	0.032343
36780	0.032343
9831	0.032344
20628	0.032347
21618	0.032347
27818	0.032348
57879	0.032348
44480	0.032349
50844	0.032349
56996	0.032355
17079	0.032355
51313	0.032356
24526	0.032357
13137	0.032361
27497	0.032362
7670	0.032362
9970	0.032364
38012	0.032364
13385	0.032365
38330	0.032366
15336	0.032368
37097	0.032369
41243	0.032370
16228	0.032372
7304	0.032372
8548	0.032372
8708	0.032373
16333	0.032375
10600	0.032381
60679	0.032382
31031	0.032385
23453	0.032387
29150	0.032388
38808	0.032391
29917	0.032392
20009	0.032392
20098	0.032393
18898	0.032394
8681	0.032396
40316	0.032398
10497	0.032400
47709	0.032401
19485	0.032403
24742	0.032404
40959	0.032404
45575	0.032406
29080	0.032407
26999	0.032408
40393	0.032412
16175	0.032413
30242	0.032413
55393	0.032416
12882	0.032417
54977	0.032419
52600	0.032419
13069	0.032420
54242	0.032422
13593	0.032423
51888	0.032423
13121	0.032424
31391	0.032425
47361	0.032431
7692	0.032434
49342	0.032437
42954	0.032439
35615	0.032440
46045	0.032441
32798	0.032442
42671	0.032442
41407	0.032443
57975	0.032445
38823	0.032445
8323	0.032448
9480	0.032448
51776	0.032456
60717	0.032460
27694	0.032460
56539	0.032463
50523	0.032465
48505	0.032467
29176	0.032468
137660	0.032470
31041	0.032471
50316	0.032475
54107	0.032486
8302	0.032488
29258	0.032489
37259	0.032490
39715	0.032491
21343	0.032491
38549	0.032491
27803	0.032494
43899	0.032496
56878	0.032497
15536	0.032499
36446	0.032500
37524	0.032505
21808	0.032513
29054	0.032515
10540	0.032516
26152	0.032517
46300	0.032517
61162	0.032524
48486	0.032525
54480	0.032525
10375	0.032525
13266	0.032525
9482	0.032528
20252	0.032528
47790	0.032535
11142	0.032536
40097	0.032538
30651	0.032540
16530	0.032542
47075	0.032542
53663	0.032543
57516	0.032546
37276	0.032547
52718	0.032551
7868	0.032553
46983	0.032555
14422	0.032557
15128	0.032560
10449	0.032563
28817	0.032568
34980	0.032568
34474	0.032571
51318	0.032575
20209	0.032579
12912	0.032580
19021	0.032580
53569	0.032585
52573	0.032589
17045	0.032590
13776	0.032591
43492	0.032593
10467	0.032596
17497	0.032600
12656	0.032600
10438	0.032600
14722	0.032601
20145	0.032607
38305	0.032608
47455	0.032609
20227	0.032614
27164	0.032615
13801	0.032617
39534	0.032617
15374	0.032627
14655	0.032628
20904	0.032630
57862	0.032631
32392	0.032631
12153	0.032634
39527	0.032643
33146	0.032644
21491	0.032644
54201	0.032645
29203	0.032647
32305	0.032648
23403	0.032648
43129	0.032649
16233	0.032651
15483	0.032657
39840	0.032659
21668	0.032660
14013	0.032661
37372	0.032666
17212	0.032668
61187	0.032679
57364	0.032683
7638	0.032686
29343	0.032687
32219	0.032688
21004	0.032689
52568	0.032691
11977	0.032692
16630	0.032694
35564	0.032696
20840	0.032698
8957	0.032700
33710	0.032702
15551	0.032703
10778	0.032704
32818	0.032706
45925	0.032706
8160	0.032706
53420	0.032708
41919	0.032710
54879	0.032711
9834	0.032711
8734	0.032712
51152	0.032712
15453	0.032714
11867	0.032717
42294	0.032717
48880	0.032723
46927	0.032729
29445	0.032729
19469	0.032732
35659	0.032733
29252	0.032737
48963	0.032742
17136	0.032744
14773	0.032745
47254	0.032746
22803	0.032749
14554	0.032750
53593	0.032751
10191	0.032752
43338	0.032753
25407	0.032755
61061	0.032755
61482	0.032755
24545	0.032756
9819	0.032756
7359	0.032757
10116	0.032762
42524	0.032762
16756	0.032763
37271	0.032764
39620	0.032765
23747	0.032767
17225	0.032769
11219	0.032775
17186	0.032782
19013	0.032782
34016	0.032786
32422	0.032786
10441	0.032787
46950	0.032789
15749	0.032791
47325	0.032792
53046	0.032793
49489	0.032793
19700	0.032793
25883	0.032795
21810	0.032795
10755	0.032795
40756	0.032796
24413	0.032798
61436	0.032799
34520	0.032804
28286	0.032807
21077	0.032808
25543	0.032808
11031	0.032809
31150	0.032809
35271	0.032811
19505	0.032811
33332	0.032817
31221	0.032826
27877	0.032831
36753	0.032833
61090	0.032839
60363	0.032840
52470	0.032841
29797	0.032844
13444	0.032844
57766	0.032844
12861	0.032854
14371	0.032854
14485	0.032856
47517	0.032858
10800	0.032858
15387	0.032858
38869	0.032859
54314	0.032864
38793	0.032867
37144	0.032869
54574	0.032873
14475	0.032874
55125	0.032875
37197	0.032876
23462	0.032878
30769	0.032880
36992	0.032881
45400	0.032881
46218	0.032882
30120	0.032882
7291	0.032887
16218	0.032888
19290	0.032888
10813	0.032891
44930	0.032892
60304	0.032892
50269	0.032893
61039	0.032897
28031	0.032897
61134	0.032899
44146	0.032902
47329	0.032903
25591	0.032904
16965	0.032905
17040	0.032905
13778	0.032907
19334	0.032909
46876	0.032924
21484	0.032924
29444	0.032925
8586	0.032928
16744	0.032929
19223	0.032933
12113	0.032933
49082	0.032936
28106	0.032941
60891	0.032943
17131	0.032943
46919	0.032946
39738	0.032948
31273	0.032949
15876	0.032950
7400	0.032950
17024	0.032950
17089	0.032951
14809	0.032952
56382	0.032955
57389	0.032956
10684	0.032956
14588	0.032959
15466	0.032961
43723	0.032961
6927	0.032964
11007	0.032967
32694	0.032969
52544	0.032973
16885	0.032975
14444	0.032977
33109	0.032977
24323	0.032980
13862	0.032980
22806	0.032988
12381	0.032988
6915	0.032996
10254	0.032996
25715	0.032999
50143	0.033002
16707	0.033002
36831	0.033006
6937	0.033006
29976	0.033007
41373	0.033016
17038	0.033016
9412	0.033017
36256	0.033018
26739	0.033019
32056	0.033019
16772	0.033024
60442	0.033026
23002	0.033026
32867	0.033029
48253	0.033032
55690	0.033032
57864	0.033033
38454	0.033034
53943	0.033034
48935	0.033038
34637	0.033038
11401	0.033039
10686	0.033042
7123	0.033044
8069	0.033048
7549	0.033053
56729	0.033058
61143	0.033059
7207	0.033063
7318	0.033067
43917	0.033068
45532	0.033068
13380	0.033068
12993	0.033069
56505	0.033070
22271	0.033072
55469	0.033075
29989	0.033075
29941	0.033076
44879	0.033076
29792	0.033079
22839	0.033080
51455	0.033082
22076	0.033089
11255	0.033093
51294	0.033094
9386	0.033095
39022	0.033095
16496	0.033096
47945	0.033097
18971	0.033100
7112	0.033102
53135	0.033104
14000	0.033105
32514	0.033105
60918	0.033107
54534	0.033112
16442	0.033117
13888	0.033119
17158	0.033121
34049	0.033121
36988	0.033124
20607	0.033129
7239	0.033129
31551	0.033130
50442	0.033135
40367	0.033136
52298	0.033137
61242	0.033139
29078	0.033140
56328	0.033141
25013	0.033142
31103	0.033142
25950	0.033143
44045	0.033143
119356	0.033148
47368	0.033150
57772	0.033151
9301	0.033151
56034	0.033152
60488	0.033156
39058	0.033157
60178	0.033157
17243	0.033158
32946	0.033159
52968	0.033160
46305	0.033161
14520	0.033162
10662	0.033164
56481	0.033165
60712	0.033166
25896	0.033166
27495	0.033168
21889	0.033169
51692	0.033169
58461	0.033170
29702	0.033170
10358	0.033174
39760	0.033175
31304	0.033178
61373	0.033180
60194	0.033180
43366	0.033185
12019	0.033185
54536	0.033187
54965	0.033187
34313	0.033187
24889	0.033190
57152	0.033193
38230	0.033193
56956	0.033194
37515	0.033199
54197	0.033203
34043	0.033204
14572	0.033209
52217	0.033210
42220	0.033211
37909	0.033214
11064	0.033216
60808	0.033219
9684	0.033220
14551	0.033221
12574	0.033223
40043	0.033226
24468	0.033226
42475	0.033232
16092	0.033233
13166	0.033234
37433	0.033238
17492	0.033239
37686	0.033239
30679	0.033240
39407	0.033243
8420	0.033245
15743	0.033246
58128	0.033248
54606	0.033250
10219	0.033251
8808	0.033257
46630	0.033257
28804	0.033258
46761	0.033259
32601	0.033261
43850	0.033263
55179	0.033265
23450	0.033270
23494	0.033273
45712	0.033277
38327	0.033278
15751	0.033280
54121	0.033282
58314	0.033284
52044	0.033284
60420	0.033286
17025	0.033287
61545	0.033289
53060	0.033290
50944	0.033295
57692	0.033295
15081	0.033296
39298	0.033297
31124	0.033297
16000	0.033305
47960	0.033306
56522	0.033309
49312	0.033311
51159	0.033313
53676	0.033316
46899	0.033316
15716	0.033317
37272	0.033319
30137	0.033320
33122	0.033330
55679	0.033333
16515	0.033333
45415	0.033334
43746	0.033335
27584	0.033336
61415	0.033336
26597	0.033336
35514	0.033337
55106	0.033338
32915	0.033342
57537	0.033345
61096	0.033345
37784	0.033346
33015	0.033347
38324	0.033347
7935	0.033350
60257	0.033351
49491	0.033351
13662	0.033352
57602	0.033353
27017	0.033359
27196	0.033361
54576	0.033362
7917	0.033364
47886	0.033367
31285	0.033368
61181	0.033371
56974	0.033373
22288	0.033376
22203	0.033376
39447	0.033377
48645	0.033379
57169	0.033382
22321	0.033384
22747	0.033385
61466	0.033385
51367	0.033386
53122	0.033391
54435	0.033392
10128	0.033392
12701	0.033394
21116	0.033395
40128	0.033395
43695	0.033398
15918	0.033400
19019	0.033407
20515	0.033408
10594	0.033408
43868	0.033408
39041	0.033412
25998	0.033419
14262	0.033427
32901	0.033429
29241	0.033429
17190	0.033433
41432	0.033434
52130	0.033437
37757	0.033437
16106	0.033437
11659	0.033438
10744	0.033439
29947	0.033441
16737	0.033442
40965	0.033446
21043	0.033448
46352	0.033451
16968	0.033453
41241	0.033454
56972	0.033455
30354	0.033460
9858	0.033460
7738	0.033465
37398	0.033466
12127	0.033468
16681	0.033469
51273	0.033469
24054	0.033472
34109	0.033472
17004	0.033476
12120	0.033476
15963	0.033479
31851	0.033480
30135	0.033488
40879	0.033490
53951	0.033490
27384	0.033494
21551	0.033497
35067	0.033497
29200	0.033498
60468	0.033500
25760	0.033501
20154	0.033505
37392	0.033505
119450	0.033509
49513	0.033511
7610	0.033511
8961	0.033511
27420	0.033512
17260	0.033514
9712	0.033514
10916	0.033516
7195	0.033522
54210	0.033524
32279	0.033525
27311	0.033525
17215	0.033528
60344	0.033530
60524	0.033531
15547	0.033535
57579	0.033536
7617	0.033536
34080	0.033536
52498	0.033537
13994	0.033538
11119	0.033539
51156	0.033540
37436	0.033546
60127	0.033548
31080	0.033549
28950	0.033550
7891	0.033551
25418	0.033553
16898	0.033553
60239	0.033554
42236	0.033555
17006	0.033555
60169	0.033556
50723	0.033556
38789	0.033557
17177	0.033558
16822	0.033558
19684	0.033560
37368	0.033561
48784	0.033565
23416	0.033566
15982	0.033568
8202	0.033568
28394	0.033574
12536	0.033579
8186	0.033579
60579	0.033580
36520	0.033580
43165	0.033580
54492	0.033581
40695	0.033585
60721	0.033585
10324	0.033587
46809	0.033587
43067	0.033590
20586	0.033594
12968	0.033606
61199	0.033606
51996	0.033608
60421	0.033609
9687	0.033616
26321	0.033619
51893	0.033621
49785	0.033623
34852	0.033625
12913	0.033625
9082	0.033629
8789	0.033631
35232	0.033632
12184	0.033634
26662	0.033637
14389	0.033639
60618	0.033640
16856	0.033641
25349	0.033642
26656	0.033643
11122	0.033644
12411	0.033644
10759	0.033646
57742	0.033647
11288	0.033649
15058	0.033650
21658	0.033652
56103	0.033653
37080	0.033655
41799	0.033655
30029	0.033655
23388	0.033655
59447	0.033656
46169	0.033662
55260	0.033663
46627	0.033664
37236	0.033665
55747	0.033665
28054	0.033666
37724	0.033666
20860	0.033668
46957	0.033668
57768	0.033671
17354	0.033671
28027	0.033671
27744	0.033672
31491	0.033672
52326	0.033673
53495	0.033675
44792	0.033677
51093	0.033677
26654	0.033677
10470	0.033679
37394	0.033679
8251	0.033680
56947	0.033681
15823	0.033682
25725	0.033683
45923	0.033685
8634	0.033685
13890	0.033685
48995	0.033686
12094	0.033687
60924	0.033691
41370	0.033695
15801	0.033699
8161	0.033699
8887	0.033700
21489	0.033703
32697	0.033703
58662	0.033705
52998	0.033710
49777	0.033710
39773	0.033711
43173	0.033711
22415	0.033714
32478	0.033718
51764	0.033722
16583	0.033724
52135	0.033725
60944	0.033725
50829	0.033732
36915	0.033741
8205	0.033746
23578	0.033746
8783	0.033747
7645	0.033748
39880	0.033751
46393	0.033759
26431	0.033763
24042	0.033763
54870	0.033767
60285	0.033767
13878	0.033771
8908	0.033773
36743	0.033774
32391	0.033775
27026	0.033775
25182	0.033776
34301	0.033780
49618	0.033782
55643	0.033783
46644	0.033786
53505	0.033787
38884	0.033787
49255	0.033789
21801	0.033789
56924	0.033793
53729	0.033793
46945	0.033795
27988	0.033795
35129	0.033795
137900	0.033796
137901	0.033796
33652	0.033797
31018	0.033798
57211	0.033801
47871	0.033802
35443	0.033803
49756	0.033805
41812	0.033813
24839	0.033813
39301	0.033816
10761	0.033816
31067	0.033819
19298	0.033825
46323	0.033825
51022	0.033830
37246	0.033830
24592	0.033832
34491	0.033837
26983	0.033838
49658	0.033842
43641	0.033842
8633	0.033842
6912	0.033846
7071	0.033847
12005	0.033852
15862	0.033853
10534	0.033854
17534	0.033854
46981	0.033857
11494	0.033860
15999	0.033864
24388	0.033868
39804	0.033868
42652	0.033870
29945	0.033875
23909	0.033876
39745	0.033877
40945	0.033877
47004	0.033878
50132	0.033878
20212	0.033879
45043	0.033882
11332	0.033883
26315	0.033885
23533	0.033885
40102	0.033886
39637	0.033887
21772	0.033887
8551	0.033891
28389	0.033893
16894	0.033895
48158	0.033895
53818	0.033898
33907	0.033903
7763	0.033904
60404	0.033907
42034	0.033907
15508	0.033907
38659	0.033908
38515	0.033914
42197	0.033915
44001	0.033918
12719	0.033918
26995	0.033922
60145	0.033923
8442	0.033923
12653	0.033924
30107	0.033926
15889	0.033928
14829	0.033930
11450	0.033932
52054	0.033939
27608	0.033939
37183	0.033940
19034	0.033945
27441	0.033946
14346	0.033947
42963	0.033948
26698	0.033949
39700	0.033951
13533	0.033952
15559	0.033952
8913	0.033954
12218	0.033957
43163	0.033958
37345	0.033958
27735	0.033960
15114	0.033962
10919	0.033964
10533	0.033966
32793	0.033967
51211	0.033968
10106	0.033968
20299	0.033970
16825	0.033970
10036	0.033971
41969	0.033975
35355	0.033978
48549	0.033979
15013	0.033980
28127	0.033982
17018	0.033983
14007	0.033984
7596	0.033987
42119	0.033988
14771	0.033988
47805	0.033989
16219	0.033993
10821	0.034006
25344	0.034006
57269	0.034007
10292	0.034007
40990	0.034007
37679	0.034014
26227	0.034021
52010	0.034021
60370	0.034022
51321	0.034023
17092	0.034023
9469	0.034024
52402	0.034025
43848	0.034028
34315	0.034029
16781	0.034030
11827	0.034032
44157	0.034033
16999	0.034034
33859	0.034035
14634	0.034036
25118	0.034037
13997	0.034039
37518	0.034041
28931	0.034043
9538	0.034049
22394	0.034050
12672	0.034050
61548	0.034051
55879	0.034051
7854	0.034051
34197	0.034054
10043	0.034061
24629	0.034063
10153	0.034063
55695	0.034063
31383	0.034068
23039	0.034070
16571	0.034070
8960	0.034072
42211	0.034075
10632	0.034075
44014	0.034076
22949	0.034078
60542	0.034079
30154	0.034079
9856	0.034079
41112	0.034080
10251	0.034081
60545	0.034082
54313	0.034082
46712	0.034082
30494	0.034083
16852	0.034083
9327	0.034084
42156	0.034087
10266	0.034087
37857	0.034088
21769	0.034089
7809	0.034090
36950	0.034091
17080	0.034094
25572	0.034097
40312	0.034099
17014	0.034101
54483	0.034105
29618	0.034105
7471	0.034108
45085	0.034109
49369	0.034109
27390	0.034111
21104	0.034113
29279	0.034114
61658	0.034115
14073	0.034115
27200	0.034117
56056	0.034118
9359	0.034118
16416	0.034120
85203	0.034120
31918	0.034120
26734	0.034120
30022	0.034121
53817	0.034123
51325	0.034130
45486	0.034131
17001	0.034132
45764	0.034132
45970	0.034134
13905	0.034134
61012	0.034141
40298	0.034143
12670	0.034148
14302	0.034148
46330	0.034148
39742	0.034151
37934	0.034151
55509	0.034156
48924	0.034158
12037	0.034159
7223	0.034159
56672	0.034159
40138	0.034166
13400	0.034167
21393	0.034167
29888	0.034168
31518	0.034175
43970	0.034175
51462	0.034175
54893	0.034176
13599	0.034176
14206	0.034178
25623	0.034178
47468	0.034179
7587	0.034180
35602	0.034180
19351	0.034181
50885	0.034182
25465	0.034182
50893	0.034184
10547	0.034186
19929	0.034190
30101	0.034191
11068	0.034194
40215	0.034194
50809	0.034195
47006	0.034195
8912	0.034197
50454	0.034198
12597	0.034200
33669	0.034200
29250	0.034208
60589	0.034210
30861	0.034214
25788	0.034214
46313	0.034216
50726	0.034218
17083	0.034220
29872	0.034220
46912	0.034222
37364	0.034222
40013	0.034223
16926	0.034223
14088	0.034225
22997	0.034225
39293	0.034226
8683	0.034228
13664	0.034230
17606	0.034231
11674	0.034232
60263	0.034232
42569	0.034233
47273	0.034234
32691	0.034234
27304	0.034234
56614	0.034235
27260	0.034236
46489	0.034237
38658	0.034237
16124	0.034238
11537	0.034239
137953	0.034240
24553	0.034243
58216	0.034244
22901	0.034245
14998	0.034246
28230	0.034246
10314	0.034246
34574	0.034247
36032	0.034248
16880	0.034249
55882	0.034251
53557	0.034253
53169	0.034254
20960	0.034256
16425	0.034259
15961	0.034260
10536	0.034264
48507	0.034265
56353	0.034268
16847	0.034268
49551	0.034268
49111	0.034268
17325	0.034269
61365	0.034269
15159	0.034270
19693	0.034271
27453	0.034274
39091	0.034274
6893	0.034274
10679	0.034274
47133	0.034275
55634	0.034275
52594	0.034279
10986	0.034279
42024	0.034280
20986	0.034281
8364	0.034281
55476	0.034282
23897	0.034283
17499	0.034285
24423	0.034292
9458	0.034293
54655	0.034294
43254	0.034298
42687	0.034300
29794	0.034302
16853	0.034303
25469	0.034303
34755	0.034303
40764	0.034303
8757	0.034303
31429	0.034304
28801	0.034305
12650	0.034306
39014	0.034308
33640	0.034310
39324	0.034310
13360	0.034311
19924	0.034311
37383	0.034316
9298	0.034322
50314	0.034323
32657	0.034323
16775	0.034325
50672	0.034330
113803	0.034330
44712	0.034331
19347	0.034332
11738	0.034335
16912	0.034335
47097	0.034338
57289	0.034339
52769	0.034339
12255	0.034340
61155	0.034348
11763	0.034348
23159	0.034349
14732	0.034349
55759	0.034351
11803	0.034351
53776	0.034357
26191	0.034368
30276	0.034370
24717	0.034374
28298	0.034374
14479	0.034376
60628	0.034377
38501	0.034381
22174	0.034382
22645	0.034384
61028	0.034384
24019	0.034385
13850	0.034385
39178	0.034390
10355	0.034391
34616	0.034391
39562	0.034392
14316	0.034394
13666	0.034398
16973	0.034399
41107	0.034400
29350	0.034402
31408	0.034404
38711	0.034404
16929	0.034407
52850	0.034409
24547	0.034410
31055	0.034411
60879	0.034411
22630	0.034412
15428	0.034412
23278	0.034415
35438	0.034416
61614	0.034416
47649	0.034417
9504	0.034418
10302	0.034420
32819	0.034421
13097	0.034424
39926	0.034425
37060	0.034432
8103	0.034433
23070	0.034433
26055	0.034436
6988	0.034438
46070	0.034440
25110	0.034441
42252	0.034444
23740	0.034447
61114	0.034447
37527	0.034448
14854	0.034451
19546	0.034451
61628	0.034452
48078	0.034453
33534	0.034453
24589	0.034454
61291	0.034454
29898	0.034457
12192	0.034457
49537	0.034459
11424	0.034464
9012	0.034465
7218	0.034471
28717	0.034471
26757	0.034471
11439	0.034473
41038	0.034474
13822	0.034474
7902	0.034477
37281	0.034478
13916	0.034480
16542	0.034481
38785	0.034483
50388	0.034483
11421	0.034486
47290	0.034489
13529	0.034489
16048	0.034489
14979	0.034494
54527	0.034494
34138	0.034495
44817	0.034496
37522	0.034496
8596	0.034497
13198	0.034498
45127	0.034498
44809	0.034501
57539	0.034501
41842	0.034501
29876	0.034503
47096	0.034503
9689	0.034504
61166	0.034506
36760	0.034508
14559	0.034509
23518	0.034511
29068	0.034511
56293	0.034513
42992	0.034513
39623	0.034523
13969	0.034528
20520	0.034528
35688	0.034529
52186	0.034529
10558	0.034531
53757	0.034535
13197	0.034537
39938	0.034538
46657	0.034539
16743	0.034540
34660	0.034542
11198	0.034543
35566	0.034544
33746	0.034545
12839	0.034547
30273	0.034549
7876	0.034549
10056	0.034549
46296	0.034549
11500	0.034553
7663	0.034557
23862	0.034557
28820	0.034559
26688	0.034559
25744	0.034560
10929	0.034560
49589	0.034561
25065	0.034561
32402	0.034563
39369	0.034564
27970	0.034568
10317	0.034572
15105	0.034572
7658	0.034574
12114	0.034576
61456	0.034577
43788	0.034579
51843	0.034580
52608	0.034580
11381	0.034582
8693	0.034583
12284	0.034583
49681	0.034586
29943	0.034586
42000	0.034590
8740	0.034591
56612	0.034593
54782	0.034597
16627	0.034597
40872	0.034600
48261	0.034601
33112	0.034602
16320	0.034609
14745	0.034610
24048	0.034611
23527	0.034612
39507	0.034613
36285	0.034619
52603	0.034620
13721	0.034622
10482	0.034627
51358	0.034629
8594	0.034631
10406	0.034632
10618	0.034633
16567	0.034634
27049	0.034635
10706	0.034638
124981	0.034641
10747	0.034642
32838	0.034642
11086	0.034643
25670	0.034644
57933	0.034645
54595	0.034647
15135	0.034649
54013	0.034649
34393	0.034650
39719	0.034652
28673	0.034653
29935	0.034660
11857	0.034663
58057	0.034669
52915	0.034669
21468	0.034670
60386	0.034670
27886	0.034671
48577	0.034672
56666	0.034672
56111	0.034676
57696	0.034677
12512	0.034677
57694	0.034679
50931	0.034679
51184	0.034680
51284	0.034686
21367	0.034688
39449	0.034689
38448	0.034690
61559	0.034690
53339	0.034696
24507	0.034697
16789	0.034698
34031	0.034699
26690	0.034700
20742	0.034701
52434	0.034703
61326	0.034704
20463	0.034704
30270	0.034707
29708	0.034712
26787	0.034713
48781	0.034716
17515	0.034717
27889	0.034717
15747	0.034719
26436	0.034719
37977	0.034722
27791	0.034724
36242	0.034725
16265	0.034726
38102	0.034727
16351	0.034727
25011	0.034728
31070	0.034729
8657	0.034731
49287	0.034732
14548	0.034734
34042	0.034734
41665	0.034735
15145	0.034738
16686	0.034739
14852	0.034739
16923	0.034740
28004	0.034741
55048	0.034743
54521	0.034743
29212	0.034745
61302	0.034745
47025	0.034746
37225	0.034747
50519	0.034753
10817	0.034753
15528	0.034754
15715	0.034756
20446	0.034756
9666	0.034758
36999	0.034760
22698	0.034761
35742	0.034763
14490	0.034765
17348	0.034768
32169	0.034770
55052	0.034771
61287	0.034772
8258	0.034774
29729	0.034776
13191	0.034777
14729	0.034781
34588	0.034781
40009	0.034782
32938	0.034784
23867	0.034786
13733	0.034788
42995	0.034790
41682	0.034791
46475	0.034792
21236	0.034793
37754	0.034796
58037	0.034798
29034	0.034798
38488	0.034799
35724	0.034800
22917	0.034802
22116	0.034802
12975	0.034803
56512	0.034804
33326	0.034804
28887	0.034804
49170	0.034805
55117	0.034805
29722	0.034806
30065	0.034808
11430	0.034815
14993	0.034816
13264	0.034816
23557	0.034817
31844	0.034817
10495	0.034822
40514	0.034824
50923	0.034827
33204	0.034829
55964	0.034830
33940	0.034831
51631	0.034831
13267	0.034831
39771	0.034832
43607	0.034834
47022	0.034834
10176	0.034835
16976	0.034837
51380	0.034837
36406	0.034837
61569	0.034838
34130	0.034838
12824	0.034839
38457	0.034840
9695	0.034841
10574	0.034842
55114	0.034845
37971	0.034847
30310	0.034847
39848	0.034849
13594	0.034853
58148	0.034856
9978	0.034858
16367	0.034861
19389	0.034862
40021	0.034864
25974	0.034866
51656	0.034866
47459	0.034869
9939	0.034869
13691	0.034873
33102	0.034874
48274	0.034875
42149	0.034876
14504	0.034878
13975	0.034879
60352	0.034880
11656	0.034880
8814	0.034881
25218	0.034881
16992	0.034884
50607	0.034885
10157	0.034888
24599	0.034888
40919	0.034892
43238	0.034894
10502	0.034894
24913	0.034895
50927	0.034895
10780	0.034895
34672	0.034897
10763	0.034898
12916	0.034898
53858	0.034899
27188	0.034900
56909	0.034901
14044	0.034905
45360	0.034906
30125	0.034907
57637	0.034908
35893	0.034908
21982	0.034912
30851	0.034913
25981	0.034915
39799	0.034916
24118	0.034917
37496	0.034917
48757	0.034918
47183	0.034920
53347	0.034922
53355	0.034924
50578	0.034927
42736	0.034928
32677	0.034929
11826	0.034930
36592	0.034931
52864	0.034934
55097	0.034935
60160	0.034939
36946	0.034944
8505	0.034952
38356	0.034953
9648	0.034958
60509	0.034959
52250	0.034962
14276	0.034963
11498	0.034964
35811	0.034965
26906	0.034969
8560	0.034970
19818	0.034971
46372	0.034972
16913	0.034973
37215	0.034974
38181	0.034974
44013	0.034974
53956	0.034974
60599	0.034976
22350	0.034977
11829	0.034978
37743	0.034980
45775	0.034981
39017	0.034983
39008	0.034984
6917	0.034985
11294	0.034985
16531	0.034985
52664	0.034986
23914	0.034986
8204	0.034987
9245	0.034987
23363	0.034988
57108	0.034989
54638	0.034990
10526	0.034991
10897	0.034992
61226	0.034993
45741	0.034994
17285	0.034994
8788	0.034997
9377	0.035000
10746	0.035001
40913	0.035002
25234	0.035003
36975	0.035005
49057	0.035007
16658	0.035008
30752	0.035008
52329	0.035009
38315	0.035010
43131	0.035011
49576	0.035016
14288	0.035017
8015	0.035017
30731	0.035018
26987	0.035022
46190	0.035022
27901	0.035023
29090	0.035028
7238	0.035028
7120	0.035029
7088	0.035029
56151	0.035030
52289	0.035032
40923	0.035033
31849	0.035034
36930	0.035034
38911	0.035036
41705	0.035036
46999	0.035037
16513	0.035038
39526	0.035039
20443	0.035039
44597	0.035041
55452	0.035042
60135	0.035044
20887	0.035045
41143	0.035046
38726	0.035046
33295	0.035046
13728	0.035047
34210	0.035049
33712	0.035053
57379	0.035055
14285	0.035060
24425	0.035062
60294	0.035063
51306	0.035063
37095	0.035064
46326	0.035066
9123	0.035066
57739	0.035067
38690	0.035068
31510	0.035075
31497	0.035077
33336	0.035077
9365	0.035077
36982	0.035078
15600	0.035082
53834	0.035084
13279	0.035088
43654	0.035089
36960	0.035090
48850	0.035090
54037	0.035090
41669	0.035090
42697	0.035097
17007	0.035097
20164	0.035098
53641	0.035101
55750	0.035103
22769	0.035107
57683	0.035108
53885	0.035109
60555	0.035110
57173	0.035112
10174	0.035113
55807	0.035113
10065	0.035118
58504	0.035118
13002	0.035118
36755	0.035119
24236	0.035120
54884	0.035124
43115	0.035127
40115	0.035129
57645	0.035132
19294	0.035135
44611	0.035138
12090	0.035138
14942	0.035138
43420	0.035141
125393	0.035142
38926	0.035146
20241	0.035148
23693	0.035151
60255	0.035155
9048	0.035155
28122	0.035157
30281	0.035160
46116	0.035161
46415	0.035164
22176	0.035164
31384	0.035164
53163	0.035165
42115	0.035166
51851	0.035166
14586	0.035168
40719	0.035172
13668	0.035174
57485	0.035177
34909	0.035179
45318	0.035181
24247	0.035182
36649	0.035183
15367	0.035183
37551	0.035185
20161	0.035186
14193	0.035186
21880	0.035192
30410	0.035194
21718	0.035195
26841	0.035196
29073	0.035196
13756	0.035197
38311	0.035197
21833	0.035201
32653	0.035201
12647	0.035201
40905	0.035202
55888	0.035203
36815	0.035203
41818	0.035206
51177	0.035207
21302	0.035207
10952	0.035208
52617	0.035208
16869	0.035209
55555	0.035211
48515	0.035212
30689	0.035214
22751	0.035215
23696	0.035220
11351	0.035222
32287	0.035223
39312	0.035223
13392	0.035225
17098	0.035225
7205	0.035226
13391	0.035226
44920	0.035227
10496	0.035229
48090	0.035233
49900	0.035235
44061	0.035236
36757	0.035240
16444	0.035241
34905	0.035242
8021	0.035243
30832	0.035245
57355	0.035246
8365	0.035251
50133	0.035252
43184	0.035253
16633	0.035254
14781	0.035256
57103	0.035257
17459	0.035258
13835	0.035258
8786	0.035265
61650	0.035265
35818	0.035265
39882	0.035265
10156	0.035266
10948	0.035269
60413	0.035269
56898	0.035269
61652	0.035271
25301	0.035271
22650	0.035272
48877	0.035275
60915	0.035275
15408	0.035276
7194	0.035276
7183	0.035276
46043	0.035277
24542	0.035277
37386	0.035279
36080	0.035279
12533	0.035281
15519	0.035282
37011	0.035289
28680	0.035289
16439	0.035291
30483	0.035292
26746	0.035294
57048	0.035296
16007	0.035296
14539	0.035304
56694	0.035305
49643	0.035305
16731	0.035307
9665	0.035308
16805	0.035308
36596	0.035310
16640	0.035310
8024	0.035312
36067	0.035312
13873	0.035314
8894	0.035317
41668	0.035325
46929	0.035327
25008	0.035328
29262	0.035328
38685	0.035329
9043	0.035331
15001	0.035333
58369	0.035334
61313	0.035336
45075	0.035336
11360	0.035338
14906	0.035338
38780	0.035339
49522	0.035342
13568	0.035343
14695	0.035346
15370	0.035347
25145	0.035348
27306	0.035348
23355	0.035349
23054	0.035351
29800	0.035352
37511	0.035353
12158	0.035353
22434	0.035356
37407	0.035358
32059	0.035360
32958	0.035363
61171	0.035363
61207	0.035364
28181	0.035366
28247	0.035368
57375	0.035368
16121	0.035368
24713	0.035371
22549	0.035373
53154	0.035374
13313	0.035374
51031	0.035374
29070	0.035376
17283	0.035377
8254	0.035379
60462	0.035380
8172	0.035380
14936	0.035380
51341	0.035380
60863	0.035381
60666	0.035384
8410	0.035388
11024	0.035389
32644	0.035391
25058	0.035392
56459	0.035393
49969	0.035393
49796	0.035395
19211	0.035396
12089	0.035397
60955	0.035398
125158	0.035399
15400	0.035400
11023	0.035400
47901	0.035400
49768	0.035401
27190	0.035402
28188	0.035402
44194	0.035402
23699	0.035404
55622	0.035407
48429	0.035410
27645	0.035410
48840	0.035412
44358	0.035414
32777	0.035414
60896	0.035414
30739	0.035415
12928	0.035417
38798	0.035419
7517	0.035420
54710	0.035420
54603	0.035424
17114	0.035424
7271	0.035426
51979	0.035427
35645	0.035429
26052	0.035431
31015	0.035436
16220	0.035437
61140	0.035441
56603	0.035442
20436	0.035442
25254	0.035445
39341	0.035446
41245	0.035446
32826	0.035448
30631	0.035451
47220	0.035451
25003	0.035451
52772	0.035454
38264	0.035457
33011	0.035459
28282	0.035462
7521	0.035468
8427	0.035469
11615	0.035469
48225	0.035470
10910	0.035471
36763	0.035472
57308	0.035473
39335	0.035475
12805	0.035476
29812	0.035478
56829	0.035478
14887	0.035479
10752	0.035479
10488	0.035484
57604	0.035487
35871	0.035490
33381	0.035491
17061	0.035491
40882	0.035492
7358	0.035494
16308	0.035495
11597	0.035495
8624	0.035497
11124	0.035501
30500	0.035501
41145	0.035503
14980	0.035503
41433	0.035504
34671	0.035506
17172	0.035508
22213	0.035508
32014	0.035509
53215	0.035510
13790	0.035512
44418	0.035514
13377	0.035514
9271	0.035515
12157	0.035519
46213	0.035520
38134	0.035521
9348	0.035521
14058	0.035522
8077	0.035523
9391	0.035523
60886	0.035524
7530	0.035527
55402	0.035528
84674	0.035531
53305	0.035532
32599	0.035538
56355	0.035538
8128	0.035539
48122	0.035540
15446	0.035541
16536	0.035542
40121	0.035542
40233	0.035542
12840	0.035545
21312	0.035547
60530	0.035548
55183	0.035549
30313	0.035550
14454	0.035550
9164	0.035552
54470	0.035553
15300	0.035554
17528	0.035555
45722	0.035557
22457	0.035558
12891	0.035560
17032	0.035561
16546	0.035563
21544	0.035565
48721	0.035568
61238	0.035569
14795	0.035570
12559	0.035572
8951	0.035573
26524	0.035574
46071	0.035574
10209	0.035578
16758	0.035578
14055	0.035579
12859	0.035579
36978	0.035585
51217	0.035587
51262	0.035589
53871	0.035592
34999	0.035595
19271	0.035601
48080	0.035601
21455	0.035601
29379	0.035603
29782	0.035603
47876	0.035604
9688	0.035606
37441	0.035606
48281	0.035607
21487	0.035609
7341	0.035609
15505	0.035611
47476	0.035612
39061	0.035612
25279	0.035613
11054	0.035614
42098	0.035614
33359	0.035615
13625	0.035621
56918	0.035623
21100	0.035623
12106	0.035626
38672	0.035627
61283	0.035628
29809	0.035630
20926	0.035630
49971	0.035631
48979	0.035632
36326	0.035632
44975	0.035635
17056	0.035637
35472	0.035637
61598	0.035640
20100	0.035641
10372	0.035642
38870	0.035643
11081	0.035643
9523	0.035645
44134	0.035646
61630	0.035647
10323	0.035647
24445	0.035648
10500	0.035649
28035	0.035650
16875	0.035657
20734	0.035657
55449	0.035658
7543	0.035658
119476	0.035660
30868	0.035660
37810	0.035661
44438	0.035665
36877	0.035667
10094	0.035669
49829	0.035669
31648	0.035670
30142	0.035671
34836	0.035672
47923	0.035673
38761	0.035673
46739	0.035673
57503	0.035677
47623	0.035677
33269	0.035678
29339	0.035678
13909	0.035679
60855	0.035679
29132	0.035680
34256	0.035683
41607	0.035683
12542	0.035684
29271	0.035684
14043	0.035686
10192	0.035687
40260	0.035688
46397	0.035689
12403	0.035689
9696	0.035692
59997	0.035692
16097	0.035692
61013	0.035693
50001	0.035694
22192	0.035695
55184	0.035696
12613	0.035696
46342	0.035701
10737	0.035701
55046	0.035706
15199	0.035709
17081	0.035710
33981	0.035712
13449	0.035716
36264	0.035716
27547	0.035717
12204	0.035720
61470	0.035723
9054	0.035726
7199	0.035726
26195	0.035728
36290	0.035729
17010	0.035729
49113	0.035735
11551	0.035735
35258	0.035741
41680	0.035741
60518	0.035748
38144	0.035750
10090	0.035752
30358	0.035755
21804	0.035756
52438	0.035758
55406	0.035761
30122	0.035763
44691	0.035763
37199	0.035764
30693	0.035766
22782	0.035768
16498	0.035771
48822	0.035772
37708	0.035776
9250	0.035777
10498	0.035780
23073	0.035780
26686	0.035780
32847	0.035784
9882	0.035787
13788	0.035788
55812	0.035791
16879	0.035791
10474	0.035794
56364	0.035795
11858	0.035796
37800	0.035807
13520	0.035814
49946	0.035815
16711	0.035815
34526	0.035818
19016	0.035819
19277	0.035819
30540	0.035819
15984	0.035821
7678	0.035821
31538	0.035822
47407	0.035828
50517	0.035828
35935	0.035832
51369	0.035832
10891	0.035834
14393	0.035834
10370	0.035835
22250	0.035837
39754	0.035841
39756	0.035841
14697	0.035843
13889	0.035843
33378	0.035844
22425	0.035844
41365	0.035845
16616	0.035845
8158	0.035846
28195	0.035847
44360	0.035853
43724	0.035853
44412	0.035855
46970	0.035856
60222	0.035857
11373	0.035860
8718	0.035860
61407	0.035863
11014	0.035864
33105	0.035864
29086	0.035865
36900	0.035865
9793	0.035867
10230	0.035870
32245	0.035871
7281	0.035872
19249	0.035874
14358	0.035876
12557	0.035877
32545	0.035878
13089	0.035878
23799	0.035881
12718	0.035882
11800	0.035885
9871	0.035888
10629	0.035888
52696	0.035888
49487	0.035889
31667	0.035890
10129	0.035892
48244	0.035892
25668	0.035892
29854	0.035892
8362	0.035894
60975	0.035894
26789	0.035896
39331	0.035900
12964	0.035901
25039	0.035901
12593	0.035903
10788	0.035906
14571	0.035906
42243	0.035912
45760	0.035912
30757	0.035913
13998	0.035913
14457	0.035914
14523	0.035914
11100	0.035916
13256	0.035917
49470	0.035917
32924	0.035923
42380	0.035926
23482	0.035927
14835	0.035928
14738	0.035928
14977	0.035930
25749	0.035932
8890	0.035933
34246	0.035936
12469	0.035940
56977	0.035942
23382	0.035944
25112	0.035948
13519	0.035949
8713	0.035949
26659	0.035951
19560	0.035951
14735	0.035952
21673	0.035953
41540	0.035954
57804	0.035961
40038	0.035963
14544	0.035963
20914	0.035963
11876	0.035964
30011	0.035964
21835	0.035965
32648	0.035970
51649	0.035970
16547	0.035970
47018	0.035971
22947	0.035972
53927	0.035972
19120	0.035972
52483	0.035973
53814	0.035974
51435	0.035977
30874	0.035982
39505	0.035984
50509	0.035985
33455	0.035988
17442	0.035989
16721	0.035990
7770	0.035991
28936	0.035991
15011	0.035992
60211	0.035996
57399	0.035999
60570	0.036001
57613	0.036001
42038	0.036002
61234	0.036006
10432	0.036006
33318	0.036009
30286	0.036011
42702	0.036011
14509	0.036015
10900	0.036015
50966	0.036017
30233	0.036017
26611	0.036019
17265	0.036021
40204	0.036021
46724	0.036021
44727	0.036023
24670	0.036023
61137	0.036024
13973	0.036025
24051	0.036033
42330	0.036033
7840	0.036034
20117	0.036035
16051	0.036035
53689	0.036035
53115	0.036036
34306	0.036037
10269	0.036037
38465	0.036038
13493	0.036045
30545	0.036045
56855	0.036045
12677	0.036048
9173	0.036053
38826	0.036054
30754	0.036055
16509	0.036059
40162	0.036060
8016	0.036062
23013	0.036063
31794	0.036063
51249	0.036064
17240	0.036065
17417	0.036071
16074	0.036071
51966	0.036073
36200	0.036077
21553	0.036078
60682	0.036079
61236	0.036081
26210	0.036081
45424	0.036081
15134	0.036081
15350	0.036082
38495	0.036083
40091	0.036084
53307	0.036086
54677	0.036087
22069	0.036087
38450	0.036088
52737	0.036088
48299	0.036089
47078	0.036097
25953	0.036099
38596	0.036101
14846	0.036102
51080	0.036102
43823	0.036103
9838	0.036105
49339	0.036105
57913	0.036107
10955	0.036109
50645	0.036109
58547	0.036110
40239	0.036111
52521	0.036117
37997	0.036118
48259	0.036120
30986	0.036122
56405	0.036122
52835	0.036125
38845	0.036125
19551	0.036127
15131	0.036128
52693	0.036128
9272	0.036129
57611	0.036138
19200	0.036138
56543	0.036140
48512	0.036141
57159	0.036141
44383	0.036141
36333	0.036143
60381	0.036146
40878	0.036147
52188	0.036148
58406	0.036149
49109	0.036150
26546	0.036151
29785	0.036152
37606	0.036152
16638	0.036152
25790	0.036152
57054	0.036153
16396	0.036154
41060	0.036158
14883	0.036159
32841	0.036161
50480	0.036161
13757	0.036163
23632	0.036165
51279	0.036165
32543	0.036166
11132	0.036166
49351	0.036166
10014	0.036168
61433	0.036169
16127	0.036169
25273	0.036169
15917	0.036170
34112	0.036170
34548	0.036173
27335	0.036174
34577	0.036175
10183	0.036175
50718	0.036176
40457	0.036177
47363	0.036178
32140	0.036179
7288	0.036183
53599	0.036183
15916	0.036184
30636	0.036185
48242	0.036186
23127	0.036186
19879	0.036188
58419	0.036188
51954	0.036189
45156	0.036190
48066	0.036190
20301	0.036190
46337	0.036191
35051	0.036192
55071	0.036197
32388	0.036199
15087	0.036200
8492	0.036200
13505	0.036202
9551	0.036205
32857	0.036207
13302	0.036211
26136	0.036214
45884	0.036216
39451	0.036217
17524	0.036220
25422	0.036220
38062	0.036221
40005	0.036222
49702	0.036222
16229	0.036223
8579	0.036223
54668	0.036224
10389	0.036224
17048	0.036226
36511	0.036227
44200	0.036231
16981	0.036236
36227	0.036237
9674	0.036237
44441	0.036239
11154	0.036239
17259	0.036239
19208	0.036240
24689	0.036241
14496	0.036241
38803	0.036247
27654	0.036247
27025	0.036248
26938	0.036250
12994	0.036251
52782	0.036251
15896	0.036252
31026	0.036252
16995	0.036254
15048	0.036257
23950	0.036257
51332	0.036258
15439	0.036260
50333	0.036260
30964	0.036264
37306	0.036265
59559	0.036268
45613	0.036270
56015	0.036270
23667	0.036271
51431	0.036274
30834	0.036274
21377	0.036276
56414	0.036276
57129	0.036277
27144	0.036278
23212	0.036278
10729	0.036278
12893	0.036278
22612	0.036282
50789	0.036284
56979	0.036285
11463	0.036288
59779	0.036289
42338	0.036289
17111	0.036290
21464	0.036292
60410	0.036292
54141	0.036294
53052	0.036294
48818	0.036295
44689	0.036295
40192	0.036295
60424	0.036297
12599	0.036298
32282	0.036300
39617	0.036301
16520	0.036304
16562	0.036304
21520	0.036305
33097	0.036307
23725	0.036308
8978	0.036312
54609	0.036312
24709	0.036316
51372	0.036317
32766	0.036318
41691	0.036320
37224	0.036320
53245	0.036322
24166	0.036324
21869	0.036328
60174	0.036329
36970	0.036330
14236	0.036331
50258	0.036331
14783	0.036332
57847	0.036332
56040	0.036333
40564	0.036334
56139	0.036335
53854	0.036338
7939	0.036339
49982	0.036339
57216	0.036341
26560	0.036342
46073	0.036342
29949	0.036343
22401	0.036345
32981	0.036346
21991	0.036347
46697	0.036348
17368	0.036349
12402	0.036353
24529	0.036353
39815	0.036355
58176	0.036355
9071	0.036356
8535	0.036359
23484	0.036364
57209	0.036366
40504	0.036368
54369	0.036368
51335	0.036371
11144	0.036372
57868	0.036373
30725	0.036375
11327	0.036376
22423	0.036377
11348	0.036377
30333	0.036378
15820	0.036378
24097	0.036379
49872	0.036383
25555	0.036384
25195	0.036385
39149	0.036386
55369	0.036388
12977	0.036390
8268	0.036392
50970	0.036392
58135	0.036392
43198	0.036392
16612	0.036395
55568	0.036396
7510	0.036397
47631	0.036400
52629	0.036403
48619	0.036404
12078	0.036410
13314	0.036411
12779	0.036412
38421	0.036413
32128	0.036415
45768	0.036416
12786	0.036417
12863	0.036420
47404	0.036420
30691	0.036422
56753	0.036422
56455	0.036423
37911	0.036424
41524	0.036426
52515	0.036427
25453	0.036428
8373	0.036428
19686	0.036429
56322	0.036430
42140	0.036432
24820	0.036433
57794	0.036433
10204	0.036435
33667	0.036435
61558	0.036436
61115	0.036436
38183	0.036436
13541	0.036437
9903	0.036439
15480	0.036439
21549	0.036439
53679	0.036440
72562	0.036441
21432	0.036441
52261	0.036442
20594	0.036442
13038	0.036443
42276	0.036444
41477	0.036445
50532	0.036445
45797	0.036445
22428	0.036445
46032	0.036448
22318	0.036449
23007	0.036451
13856	0.036453
23251	0.036455
31916	0.036455
52823	0.036455
61119	0.036455
9780	0.036458
31003	0.036459
53738	0.036459
25415	0.036459
9194	0.036459
17218	0.036464
61102	0.036465
27567	0.036465
30667	0.036466
22485	0.036467
27606	0.036468
17227	0.036468
52248	0.036475
54850	0.036478
33471	0.036481
16339	0.036483
19841	0.036489
40643	0.036489
56306	0.036491
16303	0.036491
18411	0.036491
7407	0.036491
9249	0.036493
9192	0.036495
58538	0.036499
8562	0.036501
42934	0.036502
15393	0.036502
16136	0.036503
41879	0.036508
54110	0.036509
8685	0.036512
9417	0.036513
28632	0.036514
11831	0.036516
44346	0.036522
9454	0.036522
33142	0.036524
13637	0.036524
23049	0.036526
16540	0.036526
46889	0.036526
46974	0.036526
60244	0.036526
50565	0.036526
12401	0.036528
14440	0.036534
54767	0.036534
8267	0.036534
36014	0.036534
54882	0.036534
16107	0.036535
14404	0.036538
33000	0.036541
8001	0.036543
27710	0.036544
7386	0.036544
43023	0.036544
53993	0.036544
19689	0.036548
31930	0.036548
10655	0.036549
17301	0.036549
7547	0.036550
10145	0.036550
53810	0.036551
30250	0.036551
45278	0.036552
9238	0.036554
45191	0.036558
60306	0.036558
53984	0.036559
30053	0.036560
41356	0.036561
15788	0.036561
13299	0.036561
23523	0.036563
44081	0.036563
14946	0.036566
8687	0.036567
16813	0.036568
24062	0.036569
35618	0.036571
26406	0.036572
57596	0.036575
32979	0.036577
27303	0.036579
39864	0.036581
47281	0.036581
16142	0.036581
15608	0.036584
31154	0.036587
30697	0.036588
30633	0.036589
39278	0.036592
31387	0.036592
11277	0.036593
29205	0.036594
10917	0.036594
14989	0.036594
13379	0.036597
41560	0.036597
21954	0.036601
22657	0.036602
28656	0.036605
27657	0.036606
33353	0.036606
54598	0.036610
16436	0.036612
52225	0.036612
34436	0.036616
55551	0.036618
39869	0.036620
60196	0.036620
29209	0.036621
13777	0.036622
37907	0.036623
53007	0.036624
37136	0.036624
10214	0.036624
43102	0.036625
29275	0.036629
38334	0.036630
41255	0.036631
52293	0.036632
16437	0.036633
36315	0.036635
47264	0.036635
28411	0.036638
23887	0.036639
54718	0.036641
14886	0.036644
52671	0.036645
39797	0.036646
25814	0.036646
53524	0.036647
57066	0.036647
54607	0.036648
23435	0.036648
26213	0.036652
16672	0.036656
60614	0.036656
55605	0.036658
30075	0.036662
36664	0.036662
42214	0.036664
28241	0.036665
23860	0.036665
27919	0.036667
30069	0.036669
9681	0.036671
38268	0.036671
60785	0.036671
17046	0.036674
24763	0.036676
11398	0.036677
51957	0.036677
29922	0.036677
37380	0.036680
16812	0.036682
41021	0.036682
45837	0.036683
58041	0.036683
29911	0.036683
25739	0.036684
29288	0.036684
61190	0.036684
68213	0.036687
29038	0.036689
37022	0.036691
10769	0.036693
11673	0.036693
17054	0.036694
44833	0.036697
58279	0.036697
53685	0.036697
30326	0.036699
20433	0.036699
23384	0.036702
11563	0.036702
60550	0.036702
42232	0.036704
40900	0.036705
47807	0.036705
37037	0.036706
42223	0.036707
16104	0.036710
20973	0.036710
36292	0.036711
43996	0.036711
8933	0.036712
7305	0.036712
13669	0.036717
9946	0.036717
25585	0.036722
20704	0.036724
25215	0.036725
19343	0.036725
21130	0.036725
56510	0.036726
39981	0.036728
44148	0.036728
41820	0.036728
57420	0.036729
42612	0.036729
46284	0.036731
23962	0.036732
25915	0.036737
23630	0.036737
11271	0.036738
13616	0.036739
13120	0.036741
54361	0.036743
16651	0.036744
13821	0.036745
27788	0.036746
30062	0.036747
10544	0.036749
51864	0.036749
10487	0.036750
45647	0.036752
42610	0.036753
8501	0.036754
15168	0.036754
25937	0.036755
54409	0.036756
52349	0.036756
28154	0.036761
29824	0.036761
49371	0.036764
11871	0.036771
37048	0.036773
47443	0.036773
51429	0.036774
41685	0.036777
57435	0.036777
11004	0.036778
23650	0.036778
14289	0.036778
35097	0.036779
53086	0.036779
57778	0.036781
24009	0.036782
45124	0.036784
48164	0.036784
58306	0.036784
14987	0.036787
37430	0.036788
9027	0.036789
11522	0.036791
61556	0.036792
45777	0.036793
36477	0.036797
57577	0.036801
17096	0.036801
21607	0.036801
21993	0.036801
27478	0.036801
30655	0.036805
47039	0.036807
46703	0.036810
14700	0.036811
29102	0.036811
42347	0.036812
36594	0.036812
8147	0.036815
20626	0.036816
17127	0.036818
8690	0.036819
26087	0.036819
57199	0.036819
36186	0.036820
56146	0.036820
40626	0.036821
13386	0.036822
35722	0.036822
10114	0.036824
13274	0.036824
25223	0.036825
14342	0.036826
52540	0.036826
14116	0.036827
46280	0.036827
7961	0.036830
51401	0.036830
31058	0.036832
41528	0.036833
11816	0.036834
17156	0.036837
32882	0.036839
19760	0.036839
17379	0.036840
52732	0.036840
49976	0.036846
10349	0.036848
40100	0.036850
52307	0.036850
17377	0.036851
33996	0.036851
11856	0.036851
55187	0.036853
11340	0.036856
15838	0.036857
36754	0.036858
30066	0.036861
43230	0.036861
41238	0.036861
16288	0.036861
8848	0.036861
32085	0.036863
55112	0.036865
115446	0.036866
39306	0.036867
16575	0.036869
28364	0.036869
15886	0.036870
46988	0.036870
27952	0.036871
53251	0.036873
53179	0.036874
12389	0.036875
14841	0.036877
24897	0.036878
39103	0.036878
29748	0.036878
26959	0.036880
19145	0.036882
43323	0.036883
22891	0.036885
9895	0.036885
9683	0.036887
12148	0.036888
38876	0.036890
40659	0.036890
46335	0.036894
22837	0.036898
24777	0.036899
41933	0.036899
31259	0.036901
50012	0.036904
57369	0.036905
52227	0.036906
60844	0.036906
25569	0.036908
46933	0.036909
53296	0.036909
9158	0.036909
37748	0.036911
54497	0.036913
14309	0.036917
13767	0.036920
48634	0.036921
29383	0.036922
14077	0.036925
35561	0.036925
40778	0.036926
55471	0.036927
13317	0.036930
11543	0.036930
51297	0.036932
16125	0.036932
10394	0.036934
47364	0.036934
14109	0.036935
32922	0.036936
42152	0.036937
51758	0.036941
51741	0.036942
15549	0.036943
21229	0.036944
16765	0.036944
21132	0.036945
8048	0.036945
49951	0.036947
33076	0.036947
10472	0.036947
28351	0.036948
17432	0.036948
36259	0.036948
11055	0.036949
9869	0.036949
16925	0.036949
38750	0.036950
23197	0.036950
20414	0.036951
50063	0.036952
61279	0.036952
8150	0.036954
51143	0.036954
29788	0.036955
37448	0.036959
12137	0.036960
34653	0.036960
52872	0.036960
56421	0.036961
16232	0.036962
32254	0.036962
53425	0.036964
14488	0.036968
23079	0.036970
23111	0.036972
53822	0.036974
29442	0.036976
29125	0.036976
12660	0.036979
29168	0.036979
13768	0.036983
21311	0.036985
13174	0.036986
12820	0.036986
23582	0.036986
38164	0.036986
45755	0.036987
54248	0.036988
10654	0.036994
43993	0.036998
47380	0.036998
28413	0.036999
31676	0.036999
34088	0.037000
13934	0.037001
36295	0.037001
28768	0.037001
41281	0.037003
23380	0.037004
41972	0.037007
37070	0.037008
32943	0.037008
12678	0.037011
12125	0.037011
37030	0.037013
23566	0.037014
25927	0.037017
53683	0.037018
28774	0.037018
50487	0.037019
41896	0.037020
53150	0.037021
16778	0.037023
53887	0.037023
29959	0.037023
49316	0.037024
38661	0.037024
41381	0.037025
54016	0.037027
54167	0.037028
49822	0.037030
30465	0.037031
43372	0.037032
50493	0.037032
17015	0.037033
10126	0.037033
22101	0.037034
50225	0.037035
19529	0.037035
15748	0.037036
28132	0.037037
52973	0.037038
9537	0.037040
7862	0.037041
34288	0.037043
58016	0.037046
55614	0.037047
9097	0.037048
9986	0.037052
26084	0.037052
11577	0.037054
10985	0.037055
28690	0.037057
12154	0.037059
56774	0.037060
46569	0.037064
54895	0.037066
16947	0.037070
34091	0.037070
13304	0.037071
8785	0.037072
16488	0.037076
53790	0.037077
9755	0.037078
8165	0.037082
21337	0.037085
28977	0.037085
42615	0.037085
13104	0.037085
14135	0.037086
56416	0.037088
12615	0.037090
34099	0.037091
24819	0.037092
37129	0.037093
47435	0.037094
9251	0.037095
50939	0.037095
7548	0.037097
26857	0.037097
15670	0.037098
15781	0.037101
31958	0.037104
49337	0.037104
50513	0.037105
41816	0.037107
10320	0.037108
10672	0.037111
15002	0.037111
16014	0.037111
29155	0.037111
34248	0.037114
17123	0.037116
8082	0.037116
9705	0.037117
56536	0.037118
12140	0.037120
36239	0.037121
46677	0.037122
7204	0.037122
19276	0.037126
47802	0.037127
9743	0.037127
11212	0.037127
37099	0.037128
61205	0.037129
8707	0.037130
60700	0.037133
41146	0.037137
43872	0.037138
39970	0.037139
14555	0.037140
23472	0.037140
37816	0.037140
35692	0.037143
16902	0.037143
32987	0.037143
39120	0.037144
26038	0.037148
57290	0.037155
40591	0.037157
43228	0.037158
30284	0.037160
12097	0.037163
50284	0.037163
48788	0.037165
7128	0.037166
60701	0.037167
34666	0.037167
13204	0.037169
28782	0.037170
33280	0.037171
41177	0.037171
11663	0.037174
10395	0.037175
36843	0.037176
10915	0.037177
50091	0.037179
14115	0.037181
26608	0.037181
26182	0.037183
39783	0.037184
10734	0.037185
10885	0.037185
42450	0.037187
53313	0.037188
28858	0.037190
12772	0.037190
16434	0.037191
57851	0.037194
19712	0.037195
29387	0.037195
39371	0.037196
30774	0.037196
9070	0.037198
30703	0.037201
30070	0.037202
41810	0.037202
61169	0.037203
11272	0.037204
37581	0.037208
23515	0.037210
8870	0.037211
8394	0.037212
14547	0.037214
55367	0.037214
8977	0.037214
39822	0.037218
45289	0.037218
85687	0.037218
56647	0.037219
52208	0.037225
50261	0.037225
51110	0.037227
25496	0.037228
14482	0.037230
16157	0.037230
25516	0.037233
21634	0.037233
47655	0.037234
7317	0.037234
36205	0.037236
20331	0.037238
58540	0.037241
55959	0.037243
34876	0.037244
48658	0.037244
56263	0.037244
32927	0.037245
16649	0.037247
54713	0.037250
30407	0.037250
34389	0.037253
45496	0.037258
38544	0.037260
25571	0.037260
15813	0.037261
16603	0.037261
14396	0.037261
11445	0.037262
15409	0.037262
44551	0.037263
24651	0.037264
17393	0.037267
54140	0.037271
37877	0.037273
48945	0.037274
14470	0.037275
48990	0.037276
37602	0.037278
53432	0.037278
8589	0.037280
44968	0.037281
14965	0.037285
15349	0.037285
29268	0.037289
17094	0.037291
26072	0.037292
47031	0.037292
14235	0.037298
7810	0.037299
55960	0.037299
39777	0.037302
36155	0.037306
12873	0.037308
13071	0.037308
49526	0.037308
39353	0.037308
30604	0.037309
11322	0.037309
47883	0.037311
29373	0.037315
25823	0.037315
36683	0.037315
53926	0.037317
74649	0.037318
15185	0.037319
8370	0.037322
17076	0.037325
16625	0.037326
38715	0.037326
32564	0.037327
10595	0.037327
45222	0.037328
22673	0.037328
9122	0.037328
55171	0.037329
8701	0.037330
13250	0.037330
9204	0.037330
61049	0.037332
11565	0.037334
42846	0.037334
22095	0.037335
46863	0.037335
23773	0.037336
16187	0.037336
16310	0.037341
28832	0.037342
58953	0.037343
44160	0.037343
16948	0.037345
14720	0.037345
40398	0.037345
16821	0.037348
16696	0.037349
55147	0.037356
49742	0.037356
50044	0.037358
33417	0.037358
37880	0.037360
29016	0.037360
39846	0.037360
40931	0.037361
15526	0.037361
39817	0.037363
29088	0.037363
35675	0.037364
9225	0.037364
20744	0.037364
54296	0.037365
11480	0.037366
42367	0.037367
23986	0.037367
9373	0.037368
11491	0.037368
52827	0.037369
34217	0.037371
58333	0.037374
12242	0.037374
31116	0.037374
16785	0.037375
10710	0.037376
49014	0.037376
21422	0.037379
55521	0.037381
47234	0.037382
58620	0.037383
7718	0.037384
46914	0.037385
37985	0.037388
32908	0.037389
11608	0.037390
46201	0.037391
41035	0.037391
56834	0.037395
38303	0.037396
33887	0.037398
41147	0.037401
12299	0.037401
36262	0.037406
32230	0.037408
35882	0.037408
26101	0.037409
19588	0.037410
15761	0.037412
12738	0.037414
20637	0.037414
15005	0.037415
50881	0.037418
7963	0.037419
50807	0.037420
57629	0.037421
43812	0.037421
12155	0.037422
34205	0.037423
50083	0.037425
48293	0.037425
26235	0.037427
52996	0.037427
31495	0.037428
8542	0.037429
32761	0.037430
11384	0.037430
45606	0.037430
58456	0.037432
20537	0.037432
39288	0.037432
14688	0.037433
12496	0.037435
16809	0.037436
60430	0.037438
30630	0.037439
7672	0.037442
10687	0.037442
52074	0.037443
26881	0.037443
55338	0.037444
19574	0.037447
61623	0.037447
49500	0.037447
10400	0.037448
15043	0.037451
40028	0.037454
11435	0.037455
22039	0.037456
31136	0.037459
16783	0.037462
52523	0.037462
61037	0.037464
56063	0.037466
56624	0.037466
8556	0.037467
13947	0.037467
7686	0.037469
30046	0.037473
33897	0.037474
31826	0.037474
24539	0.037475
52253	0.037475
11341	0.037476
35109	0.037477
40320	0.037478
53026	0.037479
10265	0.037479
42482	0.037481
26034	0.037482
16343	0.037486
27008	0.037488
15219	0.037490
11195	0.037492
36329	0.037494
25774	0.037496
15520	0.037498
11210	0.037499
43923	0.037500
9583	0.037501
10578	0.037501
14552	0.037502
7384	0.037503
51344	0.037503
11495	0.037504
17453	0.037505
10331	0.037506
26795	0.037506
35484	0.037507
16621	0.037514
34686	0.037516
39884	0.037517
14392	0.037518
20501	0.037521
25698	0.037521
21429	0.037521
40499	0.037521
15431	0.037524
25708	0.037524
9221	0.037525
10345	0.037527
10921	0.037528
41190	0.037535
48873	0.037536
57350	0.037542
7320	0.037543
10283	0.037545
35435	0.037548
42036	0.037548
43889	0.037549
25700	0.037550
26231	0.037551
32638	0.037551
46968	0.037551
15057	0.037551
10102	0.037554
24806	0.037555
37026	0.037556
11664	0.037557
7581	0.037558
29484	0.037559
9030	0.037560
36001	0.037560
25384	0.037562
42016	0.037565
38372	0.037565
37843	0.037565
15541	0.037565
56651	0.037567
46278	0.037567
50471	0.037568
12122	0.037569
47541	0.037571
12726	0.037578
44989	0.037578
36324	0.037578
11657	0.037580
56429	0.037582
14036	0.037585
47660	0.037586
14304	0.037587
19717	0.037587
44499	0.037588
11016	0.037591
25411	0.037592
47638	0.037594
15818	0.037595
42679	0.037596
50985	0.037598
57087	0.037599
7224	0.037600
14878	0.037601
10685	0.037603
29954	0.037603
12741	0.037604
37053	0.037605
9859	0.037606
21445	0.037608
14075	0.037609
36271	0.037612
58487	0.037613
27894	0.037613
51015	0.037613
15877	0.037614
14550	0.037615
53195	0.037622
56630	0.037623
33864	0.037625
58615	0.037626
16179	0.037626
52318	0.037628
47256	0.037630
29314	0.037631
29768	0.037635
16214	0.037635
36744	0.037643
39689	0.037644
8732	0.037645
13665	0.037645
16287	0.037645
41523	0.037646
24351	0.037646
56211	0.037646
53351	0.037646
55168	0.037646
22788	0.037647
11155	0.037647
8476	0.037649
57737	0.037651
11407	0.037651
58330	0.037654
31010	0.037656
19796	0.037658
60825	0.037660
49292	0.037660
50668	0.037661
55460	0.037661
16082	0.037665
15828	0.037667
26701	0.037668
46375	0.037668
11196	0.037668
20010	0.037669
13941	0.037670
25532	0.037671
44643	0.037671
14569	0.037672
46675	0.037675
28908	0.037675
27369	0.037676
50375	0.037677
28268	0.037677
47599	0.037679
36767	0.037680
23935	0.037682
50414	0.037683
27975	0.037685
25276	0.037686
45064	0.037687
14972	0.037689
22408	0.037691
8519	0.037691
16379	0.037695
30304	0.037697
9873	0.037699
14978	0.037700
61233	0.037702
16966	0.037702
14859	0.037703
28791	0.037704
40956	0.037704
8182	0.037704
51127	0.037705
47285	0.037711
55856	0.037712
7968	0.037712
7669	0.037713
17073	0.037714
34417	0.037715
14858	0.037717
22352	0.037719
40934	0.037721
11964	0.037723
55347	0.037724
10556	0.037724
23477	0.037725
42267	0.037725
47066	0.037725
55061	0.037726
19336	0.037726
11423	0.037728
20149	0.037728
11508	0.037729
60314	0.037730
10501	0.037730
22599	0.037732
40218	0.037734
12042	0.037734
24204	0.037734
28098	0.037739
17681	0.037740
56044	0.037740
37365	0.037740
8583	0.037740
10552	0.037744
37703	0.037745
41513	0.037746
37278	0.037747
55019	0.037750
32932	0.037751
61196	0.037754
57195	0.037754
58429	0.037755
8110	0.037755
39345	0.037756
13755	0.037758
46625	0.037764
19807	0.037765
16255	0.037766
10365	0.037766
33950	0.037766
14074	0.037766
11861	0.037768
11128	0.037768
15947	0.037769
7280	0.037769
51244	0.037769
29030	0.037770
39707	0.037771
35102	0.037773
54465	0.037773
42738	0.037775
42390	0.037775
23779	0.037775
49073	0.037779
38340	0.037779
16570	0.037782
11197	0.037783
39641	0.037784
22447	0.037785
37619	0.037786
53017	0.037787
14035	0.037788
13418	0.037789
35024	0.037790
57620	0.037790
36349	0.037791
13239	0.037792
12080	0.037792
48062	0.037793
28685	0.037795
39466	0.037795
36773	0.037797
50466	0.037798
11958	0.037799
39315	0.037801
32802	0.037801
61529	0.037802
33351	0.037803
38276	0.037804
23953	0.037805
58284	0.037805
14529	0.037806
7140	0.037806
11564	0.037809
7098	0.037810
41080	0.037811
14660	0.037812
16184	0.037816
27459	0.037819
60366	0.037819
46287	0.037821
48977	0.037821
10068	0.037824
51181	0.037825
9341	0.037825
46814	0.037826
113939	0.037827
37820	0.037828
42336	0.037833
41203	0.037837
31832	0.037838
16059	0.037841
31751	0.037843
24761	0.037845
8742	0.037845
13674	0.037845
53988	0.037849
23375	0.037850
14812	0.037850
24532	0.037850
14968	0.037850
34975	0.037850
44858	0.037851
30949	0.037851
39066	0.037856
19679	0.037857
36850	0.037857
13306	0.037857
26424	0.037860
12601	0.037860
43960	0.037860
19056	0.037861
25664	0.037862
35199	0.037862
47238	0.037864
48969	0.037865
14719	0.037866
43887	0.037866
9818	0.037867
13544	0.037868
20739	0.037869
61071	0.037869
24550	0.037872
10551	0.037875
27281	0.037877
30231	0.037877
15101	0.037877
11619	0.037880
36652	0.037883
12149	0.037883
40920	0.037884
46025	0.037885
38602	0.037886
20341	0.037887
60502	0.037889
9020	0.037890
19320	0.037891
7912	0.037894
18974	0.037895
45229	0.037897
32951	0.037897
20901	0.037899
41676	0.037900
9279	0.037902
17498	0.037902
6923	0.037902
38364	0.037904
12997	0.037906
41788	0.037906
28711	0.037907
8329	0.037907
23420	0.037909
58617	0.037912
21616	0.037912
14194	0.037914
20730	0.037914
27992	0.037915
42508	0.037916
15732	0.037917
44995	0.037917
11396	0.037918
37082	0.037921
32161	0.037921
56409	0.037921
16555	0.037922
21122	0.037923
45795	0.037924
46766	0.037925
25304	0.037926
9438	0.037928
28895	0.037929
8465	0.037929
50257	0.037929
7625	0.037930
37038	0.037931
27394	0.037931
54486	0.037932
14249	0.037933
13765	0.037936
22881	0.037936
22604	0.037939
12885	0.037940
29933	0.037940
36233	0.037941
56654	0.037942
37667	0.037942
61468	0.037945
50917	0.037945
47283	0.037946
32080	0.037946
26935	0.037948
17363	0.037949
30006	0.037951
42710	0.037952
25733	0.037952
54732	0.037953
21410	0.037953
25505	0.037954
46938	0.037957
45719	0.037959
14390	0.037959
26398	0.037962
43448	0.037965
45137	0.037966
35704	0.037967
57256	0.037970
8854	0.037972
61388	0.037974
34916	0.037977
19122	0.037979
17078	0.037979
17443	0.037981
32650	0.037981
16938	0.037982
15379	0.037982
8689	0.037982
41132	0.037984
8520	0.037987
9050	0.037988
56882	0.037990
17248	0.037991
46174	0.037991
8702	0.037993
56130	0.037994
49974	0.037995
30090	0.037996
56391	0.037997
31006	0.037998
53016	0.038000
11607	0.038004
14420	0.038005
53203	0.038008
36360	0.038009
22365	0.038009
45845	0.038009
7472	0.038010
27175	0.038010
16953	0.038011
7398	0.038011
7392	0.038012
54813	0.038012
13661	0.038014
38673	0.038016
22786	0.038016
47194	0.038019
27218	0.038019
13566	0.038021
15493	0.038021
43880	0.038022
7831	0.038024
31021	0.038027
57466	0.038028
38036	0.038034
28933	0.038038
28032	0.038041
49007	0.038041
13851	0.038045
47733	0.038046
24191	0.038047
8515	0.038047
15727	0.038049
28125	0.038051
42937	0.038054
42904	0.038055
8361	0.038055
16746	0.038056
49283	0.038058
29953	0.038059
52220	0.038060
10834	0.038061
14281	0.038062
16070	0.038063
54307	0.038064
40444	0.038064
51947	0.038065
52941	0.038066
11483	0.038066
17179	0.038070
39303	0.038070
56933	0.038073
41248	0.038074
45535	0.038076
38247	0.038080
7555	0.038080
25097	0.038081
43206	0.038082
13719	0.038082
14752	0.038084
47150	0.038085
28776	0.038085
44652	0.038086
43651	0.038086
57138	0.038088
30171	0.038090
55174	0.038090
19565	0.038092
52918	0.038092
43603	0.038092
54020	0.038093
29181	0.038096
35751	0.038096
37487	0.038096
40093	0.038101
8612	0.038102
35458	0.038102
53303	0.038103
24393	0.038103
29192	0.038104
20025	0.038105
44843	0.038106
10175	0.038107
8334	0.038108
24135	0.038108
9963	0.038109
45178	0.038111
56397	0.038114
49599	0.038116
16841	0.038118
10396	0.038120
10530	0.038122
49265	0.038124
15208	0.038124
29978	0.038125
27130	0.038127
53262	0.038129
61239	0.038132
22730	0.038135
47370	0.038137
37207	0.038138
16997	0.038138
19835	0.038138
9374	0.038140
58312	0.038141
22455	0.038141
14382	0.038142
37238	0.038143
55455	0.038144
61260	0.038146
15860	0.038147
28359	0.038148
53514	0.038150
51605	0.038151
61128	0.038151
46471	0.038151
14002	0.038154
19206	0.038154
14850	0.038155
40435	0.038158
33390	0.038158
8428	0.038158
36605	0.038159
48161	0.038160
49659	0.038161
34076	0.038161
25618	0.038161
10327	0.038163
55934	0.038163
33530	0.038164
33974	0.038164
56641	0.038166
16140	0.038167
23756	0.038168
42931	0.038168
26791	0.038169
29302	0.038170
23805	0.038173
54747	0.038174
19961	0.038175
28869	0.038176
26049	0.038180
36980	0.038180
7673	0.038181
47526	0.038183
22278	0.038185
44908	0.038185
45227	0.038188
39011	0.038189
54618	0.038191
48435	0.038192
29220	0.038195
35035	0.038195
32646	0.038196
48708	0.038196
41055	0.038197
49148	0.038201
14105	0.038201
53618	0.038202
11206	0.038202
16457	0.038203
32884	0.038205
24919	0.038209
11428	0.038210
25306	0.038210
20318	0.038211
10712	0.038211
20604	0.038216
9442	0.038222
46690	0.038222
16909	0.038223
37705	0.038223
15742	0.038226
47613	0.038226
25673	0.038228
56964	0.038229
36069	0.038229
10058	0.038229
30638	0.038229
16038	0.038230
32061	0.038230
25020	0.038231
26402	0.038233
25985	0.038233
12052	0.038234
16006	0.038234
22369	0.038235
12131	0.038238
45016	0.038240
23737	0.038241
24224	0.038243
15279	0.038245
42240	0.038246
13693	0.038247
43451	0.038249
29290	0.038249
58252	0.038251
9309	0.038251
56637	0.038252
16991	0.038254
43055	0.038255
19228	0.038257
19156	0.038257
21379	0.038259
15623	0.038262
60153	0.038263
13039	0.038263
25121	0.038266
15548	0.038266
17033	0.038268
46753	0.038269
23680	0.038269
23415	0.038270
34298	0.038271
26350	0.038271
23776	0.038271
9581	0.038271
11140	0.038271
16529	0.038272
58424	0.038272
21424	0.038274
53242	0.038274
10082	0.038275
7792	0.038278
31991	0.038281
9494	0.038281
35839	0.038283
14510	0.038284
11268	0.038284
33705	0.038284
16724	0.038285
61437	0.038287
16552	0.038287
45119	0.038288
10770	0.038289
27698	0.038289
51374	0.038290
50206	0.038291
15132	0.038292
16058	0.038292
21010	0.038294
49595	0.038295
45946	0.038296
41151	0.038297
46075	0.038299
20978	0.038300
42889	0.038301
20498	0.038304
34507	0.038304
36082	0.038309
38279	0.038310
7642	0.038310
14606	0.038312
28354	0.038314
52331	0.038316
52631	0.038319
12750	0.038319
25518	0.038321
51323	0.038321
45020	0.038322
55755	0.038324
22737	0.038327
56990	0.038327
45523	0.038331
43036	0.038335
42357	0.038336
13817	0.038336
15944	0.038337
33806	0.038337
35223	0.038341
25845	0.038344
9431	0.038345
53503	0.038348
42676	0.038349
40053	0.038354
41033	0.038355
41761	0.038357
26179	0.038359
38110	0.038363
21106	0.038363
27917	0.038364
55004	0.038365
28204	0.038369
31983	0.038371
21317	0.038373
57908	0.038374
14999	0.038376
9242	0.038378
20702	0.038378
19402	0.038379
7115	0.038380
11350	0.038381
10553	0.038381
61376	0.038381
38499	0.038384
11349	0.038385
45092	0.038385
50359	0.038385
17059	0.038385
19153	0.038386
56528	0.038387
49087	0.038387
19140	0.038389
10356	0.038389
11034	0.038393
23011	0.038394
12725	0.038394
8804	0.038395
57372	0.038397
22540	0.038397
20769	0.038398
9547	0.038400
57690	0.038403
30962	0.038403
38176	0.038403
22284	0.038404
56202	0.038404
30288	0.038404
9747	0.038404
15514	0.038405
10580	0.038406
34428	0.038407
13111	0.038407
12575	0.038408
29422	0.038408
46769	0.038409
32153	0.038409
17275	0.038409
21111	0.038412
6919	0.038414
12781	0.038414
10546	0.038417
15614	0.038419
23491	0.038421
47773	0.038423
26925	0.038427
44517	0.038428
33308	0.038431
21292	0.038431
7180	0.038433
32017	0.038437
47954	0.038439
30939	0.038443
16732	0.038447
48136	0.038448
11457	0.038449
25119	0.038450
24022	0.038450
19393	0.038451
54880	0.038451
50017	0.038452
35551	0.038453
56330	0.038455
22226	0.038456
32632	0.038457
30377	0.038457
49602	0.038458
26007	0.038460
40517	0.038463
13254	0.038463
38755	0.038463
29407	0.038465
58453	0.038465
53258	0.038466
54694	0.038468
27149	0.038470
48032	0.038473
24268	0.038479
45198	0.038481
14233	0.038481
31771	0.038481
41071	0.038483
50464	0.038483
23464	0.038485
30786	0.038486
7177	0.038486
27395	0.038488
37609	0.038489
13236	0.038493
50545	0.038493
52956	0.038495
10749	0.038496
28835	0.038497
33035	0.038497
55906	0.038498
47244	0.038498
27551	0.038501
58909	0.038501
14478	0.038502
46651	0.038502
55050	0.038502
55582	0.038502
21507	0.038504
43123	0.038504
26955	0.038507
43864	0.038507
56609	0.038508
21059	0.038509
48296	0.038512
38208	0.038514
56548	0.038514
36009	0.038515
45662	0.038520
30743	0.038522
33316	0.038522
40227	0.038523
47635	0.038525
25746	0.038525
10437	0.038527
15857	0.038527
16860	0.038528
11499	0.038529
19106	0.038529
24458	0.038529
12463	0.038534
34719	0.038536
9343	0.038537
50908	0.038538
50372	0.038540
47339	0.038541
19682	0.038542
56643	0.038546
16782	0.038549
12428	0.038549
25225	0.038551
44722	0.038555
38744	0.038560
49078	0.038561
15174	0.038562
56154	0.038562
55424	0.038563
37315	0.038563
30759	0.038563
34377	0.038565
32655	0.038567
8800	0.038568
52780	0.038572
36207	0.038574
22732	0.038575
35678	0.038576
30714	0.038577
14380	0.038581
40383	0.038583
13253	0.038584
20635	0.038584
22772	0.038587
34116	0.038587
27003	0.038588
56198	0.038589
12143	0.038591
15543	0.038595
54414	0.038598
21707	0.038600
21082	0.038603
16767	0.038605
16300	0.038605
11192	0.038606
9863	0.038606
45224	0.038607
12558	0.038608
8999	0.038609
55810	0.038609
61027	0.038613
60621	0.038614
57084	0.038616
32114	0.038619
36286	0.038620
19657	0.038620
48889	0.038623
46422	0.038623
26626	0.038624
15098	0.038624
27462	0.038625
53029	0.038626
7331	0.038630
56091	0.038630
35358	0.038631
37167	0.038632
36288	0.038633
14497	0.038633
12439	0.038634
9505	0.038635
37585	0.038635
30227	0.038636
15652	0.038636
17427	0.038637
34677	0.038638
29306	0.038641
27704	0.038642
7586	0.038645
11093	0.038646
28827	0.038646
10775	0.038646
33425	0.038647
47319	0.038648
10776	0.038649
15306	0.038649
8877	0.038649
13179	0.038650
47340	0.038653
56524	0.038654
12773	0.038654
55860	0.038656
30594	0.038659
15540	0.038659
56341	0.038660
37460	0.038660
32576	0.038662
43963	0.038663
23164	0.038663
54632	0.038666
7285	0.038667
61101	0.038667
20079	0.038668
53652	0.038670
50979	0.038672
55013	0.038673
40118	0.038673
12974	0.038673
52164	0.038674
60380	0.038674
47484	0.038675
48574	0.038675
16332	0.038676
8033	0.038677
10733	0.038678
61176	0.038678
60505	0.038679
42122	0.038681
50136	0.038681
37646	0.038682
55272	0.038682
37147	0.038684
55671	0.038685
17267	0.038685
39945	0.038685
41982	0.038685
22361	0.038686
32954	0.038688
48928	0.038693
39615	0.038694
51984	0.038694
49361	0.038695
26540	0.038695
32930	0.038695
47801	0.038696
51601	0.038696
49036	0.038697
34534	0.038698
40446	0.038700
8544	0.038700
28174	0.038700
40984	0.038703
11746	0.038707
19993	0.038707
8920	0.038708
8991	0.038708
25898	0.038710
58489	0.038710
46854	0.038711
9459	0.038715
21494	0.038715
43104	0.038716
30370	0.038717
35744	0.038717
60272	0.038718
47029	0.038719
14986	0.038721
35748	0.038721
43509	0.038722
45144	0.038723
37056	0.038724
20296	0.038725
43257	0.038728
38720	0.038728
9867	0.038729
32366	0.038731
17030	0.038731
14969	0.038731
14347	0.038735
19836	0.038736
30132	0.038737
13265	0.038737
50510	0.038737
34380	0.038738
20633	0.038740
28770	0.038741
57535	0.038741
33419	0.038742
27615	0.038742
46654	0.038745
46652	0.038745
36202	0.038745
24004	0.038751
17404	0.038753
25170	0.038754
8665	0.038754
21518	0.038759
55276	0.038761
7241	0.038762
60465	0.038762
19273	0.038764
37995	0.038764
25957	0.038764
39709	0.038767
7219	0.038767
19857	0.038767
33286	0.038768
57441	0.038772
39101	0.038773
14060	0.038774
24773	0.038775
44596	0.038776
31773	0.038776
14557	0.038777
22355	0.038777
29160	0.038778
31288	0.038781
23577	0.038783
47408	0.038783
17557	0.038783
54185	0.038785
21538	0.038786
57074	0.038787
16541	0.038791
50040	0.038793
32572	0.038796
54670	0.038796
49875	0.038797
14053	0.038800
52561	0.038801
48217	0.038802
34664	0.038803
33932	0.038803
60273	0.038805
11621	0.038806
28233	0.038806
19706	0.038807
14114	0.038808
60617	0.038809
47796	0.038809
37558	0.038812
54861	0.038813
52051	0.038813
27347	0.038814
15762	0.038816
25323	0.038816
20732	0.038821
8144	0.038823
15890	0.038823
45738	0.038824
16989	0.038828
16524	0.038828
17341	0.038828
57599	0.038831
9870	0.038833
29293	0.038834
13046	0.038835
56359	0.038835
36448	0.038836
25109	0.038837
52258	0.038839
25241	0.038839
9154	0.038840
12970	0.038841
29430	0.038841
37297	0.038841
14958	0.038843
29224	0.038843
61165	0.038843
12846	0.038845
44106	0.038845
52597	0.038845
22900	0.038847
23179	0.038848
46056	0.038849
25447	0.038849
13818	0.038853
53971	0.038854
21821	0.038855
37910	0.038857
43606	0.038859
13972	0.038860
38545	0.038860
8226	0.038861
15679	0.038861
53466	0.038861
40365	0.038861
54262	0.038863
7078	0.038866
56596	0.038866
30979	0.038867
48189	0.038868
39213	0.038874
16315	0.038874
32966	0.038876
22032	0.038877
24818	0.038879
56626	0.038881
45941	0.038881
48263	0.038881
33731	0.038881
61306	0.038883
25152	0.038887
45818	0.038888
42633	0.038890
47147	0.038892
23520	0.038893
32433	0.038894
8558	0.038897
53485	0.038898
58297	0.038899
11274	0.038900
60643	0.038901
17246	0.038902
22615	0.038905
60619	0.038905
52991	0.038907
46561	0.038907
56231	0.038908
31452	0.038908
40476	0.038911
25201	0.038911
17062	0.038914
16836	0.038915
11497	0.038915
25826	0.038918
42086	0.038918
23564	0.038919
55966	0.038920
57335	0.038920
14517	0.038921
17478	0.038921
52315	0.038922
10505	0.038922
61334	0.038922
61361	0.038922
61505	0.038922
49684	0.038923
16021	0.038923
13223	0.038923
54349	0.038923
10711	0.038926
15958	0.038926
54257	0.038933
37111	0.038935
53849	0.038937
33348	0.038940
11107	0.038940
34998	0.038942
22759	0.038944
16886	0.038945
26390	0.038945
29771	0.038948
47962	0.038949
22916	0.038950
20249	0.038951
30846	0.038951
34093	0.038952
43251	0.038954
61240	0.038954
30597	0.038957
49782	0.038958
26327	0.038960
17455	0.038961
56017	0.038962
51859	0.038963
60710	0.038963
53027	0.038964
36297	0.038964
9110	0.038964
16155	0.038964
11301	0.038965
20466	0.038965
14565	0.038965
60988	0.038972
55569	0.038975
49096	0.038982
17063	0.038982
54259	0.038982
14104	0.038984
20621	0.038987
51187	0.038988
26615	0.038993
21447	0.038995
46941	0.038996
35298	0.038997
61354	0.039000
14620	0.039002
9897	0.039003
13297	0.039005
29202	0.039007
34013	0.039007
52231	0.039008
14849	0.039008
11426	0.039012
44058	0.039013
29075	0.039015
47428	0.039018
11774	0.039019
36465	0.039020
35793	0.039020
33774	0.039021
21254	0.039026
56928	0.039026
43866	0.039029
32984	0.039029
50122	0.039031
10239	0.039032
55749	0.039032
13129	0.039032
17091	0.039035
10064	0.039039
27044	0.039039
46916	0.039040
7591	0.039041
30791	0.039041
13382	0.039044
13000	0.039044
49752	0.039045
35197	0.039047
23411	0.039047
44424	0.039048
29869	0.039052
39843	0.039053
10070	0.039056
57810	0.039060
25006	0.039060
39458	0.039062
11449	0.039063
36619	0.039063
54367	0.039063
8736	0.039066
43774	0.039071
35917	0.039073
34499	0.039074
21014	0.039075
53883	0.039079
33722	0.039080
51038	0.039080
56720	0.039085
7389	0.039085
17133	0.039086
44302	0.039089
119477	0.039090
25593	0.039090
32091	0.039091
40213	0.039092
44917	0.039092
10127	0.039093
37216	0.039094
11546	0.039095
15368	0.039096
56176	0.039099
22999	0.039104
48437	0.039104
40599	0.039105
31842	0.039106
10045	0.039106
15694	0.039107
14922	0.039110
42311	0.039114
13787	0.039115
45032	0.039116
26945	0.039118
29098	0.039120
10543	0.039121
49434	0.039121
7393	0.039123
14091	0.039125
26712	0.039125
57175	0.039126
26957	0.039129
13816	0.039131
45377	0.039132
57120	0.039132
15467	0.039134
37176	0.039137
20807	0.039137
23174	0.039142
12936	0.039143
15760	0.039143
42099	0.039143
43456	0.039147
58384	0.039147
29218	0.039147
47400	0.039148
51941	0.039149
43069	0.039151
40473	0.039151
50712	0.039153
9108	0.039154
106696	0.039157
16053	0.039158
16537	0.039158
45501	0.039160
49560	0.039162
10031	0.039163
16387	0.039164
44633	0.039167
10122	0.039168
41320	0.039168
47426	0.039170
11545	0.039171
14110	0.039174
16897	0.039174
13268	0.039175
61588	0.039175
47017	0.039175
34096	0.039175
49967	0.039176
54183	0.039177
38995	0.039178
37222	0.039178
12683	0.039183
51866	0.039183
14885	0.039186
43891	0.039187
33927	0.039188
13797	0.039188
53636	0.039189
53002	0.039191
61307	0.039191
8607	0.039193
38301	0.039195
42092	0.039195
32273	0.039196
43012	0.039199
15097	0.039202
12770	0.039204
55309	0.039204
11632	0.039205
60497	0.039206
42469	0.039207
25255	0.039208
61617	0.039209
34682	0.039210
29412	0.039210
31829	0.039211
51725	0.039212
42707	0.039213
53607	0.039213
9128	0.039214
15712	0.039215
10854	0.039216
12751	0.039216
60267	0.039216
36774	0.039217
21505	0.039219
49373	0.039220
43798	0.039221
42912	0.039222
25174	0.039222
11984	0.039223
53947	0.039226
34960	0.039229
50140	0.039239
7146	0.039239
26913	0.039242
11484	0.039243
29915	0.039243
47242	0.039244
60279	0.039249
29174	0.039250
9026	0.039251
47571	0.039252
16428	0.039252
52788	0.039255
28781	0.039256
15960	0.039256
35100	0.039257
61383	0.039258
23560	0.039258
15624	0.039261
9988	0.039267
10326	0.039268
30915	0.039270
15803	0.039270
20049	0.039270
14545	0.039270
45889	0.039271
55299	0.039271
54135	0.039275
30178	0.039275
34304	0.039277
45025	0.039277
44305	0.039279
9530	0.039280
39308	0.039280
42909	0.039283
19444	0.039286
15028	0.039287
12999	0.039288
25449	0.039289
16429	0.039290
13974	0.039291
14112	0.039293
13885	0.039294
61249	0.039303
48382	0.039303
39302	0.039304
56532	0.039307
17055	0.039307
8880	0.039307
28061	0.039312
14260	0.039320
54278	0.039322
32964	0.039322
13826	0.039323
51308	0.039323
9205	0.039323
10983	0.039326
22897	0.039326
10664	0.039330
10689	0.039331
31481	0.039333
37152	0.039333
14046	0.039333
7108	0.039333
51329	0.039334
28019	0.039336
48036	0.039338
47417	0.039340
44714	0.039343
22726	0.039343
53013	0.039345
33041	0.039345
12572	0.039346
47766	0.039347
15521	0.039348
15124	0.039350
53878	0.039351
11293	0.039352
34847	0.039354
49464	0.039355
35128	0.039356
54822	0.039357
14761	0.039360
58506	0.039360
39963	0.039361
19641	0.039364
26933	0.039367
28059	0.039367
25728	0.039368
13814	0.039372
10968	0.039372
34024	0.039373
60929	0.039373
61051	0.039373
61129	0.039373
35794	0.039377
25320	0.039379
14701	0.039382
16069	0.039383
16584	0.039384
31275	0.039385
61062	0.039385
61070	0.039394
30488	0.039396
54853	0.039396
47546	0.039398
21527	0.039399
20095	0.039400
8762	0.039401
17171	0.039402
44661	0.039404
23575	0.039404
21977	0.039406
9177	0.039408
55257	0.039411
60501	0.039412
29732	0.039413
7762	0.039413
53629	0.039416
8595	0.039416
22963	0.039419
15774	0.039420
40319	0.039420
23261	0.039422
9481	0.039425
47215	0.039427
56602	0.039429
30175	0.039431
15296	0.039432
33176	0.039432
25489	0.039434
12573	0.039435
54170	0.039436
61180	0.039436
17344	0.039438
37760	0.039442
14132	0.039443
36829	0.039444
15775	0.039445
56852	0.039447
11570	0.039447
10688	0.039449
47430	0.039451
46492	0.039451
29153	0.039451
11496	0.039452
11884	0.039453
11275	0.039458
46910	0.039459
42749	0.039460
28038	0.039460
39532	0.039462
16970	0.039463
55335	0.039464
57618	0.039465
31804	0.039467
15522	0.039468
25075	0.039468
48571	0.039469
48589	0.039469
34911	0.039469
10972	0.039471
35141	0.039472
44006	0.039472
30912	0.039474
11979	0.039476
51122	0.039476
42847	0.039477
58259	0.039477
58039	0.039477
60812	0.039482
60154	0.039483
35836	0.039487
16381	0.039489
32233	0.039497
9524	0.039497
41318	0.039498
42093	0.039498
20813	0.039499
43038	0.039500
53173	0.039502
15157	0.039505
53935	0.039507
14133	0.039508
46755	0.039508
41858	0.039509
32913	0.039509
58415	0.039513
7321	0.039513
17381	0.039514
43575	0.039514
22686	0.039514
28703	0.039516
10741	0.039516
30957	0.039519
56691	0.039521
20615	0.039522
53936	0.039524
17053	0.039526
55463	0.039526
19660	0.039529
43609	0.039529
29355	0.039530
14332	0.039530
20419	0.039531
40588	0.039531
38401	0.039531
44776	0.039532
23186	0.039532
26306	0.039533
8243	0.039536
40815	0.039536
56950	0.039541
15137	0.039542
34259	0.039543
39470	0.039544
14939	0.039546
36303	0.039547
41454	0.039547
23547	0.039553
29726	0.039555
42259	0.039557
25161	0.039557
12625	0.039558
36849	0.039558
8441	0.039562
36611	0.039566
10975	0.039570
50450	0.039570
28872	0.039573
27845	0.039574
20861	0.039576
14690	0.039576
28973	0.039577
43952	0.039577
53961	0.039579
22244	0.039580
31207	0.039583
41721	0.039585
31112	0.039586
44942	0.039587
39530	0.039587
47972	0.039588
38578	0.039589
11355	0.039589
56326	0.039594
28350	0.039594
15688	0.039596
13029	0.039597
7316	0.039598
61121	0.039599
32764	0.039599
53084	0.039600
23117	0.039600
33362	0.039601
9222	0.039603
45583	0.039604
11443	0.039608
15421	0.039609
51614	0.039613
27638	0.039613
26309	0.039613
10717	0.039613
10564	0.039614
13263	0.039614
16554	0.039617
35695	0.039618
41456	0.039623
14123	0.039625
20700	0.039627
39283	0.039628
37040	0.039628
43249	0.039634
19217	0.039634
43444	0.039640
47375	0.039641
25782	0.039641
46871	0.039641
45705	0.039641
37068	0.039643
45397	0.039643
55085	0.039644
24857	0.039645
53096	0.039648
57841	0.039650
8604	0.039653
54969	0.039656
48844	0.039657
35545	0.039660
50117	0.039660
9709	0.039662
57218	0.039663
50215	0.039664
22418	0.039666
8611	0.039666
57582	0.039667
40880	0.039669
39360	0.039670
60833	0.039672
25143	0.039672
10003	0.039673
37554	0.039675
9847	0.039675
33240	0.039676
34078	0.039677
45544	0.039677
18012	0.039677
54240	0.039678
13547	0.039680
20383	0.039681
20323	0.039682
58635	0.039686
49237	0.039686
37669	0.039687
10433	0.039690
49926	0.039691
39080	0.039693
52358	0.039693
36400	0.039699
40747	0.039699
41323	0.039702
14321	0.039703
25575	0.039703
22703	0.039704
28812	0.039704
34271	0.039706
19931	0.039709
9170	0.039709
52845	0.039712
35973	0.039713
32295	0.039714
22168	0.039715
57207	0.039718
39770	0.039721
50987	0.039722
24159	0.039722
29390	0.039723
54906	0.039723
8543	0.039724
10665	0.039724
55780	0.039725
42942	0.039726
50060	0.039726
55486	0.039728
23183	0.039728
37360	0.039731
27252	0.039731
49811	0.039733
60333	0.039735
11980	0.039735
11333	0.039736
9045	0.039736
52303	0.039737
23902	0.039737
37304	0.039741
15595	0.039741
8237	0.039743
34384	0.039745
60941	0.039746
48270	0.039752
21140	0.039755
9864	0.039756
55138	0.039759
61634	0.039761
9021	0.039762
24495	0.039762
47812	0.039762
53535	0.039763
55087	0.039764
45829	0.039764
47157	0.039765
7644	0.039765
35820	0.039765
45993	0.039767
8727	0.039770
25188	0.039773
17100	0.039773
52587	0.039777
28861	0.039777
8979	0.039781
19733	0.039784
41894	0.039785
48194	0.039787
52077	0.039787
17256	0.039789
49774	0.039794
38258	0.039795
25438	0.039797
41911	0.039797
28177	0.039798
47327	0.039798
45542	0.039799
47347	0.039799
21895	0.039801
54022	0.039801
13440	0.039801
39515	0.039802
35093	0.039804
34443	0.039804
32001	0.039805
57945	0.039806
24169	0.039807
12128	0.039807
38374	0.039809
49740	0.039809
17233	0.039810
54563	0.039810
8778	0.039812
34267	0.039814
44269	0.039815
22602	0.039818
44098	0.039818
55091	0.039818
34501	0.039819
34538	0.039819
25806	0.039821
46671	0.039821
57241	0.039823
39200	0.039824
24493	0.039824
16740	0.039825
37422	0.039826
17035	0.039826
40040	0.039826
8379	0.039828
24439	0.039831
19301	0.039833
47833	0.039833
13474	0.039833
46465	0.039834
40973	0.039835
48952	0.039835
15111	0.039837
45839	0.039838
23539	0.039838
32547	0.039840
42841	0.039841
125365	0.039842
50947	0.039844
21425	0.039846
12649	0.039848
19243	0.039848
32363	0.039853
57805	0.039853
35830	0.039855
52848	0.039855
33872	0.039860
14019	0.039862
16545	0.039866
49997	0.039866
10369	0.039869
25678	0.039869
31421	0.039870
49820	0.039874
27582	0.039875
21811	0.039876
19220	0.039877
56051	0.039877
44039	0.039879
19039	0.039880
37983	0.039883
25028	0.039884
53298	0.039884
28606	0.039884
15389	0.039885
15755	0.039889
52246	0.039890
17361	0.039890
36580	0.039891
38226	0.039891
19881	0.039892
20898	0.039893
23222	0.039896
20472	0.039898
40490	0.039899
25717	0.039899
55292	0.039901
45603	0.039903
24260	0.039904
7267	0.039905
46680	0.039906
15689	0.039906
12217	0.039907
10180	0.039907
11300	0.039908
28185	0.039911
48764	0.039911
23102	0.039912
43610	0.039913
45054	0.039914
48790	0.039915
44663	0.039916
34706	0.039918
39866	0.039921
16177	0.039922
13879	0.039925
38308	0.039926
35701	0.039928
56706	0.039929
38982	0.039929
12759	0.039934
61105	0.039934
8909	0.039935
56520	0.039935
60323	0.039936
15217	0.039938
61325	0.039941
60491	0.039945
15591	0.039947
31102	0.039948
54031	0.039949
16202	0.039952
24879	0.039953
26930	0.039957
34295	0.039960
32311	0.039962
56307	0.039963
47803	0.039963
52936	0.039964
60466	0.039964
54657	0.039966
28714	0.039968
61503	0.039971
45817	0.039972
49173	0.039973
17126	0.039974
38266	0.039976
6964	0.039976
33734	0.039979
12818	0.039980
27467	0.039981
47681	0.039982
47350	0.039983
39455	0.039983
11770	0.039984
33323	0.039985
36455	0.039986
13487	0.039986
58323	0.039989
50114	0.039990
12404	0.039991
56245	0.039992
12297	0.039994
12379	0.039995
112655	0.039995
43946	0.039997
17051	0.039998
25100	0.039998
8366	0.040001
49261	0.040002
38957	0.040003
21399	0.040006
32630	0.040007
8122	0.040009
11589	0.040014
19407	0.040014
57572	0.040015
19353	0.040016
42084	0.040017
14882	0.040017
10160	0.040018
12589	0.040018
24125	0.040024
14627	0.040025
26732	0.040027
52504	0.040027
35071	0.040028
12121	0.040029
11609	0.040030
56663	0.040032
35643	0.040032
8347	0.040033
58476	0.040035
24626	0.040037
8902	0.040037
57876	0.040040
11459	0.040041
13656	0.040041
12079	0.040042
48625	0.040042
17049	0.040044
19386	0.040045
48814	0.040047
13522	0.040048
47584	0.040051
8741	0.040057
32804	0.040058
8578	0.040059
25197	0.040059
137975	0.040060
16302	0.040060
30092	0.040060
57821	0.040063
37151	0.040064
15900	0.040066
31837	0.040068
8255	0.040068
57417	0.040068
19785	0.040068
60343	0.040069
16728	0.040069
15106	0.040069
33726	0.040069
39299	0.040073
49889	0.040073
13190	0.040074
36985	0.040075
56762	0.040076
57045	0.040076
36267	0.040077
43046	0.040081
23683	0.040082
7072	0.040082
10810	0.040084
32249	0.040086
21040	0.040086
55058	0.040087
8860	0.040088
53177	0.040088
21514	0.040088
53866	0.040089
19052	0.040091
10836	0.040093
36280	0.040094
27578	0.040095
25800	0.040097
14628	0.040097
36229	0.040097
35010	0.040102
19341	0.040107
31847	0.040110
56053	0.040112
17028	0.040114
54346	0.040116
25818	0.040120
37777	0.040124
24771	0.040131
40894	0.040134
49586	0.040134
28101	0.040138
29323	0.040139
60612	0.040140
49948	0.040140
30837	0.040141
27338	0.040143
16557	0.040146
39896	0.040148
31977	0.040148
47986	0.040148
15825	0.040150
37119	0.040151
10151	0.040152
50071	0.040153
16904	0.040153
40699	0.040155
12744	0.040157
60809	0.040157
51878	0.040161
13837	0.040161
11331	0.040163
61231	0.040163
11864	0.040163
43385	0.040164
37170	0.040165
31278	0.040165
37465	0.040168
58349	0.040170
20448	0.040171
8550	0.040171
22042	0.040172
29137	0.040173
12053	0.040180
40363	0.040181
24765	0.040184
28687	0.040184
10277	0.040184
54962	0.040185
16958	0.040186
9828	0.040187
30291	0.040187
37782	0.040188
56576	0.040190
8587	0.040191
7250	0.040191
9152	0.040193
32225	0.040194
43988	0.040195
33046	0.040195
40892	0.040195
14825	0.040200
21102	0.040205
51206	0.040205
35227	0.040206
43998	0.040206
12461	0.040209
47105	0.040214
34122	0.040215
14187	0.040216
20891	0.040217
8582	0.040218
29790	0.040219
16369	0.040219
47508	0.040220
53904	0.040220
10054	0.040224
15366	0.040227
53654	0.040228
30543	0.040229
21777	0.040229
43621	0.040230
39172	0.040231
52797	0.040233
17456	0.040233
15464	0.040237
23169	0.040238
54327	0.040238
55684	0.040240
29902	0.040244
8917	0.040245
34345	0.040246
50942	0.040249
61384	0.040250
26246	0.040252
21901	0.040255
34500	0.040256
35815	0.040258
33796	0.040258
52542	0.040258
19609	0.040260
9925	0.040264
50116	0.040266
24936	0.040271
30749	0.040272
32636	0.040274
15633	0.040275
12259	0.040276
14996	0.040276
32933	0.040277
49459	0.040277
32099	0.040280
36224	0.040280
35877	0.040281
30829	0.040282
29370	0.040282
35775	0.040283
10971	0.040285
57145	0.040285
60883	0.040286
35148	0.040286
31089	0.040286
21386	0.040287
21038	0.040287
23189	0.040288
6916	0.040289
21147	0.040289
7556	0.040293
11818	0.040295
7045	0.040296
53315	0.040296
34060	0.040298
41801	0.040298
15795	0.040299
54600	0.040300
40438	0.040300
10009	0.040302
19872	0.040304
16832	0.040306
46888	0.040306
28972	0.040308
16969	0.040308
11997	0.040309
29004	0.040313
55930	0.040315
12270	0.040315
44730	0.040315
47373	0.040318
39204	0.040319
41163	0.040322
54679	0.040322
16871	0.040328
60261	0.040328
32865	0.040328
56703	0.040330
60157	0.040330
26980	0.040330
24153	0.040331
28293	0.040331
41748	0.040331
48566	0.040332
50066	0.040333
12838	0.040333
15808	0.040334
12879	0.040334
21118	0.040334
53427	0.040335
57221	0.040336
46220	0.040338
20658	0.040342
34863	0.040343
14412	0.040345
15082	0.040346
14667	0.040346
21066	0.040346
30648	0.040347
45689	0.040348
43100	0.040350
13586	0.040351
20139	0.040352
21771	0.040353
7537	0.040354
12383	0.040357
61506	0.040358
11402	0.040358
41102	0.040359
49583	0.040360
39273	0.040361
23537	0.040363
30454	0.040365
15787	0.040365
31023	0.040366
33922	0.040367
49647	0.040368
33168	0.040368
12991	0.040369
48379	0.040370
25456	0.040373
32899	0.040375
51082	0.040375
12238	0.040376
32800	0.040379
32108	0.040379
49704	0.040380
27516	0.040381
7029	0.040387
42732	0.040387
8773	0.040388
48278	0.040388
41729	0.040389
32941	0.040389
52756	0.040394
9798	0.040397
49475	0.040399
23940	0.040403
26651	0.040405
13060	0.040406
55127	0.040406
52377	0.040408
13387	0.040408
34046	0.040409
7814	0.040409
50887	0.040410
18287	0.040410
24871	0.040411
51439	0.040413
14136	0.040413
9184	0.040413
53832	0.040414
45913	0.040416
41137	0.040418
14008	0.040420
8577	0.040423
46972	0.040426
49436	0.040429
52855	0.040430
56658	0.040430
12689	0.040434
49145	0.040437
16291	0.040441
37018	0.040441
56149	0.040441
45420	0.040443
20755	0.040444
16964	0.040445
56157	0.040446
58482	0.040447
44997	0.040449
15116	0.040452
32790	0.040456
26456	0.040458
19373	0.040466
14408	0.040468
33224	0.040468
40884	0.040469
26802	0.040470
12520	0.040472
13819	0.040472
26167	0.040475
51268	0.040476
14020	0.040477
49733	0.040479
53263	0.040481
12215	0.040481
23870	0.040482
28189	0.040484
55693	0.040485
57883	0.040487
34656	0.040487
23425	0.040489
52843	0.040490
47057	0.040490
15878	0.040491
36770	0.040492
49055	0.040492
8735	0.040493
44003	0.040494
7310	0.040494
15824	0.040498
58351	0.040498
9880	0.040499
24875	0.040499
29528	0.040500
43370	0.040500
22667	0.040503
12942	0.040506
38878	0.040507
28928	0.040508
38040	0.040509
21626	0.040511
16629	0.040512
47920	0.040514
39607	0.040514
56366	0.040519
8344	0.040520
12111	0.040520
31470	0.040522
48426	0.040523
57792	0.040524
9078	0.040524
16285	0.040526
34715	0.040532
53288	0.040532
41459	0.040533
27554	0.040537
7944	0.040538
25355	0.040539
23276	0.040541
9912	0.040542
25491	0.040542
46607	0.040544
15308	0.040548
41988	0.040549
10101	0.040550
14191	0.040553
28882	0.040558
9860	0.040558
14407	0.040560
40304	0.040562
44991	0.040565
45493	0.040565
52920	0.040565
53172	0.040567
45417	0.040569
36077	0.040571
23570	0.040572
7171	0.040572
56243	0.040572
10626	0.040572
42366	0.040574
43906	0.040578
16753	0.040582
27724	0.040584
47245	0.040586
47093	0.040589
10852	0.040591
56336	0.040592
38707	0.040593
14368	0.040593
19066	0.040595
33005	0.040595
56118	0.040595
36909	0.040596
9038	0.040597
9740	0.040597
55839	0.040598
11321	0.040598
45269	0.040598
8495	0.040598
19501	0.040601
53827	0.040601
25205	0.040607
32064	0.040610
19296	0.040611
45971	0.040614
56318	0.040614
29232	0.040615
29745	0.040615
58623	0.040616
26640	0.040616
9565	0.040619
32125	0.040619
31281	0.040619
51959	0.040622
23408	0.040622
16178	0.040623
40889	0.040624
23215	0.040625
16352	0.040626
45816	0.040627
16722	0.040630
10653	0.040634
22609	0.040635
15809	0.040635
32183	0.040638
58562	0.040639
27491	0.040640
60819	0.040641
8173	0.040641
11071	0.040642
56560	0.040644
61335	0.040644
22242	0.040644
52215	0.040645
31074	0.040647
15175	0.040647
14272	0.040648
25784	0.040648
43155	0.040653
8018	0.040654
23826	0.040659
20306	0.040662
53692	0.040663
35493	0.040663
37807	0.040663
9209	0.040664
27652	0.040667
37162	0.040667
55913	0.040668
32864	0.040670
11405	0.040672
8045	0.040675
7674	0.040675
30236	0.040679
43697	0.040680
39444	0.040682
56864	0.040683
49906	0.040684
47926	0.040684
54741	0.040685
13551	0.040687
48132	0.040688
42673	0.040688
30784	0.040688
14767	0.040688
50155	0.040691
24610	0.040698
50531	0.040700
14034	0.040702
53648	0.040705
49375	0.040706
43886	0.040706
29147	0.040708
23203	0.040708
30564	0.040709
14723	0.040711
7722	0.040713
53270	0.040714
15925	0.040716
7410	0.040718
11779	0.040718
56582	0.040722
56516	0.040723
33243	0.040724
11182	0.040725
42751	0.040726
11840	0.040726
25442	0.040727
37444	0.040727
42944	0.040727
28725	0.040729
17439	0.040729
20793	0.040729
57312	0.040730
48257	0.040731
24489	0.040731
17464	0.040732
24682	0.040732
44822	0.040732
42103	0.040734
44394	0.040735
12475	0.040736
52742	0.040736
7594	0.040736
53189	0.040737
10032	0.040738
29104	0.040742
49664	0.040743
44153	0.040744
10639	0.040745
8807	0.040745
30598	0.040745
48883	0.040746
61167	0.040747
8262	0.040749
45934	0.040751
25486	0.040751
25599	0.040752
23879	0.040752
18291	0.040754
11179	0.040756
29871	0.040760
55000	0.040760
53147	0.040762
9016	0.040763
33729	0.040763
45448	0.040764
56508	0.040766
16635	0.040769
39898	0.040770
54644	0.040770
13397	0.040772
61203	0.040773
55388	0.040773
22262	0.040774
34250	0.040776
55079	0.040776
50863	0.040777
47346	0.040780
42101	0.040781
48290	0.040785
46276	0.040785
32920	0.040786
47550	0.040787
51201	0.040788
7327	0.040794
75382	0.040796
60129	0.040797
27664	0.040798
47717	0.040800
29890	0.040803
8451	0.040803
45948	0.040804
36840	0.040806
35803	0.040809
20766	0.040811
12584	0.040815
11080	0.040819
36608	0.040820
30527	0.040823
12277	0.040823
8658	0.040824
48509	0.040825
14884	0.040826
46469	0.040827
48643	0.040827
32027	0.040827
54355	0.040827
27345	0.040828
17488	0.040828
15950	0.040830
8191	0.040835
7376	0.040836
41831	0.040837
25050	0.040838
23960	0.040839
8976	0.040839
33474	0.040840
9927	0.040840
48012	0.040840
53921	0.040844
60733	0.040846
56778	0.040846
9126	0.040849
25988	0.040849
49010	0.040849
57154	0.040851
61489	0.040853
44522	0.040854
7931	0.040856
30641	0.040857
9940	0.040858
14875	0.040858
21558	0.040858
30040	0.040858
39247	0.040858
40704	0.040858
52476	0.040858
56144	0.040858
58434	0.040858
60138	0.040858
61034	0.040858
24744	0.040862
21021	0.040863
12709	0.040865
30129	0.040866
25040	0.040870
51635	0.040870
46857	0.040872
37981	0.040875
11662	0.040877
34941	0.040879
6908	0.040880
40018	0.040883
36319	0.040883
36942	0.040884
25350	0.040886
34274	0.040888
25611	0.040888
16215	0.040889
39824	0.040889
32084	0.040890
26991	0.040890
23353	0.040891
13804	0.040891
39912	0.040891
11234	0.040892
13162	0.040894
45480	0.040895
29874	0.040895
54266	0.040898
51987	0.040900
57845	0.040902
37172	0.040905
23828	0.040905
48377	0.040906
7051	0.040906
55610	0.040906
25406	0.040911
21333	0.040913
42618	0.040914
58309	0.040917
17082	0.040918
55896	0.040918
48050	0.040919
48825	0.040922
15713	0.040922
9218	0.040924
10330	0.040924
35283	0.040925
57236	0.040926
52110	0.040926
11137	0.040927
13899	0.040928
9296	0.040928
45632	0.040929
12811	0.040931
23365	0.040932
28367	0.040933
26583	0.040936
25922	0.040941
23125	0.040941
28312	0.040943
13041	0.040946
21448	0.040948
15055	0.040948
50767	0.040957
13615	0.040957
21713	0.040958
14329	0.040959
16231	0.040959
16249	0.040959
12513	0.040960
17504	0.040961
40220	0.040962
60457	0.040962
37014	0.040962
24735	0.040964
30614	0.040964
58272	0.040966
21786	0.040966
26552	0.040968
38564	0.040970
27291	0.040970
17021	0.040972
16360	0.040972
58202	0.040973
49984	0.040973
10740	0.040974
14275	0.040975
34710	0.040978
53344	0.040978
29107	0.040979
35824	0.040981
16814	0.040984
26992	0.040988
11035	0.040989
44175	0.040991
30551	0.040992
29801	0.040993
15210	0.040995
40224	0.040998
13489	0.040998
19804	0.040998
29140	0.040999
47100	0.041001
49171	0.041001
49421	0.041002
48733	0.041004
22539	0.041005
9168	0.041005
48890	0.041006
58479	0.041008
14848	0.041010
34982	0.041010
47349	0.041012
30160	0.041013
58325	0.041015
13524	0.041016
7714	0.041017
24278	0.041017
8013	0.041020
53850	0.041020
53430	0.041021
14102	0.041022
7855	0.041025
17036	0.041025
15908	0.041027
12241	0.041030
26630	0.041030
27589	0.041031
54592	0.041032
14010	0.041034
14189	0.041035
41671	0.041036
8307	0.041036
44973	0.041036
11200	0.041039
61439	0.041039
28841	0.041041
45082	0.041041
13103	0.041047
51722	0.041047
22935	0.041048
8940	0.041048
39483	0.041050
44628	0.041050
37354	0.041051
57191	0.041052
28221	0.041053
47112	0.041057
29546	0.041058
33399	0.041059
23967	0.041061
8574	0.041061
10271	0.041062
37288	0.041062
34542	0.041070
47434	0.041070
28637	0.041072
38643	0.041072
14308	0.041074
39089	0.041076
26725	0.041077
61400	0.041080
55628	0.041081
16895	0.041082
9047	0.041082
49444	0.041083
11773	0.041083
9921	0.041084
47409	0.041085
28712	0.041087
35120	0.041090
9707	0.041095
60873	0.041099
19395	0.041104
20059	0.041106
29084	0.041106
12523	0.041112
24478	0.041113
40178	0.041115
11981	0.041115
28000	0.041115
15332	0.041119
46865	0.041121
46659	0.041121
45698	0.041121
24087	0.041121
10942	0.041123
23192	0.041123
60520	0.041129
34969	0.041129
9508	0.041131
52980	0.041132
39731	0.041133
16604	0.041134
10953	0.041136
44277	0.041142
13558	0.041144
21405	0.041145
26636	0.041146
34452	0.041148
40717	0.041149
19308	0.041153
52467	0.041154
23316	0.041155
26728	0.041155
61309	0.041158
38067	0.041161
57473	0.041162
24572	0.041163
52557	0.041163
57713	0.041165
28844	0.041165
51238	0.041165
52860	0.041166
42133	0.041168
8454	0.041169
38639	0.041170
32574	0.041171
26105	0.041172
58652	0.041175
56567	0.041179
14994	0.041180
47232	0.041181
38051	0.041182
10837	0.041183
44422	0.041189
31886	0.041190
35415	0.041193
25983	0.041193
25705	0.041196
9865	0.041196
39572	0.041196
30502	0.041196
61371	0.041197
56645	0.041198
14815	0.041201
10169	0.041201
11284	0.041202
47731	0.041202
13364	0.041203
55479	0.041203
14877	0.041211
55473	0.041212
39836	0.041214
28341	0.041215
29273	0.041217
46243	0.041218
24257	0.041222
28630	0.041222
45715	0.041224
49176	0.041227
47615	0.041227
61204	0.041227
47514	0.041230
11415	0.041235
42217	0.041237
46050	0.041237
7532	0.041238
39390	0.041239
26730	0.041241
10858	0.041241
20889	0.041244
15906	0.041244
33699	0.041244
55263	0.041246
21126	0.041252
58493	0.041252
35254	0.041256
29367	0.041256
35718	0.041262
48408	0.041263
35780	0.041266
44732	0.041266
15278	0.041267
45237	0.041267
60446	0.041269
60572	0.041270
53550	0.041272
36967	0.041272
32668	0.041273
46891	0.041274
50540	0.041274
35294	0.041275
39418	0.041276
22542	0.041277
8076	0.041278
48940	0.041280
42377	0.041280
31576	0.041283
57789	0.041291
12484	0.041293
47970	0.041293
61491	0.041298
17410	0.041298
54867	0.041300
55608	0.041305
15373	0.041305
43912	0.041307
44097	0.041308
36160	0.041313
45110	0.041317
47511	0.041319
42539	0.041324
37374	0.041324
25403	0.041326
25498	0.041327
51330	0.041327
28043	0.041328
34339	0.041329
13005	0.041329
35806	0.041329
35280	0.041331
13540	0.041332
9042	0.041333
30991	0.041334
14296	0.041337
12897	0.041337
14577	0.041337
22776	0.041339
47675	0.041340
55181	0.041340
46795	0.041346
50158	0.041347
49150	0.041347
45337	0.041348
9984	0.041349
14521	0.041350
23281	0.041358
47898	0.041359
22034	0.041359
30766	0.041359
26792	0.041361
14362	0.041364
9762	0.041364
37729	0.041367
23051	0.041368
9467	0.041369
33780	0.041369
23899	0.041372
36884	0.041373
28642	0.041374
8884	0.041375
14558	0.041376
26620	0.041382
21614	0.041389
52701	0.041390
28263	0.041392
19087	0.041392
49276	0.041393
60999	0.041393
61122	0.041393
29311	0.041394
28336	0.041396
47051	0.041399
35213	0.041399
27374	0.041399
57150	0.041400
40748	0.041402
57079	0.041402
27391	0.041404
42887	0.041405
14246	0.041407
56563	0.041407
43565	0.041409
21622	0.041411
41719	0.041412
12562	0.041413
36629	0.041414
47090	0.041417
13096	0.041418
23132	0.041420
11806	0.041421
34929	0.041421
35868	0.041428
35798	0.041431
23032	0.041438
44839	0.041438
9287	0.041442
8985	0.041442
54301	0.041442
37002	0.041443
45658	0.041445
25762	0.041448
50293	0.041448
23378	0.041454
16941	0.041454
60763	0.041457
44102	0.041457
37773	0.041459
11853	0.041460
19944	0.041460
19339	0.041461
23535	0.041462
8680	0.041466
24568	0.041467
30936	0.041467
10535	0.041471
10030	0.041475
58435	0.041475
50489	0.041476
34729	0.041477
35711	0.041478
52660	0.041479
16349	0.041483
16755	0.041483
43978	0.041484
15152	0.041485
56320	0.041489
27953	0.041490
29095	0.041490
20412	0.041491
51276	0.041494
10819	0.041496
46429	0.041499
52012	0.041504
50764	0.041504
24400	0.041509
8850	0.041510
40288	0.041511
56999	0.041512
12074	0.041513
24001	0.041521
23857	0.041521
24580	0.041528
9961	0.041528
8576	0.041531
12898	0.041534
13010	0.041540
34357	0.041541
9577	0.041541
38547	0.041541
19812	0.041544
16611	0.041546
50016	0.041548
11555	0.041550
30741	0.041552
31606	0.041553
13898	0.041555
15710	0.041556
13404	0.041559
21672	0.041561
55484	0.041564
11267	0.041565
48119	0.041569
19758	0.041570
24752	0.041571
19215	0.041574
21483	0.041574
33196	0.041574
33305	0.041574
47033	0.041578
46893	0.041580
56192	0.041581
37294	0.041582
22906	0.041583
27973	0.041584
12364	0.041585
11631	0.041586
44956	0.041586
15394	0.041586
10809	0.041587
40772	0.041588
31397	0.041590
54317	0.041592
30168	0.041595
17402	0.041596
7965	0.041599
57140	0.041600
14223	0.041605
26550	0.041606
50516	0.041606
15103	0.041611
36776	0.041612
23057	0.041612
38650	0.041614
37194	0.041618
7863	0.041618
14317	0.041619
21793	0.041621
11523	0.041623
38220	0.041623
51025	0.041624
33663	0.041627
31106	0.041628
35487	0.041630
14295	0.041630
22992	0.041631
14381	0.041632
45861	0.041632
22376	0.041633
9384	0.041633
12884	0.041635
14026	0.041636
14683	0.041639
10371	0.041639
44100	0.041652
52634	0.041652
44274	0.041653
54389	0.041655
38112	0.041656
15957	0.041659
35763	0.041659
15396	0.041660
56324	0.041660
28720	0.041660
25231	0.041664
28207	0.041665
42286	0.041665
36216	0.041666
7516	0.041666
50217	0.041666
50045	0.041667
51473	0.041667
42850	0.041668
11820	0.041668
53888	0.041673
36006	0.041674
46835	0.041676
36210	0.041676
9161	0.041676
61567	0.041679
33948	0.041685
14549	0.041687
10898	0.041688
32252	0.041689
35988	0.041689
48793	0.041691
38663	0.041692
33229	0.041693
23094	0.041695
38637	0.041696
16331	0.041702
20751	0.041703
36397	0.041707
22814	0.041709
45624	0.041709
10033	0.041709
44435	0.041710
56275	0.041710
10455	0.041716
48143	0.041717
14522	0.041718
29928	0.041721
14222	0.041722
15975	0.041725
35548	0.041726
40729	0.041726
48812	0.041728
52378	0.041730
41094	0.041731
60469	0.041732
13564	0.041734
25166	0.041737
14045	0.041738
27064	0.041740
21420	0.041744
137609	0.041744
35033	0.041745
12160	0.041745
10253	0.041746
30026	0.041747
30973	0.041748
16345	0.041749
56556	0.041751
20522	0.041751
14009	0.041753
20786	0.041754
47266	0.041755
40497	0.041756
21937	0.041756
52637	0.041758
7217	0.041764
16830	0.041765
15351	0.041766
12376	0.041768
8565	0.041768
7966	0.041771
44224	0.041775
11224	0.041776
55924	0.041782
48652	0.041783
36778	0.041786
17201	0.041787
37009	0.041787
40510	0.041790
24404	0.041794
13650	0.041796
37593	0.041796
15215	0.041797
60565	0.041798
52531	0.041802
45667	0.041802
13448	0.041803
48500	0.041804
24725	0.041804
57327	0.041804
9928	0.041807
9509	0.041810
46339	0.041811
57937	0.041815
26670	0.041817
38377	0.041817
53131	0.041819
52168	0.041824
7069	0.041824
35209	0.041825
15777	0.041832
27387	0.041833
15008	0.041835
14293	0.041840
46203	0.041840
25568	0.041841
51028	0.041843
7872	0.041843
46572	0.041844
25786	0.041845
41836	0.041845
7081	0.041845
13782	0.041847
11972	0.041849
51918	0.041852
33564	0.041857
31315	0.041857
21231	0.041858
57972	0.041861
9264	0.041863
48692	0.041864
54379	0.041865
14383	0.041869
31662	0.041873
14717	0.041877
21867	0.041877
46158	0.041878
15527	0.041881
58444	0.041882
53239	0.041886
22826	0.041886
31418	0.041888
37871	0.041890
9233	0.041892
57201	0.041894
29906	0.041900
9486	0.041906
40808	0.041906
43617	0.041909
28284	0.041911
48071	0.041913
12821	0.041914
26096	0.041915
11740	0.041915
51627	0.041916
44825	0.041918
25812	0.041920
45354	0.041922
28397	0.041924
33069	0.041928
34001	0.041931
49251	0.041933
10315	0.041935
15702	0.041939
20825	0.041945
43721	0.041945
43968	0.041945
32263	0.041947
13893	0.041948
14313	0.041948
46820	0.041948
47223	0.041953
8340	0.041957
49440	0.041957
12190	0.041957
15832	0.041962
45727	0.041964
52089	0.041964
12943	0.041966
55767	0.041966
10584	0.041967
58375	0.041968
13635	0.041968
15804	0.041969
7850	0.041971
22913	0.041974
20596	0.041974
33964	0.041977
20529	0.041977
7951	0.041977
138018	0.041977
61241	0.041977
33385	0.041979
43729	0.041981
8145	0.041982
29904	0.041983
16544	0.041985
7874	0.041989
40026	0.041993
22155	0.041994
7684	0.041995
22676	0.041997
19885	0.041998
61332	0.041999
46250	0.042004
8682	0.042004
14800	0.042005
39910	0.042005
50390	0.042008
53511	0.042010
43649	0.042010
8270	0.042012
26004	0.042015
9796	0.042017
56786	0.042018
31922	0.042020
13539	0.042021
12782	0.042022
37834	0.042022
15550	0.042024
47859	0.042026
11461	0.042029
7886	0.042031
9920	0.042032
21244	0.042033
61541	0.042034
50053	0.042036
17199	0.042041
50976	0.042042
16585	0.042043
19213	0.042044
52347	0.042048
11613	0.042051
61085	0.042051
7096	0.042051
16634	0.042054
51224	0.042056
7387	0.042057
55399	0.042058
23394	0.042062
39400	0.042069
13548	0.042069
14651	0.042071
51411	0.042074
12571	0.042077
21252	0.042080
31909	0.042080
44937	0.042081
13021	0.042081
27325	0.042082
14224	0.042082
49563	0.042084
39801	0.042084
33393	0.042085
49493	0.042085
56587	0.042087
54213	0.042088
31971	0.042090
47448	0.042091
15015	0.042093
30618	0.042094
14725	0.042094
41521	0.042098
8939	0.042099
10768	0.042101
7860	0.042101
40951	0.042102
57780	0.042102
14666	0.042104
34873	0.042104
14484	0.042106
28683	0.042109
20533	0.042110
32683	0.042110
26890	0.042110
9866	0.042117
53611	0.042123
12285	0.042125
10073	0.042128
25860	0.042128
12295	0.042131
45555	0.042131
14566	0.042134
14730	0.042137
39033	0.042137
30193	0.042138
49359	0.042141
46162	0.042142
11053	0.042144
19359	0.042145
33413	0.042150
60581	0.042151
9041	0.042151
23105	0.042152
49317	0.042152
20003	0.042154
27502	0.042155
11766	0.042156
16236	0.042158
34640	0.042160
22441	0.042160
9582	0.042166
56758	0.042166
15507	0.042167
7048	0.042169
23529	0.042170
20016	0.042172
23274	0.042172
33130	0.042172
35357	0.042172
61563	0.042172
23562	0.042174
60887	0.042175
54752	0.042176
30763	0.042181
35431	0.042182
21335	0.042182
22240	0.042184
51407	0.042185
14138	0.042185
54663	0.042187
10177	0.042188
17395	0.042189
14929	0.042189
50580	0.042190
53113	0.042192
40164	0.042193
44279	0.042194
10011	0.042195
22861	0.042197
57584	0.042200
27313	0.042207
17188	0.042212
31323	0.042212
22019	0.042214
12077	0.042219
53364	0.042221
10397	0.042223
47172	0.042224
9087	0.042228
55893	0.042228
19088	0.042231
20152	0.042232
8233	0.042232
22420	0.042233
31143	0.042234
12735	0.042235
51799	0.042236
16150	0.042236
51797	0.042238
13807	0.042239
15335	0.042241
22563	0.042243
34181	0.042244
31190	0.042245
35323	0.042246
43647	0.042247
16899	0.042248
36968	0.042250
41549	0.042252
48858	0.042255
32675	0.042256
29264	0.042262
24200	0.042265
16209	0.042267
10745	0.042271
20373	0.042272
27254	0.042275
49631	0.042276
15133	0.042277
31546	0.042277
11465	0.042278
32773	0.042279
19892	0.042280
16560	0.042283
50951	0.042284
34178	0.042292
56677	0.042295
31204	0.042296
36690	0.042297
30683	0.042298
13735	0.042306
7149	0.042306
39795	0.042308
53896	0.042311
15474	0.042317
14506	0.042317
23489	0.042317
16183	0.042318
10207	0.042318
11298	0.042320
11967	0.042322
41956	0.042326
21451	0.042327
48664	0.042330
36701	0.042330
20726	0.042338
24282	0.042341
16284	0.042341
34723	0.042343
15178	0.042344
43980	0.042345
11207	0.042345
21128	0.042346
20956	0.042350
12400	0.042352
47494	0.042354
36044	0.042355
21831	0.042362
28067	0.042363
10015	0.042364
57702	0.042368
30082	0.042370
25187	0.042376
50737	0.042377
29128	0.042381
49633	0.042381
36976	0.042382
41279	0.042382
15720	0.042385
44050	0.042386
26452	0.042386
60843	0.042387
15822	0.042389
9311	0.042393
30201	0.042397
30600	0.042397
42433	0.042405
57594	0.042406
26237	0.042408
33051	0.042410
10742	0.042412
8012	0.042414
12432	0.042414
14001	0.042415
60238	0.042416
16350	0.042416
9295	0.042418
23194	0.042419
56616	0.042421
7784	0.042421
60864	0.042422
9726	0.042425
8592	0.042425
24759	0.042425
24577	0.042425
13291	0.042428
54567	0.042432
53073	0.042432
28614	0.042432
38417	0.042444
30587	0.042446
29419	0.042448
40449	0.042449
19424	0.042455
45297	0.042458
53839	0.042460
12675	0.042465
16934	0.042466
29946	0.042466
51804	0.042467
32992	0.042468
10739	0.042468
60956	0.042469
14797	0.042471
44841	0.042473
46064	0.042475
15196	0.042476
13894	0.042478
25364	0.042480
21940	0.042482
11503	0.042483
28708	0.042484
42591	0.042489
21795	0.042491
14419	0.042492
23428	0.042492
9332	0.042494
26647	0.042495
60674	0.042498
37102	0.042500
41064	0.042501
17310	0.042507
50278	0.042509
61378	0.042510
53201	0.042510
7676	0.042515
19413	0.042517
61078	0.042520
15783	0.042522
44293	0.042522
46226	0.042524
47603	0.042525
57710	0.042530
30014	0.042531
56266	0.042533
50080	0.042535
41439	0.042542
19736	0.042544
55687	0.042544
30660	0.042545
35524	0.042547
52982	0.042549
32181	0.042550
26124	0.042552
42961	0.042553
39657	0.042560
42777	0.042564
33538	0.042565
15109	0.042568
36852	0.042569
53091	0.042570
49653	0.042570
9776	0.042571
39734	0.042575
60743	0.042575
48622	0.042575
20053	0.042579
17350	0.042581
14661	0.042583
37427	0.042583
15348	0.042584
40176	0.042587
48660	0.042587
38243	0.042588
19325	0.042588
10748	0.042589
61661	0.042592
9503	0.042599
17419	0.042599
28254	0.042600
12703	0.042605
42073	0.042605
28935	0.042607
17223	0.042608
8572	0.042609
41058	0.042615
11464	0.042616
31363	0.042619
44427	0.042622
41699	0.042623
25413	0.042627
16420	0.042628
60218	0.042634
52590	0.042635
25472	0.042638
24461	0.042643
50056	0.042644
13513	0.042645
52153	0.042649
34407	0.042654
45629	0.042655
12732	0.042656
52963	0.042657
39187	0.042658
10978	0.042659
56393	0.042662
21185	0.042663
29001	0.042675
34657	0.042683
16967	0.042683
57057	0.042683
45717	0.042687
7103	0.042690
51138	0.042693
14113	0.042694
45305	0.042696
8918	0.042696
15312	0.042697
10849	0.042697
16596	0.042698
48997	0.042698
49385	0.042698
56281	0.042703
59142	0.042703
33505	0.042707
29299	0.042708
7137	0.042710
45169	0.042710
36735	0.042715
20040	0.042717
50575	0.042722
30952	0.042722
51900	0.042724
19909	0.042725
35262	0.042726
36441	0.042728
27152	0.042728
31852	0.042728
32411	0.042729
16222	0.042734
11462	0.042740
15610	0.042741
29346	0.042741
35796	0.042744
30612	0.042744
32382	0.042744
60665	0.042747
57296	0.042747
52435	0.042748
34972	0.042748
52582	0.042749
14270	0.042754
7087	0.042757
8597	0.042764
53959	0.042769
15392	0.042774
26533	0.042774
16522	0.042774
26500	0.042775
33623	0.042776
13072	0.042777
23882	0.042778
36362	0.042781
29064	0.042784
33658	0.042792
50093	0.042793
54373	0.042795
9794	0.042796
34308	0.042802
29227	0.042802
25557	0.042803
10599	0.042814
50756	0.042815
16280	0.042815
11412	0.042817
35808	0.042820
13802	0.042821
14326	0.042823
23018	0.042823
33567	0.042833
48888	0.042835
48852	0.042836
13466	0.042841
8747	0.042842
14150	0.042845
44247	0.042849
20184	0.042850
54310	0.042850
7554	0.042852
19859	0.042853
51574	0.042857
31097	0.042861
41765	0.042861
20033	0.042863
27691	0.042865
34243	0.042866
19283	0.042867
14879	0.042868
7716	0.042869
49353	0.042870
8232	0.042876
38350	0.042876
27224	0.042878
38950	0.042882
35557	0.042884
56880	0.042889
52640	0.042890
12521	0.042895
49357	0.042897
41534	0.042899
53829	0.042901
8331	0.042910
48901	0.042910
9120	0.042911
9291	0.042912
7710	0.042913
28786	0.042913
15544	0.042915
13813	0.042918
27073	0.042918
50162	0.042921
9228	0.042921
19464	0.042925
57522	0.042925
53869	0.042927
16077	0.042930
29852	0.042934
23561	0.042935
16075	0.042935
45423	0.042942
38969	0.042944
44104	0.042944
47714	0.042945
36938	0.042946
10117	0.042949
7228	0.042953
50174	0.042956
22717	0.042957
15629	0.042958
24570	0.042959
27275	0.042960
11814	0.042961
43700	0.042963
23234	0.042965
49496	0.042966
29765	0.042967
22591	0.042969
28926	0.042970
54382	0.042971
26012	0.042972
14181	0.042978
12091	0.042979
39510	0.042980
45321	0.042980
39189	0.042982
51697	0.042982
21364	0.042985
54238	0.042991
39314	0.042992
24026	0.042994
16916	0.042996
17064	0.042997
25473	0.043000
48892	0.043004
40357	0.043006
20918	0.043007
51628	0.043007
34056	0.043007
14880	0.043008
43613	0.043009
53076	0.043010
53309	0.043011
47124	0.043012
11765	0.043013
30183	0.043013
8802	0.043015
44117	0.043015
36954	0.043018
19452	0.043020
29938	0.043029
39982	0.043032
33671	0.043033
7047	0.043033
16143	0.043035
51902	0.043035
42648	0.043037
14217	0.043039
41986	0.043044
10236	0.043045
61500	0.043048
8774	0.043049
14280	0.043050
27284	0.043051
22822	0.043052
21075	0.043059
53650	0.043061
48767	0.043064
10973	0.043067
24928	0.043074
8452	0.043076
49986	0.043081
20588	0.043089
35265	0.043089
24947	0.043090
35478	0.043094
31501	0.043094
55281	0.043097
52338	0.043097
24471	0.043098
16049	0.043104
61605	0.043105
11471	0.043106
51149	0.043107
55269	0.043110
55591	0.043114
40143	0.043116
9328	0.043117
15671	0.043118
48180	0.043120
27318	0.043124
7667	0.043126
54847	0.043130
49671	0.043130
13534	0.043135
40943	0.043141
11335	0.043145
11879	0.043145
60495	0.043147
29319	0.043149
52278	0.043154
48169	0.043157
50643	0.043157
14901	0.043159
56059	0.043160
39593	0.043162
25053	0.043162
16365	0.043163
8098	0.043163
8102	0.043164
60531	0.043164
42301	0.043165
7906	0.043166
30509	0.043168
49770	0.043170
37289	0.043171
14040	0.043171
14030	0.043177
39596	0.043185
12388	0.043190
33760	0.043192
20753	0.043192
16797	0.043196
31172	0.043199
26842	0.043206
61141	0.043206
11815	0.043207
31521	0.043207
8827	0.043208
21543	0.043209
9028	0.043209
56484	0.043211
33893	0.043213
24915	0.043218
12169	0.043220
29435	0.043223
32276	0.043224
13772	0.043229
54024	0.043233
51599	0.043244
51928	0.043244
37065	0.043246
13809	0.043250
40926	0.043251
7211	0.043255
20907	0.043256
9292	0.043256
15481	0.043258
25719	0.043260
41916	0.043263
19674	0.043266
31008	0.043267
10131	0.043270
16727	0.043271
45301	0.043274
24306	0.043274
61594	0.043276
7076	0.043277
21360	0.043284
19362	0.043287
50280	0.043290
10100	0.043291
27856	0.043295
7607	0.043297
44256	0.043298
58249	0.043299
17391	0.043301
52487	0.043303
39265	0.043305
55631	0.043306
22576	0.043306
10713	0.043312
42400	0.043314
11556	0.043316
32164	0.043323
42126	0.043325
22237	0.043329
15454	0.043332
28129	0.043333
28824	0.043341
45442	0.043341
46525	0.043341
13808	0.043342
36721	0.043344
45182	0.043345
11582	0.043349
8393	0.043351
50287	0.043353
7544	0.043354
16877	0.043356
9741	0.043356
32570	0.043357
58396	0.043358
39566	0.043358
48885	0.043368
15778	0.043368
11573	0.043369
36027	0.043371
47272	0.043372
50473	0.043377
10231	0.043377
54604	0.043385
47651	0.043388
48546	0.043388
51981	0.043390
36571	0.043390
19450	0.043392
14050	0.043393
30644	0.043397
37795	0.043398
28755	0.043410
45077	0.043413
13130	0.043420
12014	0.043422
45348	0.043422
21948	0.043424
12256	0.043425
7044	0.043429
12758	0.043429
30386	0.043430
37114	0.043434
13847	0.043435
31609	0.043436
58603	0.043437
16606	0.043445
24561	0.043446
57283	0.043450
27884	0.043456
48879	0.043456
57325	0.043458
39724	0.043458
35854	0.043462
14022	0.043463
45010	0.043465
39490	0.043465
13855	0.043467
16873	0.043468
50264	0.043475
32222	0.043475
45455	0.043478
25101	0.043480
15524	0.043483
24129	0.043485
46818	0.043486
12530	0.043487
35666	0.043488
49990	0.043489
33558	0.043489
35290	0.043494
44699	0.043500
45619	0.043501
39388	0.043502
13316	0.043503
56108	0.043504
26109	0.043508
55458	0.043513
56583	0.043514
16574	0.043515
35455	0.043515
39049	0.043517
51441	0.043519
53939	0.043520
19629	0.043521
31532	0.043522
47822	0.043522
11411	0.043523
11669	0.043523
32443	0.043525
35554	0.043527
42734	0.043528
9046	0.043533
30181	0.043534
54543	0.043536
40823	0.043540
15314	0.043543
10513	0.043544
58583	0.043544
32892	0.043547
21925	0.043555
55700	0.043556
28795	0.043561
44288	0.043561
61385	0.043563
10321	0.043563
45827	0.043569
37016	0.043572
36220	0.043578
49432	0.043579
39153	0.043581
14869	0.043582
55499	0.043588
47248	0.043590
55972	0.043594
36020	0.043595
58863	0.043595
40983	0.043595
50817	0.043596
41708	0.043602
15291	0.043602
55954	0.043607
11560	0.043609
45118	0.043612
13074	0.043614
48448	0.043618
58466	0.043627
20618	0.043630
9000	0.043631
50477	0.043633
42461	0.043633
45610	0.043633
9694	0.043639
20736	0.043640
53342	0.043649
52311	0.043649
43679	0.043649
29856	0.043652
15062	0.043653
15888	0.043658
33312	0.043658
18218	0.043665
22514	0.043669
17358	0.043678
52213	0.043678
12855	0.043679
52978	0.043682
56591	0.043684
56550	0.043688
8244	0.043688
34335	0.043689
17460	0.043689
20707	0.043691
10208	0.043691
13965	0.043692
15186	0.043696
12774	0.043702
8231	0.043703
30170	0.043704
15677	0.043704
26220	0.043707
47748	0.043707
32483	0.043712
44315	0.043712
17491	0.043723
36681	0.043726
54467	0.043735
44172	0.043737
17031	0.043741
50104	0.043743
26554	0.043744
47820	0.043745
15452	0.043748
19429	0.043751
48568	0.043754
56302	0.043760
10738	0.043761
8412	0.043762
16304	0.043763
13849	0.043769
16281	0.043786
51300	0.043790
60362	0.043791
8856	0.043792
42206	0.043792
37476	0.043792
41745	0.043798
15571	0.043802
61338	0.043807
8265	0.043808
39663	0.043810
20094	0.043812
12493	0.043812
55036	0.043812
12752	0.043813
58535	0.043821
15158	0.043829
60124	0.043835
15194	0.043836
14903	0.043838
34341	0.043842
9561	0.043848
16631	0.043849
10719	0.043850
13319	0.043853
9076	0.043854
8456	0.043856
27635	0.043857
17162	0.043858
46996	0.043859
19953	0.043861
32985	0.043864
30575	0.043864
26329	0.043865
55312	0.043866
50968	0.043867
53978	0.043875
12423	0.043875
12924	0.043880
52506	0.043884
54231	0.043884
23644	0.043890
36282	0.043891
24242	0.043892
14534	0.043896
42681	0.043896
55365	0.043898
28952	0.043901
27500	0.043901
38907	0.043901
45943	0.043906
33334	0.043906
14376	0.043908
17482	0.043911
57008	0.043912
28851	0.043912
8036	0.043913
42047	0.043915
53054	0.043917
20276	0.043918
16799	0.043923
24230	0.043924
49645	0.043926
11025	0.043927
12264	0.043930
35060	0.043930
56471	0.043931
37538	0.043933
51458	0.043933
15705	0.043934
12778	0.043937
21734	0.043941
47257	0.043941
57897	0.043945
43053	0.043945
16277	0.043947
60691	0.043948
34053	0.043949
48097	0.043951
40222	0.043953
14793	0.043957
35404	0.043961
30347	0.043962
10559	0.043962
49596	0.043964
8111	0.043965
7715	0.043967
22552	0.043969
24286	0.043971
61358	0.043972
24144	0.043980
31361	0.043980
19946	0.043983
53986	0.043987
12724	0.043988
34386	0.043989
12470	0.043990
20763	0.043990
51019	0.043991
61052	0.043994
19376	0.043998
11835	0.044003
32320	0.044006
28096	0.044007
30124	0.044009
16883	0.044010
52080	0.044011
43140	0.044013
38904	0.044014
8014	0.044014
8872	0.044021
43744	0.044023
46986	0.044029
24635	0.044035
53018	0.044038
14790	0.044041
55530	0.044044
25209	0.044045
24904	0.044051
32368	0.044051
46257	0.044059
44665	0.044063
26849	0.044063
57135	0.044069
43310	0.044070
23982	0.044072
52190	0.044080
44927	0.044081
9360	0.044084
60224	0.044085
13660	0.044091
61164	0.044091
45927	0.044094
10914	0.044095
11278	0.044096
32886	0.044097
20090	0.044098
55302	0.044099
10217	0.044101
13981	0.044108
44725	0.044109
54299	0.044113
51677	0.044123
49965	0.044132
15209	0.044132
56661	0.044135
56872	0.044138
24750	0.044139
27427	0.044139
10751	0.044140
15451	0.044141
34137	0.044142
15113	0.044143
50095	0.044144
35151	0.044148
21064	0.044152
58194	0.044155
11184	0.044156
11176	0.044157
47531	0.044161
7160	0.044165
9304	0.044166
55232	0.044166
7601	0.044175
12472	0.044176
51404	0.044179
23414	0.044180
138008	0.044184
53414	0.044184
10566	0.044186
7801	0.044187
14894	0.044188
14152	0.044188
47582	0.044197
27593	0.044199
16099	0.044201
44205	0.044201
22281	0.044203
14016	0.044204
11772	0.044205
23730	0.044206
48431	0.044207
10777	0.044209
54156	0.044210
18083	0.044210
38993	0.044214
24574	0.044216
9833	0.044218
60533	0.044219
15004	0.044220
30818	0.044222
7575	0.044222
19792	0.044222
41236	0.044229
33989	0.044230
10272	0.044234
52525	0.044234
23507	0.044235
30812	0.044235
10756	0.044235
30907	0.044236
25676	0.044242
40726	0.044242
48404	0.044243
26318	0.044245
24033	0.044245
39082	0.044245
36858	0.044246
12539	0.044247
7991	0.044247
16802	0.044249
40085	0.044253
11811	0.044255
42112	0.044262
137899	0.044262
32179	0.044263
27892	0.044263
51975	0.044263
23297	0.044264
19616	0.044266
57557	0.044271
57280	0.044274
54886	0.044280
60782	0.044282
37813	0.044284
35330	0.044286
36997	0.044287
58316	0.044293
14621	0.044295
38168	0.044297
34958	0.044300
14279	0.044301
23172	0.044304
42957	0.044304
39075	0.044304
34470	0.044310
19655	0.044310
11049	0.044310
37085	0.044316
43972	0.044316
51687	0.044317
56463	0.044322
19427	0.044324
50919	0.044331
55341	0.044335
24151	0.044339
52244	0.044339
56738	0.044341
30197	0.044346
40358	0.044348
14813	0.044348
46748	0.044350
34207	0.044351
22981	0.044355
27332	0.044356
51420	0.044357
42594	0.044361
8561	0.044362
35955	0.044365
51595	0.044373
45409	0.044378
60503	0.044382
22707	0.044388
54162	0.044390
11561	0.044395
12145	0.044396
35861	0.044399
44237	0.044401
25024	0.044402
27011	0.044406
38503	0.044407
50051	0.044407
26628	0.044407
15545	0.044408
56534	0.044414
21406	0.044417
24272	0.044421
31823	0.044423
45030	0.044423
14787	0.044426
52802	0.044428
7192	0.044434
51937	0.044434
22835	0.044437
39944	0.044438
9069	0.044438
13760	0.044442
14967	0.044443
15709	0.044445
9037	0.044447
51299	0.044448
10627	0.044454
29100	0.044456
9535	0.044456
12657	0.044459
50148	0.044460
46859	0.044461
43555	0.044463
14225	0.044465
56621	0.044465
9148	0.044470
60217	0.044472
22784	0.044474
40571	0.044480
27659	0.044481
42579	0.044481
14094	0.044483
38988	0.044484
32493	0.044486
74152	0.044486
45939	0.044492
43217	0.044494
14961	0.044495
16076	0.044498
21084	0.044499
13318	0.044500
7206	0.044505
19597	0.044513
7668	0.044514
12378	0.044515
47874	0.044518
39997	0.044518
8618	0.044521
40103	0.044523
34438	0.044523
19432	0.044526
57786	0.044526
56261	0.044529
7967	0.044535
32371	0.044538
15086	0.044539
39224	0.044540
13169	0.044544
20313	0.044547
31100	0.044547
20455	0.044549
50098	0.044553
53824	0.044554
37948	0.044555
17503	0.044561
35275	0.044564
17373	0.044565
51840	0.044566
42785	0.044570
20508	0.044572
35167	0.044573
9502	0.044573
19313	0.044574
9280	0.044578
41379	0.044582
60206	0.044583
31549	0.044586
35162	0.044590
21418	0.044591
45520	0.044591
20380	0.044597
29966	0.044600
25389	0.044605
48564	0.044606
52241	0.044606
15184	0.044608
7058	0.044609
7070	0.044610
35655	0.044611
43346	0.044612
13810	0.044613
26094	0.044613
9729	0.044615
15883	0.044616
29049	0.044616
19399	0.044627
17042	0.044631
39587	0.044633
41359	0.044636
61386	0.044636
16757	0.044636
42384	0.044640
13495	0.044640
55617	0.044641
8745	0.044642
17396	0.044643
30504	0.044643
50448	0.044644
17107	0.044646
50959	0.044647
22797	0.044649
17118	0.044655
41959	0.044656
25577	0.044665
47116	0.044672
11965	0.044675
32076	0.044675
48543	0.044677
14535	0.044679
19382	0.044681
52679	0.044692
57425	0.044692
16203	0.044693
12384	0.044694
45467	0.044706
34871	0.044708
11734	0.044717
37751	0.044718
32330	0.044722
7832	0.044724
15061	0.044727
14562	0.044728
33214	0.044728
41937	0.044732
23052	0.044735
34252	0.044740
41134	0.044742
47047	0.044745
34034	0.044749
61010	0.044749
94375	0.044749
24500	0.044755
31924	0.044755
49427	0.044758
23113	0.044760
50219	0.044761
35528	0.044762
32856	0.044764
26543	0.044765
44286	0.044766
41158	0.044767
11194	0.044771
48371	0.044771
36010	0.044771
10625	0.044772
20126	0.044776
44095	0.044784
43541	0.044785
36677	0.044789
13343	0.044790
33890	0.044793
30510	0.044796
16046	0.044796
19163	0.044799
7709	0.044800
15919	0.044802
41246	0.044807
50991	0.044815
58335	0.044815
35335	0.044816
55296	0.044818
20882	0.044819
9326	0.044828
8187	0.044828
38628	0.044829
52792	0.044829
47935	0.044832
13815	0.044834
7675	0.044834
22324	0.044837
28915	0.044841
61641	0.044841
16011	0.044842
61480	0.044843
14567	0.044845
61250	0.044848
52145	0.044853
36704	0.044854
35032	0.044856
19281	0.044857
15125	0.044862
45792	0.044864
58094	0.044864
9846	0.044868
34509	0.044868
19305	0.044868
14542	0.044872
34074	0.044876
22127	0.044882
8777	0.044883
13602	0.044888
36356	0.044891
10773	0.044894
15763	0.044895
36388	0.044895
7697	0.044901
36403	0.044903
16128	0.044908
10726	0.044911
54014	0.044917
61512	0.044917
7528	0.044917
10766	0.044922
9654	0.044924
39973	0.044926
54376	0.044930
26129	0.044934
58654	0.044939
44234	0.044940
44539	0.044944
40050	0.044945
38887	0.044948
30674	0.044951
46586	0.044953
13085	0.044958
23707	0.044961
47498	0.044965
38592	0.044965
8531	0.044969
23541	0.044971
12426	0.044971
20655	0.044974
52698	0.044979
33288	0.044979
13845	0.044979
49016	0.044979
16361	0.044981
49650	0.044983
58581	0.044991
60662	0.044991
60989	0.044991
61644	0.044991
9647	0.044991
44556	0.045001
39553	0.045004
49686	0.045006
51770	0.045014
20697	0.045016
56700	0.045021
34513	0.045023
52366	0.045023
14876	0.045028
49294	0.045035
26302	0.045036
14273	0.045038
20256	0.045041
47719	0.045042
16385	0.045044
24563	0.045044
60622	0.045045
35709	0.045053
54804	0.045056
54666	0.045060
29982	0.045061
32672	0.045071
20453	0.045073
37463	0.045074
60592	0.045082
61540	0.045082
54855	0.045091
51433	0.045093
10218	0.045093
11438	0.045096
27278	0.045100
33246	0.045113
25703	0.045116
51146	0.045120
10905	0.045126
38282	0.045132
15904	0.045140
13270	0.045140
46886	0.045140
8964	0.045140
53268	0.045142
12385	0.045146
39838	0.045155
38914	0.045155
20029	0.045177
43883	0.045177
14476	0.045182
33545	0.045187
49442	0.045189
35481	0.045189
58274	0.045189
22932	0.045190
41666	0.045197
7342	0.045200
56339	0.045201
27712	0.045204
33686	0.045205
10571	0.045209
19651	0.045211
25507	0.045214
32429	0.045214
45819	0.045214
55283	0.045214
57803	0.045214
60422	0.045216
9950	0.045216
32067	0.045217
12836	0.045220
6922	0.045223
8503	0.045230
9415	0.045233
11441	0.045233
32502	0.045236
15364	0.045242
60403	0.045245
16762	0.045253
16983	0.045255
42985	0.045259
12069	0.045259
19415	0.045261
27266	0.045261
40415	0.045269
13803	0.045274
15169	0.045276
33665	0.045277
14896	0.045280
12281	0.045280
60546	0.045282
57095	0.045285
14680	0.045289
17205	0.045291
51480	0.045292
28766	0.045296
20935	0.045299
29841	0.045300
54951	0.045301
12723	0.045301
36378	0.045302
14975	0.045302
61638	0.045304
10335	0.045304
12817	0.045304
19577	0.045309
50182	0.045313
30723	0.045317
27134	0.045322
33997	0.045323
19582	0.045324
31600	0.045324
48205	0.045341
9029	0.045344
8181	0.045345
7573	0.045353
19050	0.045354
11476	0.045358
20939	0.045358
53439	0.045360
14047	0.045361
17366	0.045364
17520	0.045366
8289	0.045368
47228	0.045371
28764	0.045377
13019	0.045383
40416	0.045391
21485	0.045391
20423	0.045392
36472	0.045392
26144	0.045396
25666	0.045398
49639	0.045398
40413	0.045403
9009	0.045403
17384	0.045404
44011	0.045407
38616	0.045408
19114	0.045411
29896	0.045411
31166	0.045411
39313	0.045412
59062	0.045415
11534	0.045415
54205	0.045416
26965	0.045416
21590	0.045417
16751	0.045417
37468	0.045419
31338	0.045419
36973	0.045430
41012	0.045432
40556	0.045433
53279	0.045434
60799	0.045436
13943	0.045436
36731	0.045437
58076	0.045442
47422	0.045443
41117	0.045443
16116	0.045450
47505	0.045459
47673	0.045459
14836	0.045460
8608	0.045461
39166	0.045464
37150	0.045470
10596	0.045470
9843	0.045472
26428	0.045474
40427	0.045474
49655	0.045476
46977	0.045477
19345	0.045478
52141	0.045479
60810	0.045481
13388	0.045485
55944	0.045488
24503	0.045494
23704	0.045494
13912	0.045495
12682	0.045497
38997	0.045510
34504	0.045515
52910	0.045519
20355	0.045522
52800	0.045523
40639	0.045524
30727	0.045524
14441	0.045524
43460	0.045525
20958	0.045528
24132	0.045528
7038	0.045530
9968	0.045536
12568	0.045539
8416	0.045541
58638	0.045546
13560	0.045547
32438	0.045551
19645	0.045553
57276	0.045557
21381	0.045558
33346	0.045558
11828	0.045564
38001	0.045567
26644	0.045569
52668	0.045571
30173	0.045575
40692	0.045580
34591	0.045583
14839	0.045592
23733	0.045593
20876	0.045604
53144	0.045614
25316	0.045616
43554	0.045619
9333	0.045635
24835	0.045640
10718	0.045643
14264	0.045650
40431	0.045655
10866	0.045660
26332	0.045661
42327	0.045662
37424	0.045664
25387	0.045671
33171	0.045672
31911	0.045672
15064	0.045682
24263	0.045684
38234	0.045694
12443	0.045710
13490	0.045712
23459	0.045721
61218	0.045723
7414	0.045728
35025	0.045730
21905	0.045732
7229	0.045733
14056	0.045735
53140	0.045738
53276	0.045741
45814	0.045745
44261	0.045746
51639	0.045746
12108	0.045751
12479	0.045751
13366	0.045753
49902	0.045754
45219	0.045765
31762	0.045766
49669	0.045773
11866	0.045775
47910	0.045781
14421	0.045792
27766	0.045794
35249	0.045801
26643	0.045806
17452	0.045807
16318	0.045811
51354	0.045815
12569	0.045818
28866	0.045833
12961	0.045836
37189	0.045837
48881	0.045838
11511	0.045839
12986	0.045840
14801	0.045846
40608	0.045846
19292	0.045852
16833	0.045854
52785	0.045859
25445	0.045866
14127	0.045867
25525	0.045886
14777	0.045888
16550	0.045892
15676	0.045895
37028	0.045895
16292	0.045896
16780	0.045898
61217	0.045899
102469	0.045902
12869	0.045906
16355	0.045907
24244	0.045907
20350	0.045918
15927	0.045922
21823	0.045922
35845	0.045925
58088	0.045927
33165	0.045934
43512	0.045935
53272	0.045945
10771	0.045947
32715	0.045954
14663	0.045955
29127	0.045956
46467	0.045959
33765	0.045962
35252	0.045968
46772	0.045969
9753	0.045973
10338	0.045976
37653	0.045979
11802	0.045982
15533	0.045988
16230	0.045990
36089	0.046000
8709	0.046001
7918	0.046005
26077	0.046015
26623	0.046019
50282	0.046026
22818	0.046030
12729	0.046035
26108	0.046035
39660	0.046056
33356	0.046056
13296	0.046060
23513	0.046068
14749	0.046071
16763	0.046076
7345	0.046078
50741	0.046081
21096	0.046084
42393	0.046087
11000	0.046088
23875	0.046090
9004	0.046091
12783	0.046114
12734	0.046115
29956	0.046116
53089	0.046119
33703	0.046119
14251	0.046127
33085	0.046127
59533	0.046129
33496	0.046130
28400	0.046136
14307	0.046143
37943	0.046147
53567	0.046147
14433	0.046151
52364	0.046152
34834	0.046153
24036	0.046155
14604	0.046158
44235	0.046161
22008	0.046163
33082	0.046165
47136	0.046166
23895	0.046167
61356	0.046169
40750	0.046173
40961	0.046176
61553	0.046180
15759	0.046181
21698	0.046184
30512	0.046185
49728	0.046186
19898	0.046191
36178	0.046209
50378	0.046210
19173	0.046211
12251	0.046217
8389	0.046220
48786	0.046224
41955	0.046226
60233	0.046226
20874	0.046226
23550	0.046227
46793	0.046228
9783	0.046231
50297	0.046233
11123	0.046233
58646	0.046235
47387	0.046244
15402	0.046245
22036	0.046250
10681	0.046255
37412	0.046256
52334	0.046266
43854	0.046268
19637	0.046268
13575	0.046269
31835	0.046273
8878	0.046273
15147	0.046279
24911	0.046283
61299	0.046283
43940	0.046288
47258	0.046288
53285	0.046296
24535	0.046299
8791	0.046301
14469	0.046305
22537	0.046308
32500	0.046309
30533	0.046309
57228	0.046310
28706	0.046316
58656	0.046327
57098	0.046329
50100	0.046331
26177	0.046334
41686	0.046337
14486	0.046350
27474	0.046357
45669	0.046362
21170	0.046362
50177	0.046366
9839	0.046372
52922	0.046375
11960	0.046377
53281	0.046379
36889	0.046380
53290	0.046383
45586	0.046385
55987	0.046388
61547	0.046391
7660	0.046417
27167	0.046418
35379	0.046419
50299	0.046424
49988	0.046426
15757	0.046429
57305	0.046431
13608	0.046432
26277	0.046433
21472	0.046434
21775	0.046435
49667	0.046435
26079	0.046436
46149	0.046443
30506	0.046451
43048	0.046452
36471	0.046452
7866	0.046455
21921	0.046455
20816	0.046457
47465	0.046461
45139	0.046462
42431	0.046462
60011	0.046464
35372	0.046470
13907	0.046477
47523	0.046479
57023	0.046479
46413	0.046484
7865	0.046484
44967	0.046490
60849	0.046490
22683	0.046493
50306	0.046494
8075	0.046494
27922	0.046496
44047	0.046498
16274	0.046508
61674	0.046517
10105	0.046517
48155	0.046518
39902	0.046518
13858	0.046519
61522	0.046519
30928	0.046522
41792	0.046526
33422	0.046534
14638	0.046534
11559	0.046535
42951	0.046536
15438	0.046550
34333	0.046554
7947	0.046554
48710	0.046557
35559	0.046568
49154	0.046572
19453	0.046575
8628	0.046577
47799	0.046585
9320	0.046586
9404	0.046588
9795	0.046591
7852	0.046607
31064	0.046610
44532	0.046615
53902	0.046617
13262	0.046624
61530	0.046628
22852	0.046629
20612	0.046637
55542	0.046639
41428	0.046650
33173	0.046667
50303	0.046667
39934	0.046669
16290	0.046673
47994	0.046675
58658	0.046680
10714	0.046680
31244	0.046685
43985	0.046690
53078	0.046697
9444	0.046703
57239	0.046703
11440	0.046706
57285	0.046716
35873	0.046719
36693	0.046731
45379	0.046744
23820	0.046745
27431	0.046746
52565	0.046751
10981	0.046753
35095	0.046757
12674	0.046770
60853	0.046773
10298	0.046784
55441	0.046784
46908	0.046789
31301	0.046794
11437	0.046801
28103	0.046805
48553	0.046805
49605	0.046809
7909	0.046809
22993	0.046816
9219	0.046821
50327	0.046830
39957	0.046830
24781	0.046836
28761	0.046840
44129	0.046850
19112	0.046856
8209	0.046860
14254	0.046863
15718	0.046868
54459	0.046869
48751	0.046872
39676	0.046873
33519	0.046878
22641	0.046881
20135	0.046882
9484	0.046890
56781	0.046893
20081	0.046911
19938	0.046912
49533	0.046922
46833	0.046930
48971	0.046933
33970	0.046935
60676	0.046937
61188	0.046938
37451	0.046942
14913	0.046944
14757	0.046945
8588	0.046945
27429	0.046948
8050	0.046954
7473	0.046961
31099	0.046964
52097	0.046972
32952	0.046972
42439	0.046977
27484	0.046982
58282	0.046984
45245	0.046988
10842	0.046991
9073	0.046992
25070	0.046994
19895	0.046995
60471	0.047006
7589	0.047012
34463	0.047022
27321	0.047022
9190	0.047025
52748	0.047031
32407	0.047031
36300	0.047036
53081	0.047043
58398	0.047058
13233	0.047069
33003	0.047081
13673	0.047091
35662	0.047099
14119	0.047109
11973	0.047113
9723	0.047122
42623	0.047122
53917	0.047123
61079	0.047124
21652	0.047127
22108	0.047131
34479	0.047131
8469	0.047144
8247	0.047145
48040	0.047148
20551	0.047162
46682	0.047164
21289	0.047183
54991	0.047188
40463	0.047190
8100	0.047190
14323	0.047212
14025	0.047220
49127	0.047220
10286	0.047226
58002	0.047231
56134	0.047232
60322	0.047234
51190	0.047237
52474	0.047244
32159	0.047247
41447	0.047257
54967	0.047289
9318	0.047293
52976	0.047294
35923	0.047299
16081	0.047300
16465	0.047305
47824	0.047313
51475	0.047316
28307	0.047323
29235	0.047326
15338	0.047329
13718	0.047329
7489	0.047335
42554	0.047338
21752	0.047339
36910	0.047349
61406	0.047352
8580	0.047355
30736	0.047355
28145	0.047360
12209	0.047371
11074	0.047374
15413	0.047376
60311	0.047379
13589	0.047386
53274	0.047386
36615	0.047391
32380	0.047405
53119	0.047405
40929	0.047407
61408	0.047408
11571	0.047412
25246	0.047419
22627	0.047420
34956	0.047426
14023	0.047428
12646	0.047429
125765	0.047431
137908	0.047431
63349	0.047431
24939	0.047442
32875	0.047443
43352	0.047446
52048	0.047447
15003	0.047448
30309	0.047453
13742	0.047459
25147	0.047464
16354	0.047467
39666	0.047474
21995	0.047477
48324	0.047478
16600	0.047479
60167	0.047480
9241	0.047480
49958	0.047487
24632	0.047488
50965	0.047500
15895	0.047501
13940	0.047502
54902	0.047505
42918	0.047509
10367	0.047510
32459	0.047510
25917	0.047513
53891	0.047516
59555	0.047518
43355	0.047519
46564	0.047522
13692	0.047522
42810	0.047530
9516	0.047531
45411	0.047535
57482	0.047536
14424	0.047537
47377	0.047539
9488	0.047542
51247	0.047545
17102	0.047548
49450	0.047558
42664	0.047559
25127	0.047565
41345	0.047576
15315	0.047579
35424	0.047579
60708	0.047579
24353	0.047587
9411	0.047594
16459	0.047596
35966	0.047600
46897	0.047603
55495	0.047613
43677	0.047617
21644	0.047621
34202	0.047626
11625	0.047634
50057	0.047636
39305	0.047637
21222	0.047637
61158	0.047643
43340	0.047650
9857	0.047651
40417	0.047674
12434	0.047675
40414	0.047678
27087	0.047679
19138	0.047681
57032	0.047692
23236	0.047695
10476	0.047696
30563	0.047698
7858	0.047698
19672	0.047699
13354	0.047704
51172	0.047705
43235	0.047713
49891	0.047716
10087	0.047734
46058	0.047734
12887	0.047735
42704	0.047736
10238	0.047761
20969	0.047761
28258	0.047764
53973	0.047768
60998	0.047769
11472	0.047770
12104	0.047774
30567	0.047775
16307	0.047779
40173	0.047798
13044	0.047799
13257	0.047803
19266	0.047812
9312	0.047813
11868	0.047814
9933	0.047817
14658	0.047819
46356	0.047825
37727	0.047826
11452	0.047836
13079	0.047842
28666	0.047850
20998	0.047855
11825	0.047856
20246	0.047864
61036	0.047868
60970	0.047870
16906	0.047872
23386	0.047873
61554	0.047873
8632	0.047873
14085	0.047875
46717	0.047876
30436	0.047877
54720	0.047883
55559	0.047883
47122	0.047884
45013	0.047888
13123	0.047889
36965	0.047895
12382	0.047901
14664	0.047904
50005	0.047905
13601	0.047907
56580	0.047910
9936	0.047915
8873	0.047921
58346	0.047922
40411	0.047930
54164	0.047930
10252	0.047941
13627	0.047941
25314	0.047942
22081	0.047956
29255	0.047957
54003	0.047963
61538	0.047970
60607	0.047972
7190	0.047972
13641	0.047976
11509	0.047976
12024	0.047986
16316	0.047988
20971	0.047994
37201	0.048013
15411	0.048021
56204	0.048028
58979	0.048028
60738	0.048028
9517	0.048028
13030	0.048029
12814	0.048030
7788	0.048033
51067	0.048037
16817	0.048069
22286	0.048069
30158	0.048076
15218	0.048079
40953	0.048082
46425	0.048085
57306	0.048092
52683	0.048093
51362	0.048100
41155	0.048101
9782	0.048103
8613	0.048104
47341	0.048107
21511	0.048107
14334	0.048113
58033	0.048115
20321	0.048115
60892	0.048121
42274	0.048131
40734	0.048135
50963	0.048138
29820	0.048140
15495	0.048141
37918	0.048158
40418	0.048159
31283	0.048162
15837	0.048165
61219	0.048173
9848	0.048176
15566	0.048179
19653	0.048183
58210	0.048200
47686	0.048204
14541	0.048209
52195	0.048211
34033	0.048217
21632	0.048218
28905	0.048220
10103	0.048224
27930	0.048224
40067	0.048224
43639	0.048224
60385	0.048224
57021	0.048226
11466	0.048226
26633	0.048227
61278	0.048229
38894	0.048234
24111	0.048236
39779	0.048242
45831	0.048249
27203	0.048255
48884	0.048256
38568	0.048264
37717	0.048270
7323	0.048271
45781	0.048271
7294	0.048282
34008	0.048294
13724	0.048297
43942	0.048303
48228	0.048305
60158	0.048309
52837	0.048310
37325	0.048320
14122	0.048324
30438	0.048332
36800	0.048334
10798	0.048373
49498	0.048374
45812	0.048378
10299	0.048380
24673	0.048384
10642	0.048385
41083	0.048395
42874	0.048395
36252	0.048397
52101	0.048404
61339	0.048408
23744	0.048413
40412	0.048417
57591	0.048423
60212	0.048431
16485	0.048439
39721	0.048442
7914	0.048443
13956	0.048448
15597	0.048449
14360	0.048451
34107	0.048452
51046	0.048458
16569	0.048462
31255	0.048462
32788	0.048462
36564	0.048462
54929	0.048471
13048	0.048472
32316	0.048479
125828	0.048484
46210	0.048484
47496	0.048484
61412	0.048488
37058	0.048491
30624	0.048504
49424	0.048506
42774	0.048508
47489	0.048516
13884	0.048518
60813	0.048526
26098	0.048532
37498	0.048540
8593	0.048552
51072	0.048555
44284	0.048556
47764	0.048557
7397	0.048561
47123	0.048565
47420	0.048586
14185	0.048588
31229	0.048594
52197	0.048595
26239	0.048599
22125	0.048600
60840	0.048610
11320	0.048612
50367	0.048622
8333	0.048624
24962	0.048625
38920	0.048637
14519	0.048644
45987	0.048654
13065	0.048672
7929	0.048674
13353	0.048675
15093	0.048677
17356	0.048677
26404	0.048677
44327	0.048677
34406	0.048682
29066	0.048689
42130	0.048689
16716	0.048696
48240	0.048696
52993	0.048696
60351	0.048696
60493	0.048696
9063	0.048696
9178	0.048696
48792	0.048698
26298	0.048698
55223	0.048703
56229	0.048708
37187	0.048709
12527	0.048719
9089	0.048722
12680	0.048734
34006	0.048734
58928	0.048734
60173	0.048734
9439	0.048734
11213	0.048741
30537	0.048745
31035	0.048753
24909	0.048757
35914	0.048759
21865	0.048766
34162	0.048766
39073	0.048780
25631	0.048781
53477	0.048786
24926	0.048786
22466	0.048786
16907	0.048797
60768	0.048807
21030	0.048827
21648	0.048840
49692	0.048857
31679	0.048864
9806	0.048864
49413	0.048883
19977	0.048885
14154	0.048890
32988	0.048891
25960	0.048892
23269	0.048898
15150	0.048899
15052	0.048901
30296	0.048925
13001	0.048932
40977	0.048948
34418	0.048962
14012	0.048963
7176	0.048982
28600	0.048990
49418	0.049004
30810	0.049011
38899	0.049025
60749	0.049029
25962	0.049029
22248	0.049029
22936	0.049029
44546	0.049040
55497	0.049040
47145	0.049041
48834	0.049044
8599	0.049049
44070	0.049067
20074	0.049080
8830	0.049084
24361	0.049087
49912	0.049093
54252	0.049094
15046	0.049097
25339	0.049099
38174	0.049099
39705	0.049109
52869	0.049110
52180	0.049131
39975	0.049143
16887	0.049159
44949	0.049188
14983	0.049192
27097	0.049194
34485	0.049195
24406	0.049197
43062	0.049221
50761	0.049232
23148	0.049237
8581	0.049240
25467	0.049268
10743	0.049284
12757	0.049296
13806	0.049296
42397	0.049302
40496	0.049323
14118	0.049325
28610	0.049325
60644	0.049336
41758	0.049340
26392	0.049349
15776	0.049352
43497	0.049353
25494	0.049360
43771	0.049361
60795	0.049367
31627	0.049372
32557	0.049377
33929	0.049388
23653	0.049390
61368	0.049395
40744	0.049398
60897	0.049400
51608	0.049404
20181	0.049408
55584	0.049411
30433	0.049423
33178	0.049423
43986	0.049423
44703	0.049423
24416	0.049424
16176	0.049448
22148	0.049464
48718	0.049475
19029	0.049484
20821	0.049492
11307	0.049492
49539	0.049504
60299	0.049510
60940	0.049520
28322	0.049520
55762	0.049521
16811	0.049541
35941	0.049548
15426	0.049551
14137	0.049555
19458	0.049572
14303	0.049575
31038	0.049576
7884	0.049577
50292	0.049584
60319	0.049585
49429	0.049591
51310	0.049597
43260	0.049597
37690	0.049622
9185	0.049622
21457	0.049645
51195	0.049645
60890	0.049645
61042	0.049645
61646	0.049645
28669	0.049655
12293	0.049656
30556	0.049656
15443	0.049678
37228	0.049696
40485	0.049705
26815	0.049752
16270	0.049754
46068	0.049760
31000	0.049770
21997	0.049787
35013	0.049787
47139	0.049804
48823	0.049812
14671	0.049820
39114	0.049823
7550	0.049824
12375	0.049830
30578	0.049850
10262	0.049850
44960	0.049854
53782	0.049863
45498	0.049864
16675	0.049874
7371	0.049876
28028	0.049888
7479	0.049888
52046	0.049895
11880	0.049898
15297	0.049898
46943	0.049906
14847	0.049913
29851	0.049917
8782	0.049924
14310	0.049930
9892	0.049934
49174	0.049936
125422	0.049940
39309	0.049947
50319	0.049949
13863	0.049950
15806	0.049953
50079	0.049956
54993	0.049963
60961	0.049964
40745	0.049968
31840	0.049971
61174	0.049984
7388	0.049984
44987	0.050004
56558	0.050004
29402	0.050012
20859	0.050013
21642	0.050014
31659	0.050028
13165	0.050031
20788	0.050031
14947	0.050037
26458	0.050047
38561	0.050057
57567	0.050061
13623	0.050063
49019	0.050073
26058	0.050082
20630	0.050087
60203	0.050088
14833	0.050096
42142	0.050098
27971	0.050102
43915	0.050104
7130	0.050113
11022	0.050113
32071	0.050134
12946	0.050139
42683	0.050158
52857	0.050169
14964	0.050177
12363	0.050181
8921	0.050184
24937	0.050187
26829	0.050197
14927	0.050203
34553	0.050205
12112	0.050215
30222	0.050239
14290	0.050246
40731	0.050246
60353	0.050256
33509	0.050259
37043	0.050261
19278	0.050273
53950	0.050274
11425	0.050282
36063	0.050297
28369	0.050304
16276	0.050308
55066	0.050313
39275	0.050348
37875	0.050353
21970	0.050354
44078	0.050362
12832	0.050377
57867	0.050378
52192	0.050380
23312	0.050391
53287	0.050394
52592	0.050400
36253	0.050404
50371	0.050409
10735	0.050409
16301	0.050414
11996	0.050424
30031	0.050426
13417	0.050441
12010	0.050444
15561	0.050449
16115	0.050453
28094	0.050457
19357	0.050471
14834	0.050472
27898	0.050476
7015	0.050487
16246	0.050496
125362	0.050501
19664	0.050506
11458	0.050507
41010	0.050517
45332	0.050528
21340	0.050532
52987	0.050532
58082	0.050535
41635	0.050547
35769	0.050567
7915	0.050568
28136	0.050570
12933	0.050578
60150	0.050597
24950	0.050605
40751	0.050605
35184	0.050619
45105	0.050622
48557	0.050632
55855	0.050635
14416	0.050658
14391	0.050659
12534	0.050667
8571	0.050676
25463	0.050684
24933	0.050684
12494	0.050688
30942	0.050694
11995	0.050700
12000	0.050715
8453	0.050722
61044	0.050723
39673	0.050756
55208	0.050758
24075	0.050764
32155	0.050764
54875	0.050764
61389	0.050764
61459	0.050764
29844	0.050768
29994	0.050793
16697	0.050795
53275	0.050798
27505	0.050800
14098	0.050808
52211	0.050810
11769	0.050860
36688	0.050866
53627	0.050866
60926	0.050866
15110	0.050870
43018	0.050870
38502	0.050873
38891	0.050884
52989	0.050895
42246	0.050897
42815	0.050904
11433	0.050920
50839	0.050924
7647	0.050925
7933	0.050927
13823	0.050935
19409	0.050937
22574	0.050937
8054	0.050939
8809	0.050942
55215	0.050947
8319	0.050959
12815	0.050963
22211	0.050963
38019	0.050969
20496	0.050974
46622	0.050975
51780	0.050985
15839	0.050986
30627	0.051001
32094	0.051008
25193	0.051017
35179	0.051019
60303	0.051028
38076	0.051032
61502	0.051032
10548	0.051037
58601	0.051037
12022	0.051045
11199	0.051075
21016	0.051085
14255	0.051096
29062	0.051125
40971	0.051127
24949	0.051129
16211	0.051142
44365	0.051151
50758	0.051154
61430	0.051154
53873	0.051157
23367	0.051176
112515	0.051181
23209	0.051185
39569	0.051207
51048	0.051216
9485	0.051231
13552	0.051240
58090	0.051248
19024	0.051254
21968	0.051257
15998	0.051259
9278	0.051261
27532	0.051282
24921	0.051283
54403	0.051290
48140	0.051298
10818	0.051299
31117	0.051310
56553	0.051316
57114	0.051326
9555	0.051347
21150	0.051354
7593	0.051354
6968	0.051373
12211	0.051376
14250	0.051386
60648	0.051388
34989	0.051402
36864	0.051403
15673	0.051421
11969	0.051428
37004	0.051433
14669	0.051435
16376	0.051438
15492	0.051440
58632	0.051444
10296	0.051455
49937	0.051464
15382	0.051474
38702	0.051504
33628	0.051507
42729	0.051513
41971	0.051523
32928	0.051525
19668	0.051531
25934	0.051536
40735	0.051542
15740	0.051542
31216	0.051555
43553	0.051559
60241	0.051559
9982	0.051559
52099	0.051561
30535	0.051568
22518	0.051585
58295	0.051585
31997	0.051600
16212	0.051603
41431	0.051607
11290	0.051611
12392	0.051616
7261	0.051622
11205	0.051622
14367	0.051636
51624	0.051684
39237	0.051685
43725	0.051698
9188	0.051714
10245	0.051715
45952	0.051715
61405	0.051715
32720	0.051726
34119	0.051727
32977	0.051760
30572	0.051761
13207	0.051763
60608	0.051786
25034	0.051786
13864	0.051797
21144	0.051797
22246	0.051797
26164	0.051838
47565	0.051848
7905	0.051849
8568	0.051853
13437	0.051864
60409	0.051869
12095	0.051872
10964	0.051880
16878	0.051881
50891	0.051901
33525	0.051906
51140	0.051913
9937	0.051920
28453	0.051939
8559	0.051951
14130	0.051952
11962	0.051956
46758	0.051956
38261	0.051985
53165	0.051991
23997	0.052031
51062	0.052035
57082	0.052045
15334	0.052047
25625	0.052071
32517	0.052071
60654	0.052071
60963	0.052071
58586	0.052075
15398	0.052078
13876	0.052078
47502	0.052106
41161	0.052117
60149	0.052125
61282	0.052151
17505	0.052155
51790	0.052156
8275	0.052177
61082	0.052187
13383	0.052220
48004	0.052244
19927	0.052259
12624	0.052266
38366	0.052284
40334	0.052304
10083	0.052313
44559	0.052313
55289	0.052319
26557	0.052346
27722	0.052353
32158	0.052353
32395	0.052353
36577	0.052353
7385	0.052353
12467	0.052363
9827	0.052367
9434	0.052377
44434	0.052390
23231	0.052393
48988	0.052393
7631	0.052403
12393	0.052421
35189	0.052428
22572	0.052432
24843	0.052453
40740	0.052463
60958	0.052475
55681	0.052483
43501	0.052486
34920	0.052494
48101	0.052521
43615	0.052558
34158	0.052601
38383	0.052602
58597	0.052610
52007	0.052610
37788	0.052643
40742	0.052652
49066	0.052653
28992	0.052663
32385	0.052666
8466	0.052683
14976	0.052715
30491	0.052724
34062	0.052735
17266	0.052737
53294	0.052745
40746	0.052750
60796	0.052775
61364	0.052775
49930	0.052781
60137	0.052781
35418	0.052826
40285	0.052877
60740	0.052877
46777	0.052878
12990	0.052886
50310	0.052895
13515	0.052914
27078	0.052944
19117	0.052985
16862	0.052987
40601	0.052987
60560	0.052987
49716	0.052989
51377	0.053006
41375	0.053011
44164	0.053016
30461	0.053022
13180	0.053022
49048	0.053056
61192	0.053090
26819	0.053093
61659	0.053103
41014	0.053112
53182	0.053159
16673	0.053162
44640	0.053185
58387	0.053185
40031	0.053187
48309	0.053206
60237	0.053238
17683	0.053244
29283	0.053247
53209	0.053263
39169	0.053270
40388	0.053276
17207	0.053308
60284	0.053311
51590	0.053322
47536	0.053355
15669	0.053361
32074	0.053363
115085	0.053365
7024	0.053406
12592	0.053411
23100	0.053411
25280	0.053411
32174	0.053411
45280	0.053411
52697	0.053411
45691	0.053413
53907	0.053435
36562	0.053483
54911	0.053483
61472	0.053483
89438	0.053483
137895	0.053497
24513	0.053515
46124	0.053544
11403	0.053555
42997	0.053573
37900	0.053584
46136	0.053602
12581	0.053606
27100	0.053635
55237	0.053667
47586	0.053709
10034	0.053744
58104	0.053819
14028	0.053819
9015	0.053829
23850	0.053841
51017	0.053846
26590	0.053869
25771	0.053899
15791	0.053899
60428	0.053921
35154	0.053926
12645	0.053981
61317	0.053981
70286	0.053981
20450	0.054003
14915	0.054058
38459	0.054065
15136	0.054072
10839	0.054077
61107	0.054110
29092	0.054122
32512	0.054138
60974	0.054168
28278	0.054197
55557	0.054206
33688	0.054214
57257	0.054214
59092	0.054214
60192	0.054214
51643	0.054216
21687	0.054224
13206	0.054225
40433	0.054247
50157	0.054269
15622	0.054283
48442	0.054291
56607	0.054313
28493	0.054323
10373	0.054334
58626	0.054358
51833	0.054385
42725	0.054431
19995	0.054452
40047	0.054474
58766	0.054485
17507	0.054491
11180	0.054494
55803	0.054496
16688	0.054533
33501	0.054536
16652	0.054542
15843	0.054546
7001	0.054548
16342	0.054554
14948	0.054570
9179	0.054570
16138	0.054577
25685	0.054577
56141	0.054577
30497	0.054625
34643	0.054637
14126	0.054672
14670	0.054691
26831	0.054696
45733	0.054709
49773	0.054733
60906	0.054758
7035	0.054758
8554	0.054774
40737	0.054790
7688	0.054815
53836	0.054826
26010	0.054857
35002	0.054878
55204	0.054892
48667	0.054893
15352	0.054896
11983	0.054902
28289	0.054907
17398	0.054909
50160	0.054913
14786	0.054915
53127	0.054972
10354	0.054979
36152	0.055009
15009	0.055014
13640	0.055044
59132	0.055125
15016	0.055125
54396	0.055128
8206	0.055128
8037	0.055135
36654	0.055168
56174	0.055202
15299	0.055216
29522	0.055234
21877	0.055239
10434	0.055265
46955	0.055267
16867	0.055273
10016	0.055275
48704	0.055276
44545	0.055280
12252	0.055290
12591	0.055296
19080	0.055329
58432	0.055329
60872	0.055329
61026	0.055329
9323	0.055329
27852	0.055352
28309	0.055355
36853	0.055355
41253	0.055357
46998	0.055358
38898	0.055395
52795	0.055398
28302	0.055441
50657	0.055442
46567	0.055451
50120	0.055454
10961	0.055493
23750	0.055504
19649	0.055518
57419	0.055532
33233	0.055558
10779	0.055611
42437	0.055613
38582	0.055644
16235	0.055662
28648	0.055663
34984	0.055668
16084	0.055677
43417	0.055677
48129	0.055689
13556	0.055693
13948	0.055697
23304	0.055710
35134	0.055724
43146	0.055733
61420	0.055733
53856	0.055735
40520	0.055741
22106	0.055746
16088	0.055756
9487	0.055770
8616	0.055776
15484	0.055803
24487	0.055803
60841	0.055803
60914	0.055803
61304	0.055803
55211	0.055823
8867	0.055839
52819	0.055866
28376	0.055898
20474	0.055904
61591	0.055911
15395	0.055917
14731	0.055925
30982	0.055942
56349	0.055953
22606	0.055957
26780	0.055963
8446	0.055964
14247	0.055979
55737	0.055984
13537	0.056019
40812	0.056032
12614	0.056036
55218	0.056049
57626	0.056057
15602	0.056080
52641	0.056084
36048	0.056088
29393	0.056098
6945	0.056105
50746	0.056112
7013	0.056113
10453	0.056115
33541	0.056120
28621	0.056123
39295	0.056126
13361	0.056167
29596	0.056205
13545	0.056210
12789	0.056221
21509	0.056244
53845	0.056247
9305	0.056267
27851	0.056268
8287	0.056282
13549	0.056284
9143	0.056291
39440	0.056295
44433	0.056302
16858	0.056314
26675	0.056318
36046	0.056392
8352	0.056400
22220	0.056401
10631	0.056422
12301	0.056455
51290	0.056467
51683	0.056475
29689	0.056477
13605	0.056523
36738	0.056528
21932	0.056533
34551	0.056539
54585	0.056544
15884	0.056555
53579	0.056556
15881	0.056562
8959	0.056574
7050	0.056579
19110	0.056612
46617	0.056621
45725	0.056626
22185	0.056644
22201	0.056666
25768	0.056667
48993	0.056678
32861	0.056679
9785	0.056692
35857	0.056697
7799	0.056711
8590	0.056712
50772	0.056730
17271	0.056738
8767	0.056754
25077	0.056770
58409	0.056773
53941	0.056817
15197	0.056852
22122	0.056853
38139	0.056868
14518	0.056872
25103	0.056890
35203	0.056905
9217	0.056911
36475	0.056926
56073	0.056943
49817	0.056961
30866	0.056967
29361	0.056971
17389	0.056983
40979	0.057003
6966	0.057015
27742	0.057017
50504	0.057026
30822	0.057053
8818	0.057060
30581	0.057067
30602	0.057093
14564	0.057136
23942	0.057150
55328	0.057154
49446	0.057161
22856	0.057164
16412	0.057167
15926	0.057178
54149	0.057185
52416	0.057192
51213	0.057207
38149	0.057212
57978	0.057235
41716	0.057248
50285	0.057255
44719	0.057264
57525	0.057292
58181	0.057317
37492	0.057326
28008	0.057335
9909	0.057336
50088	0.057375
9965	0.057412
33794	0.057425
8566	0.057425
30458	0.057455
23106	0.057457
10113	0.057465
11334	0.057469
60487	0.057471
60281	0.057493
24171	0.057496
33300	0.057509
13227	0.057532
12525	0.057559
53283	0.057576
50710	0.057581
12093	0.057581
50697	0.057608
27523	0.057615
13249	0.057618
34409	0.057646
13231	0.057657
7370	0.057688
15504	0.057723
43545	0.057731
58338	0.057734
25105	0.057746
44914	0.057776
49410	0.057802
13609	0.057812
33328	0.057829
23146	0.057846
43630	0.057869
10974	0.057873
7298	0.057891
24516	0.057904
47500	0.057964
7011	0.057981
7598	0.057988
35340	0.058047
47951	0.058063
45552	0.058080
10524	0.058085
27382	0.058103
42843	0.058103
37342	0.058150
49934	0.058156
14059	0.058163
10872	0.058173
52452	0.058218
31476	0.058225
44282	0.058232
8376	0.058266
55845	0.058281
27529	0.058292
36245	0.058314
53875	0.058326
61620	0.058344
30609	0.058363
23555	0.058365
43626	0.058379
27621	0.058381
15123	0.058400
37988	0.058406
30374	0.058462
44950	0.058470
17068	0.058478
27545	0.058553
49674	0.058605
9797	0.058606
16327	0.058630
46959	0.058640
11805	0.058648
55829	0.058678
40733	0.058705
7187	0.058725
10999	0.058735
11393	0.058753
30931	0.058759
16624	0.058760
49943	0.058768
40727	0.058774
9006	0.058779
56942	0.058780
25459	0.058856
18876	0.058857
12995	0.058863
48332	0.058866
56074	0.058872
32935	0.058893
35269	0.058895
21966	0.058928
13550	0.058946
39683	0.058953
49549	0.058953
9111	0.058972
7907	0.058976
13730	0.058977
27222	0.058996
52512	0.058997
7892	0.059000
43948	0.059007
9492	0.059007
24149	0.059015
15951	0.059036
43133	0.059040
11994	0.059042
32110	0.059093
16845	0.059108
60585	0.059124
36317	0.059128
44962	0.059142
9872	0.059183
21779	0.059240
14027	0.059250
23974	0.059259
8250	0.059263
39962	0.059309
27859	0.059345
54416	0.059385
25829	0.059390
60313	0.059441
14662	0.059515
52829	0.059524
11744	0.059577
51652	0.059596
35220	0.059596
39375	0.059600
31044	0.059600
29286	0.059678
15800	0.059696
7938	0.059707
9570	0.059710
13604	0.059711
24976	0.059711
28275	0.059718
25124	0.059753
28244	0.059807
30893	0.059829
7303	0.059850
16034	0.059873
22391	0.059914
52132	0.059925
16826	0.059978
45132	0.059987
8484	0.060048
49765	0.060059
58101	0.060064
24045	0.060086
32680	0.060169
40738	0.060180
21721	0.060185
34440	0.060195
7698	0.060205
40728	0.060210
9347	0.060229
53446	0.060231
29427	0.060242
17334	0.060248
55784	0.060252
56992	0.060259
14266	0.060278
60248	0.060278
61355	0.060282
7707	0.060282
37683	0.060327
51288	0.060350
12691	0.060370
36443	0.060370
61484	0.060401
8792	0.060418
11258	0.060442
7945	0.060477
50641	0.060482
8363	0.060493
8916	0.060495
48415	0.060515
40441	0.060538
12900	0.060543
7214	0.060561
16978	0.060584
55525	0.060587
37093	0.060588
14765	0.060600
56760	0.060604
44263	0.060633
40180	0.060645
28901	0.060704
23690	0.060706
16264	0.060709
12367	0.060718
15698	0.060723
38873	0.060753
47225	0.060777
40649	0.060801
22828	0.060807
37091	0.060847
56837	0.060857
8728	0.060862
61015	0.060910
55573	0.060916
26755	0.060932
44240	0.060968
53253	0.061045
11090	0.061046
34101	0.061046
22510	0.061061
60262	0.061073
12468	0.061096
39578	0.061098
21546	0.061110
10715	0.061147
16086	0.061153
60991	0.061174
54002	0.061179
25605	0.061186
44250	0.061207
57649	0.061209
48411	0.061228
50185	0.061246
7143	0.061253
11832	0.061258
45059	0.061260
32116	0.061263
13467	0.061279
8156	0.061282
48311	0.061320
56004	0.061351
50989	0.061369
7996	0.061370
35216	0.061382
24270	0.061386
16180	0.061391
31945	0.061392
48200	0.061394
9586	0.061413
31478	0.061431
10531	0.061474
13743	0.061475
15187	0.061477
38410	0.061488
24972	0.061495
8557	0.061500
8447	0.061538
15444	0.061588
36086	0.061619
40525	0.061626
14750	0.061641
14748	0.061670
26569	0.061686
24289	0.061687
55980	0.061696
9542	0.061717
55600	0.061731
58354	0.061777
14674	0.061794
57609	0.061835
47027	0.061842
12458	0.061869
16080	0.061941
37589	0.062023
57042	0.062067
50753	0.062075
11279	0.062118
44320	0.062168
10235	0.062178
40522	0.062215
16353	0.062230
46842	0.062231
14108	0.062309
24397	0.062314
7367	0.062340
31050	0.062348
34545	0.062379
27715	0.062394
16815	0.062429
49029	0.062440
21408	0.062504
20336	0.062522
50356	0.062528
11838	0.062544
22830	0.062550
33861	0.062565
40758	0.062568
32247	0.062598
31873	0.062619
45006	0.062655
52867	0.062729
32686	0.062813
27014	0.062824
46665	0.062855
12901	0.062855
57076	0.062862
57003	0.062888
23240	0.062927
8863	0.062933
10392	0.062936
44292	0.062974
12183	0.062982
30204	0.062993
37489	0.063001
7994	0.063017
25742	0.063024
14269	0.063036
24510	0.063100
21061	0.063160
32566	0.063165
48338	0.063167
24219	0.063172
20641	0.063191
16210	0.063216
28890	0.063231
16935	0.063238
45261	0.063247
26062	0.063287
14442	0.063290
36685	0.063296
13596	0.063333
15632	0.063337
35786	0.063349
37126	0.063356
12001	0.063366
34948	0.063379
55287	0.063402
12837	0.063413
61671	0.063438
11535	0.063447
13295	0.063492
51057	0.063502
15440	0.063511
12917	0.063535
61565	0.063537
55903	0.063556
54011	0.063652
28237	0.063678
8346	0.063742
53598	0.063807
49047	0.063810
37088	0.063834
8443	0.063856
45744	0.063913
46207	0.063914
20396	0.064028
56396	0.064028
43481	0.064051
16299	0.064060
50322	0.064068
60492	0.064082
8692	0.064091
61152	0.064165
51897	0.064181
13224	0.064243
8326	0.064259
52751	0.064287
56888	0.064293
23815	0.064294
23638	0.064385
47108	0.064439
16665	0.064451
35801	0.064452
25723	0.064453
43543	0.064464
9804	0.064489
61575	0.064517
9645	0.064517
31586	0.064561
13791	0.064575
10120	0.064577
51792	0.064629
60556	0.064675
13336	0.064738
9107	0.064751
14792	0.064766
45622	0.064826
31180	0.064832
55408	0.064915
52706	0.064976
21462	0.065106
44656	0.065235
15287	0.065303
24275	0.065393
16932	0.065403
32665	0.065477
46417	0.065479
12771	0.065503
7823	0.065506
7107	0.065516
22713	0.065620
15744	0.065621
57052	0.065703
32613	0.065820
11830	0.065857
11670	0.065867
12003	0.065869
44229	0.065898
30559	0.065913
61392	0.065948
27560	0.065958
15282	0.065988
48496	0.065993
32860	0.065996
16271	0.066035
30976	0.066110
58015	0.066122
43335	0.066132
14434	0.066157
21916	0.066181
40739	0.066208
47815	0.066273
15682	0.066274
8620	0.066316
33314	0.066319
29012	0.066335
12487	0.066408
7114	0.066422
33038	0.066439
6996	0.066463
28251	0.066485
28239	0.066486
45804	0.066508
47646	0.066542
53498	0.066579
40359	0.066582
28119	0.066635
61301	0.066644
15143	0.066652
15593	0.066662
23624	0.066745
24942	0.066749
48167	0.066787
23572	0.066812
42014	0.066844
15920	0.066860
13722	0.066868
7590	0.066887
27483	0.066898
11819	0.066899
54947	0.066925
60515	0.066970
31081	0.066988
54280	0.067018
32906	0.067020
22763	0.067071
48044	0.067080
48864	0.067081
47121	0.067087
49624	0.067102
12371	0.067103
14668	0.067116
52170	0.067130
36370	0.067155
28139	0.067208
37155	0.067248
28332	0.067262
27624	0.067286
9159	0.067319
21475	0.067321
10774	0.067324
50822	0.067330
42083	0.067332
38902	0.067356
15506	0.067397
24497	0.067411
7225	0.067423
20092	0.067459
44786	0.067473
15406	0.067489
11986	0.067501
57797	0.067544
40730	0.067563
10677	0.067577
29225	0.067587
30839	0.067643
33449	0.067697
58093	0.067707
31855	0.067710
8377	0.067740
39947	0.067747
52368	0.067748
31176	0.067768
14219	0.067802
33768	0.067814
42345	0.067877
13643	0.067892
12457	0.067897
42927	0.067910
15405	0.067935
61546	0.067942
24156	0.067969
14794	0.067979
26826	0.067988
46663	0.068013
17085	0.068046
9969	0.068081
21499	0.068097
15354	0.068117
19600	0.068150
15477	0.068159
41780	0.068182
16160	0.068185
33058	0.068208
22899	0.068219
8617	0.068307
14682	0.068327
45549	0.068344
14344	0.068386
14665	0.068396
16391	0.068410
47452	0.068435
19677	0.068435
15935	0.068479
28382	0.068485
20036	0.068485
23167	0.068488
46434	0.068495
16919	0.068515
58229	0.068516
28343	0.068518
44125	0.068551
43506	0.068565
30857	0.068585
37063	0.068603
58111	0.068645
28077	0.068648
7245	0.068656
40755	0.068659
30529	0.068715
58550	0.068739
11323	0.068772
6989	0.068806
9930	0.068814
16078	0.068818
11015	0.068839
29396	0.068849
16305	0.068880
10313	0.068899
47142	0.068915
11635	0.068922
12002	0.068932
52554	0.068952
39876	0.068952
60715	0.068968
10410	0.068970
32562	0.068996
16204	0.069006
49448	0.069018
16335	0.069018
7568	0.069032
14640	0.069041
14837	0.069056
47653	0.069079
36452	0.069088
26377	0.069096
40749	0.069105
8317	0.069106
53206	0.069106
58401	0.069162
25795	0.069190
15295	0.069194
15707	0.069216
47964	0.069233
33867	0.069252
6944	0.069279
7007	0.069294
50459	0.069326
17435	0.069335
45822	0.069341
54330	0.069347
15882	0.069355
44295	0.069356
14229	0.069373
26082	0.069379
10932	0.069380
44322	0.069390
25157	0.069404
35714	0.069410
15465	0.069415
31372	0.069416
13557	0.069420
7016	0.069423
26761	0.069507
15311	0.069512
24930	0.069545
9153	0.069550
40429	0.069552
6984	0.069575
10764	0.069599
13639	0.069600
42137	0.069629
9252	0.069642
11413	0.069644
7186	0.069644
12007	0.069651
40469	0.069685
37506	0.069695
15442	0.069703
9339	0.069709
10572	0.069714
6974	0.069718
11469	0.069721
17125	0.069722
10399	0.069755
32242	0.069766
26917	0.069776
16605	0.069777
14394	0.069778
12927	0.069786
42879	0.069804
16608	0.069831
52361	0.069877
13712	0.069883
12015	0.069884
8142	0.069891
15700	0.069902
9257	0.069905
13436	0.069910
58589	0.069936
12963	0.069980
54729	0.070065
20868	0.070085
8252	0.070169
14029	0.070193
31986	0.070245
25900	0.070264
7022	0.070271
11833	0.070285
36590	0.070292
8600	0.070306
50101	0.070310
30706	0.070311
11971	0.070348
49507	0.070357
30622	0.070360
53108	0.070398
20802	0.070412
36145	0.070414
12641	0.070426
28911	0.070428
49711	0.070457
8790	0.070475
44219	0.070511
57161	0.070538
13962	0.070539
14596	0.070546
11999	0.070549
13480	0.070559
44241	0.070589
51445	0.070610
11470	0.070641
35314	0.070648
57036	0.070675
10765	0.070717
9713	0.070722
15497	0.070733
14810	0.070744
27433	0.070817
42798	0.070833
56435	0.070835
12008	0.070859
15388	0.070875
38999	0.070908
41515	0.070991
58451	0.070991
49610	0.070996
10347	0.071077
28738	0.071114
14997	0.071129
56697	0.071183
10088	0.071249
60547	0.071323
12610	0.071359
12745	0.071402
49503	0.071480
50074	0.071509
7039	0.071516
7861	0.071525
54320	0.071532
11963	0.071546
53898	0.071581
22554	0.071647
58595	0.071649
10053	0.071662
13352	0.071711
28848	0.071773
20071	0.071796
7757	0.071882
10121	0.071939
60474	0.072073
37903	0.072087
14398	0.072183
12746	0.072186
16683	0.072248
17489	0.072248
40657	0.072248
13812	0.072360
35757	0.072382
60360	0.072437
44265	0.072475
39601	0.072514
17196	0.072523
51394	0.072549
6980	0.072584
34802	0.072642
8106	0.072670
9316	0.072671
43117	0.072716
23652	0.072735
55588	0.072736
28217	0.072746
11989	0.072826
23200	0.072853
26941	0.072946
60214	0.072982
24521	0.073055
40752	0.073080
55834	0.073142
12579	0.073150
28159	0.073158
21441	0.073255
8896	0.073353
44317	0.073563
16795	0.073701
10682	0.073768
9852	0.073774
25500	0.073889
16561	0.073968
21247	0.073990
38880	0.074011
35145	0.074029
28879	0.074032
12394	0.074045
40897	0.074165
42364	0.074363
32476	0.074405
55928	0.074428
14430	0.074479
46294	0.074481
60449	0.074485
57029	0.074516
26811	0.074626
37024	0.074629
56987	0.074639
45969	0.074703
15594	0.074715
10096	0.074773
38405	0.074793
41233	0.074797
46507	0.074797
52984	0.074854
45791	0.074874
21624	0.074939
19237	0.074941
25361	0.074975
37035	0.075036
44294	0.075046
35194	0.075149
49890	0.075149
56526	0.075353
36162	0.075513
14818	0.075589
11446	0.075614
12760	0.075617
55376	0.075632
31076	0.075752
15907	0.075884
47416	0.075931
16996	0.075958
43189	0.075958
44549	0.075958
15407	0.076035
41007	0.076253
7189	0.076284
41673	0.076366
9155	0.076403
12210	0.076499
39063	0.076543
9844	0.076695
44854	0.076900
13396	0.076944
13875	0.077018
56500	0.077089
43503	0.077165
9189	0.077223
7213	0.077476
9662	0.077478
61261	0.077537
24066	0.077629
16100	0.077746
47930	0.077951
30589	0.078005
47270	0.078099
53022	0.078146
12651	0.078162
15819	0.078201
44659	0.078230
10808	0.078256
60507	0.078261
55778	0.078341
37420	0.078485
45626	0.078494
16641	0.078524
47457	0.078537
43142	0.078589
55744	0.078630
12896	0.078678
29051	0.078759
8450	0.078964
47042	0.079177
37209	0.079231
53919	0.079272
21497	0.079281
16579	0.079501
42598	0.079502
48551	0.079546
13924	0.079634
42556	0.079750
43656	0.080103
7953	0.080190
7913	0.080379
9072	0.080661
49690	0.080812
36923	0.081212
16137	0.081256
10545	0.081355
36462	0.081438
23391	0.081807
12116	0.081830
14195	0.081873
20479	0.081990
12835	0.082151
44979	0.082209
28163	0.082289
9924	0.082698
42589	0.082855
8467	0.083040
15399	0.083176
48896	0.083354
26665	0.083621
44208	0.083627
21454	0.083627
13846	0.083682
56589	0.083726
33995	0.083825
40757	0.083922
32569	0.084118
23248	0.084327
30971	0.084359
50840	0.084386
39986	0.084399
17027	0.084461
17407	0.084528
16790	0.084763
54743	0.084777
40754	0.084853
38478	0.084918
19749	0.084967
53944	0.085009
40347	0.085014
47161	0.085394
57348	0.085562
16733	0.085608
47383	0.085674
16807	0.085842
46924	0.086046
14017	0.086189
10704	0.086268
9584	0.086362
9901	0.086503
13452	0.086604
33161	0.086631
53881	0.086977
16455	0.087058
44310	0.087223
46188	0.087242
21093	0.087368
16705	0.087559
29758	0.087621
43499	0.087740
58218	0.087817
47291	0.087855
38172	0.087861
19556	0.087970
39464	0.088002
10912	0.088151
31906	0.088224
50031	0.088314
38244	0.088375
26042	0.088401
43167	0.088454
44067	0.088568
14437	0.088625
43765	0.088774
55817	0.088809
26683	0.088853
57808	0.088900
15305	0.088910
47889	0.088967
14724	0.088983
48315	0.088994
13770	0.089080
41435	0.089124
16213	0.089189
11617	0.089288
25243	0.089297
10229	0.089341
46623	0.089412
42786	0.089482
13475	0.089490
13278	0.089537
13651	0.089619
44874	0.089631
52626	0.089634
20360	0.089639
52354	0.089681
45022	0.089707
44065	0.089754
8656	0.089786
58131	0.089849
47386	0.089902
41615	0.090010
28995	0.090019
26497	0.090020
55586	0.090042
57774	0.090063
21912	0.090076
39252	0.090126
58114	0.090143
39493	0.090195
24552	0.090246
56594	0.090263
53329	0.090299
54768	0.090303
8468	0.090388
20043	0.090412
26503	0.090433
14300	0.090455
55900	0.090534
50570	0.090539
11315	0.090590
53099	0.090591
54005	0.090609
11787	0.090687
7760	0.090705
24991	0.090708
10026	0.090733
39392	0.090737
26520	0.090802
30189	0.090821
32258	0.090880
17182	0.090904
6969	0.090942
13553	0.091023
19950	0.091029
29300	0.091054
15309	0.091071
7009	0.091095
13225	0.091167
9800	0.091179
9929	0.091212
52986	0.091229
12862	0.091266
9270	0.091317
28072	0.091325
7005	0.091350
49240	0.091396
8440	0.091402
31892	0.091421
43989	0.091428
49075	0.091456
14982	0.091480
44242	0.091483
10658	0.091486
35320	0.091493
39703	0.091510
32069	0.091551
6972	0.091596
16253	0.091596
14855	0.091601
56227	0.091606
7934	0.091612
36084	0.091619
9441	0.091701
44077	0.091711
7000	0.091724
50180	0.091725
36248	0.091747
27408	0.091781
10130	0.091796
53863	0.091796
9022	0.091816
15085	0.091816
54531	0.091859
13985	0.091881
6977	0.091914
47445	0.091958
12011	0.091958
23306	0.091983
53327	0.091990
39070	0.091998
35312	0.092045
31327	0.092095
11404	0.092118
56715	0.092119
6931	0.092134
19499	0.092186
13961	0.092234
47277	0.092293
46253	0.092297
56486	0.092309
32589	0.092319
7003	0.092328
57947	0.092347
19054	0.092372
8378	0.092407
37208	0.092410
40753	0.092412
14124	0.092454
47853	0.092473
43411	0.092498
11380	0.092529
32399	0.092531
23115	0.092559
53734	0.092568
38620	0.092620
28016	0.092639
10046	0.092647
19348	0.092652
57158	0.092654
32410	0.092656
60155	0.092683
11442	0.092736
42978	0.092740
41001	0.092763
7037	0.092765
30553	0.092796
38337	0.092826
47976	0.092845
54159	0.092879
9023	0.092904
50994	0.092934
14018	0.092952
15307	0.092992
23503	0.093052
7028	0.093076
6987	0.093079
12902	0.093089
47580	0.093111
7010	0.093117
21696	0.093127
12092	0.093165
54034	0.093216
24432	0.093217
31061	0.093243
40310	0.093249
16079	0.093298
44064	0.093323
53105	0.093331
58213	0.093354
47037	0.093355
10249	0.093373
19622	0.093409
9024	0.093430
15939	0.093463
23964	0.093492
34425	0.093511
42833	0.093523
56772	0.093560
13092	0.093561
53911	0.093564
20119	0.093599
47788	0.093600
13196	0.093628
31468	0.093647
24615	0.093649
11201	0.093715
30789	0.093723
30606	0.093739
53540	0.093774
45472	0.093786
12822	0.093841
12133	0.093863
46527	0.093868
28676	0.093874
11536	0.093935
51443	0.093959
37204	0.093965
7031	0.093968
8507	0.093980
53266	0.094014
31616	0.094039
56669	0.094050
16928	0.094053
8527	0.094063
52203	0.094087
51737	0.094095
19570	0.094172
25866	0.094190
22172	0.094216
11406	0.094274
32406	0.094321
33771	0.094339
6999	0.094346
15288	0.094347
14563	0.094349
11515	0.094362
7019	0.094470
33303	0.094475
14970	0.094502
15737	0.094544
31862	0.094555
61127	0.094563
50351	0.094581
23655	0.094606
7025	0.094666
21999	0.094710
57012	0.094763
12895	0.094795
15627	0.094820
61370	0.094829
19369	0.094888
30717	0.094891
6992	0.094904
12391	0.094905
42830	0.094921
56749	0.094950
33599	0.094983
57231	0.094986
13993	0.095020
48052	0.095058
13999	0.095063
58403	0.095066
28990	0.095109
25713	0.095125
15758	0.095130
27290	0.095182
38046	0.095187
14395	0.095189
45460	0.095216
22756	0.095231
9493	0.095243
26030	0.095292
12016	0.095308
7033	0.095379
54541	0.095394
11795	0.095444
6973	0.095463
53094	0.095477
37672	0.095519
7036	0.095542
13626	0.095544
9802	0.095564
15390	0.095567
44445	0.095570
9244	0.095624
21047	0.095630
51807	0.095752
21630	0.095833
31437	0.095873
55572	0.095877
54826	0.095886
19058	0.095918
53990	0.095975
54096	0.095976
48648	0.095984
9525	0.096050
8591	0.096082
51810	0.096112
14905	0.096128
10092	0.096236
12669	0.096249
26962	0.096282
55774	0.096353
48349	0.096360
49789	0.096386
8335	0.096431
15807	0.096443
7008	0.096445
41904	0.096482
41951	0.096488
30569	0.096526
49005	0.096543
42134	0.096616
29762	0.096620
7158	0.096648
11089	0.096649
47759	0.096656
13614	0.096666
30476	0.096711
12213	0.096839
13597	0.096845
8958	0.096861
12409	0.096866
50369	0.096871
7018	0.096912
12006	0.096940
13987	0.096957
49909	0.096983
50582	0.096998
15293	0.097006
6990	0.097131
13877	0.097199
21024	0.097229
9898	0.097239
7325	0.097276
9142	0.097283
21434	0.097304
44108	0.097320
13024	0.097330
53582	0.097362
7026	0.097372
7017	0.097437
39461	0.097465
9556	0.097506
12205	0.097515
42824	0.097532
7551	0.097549
39984	0.097575
47520	0.097599
8994	0.097601
9293	0.097605
25888	0.097611
7004	0.097623
9370	0.097624
39670	0.097783
49452	0.097785
36457	0.097802
51824	0.097867
26025	0.097876
26000	0.097876
15675	0.097876
6983	0.097918
7853	0.097921
21522	0.097956
9407	0.098023
23474	0.098039
48354	0.098113
12175	0.098125
14131	0.098144
12174	0.098194
8449	0.098229
48319	0.098234
7020	0.098303
32727	0.098318
39989	0.098363
49355	0.098387
52799	0.098465
49098	0.098468
43531	0.098478
48740	0.098556
12769	0.098612
25371	0.098636
7079	0.098648
44953	0.098652
11558	0.098719
13523	0.098750
13766	0.098752
52794	0.098778
43524	0.098790
23326	0.098846
56075	0.098895
36957	0.098919
56708	0.098922
28015	0.098969
42770	0.098976
52371	0.099005
13203	0.099015
41663	0.099070
24988	0.099081
13874	0.099200
15070	0.099235
24642	0.099250
26185	0.099302
7824	0.099349
6985	0.099379
31365	0.099386
57404	0.099470
9337	0.099474
7034	0.099476
20773	0.099496
25621	0.099502
30299	0.099516
9335	0.099538
6982	0.099590
7514	0.099595
37117	0.099615
23346	0.099616
25834	0.099617
12136	0.099624
25905	0.099632
10093	0.099675
13543	0.099690
13420	0.099722
7302	0.099772
15372	0.099773
50109	0.099784
12141	0.099798
11988	0.099854
14741	0.099867
42820	0.099886
13621	0.099900
23336	0.099908
7030	0.099946
11181	0.099979
13435	0.099991
6991	0.099999
30620	0.100053
14453	0.100141
7191	0.100225
11957	0.100312
15658	0.100324
10398	0.100336
10066	0.100429
8395	0.100440
42828	0.100453
8893	0.100512
42107	0.100528
10565	0.100537
53695	0.100568
8722	0.100631
14052	0.100656
6975	0.100658
35392	0.100662
6981	0.100662
27426	0.100693
7576	0.100705
23084	0.100796
54399	0.100804
31901	0.100844
13468	0.100871
6994	0.100935
6986	0.100955
12013	0.100976
7498	0.101037
20590	0.101103
10816	0.101115
32531	0.101156
13210	0.101204
10760	0.101261
46137	0.101290
6995	0.101336
10569	0.101413
30808	0.101434
24831	0.101449
30797	0.101449
43466	0.101480
12823	0.101504
22566	0.101524
51815	0.101568
14196	0.101580
6993	0.101613
49915	0.101749
6970	0.101781
27519	0.101788
12165	0.101789
41228	0.101826
12899	0.101842
51829	0.101891
7927	0.101902
7962	0.101960
15631	0.101980
7012	0.101983
12712	0.101983
13546	0.102010
11566	0.102036
15552	0.102041
13431	0.102079
7023	0.102095
39654	0.102131
12733	0.102178
7837	0.102197
45989	0.102220
24584	0.102262
8982	0.102303
11990	0.102358
31868	0.102365
53909	0.102366
8614	0.102370
14513	0.102426
48906	0.102472
30479	0.102508
28982	0.102517
15731	0.102532
48344	0.102545
13488	0.102550
8793	0.102655
16068	0.102705
27428	0.102706
39195	0.102767
21529	0.102778
16326	0.102827
7300	0.102837
14838	0.102922
33882	0.102977
43330	0.103011
12004	0.103043
23351	0.103096
26020	0.103112
58073	0.103135
36726	0.103204
20895	0.103329
58189	0.103364
55325	0.103381
14907	0.103447
12012	0.103845
15511	0.103904
33153	0.103980
12903	0.104037
21524	0.104133
44238	0.104139
20798	0.104151
15104	0.104163
53102	0.104181
48366	0.104192
43546	0.104224
15855	0.104273
26794	0.104320
6965	0.104325
43763	0.104329
38867	0.104378
8869	0.104461
27541	0.104473
12852	0.104530
7032	0.104551
14117	0.104564
23309	0.104622
9334	0.104659
23357	0.104679
9805	0.104770
7546	0.104818
15397	0.104905
9938	0.104923
14186	0.104949
41845	0.105112
21413	0.105158
10388	0.105199
13195	0.105321
11987	0.105324
56840	0.105351
7220	0.105379
15437	0.105469
26928	0.105532
7027	0.105563
10162	0.105730
36905	0.105755
8864	0.105910
15289	0.105914
35159	0.105924
40768	0.105982
11993	0.106021
35247	0.106040
13052	0.106052
8787	0.106085
26044	0.106340
7021	0.106361
52455	0.106363
7690	0.106474
14607	0.106646
7721	0.106791
9199	0.106863
26833	0.106906
51398	0.106925
33157	0.106997
13027	0.107083
16341	0.107106
48360	0.107107
56439	0.107169
58343	0.107190
30548	0.107251
15821	0.107297
44216	0.107439
31156	0.107451
9176	0.107482
15672	0.107567
39365	0.107723
44259	0.107752
6979	0.107792
46101	0.107796
7077	0.107827
10792	0.107919
15887	0.108236
39099	0.108270
9799	0.108385
7724	0.108399
9160	0.108502
58341	0.108502
6971	0.108504
28151	0.108511
13419	0.108514
14431	0.108514
7014	0.108754
30921	0.108923
15696	0.108993
8851	0.108994
12730	0.109100
10119	0.109120
7240	0.109231
10750	0.109275
7600	0.109282
41519	0.109286
14619	0.109323
14048	0.109417
55089	0.109462
8891	0.109566
13350	0.109572
14791	0.109575
49762	0.109672
12017	0.109682
25550	0.109684
13228	0.109744
9094	0.109802
11992	0.109817
13960	0.109838
49415	0.109953
51392	0.110006
10561	0.110035
12214	0.110036
8889	0.110077
9113	0.110097
15695	0.110111
12747	0.110208
15310	0.110258
12612	0.110307
23710	0.110321
9352	0.110477
45731	0.110718
10707	0.110744
6998	0.110780
9338	0.111037
19419	0.111042
10059	0.111117
44299	0.111288
14239	0.111349
14614	0.111435
11809	0.111502
51734	0.111518
14699	0.111565
35791	0.111612
13259	0.111668
8473	0.111679
11214	0.111692
12609	0.111722
35759	0.111730
14514	0.111896
11998	0.111968
14623	0.112036
6997	0.112062
23322	0.112105
15933	0.112492
7671	0.112574
61438	0.112742
12731	0.112854
8336	0.113060
12395	0.113146
42465	0.113277
7006	0.113303
15436	0.113427
15391	0.113598
6939	0.113687
15053	0.113776
7997	0.113776
14622	0.113811
10772	0.113814
12444	0.113842
10555	0.113852
13620	0.114005
15423	0.114023
7141	0.114028
9668	0.114070
10598	0.114521
14277	0.114886
14944	0.115126
24619	0.115291
33876	0.115309
25141	0.115324
11991	0.115386
44244	0.115439
8895	0.115517
12604	0.115851
8462	0.115876
13595	0.115921
23042	0.116036
12748	0.116083
15369	0.116105
6910	0.116120
50189	0.116222
9465	0.116324
49101	0.116402
9157	0.116581
30820	0.116691
14639	0.116772
8570	0.117081
15854	0.117113
28979	0.117153
14934	0.117178
30520	0.117189
15592	0.117231
21239	0.117254
58086	0.117257
13056	0.117282
12679	0.117418
14644	0.117506
11549	0.117563
55344	0.117589
12629	0.117677
49118	0.118054
43552	0.118092
13598	0.118093
43633	0.118123
40506	0.118276
13600	0.118356
6978	0.118557
39175	0.118626
6976	0.118635
8332	0.118678
14653	0.118739
40486	0.118753
33944	0.118897
13229	0.119321
46668	0.119364
21090	0.119388
25955	0.119514
15601	0.119772
11108	0.120073
10525	0.120255
45174	0.120570
8017	0.120610
45489	0.120652
54265	0.121312
57017	0.121354
8866	0.121428
8575	0.121605
57857	0.121613
6934	0.121820
8500	0.121825
9074	0.121870
15192	0.121895
32192	0.121973
12920	0.122243
14134	0.122919
58107	0.123032
19435	0.123065
6967	0.123152
48876	0.123244
11094	0.123326
10980	0.123638
11220	0.123874
19941	0.123923
47010	0.124051
7859	0.124317
23341	0.124437
15290	0.124916
10560	0.125301
11316	0.126085
14643	0.126188
23369	0.126492
24884	0.126582
7125	0.126846
11737	0.126863
13603	0.126966
8284	0.127961
31948	0.128142
44313	0.128347
16289	0.128490
15441	0.128913
53923	0.129038
8502	0.129360
15509	0.129391
13138	0.129533
8338	0.129599
39992	0.129639
55963	0.129989
15292	0.130067
8666	0.130141
10020	0.130143
46520	0.130295
53981	0.130859
7210	0.131073
57635	0.131075
53793	0.131640
17327	0.131695
9862	0.132546
58648	0.132888
54590	0.133500
13362	0.133714
15656	0.133921
7618	0.134753
12009	0.135171
13073	0.135551
55579	0.135701
20108	0.136117
35173	0.136399
13011	0.136758
54777	0.136825
43534	0.137040
21692	0.137134
7766	0.138167
15789	0.138390
7002	0.138874
44217	0.138917
34937	0.139535
37650	0.140843
25802	0.141776
20893	0.142532
13136	0.142623
43819	0.142818
10657	0.143537
10220	0.143712
10927	0.143885
41576	0.144282
12202	0.144795
12201	0.146027
26678	0.146584
12951	0.147154
40655	0.147320
14197	0.148039
9708	0.148221
41598	0.148355
41601	0.148841
41605	0.148976
8797	0.150028
15570	0.150284
22988	0.150309
11968	0.150530
41658	0.150902
40680	0.151781
49920	0.152490
31012	0.153021
41585	0.153213
53635	0.153622
8246	0.154585
14613	0.155944
41652	0.156352
40678	0.157214
21532	0.158296
60971	0.159129
48112	0.159617
41591	0.159764
13088	0.162097
11477	0.162140
13087	0.162186
40687	0.163249
11084	0.163683
40689	0.163687
14129	0.164992
41638	0.165333
41641	0.165583
38614	0.166498
33612	0.167797
10469	0.168057
12608	0.169496
41625	0.169580
40682	0.169871
41575	0.171123
41655	0.173985
37302	0.174415
41644	0.175021
14624	0.175988
11345	0.176010
15298	0.177218
40683	0.177645
40685	0.177839
21628	0.181106
41595	0.182070
41563	0.183087
31317	0.184500
15130	0.184884
41603	0.187575
41633	0.187818
30207	0.188102
41579	0.188264
21478	0.190229
12254	0.192701
41569	0.193286
14463	0.194004
30211	0.194017
12370	0.194193
41660	0.194942
41594	0.196131
41612	0.197045
24727	0.197423
9682	0.197852
41620	0.198052
33220	0.200843
41571	0.201731
20476	0.202118
41572	0.203873
41584	0.204096
41611	0.205563
41627	0.206531
16221	0.209263
41566	0.211062
39959	0.211740
41582	0.219972
41622	0.226434
44965	0.230514
41630	0.233475
13416	0.249245
22929	0.251324
12130	0.258341
51179	0.264337
15936	0.333082
11875	0.569553
41647	0.963537
41649	0.967298
41588	0.969481
41586	1.000000
